# Blender 3.4.1
# www.blender.org
o Monobloc
v 0.000000 1.048695 -0.377253
v 0.000000 1.107486 -0.405295
v 0.000000 1.039139 -0.377479
v 0.000000 0.952642 -0.356502
v 0.000000 0.868287 -0.341755
v 0.000000 0.787998 -0.331152
v 0.000000 0.712086 -0.318926
v 0.000000 1.093848 -0.422882
v 0.000000 0.650734 -0.307275
v 0.000000 0.491842 0.363318
v 0.000000 0.569936 0.347853
v 0.000000 0.564022 0.239149
v 0.000000 0.561236 0.148547
v 0.000000 0.565467 -0.224213
v 0.000000 0.581833 -0.281292
v 0.000000 0.557682 -0.146780
v 0.000000 0.995775 -0.366489
v 0.000000 0.827757 -0.336391
v 0.000000 0.910008 -0.348297
v 0.000000 0.566227 0.301545
v 0.000000 0.528687 0.356022
v 0.000000 0.559270 0.045441
v 0.043066 1.046983 -0.375666
v 0.037117 1.106216 -0.404076
v 0.364799 0.848244 0.067882
v 0.310392 0.840978 0.067882
v 0.364566 0.850286 -0.034276
v 0.310645 0.842901 -0.033134
v 0.363143 0.863927 -0.110681
v 0.359099 0.895086 -0.173182
v 0.346863 0.936573 -0.229304
v 0.322055 0.978846 -0.277326
v 0.144504 1.089556 -0.388348
v 0.093397 1.100728 -0.398938
v 0.083909 1.042082 -0.370982
v 0.126649 1.032531 -0.360206
v 0.285225 0.947807 -0.255186
v 0.304666 0.916038 -0.212406
v 0.311589 0.881965 -0.161167
v 0.311752 0.855236 -0.104074
v 0.403975 0.011830 0.319421
v 0.350691 0.038561 0.319421
v 0.305727 0.590577 0.224988
v 0.376278 0.611530 0.221332
v 0.309187 0.778576 0.125483
v 0.304706 0.590420 0.179496
v 0.309045 0.767875 0.195636
v 0.368136 0.778723 0.194716
v 0.308909 0.760038 0.136517
v 0.053245 1.037185 -0.375547
v 0.309548 0.795196 0.069301
v 0.309941 0.803272 -0.033134
v 0.084058 1.032755 -0.370935
v 0.135070 1.021191 -0.357741
v 0.285445 0.935123 -0.255476
v 0.304666 0.899001 -0.212406
v 0.311589 0.858855 -0.161167
v 0.311611 0.823059 -0.104074
v 0.195512 1.072495 -0.371758
v 0.176645 1.017680 -0.341904
v 0.180857 1.007452 -0.340672
v 0.113809 1.026989 -0.364526
v 0.033854 1.038256 -0.376614
v 0.049833 0.951197 -0.353967
v 0.074149 0.947325 -0.349837
v 0.119312 0.936176 -0.336665
v 0.162612 0.933490 -0.321598
v 0.097774 0.942157 -0.344091
v 0.028498 0.951967 -0.355634
v 0.045229 0.866425 -0.339031
v 0.066427 0.862439 -0.334792
v 0.107555 0.850334 -0.320736
v 0.147154 0.837377 -0.304070
v 0.087234 0.856897 -0.328908
v 0.024481 0.867680 -0.340871
v 0.043009 0.786012 -0.328239
v 0.064483 0.780092 -0.323423
v 0.104479 0.765139 -0.308076
v 0.145545 0.733634 -0.285744
v 0.084509 0.772917 -0.316742
v 0.021844 0.787544 -0.330231
v 0.042494 0.709826 -0.315856
v 0.064198 0.704069 -0.311037
v 0.106528 0.688292 -0.294880
v 0.149077 0.668397 -0.273955
v 0.085785 0.696571 -0.303793
v 0.021810 0.711675 -0.317982
v 0.037117 1.092579 -0.421663
v 0.364944 0.816006 0.072507
v 0.364566 0.817758 -0.034276
v 0.363143 0.831399 -0.110681
v 0.358597 0.864599 -0.174563
v 0.344752 0.914569 -0.236610
v 0.321119 0.960825 -0.288573
v 0.144504 1.075919 -0.405935
v 0.093397 1.087090 -0.416524
v 0.367491 0.779068 0.154094
v 0.195512 1.058858 -0.389344
v 0.403975 0.011830 0.292215
v 0.376117 0.612944 0.193530
v 0.042441 0.644737 -0.304125
v 0.064300 0.640530 -0.299224
v 0.107135 0.625475 -0.283979
v 0.151990 0.611480 -0.262851
v 0.087219 0.633442 -0.292601
v 0.021934 0.647855 -0.306446
v 0.380951 0.512381 0.237413
v 0.350690 0.011830 0.367107
v 0.403975 -0.000006 0.319278
v 0.379013 0.011830 0.366018
v 0.402760 0.011830 0.343847
v 0.403975 0.001936 0.296678
v 0.352872 -0.000006 0.367107
v 0.379013 -0.000006 0.366018
v 0.402760 -0.000006 0.343847
v 0.311643 0.517944 0.237413
v 0.380951 0.512381 0.210207
v 0.332796 0.011830 0.367107
v 0.246075 0.494701 0.341633
v 0.335732 0.001936 0.367107
v 0.248174 0.583108 0.246902
v 0.239038 0.582308 0.332203
v 0.232250 0.579222 0.136726
v 0.165919 0.562103 -0.191100
v 0.196559 0.498587 0.349515
v 0.031636 0.491993 0.363030
v 0.071607 0.492633 0.361733
v 0.115348 0.493938 0.359040
v 0.156550 0.495855 0.355061
v 0.174132 0.575023 0.230684
v 0.037615 0.564771 0.238049
v 0.067048 0.566883 0.236579
v 0.137319 0.569256 0.144045
v 0.102796 0.566891 0.144832
v 0.064611 0.564745 0.145653
v 0.037198 0.562598 0.146473
v 0.196632 0.577947 0.337726
v 0.031820 0.570116 0.347639
v 0.072023 0.570888 0.346676
v 0.116018 0.572466 0.344674
v 0.157459 0.574784 0.341717
v 0.235317 0.011830 -0.377930
v 0.245102 0.038561 -0.328591
v 0.220411 0.563563 -0.191100
v 0.299595 0.011830 -0.328591
v 0.181931 1.007316 -0.345009
v 0.162612 0.933490 -0.338627
v 0.147154 0.837556 -0.325397
v 0.143705 0.734283 -0.310094
v 0.147581 0.666045 -0.296230
v 0.149788 0.613109 -0.288376
v 0.046620 0.564243 -0.225455
v 0.043067 0.580633 -0.278975
v 0.070578 0.564304 -0.221506
v 0.065235 0.579170 -0.275691
v 0.120461 0.564200 -0.206299
v 0.114404 0.573662 -0.258882
v 0.158082 0.567649 -0.231103
v 0.095963 0.564313 -0.215063
v 0.088200 0.576823 -0.270104
v 0.023218 0.564060 -0.228085
v 0.021681 0.581450 -0.280642
v 0.152409 0.562194 -0.281186
v 0.237836 -0.000006 -0.377585
v 0.260716 0.011830 -0.376573
v 0.294002 0.011830 -0.349813
v 0.281546 0.011830 -0.367867
v 0.298883 -0.000006 -0.329513
v 0.260716 -0.000006 -0.376573
v 0.294002 -0.000006 -0.349813
v 0.281546 -0.000006 -0.367867
v 0.239608 0.569504 -0.107576
v 0.299595 0.011830 -0.310079
v 0.299595 0.001936 -0.314805
v 0.183808 0.443562 -0.222161
v 0.238300 0.438841 -0.222161
v 0.170140 0.447495 -0.295109
v 0.224281 0.011830 -0.375862
v 0.139949 0.667137 -0.299558
v 0.140594 0.612120 -0.291439
v 0.142211 0.562467 -0.289141
v 0.226092 0.001936 -0.376201
v 0.158867 0.447981 -0.306572
v 0.134666 0.562900 -0.126426
v 0.113222 0.561601 -0.132306
v 0.184257 0.566149 -0.110314
v 0.079422 0.560426 -0.136848
v 0.051965 0.559220 -0.140872
v 0.030814 0.558034 -0.144353
v 0.264676 0.585417 0.326699
v 0.295655 0.589301 0.295755
v 0.301737 0.514020 0.316343
v 0.395397 0.011830 0.359195
v 0.395397 -0.000006 0.359195
v 0.294276 0.538035 0.138900
v 0.299006 0.545873 0.155321
v 0.364770 0.848500 0.017848
v 0.310429 0.841222 0.017991
v 0.311148 0.847313 -0.072736
v 0.364038 0.855053 -0.076275
v 0.361729 0.877566 -0.142661
v 0.354421 0.915202 -0.202134
v 0.335879 0.957991 -0.254450
v 0.306002 0.998724 -0.297839
v 0.265691 1.034575 -0.333746
v 0.170325 1.081678 -0.380746
v 0.197543 1.010273 -0.332504
v 0.234928 0.991698 -0.309363
v 0.270464 0.963780 -0.275237
v 0.296674 0.932128 -0.234535
v 0.309390 0.898870 -0.187803
v 0.312120 0.867034 -0.133180
v 0.394120 0.226081 0.284319
v 0.372089 0.697728 0.207552
v 0.364799 0.848244 0.104102
v 0.310388 0.840974 0.104102
v 0.307572 0.688996 0.208641
v 0.307556 0.688017 0.159532
v 0.309601 0.798103 0.018168
v 0.310725 0.811218 -0.072736
v 0.199032 0.999518 -0.332907
v 0.236209 0.979978 -0.311019
v 0.271124 0.951879 -0.276109
v 0.296702 0.917584 -0.234572
v 0.309390 0.879135 -0.187803
v 0.312103 0.839483 -0.133180
v 0.309466 0.790246 0.105081
v 0.219379 1.062047 -0.361381
v 0.151911 1.025386 -0.351519
v 0.157963 1.014322 -0.349207
v 0.141436 0.931901 -0.328314
v 0.051711 0.994176 -0.364214
v 0.079028 0.990031 -0.359886
v 0.105421 0.984619 -0.353871
v 0.031060 0.995013 -0.365623
v 0.126983 0.978749 -0.346782
v 0.170624 0.966321 -0.329876
v 0.129505 0.842810 -0.311534
v 0.154586 0.891524 -0.313561
v 0.144731 0.780674 -0.294034
v 0.125956 0.751851 -0.296998
v 0.064919 0.820821 -0.329037
v 0.085050 0.814456 -0.322787
v 0.022878 0.827225 -0.335489
v 0.104977 0.807287 -0.314337
v 0.043781 0.825784 -0.333577
v 0.127803 0.678344 -0.284417
v 0.069694 0.904707 -0.341545
v 0.091554 0.899548 -0.335843
v 0.047460 0.908401 -0.345638
v 0.026335 0.909368 -0.347423
v 0.112556 0.893368 -0.328034
v 0.364788 0.816008 0.018426
v 0.364038 0.822525 -0.076275
v 0.361667 0.845294 -0.142833
v 0.352965 0.888837 -0.206328
v 0.334135 0.938497 -0.263885
v 0.305591 0.982313 -0.311379
v 0.265629 1.020465 -0.350642
v 0.170325 1.068040 -0.398332
v 0.365481 0.813505 0.115335
v 0.219377 1.048393 -0.378944
v 0.394120 0.226081 0.257113
v 0.371626 0.701116 0.177028
v 0.129662 0.617915 -0.273178
v 0.346427 0.011830 0.367107
v 0.241162 0.582338 0.290063
v 0.035001 0.567083 0.300193
v 0.073066 0.568526 0.298890
v 0.113459 0.570612 0.296903
v 0.153655 0.573437 0.294156
v 0.188355 0.576374 0.291431
v 0.141891 0.561371 -0.209176
v 0.218042 0.580048 0.335136
v 0.213634 0.578490 0.229831
v 0.202075 0.575259 0.143119
v 0.170794 0.529688 -0.199565
v 0.170182 0.964550 -0.343682
v 0.225286 0.529541 -0.199565
v 0.154586 0.891535 -0.332618
v 0.144616 0.781356 -0.317334
v 0.134570 0.570926 -0.246518
v 0.198314 0.260892 -0.327350
v 0.294002 0.005912 -0.349813
v 0.281546 0.005912 -0.367867
v 0.260716 0.005912 -0.376573
v 0.237626 0.005912 -0.377614
v 0.298942 0.005912 -0.329262
v 0.299595 0.006158 -0.311617
v 0.210386 0.267917 -0.268310
v 0.264878 0.253675 -0.268310
v 0.156546 0.535416 -0.282323
v 0.165027 0.536092 -0.228273
v 0.187085 0.259815 -0.336462
v 0.224511 0.006158 -0.375905
v 0.145721 0.536120 -0.292674
v 0.333977 0.243752 0.284319
v 0.331076 0.229362 0.340766
v 0.315081 0.226821 0.351449
v 0.220357 0.499565 0.345707
v 0.158432 0.564649 -0.119097
v 0.282407 0.587864 0.314936
v 0.282642 0.510665 0.331698
v 0.148863 0.972169 -0.338227
v 0.137750 0.890074 -0.318830
v 0.129245 0.792836 -0.302346
v 0.328185 0.228430 0.344691
v 0.218387 0.579389 0.289959
v 0.252333 0.540658 -0.064810
v 0.031729 0.531553 0.355236
v 0.219083 0.543871 0.339888
v 0.260169 0.539879 0.333135
v 0.196600 0.542910 0.342931
v 0.242064 0.544631 0.336258
v 0.157068 0.540862 0.347452
v 0.115725 0.538189 0.350945
v 0.071832 0.534899 0.353600
v 0.216159 0.574839 0.053900
v 0.129785 0.566404 0.049066
v 0.095938 0.564348 0.048001
v 0.060953 0.562464 0.047169
v 0.035370 0.560580 0.046338
v 0.109336 0.569264 0.234849
v 0.283559 0.583512 0.083648
v 0.188094 0.571827 0.051833
v 0.366486 0.801156 0.139377
v 0.350690 0.015437 0.360672
v 0.297014 0.589473 0.286206
v 0.303073 0.514549 0.305692
v 0.331467 0.231304 0.333149
v 0.000000 1.047752 -0.381623
v 0.000000 1.103126 -0.406284
v 0.000000 1.038652 -0.381923
v 0.000000 0.951713 -0.360874
v 0.000000 0.867646 -0.346179
v 0.000000 0.787350 -0.335575
v 0.000000 0.711315 -0.323330
v 0.000000 1.090316 -0.420142
v 0.000000 0.649766 -0.311640
v 0.000000 0.490974 0.358933
v 0.000000 0.566369 0.345160
v 0.000000 0.557690 0.246428
v 0.000000 0.554522 -0.247908
v 0.000000 0.578857 -0.284628
v 0.000000 0.551351 -0.139501
v 0.000000 0.994720 -0.370833
v 0.000000 0.827170 -0.340822
v 0.000000 0.909237 -0.352700
v 0.000000 0.561330 0.299705
v 0.000000 0.527819 0.351637
v 0.043289 1.046084 -0.380039
v 0.043633 1.101634 -0.404855
v 0.361862 0.844874 0.067886
v 0.313731 0.838005 0.067875
v 0.361576 0.846969 -0.034491
v 0.314028 0.839983 -0.033312
v 0.360068 0.860820 -0.111615
v 0.355906 0.892234 -0.174466
v 0.343685 0.933641 -0.230440
v 0.319252 0.975545 -0.278435
v 0.143664 1.085281 -0.389349
v 0.092886 1.096397 -0.399923
v 0.084475 1.041078 -0.375301
v 0.127648 1.031485 -0.364435
v 0.287818 0.946072 -0.258387
v 0.307607 0.913860 -0.214972
v 0.314870 0.879455 -0.162876
v 0.315162 0.852472 -0.104918
v 0.399788 0.010560 0.318503
v 0.347803 0.036612 0.316619
v 0.305789 0.586617 0.221811
v 0.373121 0.610868 0.218238
v 0.313657 0.778493 0.125483
v 0.307265 0.586402 0.180523
v 0.312223 0.767328 0.192540
v 0.364989 0.778078 0.191607
v 0.313378 0.759958 0.136514
v 0.053707 1.037007 -0.379990
v 0.314017 0.795113 0.069301
v 0.314410 0.803197 -0.033095
v 0.084768 1.032195 -0.375313
v 0.136486 1.020854 -0.361968
v 0.289324 0.935243 -0.257695
v 0.309014 0.899002 -0.213443
v 0.316056 0.858854 -0.161336
v 0.316080 0.823031 -0.103991
v 0.194313 1.068310 -0.372772
v 0.177890 1.016544 -0.346044
v 0.114882 1.026696 -0.368855
v 0.034046 1.038007 -0.381073
v 0.050366 0.950219 -0.358297
v 0.074847 0.946324 -0.354137
v 0.120628 0.935032 -0.340781
v 0.160020 0.933245 -0.325232
v 0.098637 0.941128 -0.348355
v 0.028650 0.951033 -0.360003
v 0.045910 0.865748 -0.343397
v 0.067308 0.861742 -0.339118
v 0.109024 0.849513 -0.324877
v 0.144629 0.836964 -0.307735
v 0.088320 0.856180 -0.333184
v 0.024679 0.867033 -0.345289
v 0.043731 0.785365 -0.332602
v 0.065462 0.779436 -0.327735
v 0.106160 0.764489 -0.312167
v 0.142989 0.732931 -0.289344
v 0.085756 0.772248 -0.320983
v 0.022079 0.786893 -0.334647
v 0.043221 0.709079 -0.320203
v 0.065147 0.703318 -0.315340
v 0.108228 0.687621 -0.298959
v 0.146456 0.667591 -0.277485
v 0.086958 0.695841 -0.308044
v 0.021996 0.710912 -0.322383
v 0.043452 1.088830 -0.418713
v 0.360474 0.815976 0.072526
v 0.360095 0.817758 -0.034240
v 0.358676 0.831401 -0.110531
v 0.354161 0.864643 -0.174018
v 0.340486 0.914499 -0.235276
v 0.317098 0.959954 -0.286825
v 0.142916 1.072616 -0.403374
v 0.092456 1.083637 -0.413846
v 0.363025 0.778865 0.154147
v 0.193337 1.055772 -0.386950
v 0.399507 0.011706 0.292215
v 0.371652 0.612730 0.193551
v 0.043008 0.643736 -0.308444
v 0.065155 0.639632 -0.303519
v 0.108750 0.624612 -0.288057
v 0.149272 0.610424 -0.266239
v 0.088334 0.632534 -0.296834
v 0.022080 0.646810 -0.310790
v 0.377784 0.511719 0.234328
v 0.349367 0.010555 0.363032
v 0.399506 -0.000006 0.319165
v 0.378146 0.009606 0.362238
v 0.399030 0.009564 0.342880
v 0.399505 0.001936 0.296678
v 0.352769 -0.000016 0.362638
v 0.378049 -0.000015 0.361653
v 0.398427 -0.000006 0.342748
v 0.308713 0.517115 0.234140
v 0.376485 0.512173 0.210211
v 0.332192 0.011564 0.362686
v 0.245205 0.494171 0.337280
v 0.335732 0.001936 0.362637
v 0.248783 0.578680 0.246939
v 0.238889 0.578978 0.329224
v 0.232844 0.574793 0.136834
v 0.164964 0.557937 -0.189790
v 0.195974 0.497938 0.345131
v 0.031565 0.491130 0.358644
v 0.071440 0.491791 0.357346
v 0.115063 0.493139 0.354651
v 0.156119 0.495118 0.350673
v 0.174132 0.568691 0.235091
v 0.145912 0.565560 0.237288
v 0.109336 0.562932 0.242129
v 0.067048 0.560551 0.240986
v 0.037615 0.558440 0.242456
v 0.196628 0.574530 0.334844
v 0.031825 0.566554 0.344938
v 0.072030 0.567341 0.343955
v 0.116025 0.568948 0.341916
v 0.157461 0.571310 0.338903
v 0.234464 0.010605 -0.373717
v 0.242568 0.036332 -0.325659
v 0.218359 0.560538 -0.188527
v 0.295487 0.010606 -0.327321
v 0.174620 0.994581 -0.347179
v 0.158247 0.934450 -0.338626
v 0.142704 0.837979 -0.325388
v 0.139253 0.734252 -0.309697
v 0.143961 0.666319 -0.293622
v 0.146196 0.613333 -0.285724
v 0.044784 0.554654 -0.245615
v 0.043307 0.577589 -0.282240
v 0.068533 0.554828 -0.241586
v 0.065658 0.576051 -0.278865
v 0.119122 0.555887 -0.225654
v 0.112908 0.570241 -0.264153
v 0.155151 0.564316 -0.231639
v 0.093102 0.555059 -0.235118
v 0.088850 0.573592 -0.273125
v 0.023784 0.554545 -0.247413
v 0.022840 0.578452 -0.283956
v 0.148535 0.561684 -0.279015
v 0.237982 -0.000012 -0.373117
v 0.259843 0.009649 -0.372770
v 0.290459 0.009631 -0.348203
v 0.279081 0.009651 -0.364841
v 0.294460 -0.000025 -0.328862
v 0.259739 -0.000003 -0.372210
v 0.289920 -0.000007 -0.347991
v 0.278731 -0.000006 -0.364395
v 0.236866 0.566067 -0.106766
v 0.295139 0.011527 -0.309891
v 0.295129 0.001897 -0.314614
v 0.180992 0.442327 -0.218917
v 0.235447 0.437645 -0.218934
v 0.166289 0.446562 -0.293041
v 0.223912 0.011431 -0.371425
v 0.138862 0.667579 -0.296815
v 0.138955 0.612632 -0.287312
v 0.139541 0.562169 -0.285568
v 0.226642 0.001916 -0.371765
v 0.155852 0.447024 -0.303413
v 0.051965 0.552888 -0.136465
v 0.134666 0.556569 -0.122019
v 0.184589 0.561694 -0.110142
v 0.030814 0.551703 -0.139946
v 0.079422 0.554094 -0.129569
v 0.113222 0.555269 -0.127899
v 0.264019 0.582170 0.323697
v 0.293038 0.585900 0.294501
v 0.297858 0.513230 0.314266
v 0.392712 0.009622 0.356384
v 0.392321 -0.000006 0.355952
v 0.289907 0.537947 0.139843
v 0.294637 0.545860 0.156269
v 0.361811 0.845149 0.017793
v 0.313780 0.838264 0.017942
v 0.314565 0.844466 -0.073183
v 0.361002 0.851815 -0.076810
v 0.358605 0.874606 -0.143870
v 0.351188 0.912370 -0.203364
v 0.332860 0.954880 -0.255540
v 0.303460 0.995226 -0.298973
v 0.263770 1.030698 -0.334869
v 0.169318 1.077440 -0.381750
v 0.199027 1.009197 -0.336581
v 0.236984 0.990603 -0.313178
v 0.272938 0.962305 -0.278656
v 0.299411 0.930152 -0.237466
v 0.312536 0.896519 -0.189939
v 0.315482 0.864382 -0.134464
v 0.390888 0.225425 0.281301
v 0.368938 0.697067 0.204452
v 0.361886 0.844854 0.104123
v 0.313724 0.837998 0.104104
v 0.310735 0.688432 0.205534
v 0.312026 0.687934 0.159532
v 0.314070 0.798020 0.018178
v 0.315194 0.811164 -0.072660
v 0.201194 1.000023 -0.336787
v 0.239228 0.980712 -0.314233
v 0.274777 0.952221 -0.278662
v 0.300840 0.917606 -0.236262
v 0.313832 0.879135 -0.188309
v 0.316573 0.839475 -0.133166
v 0.313935 0.790160 0.105084
v 0.217959 1.057938 -0.362423
v 0.153043 1.024274 -0.355698
v 0.159366 1.013695 -0.353405
v 0.142770 0.930754 -0.332423
v 0.052183 0.993067 -0.368519
v 0.079653 0.988900 -0.364165
v 0.106199 0.983460 -0.358117
v 0.031190 0.993952 -0.369964
v 0.128204 0.977479 -0.350891
v 0.167932 0.966103 -0.333439
v 0.130988 0.841986 -0.315670
v 0.152002 0.891268 -0.317199
v 0.142217 0.780119 -0.297689
v 0.127650 0.751189 -0.301082
v 0.065872 0.820199 -0.333360
v 0.086247 0.813816 -0.327046
v 0.023098 0.826633 -0.339915
v 0.106563 0.806578 -0.318456
v 0.044505 0.825175 -0.337946
v 0.129505 0.677668 -0.288495
v 0.070483 0.903869 -0.345864
v 0.092523 0.898686 -0.340121
v 0.048072 0.907589 -0.349991
v 0.026509 0.908593 -0.351822
v 0.113946 0.892399 -0.332171
v 0.360318 0.816002 0.018439
v 0.359568 0.822525 -0.076193
v 0.357205 0.845306 -0.142554
v 0.348595 0.888895 -0.205389
v 0.329985 0.938088 -0.262275
v 0.301755 0.980921 -0.309553
v 0.262413 1.018104 -0.348625
v 0.168450 1.064834 -0.395846
v 0.361012 0.813396 0.115364
v 0.216865 1.045478 -0.376669
v 0.389654 0.225876 0.257113
v 0.367161 0.700901 0.177074
v 0.131340 0.617030 -0.277225
v 0.345613 0.011549 0.362720
v 0.241734 0.577905 0.290096
v 0.031966 0.561568 0.299484
v 0.071969 0.562585 0.298505
v 0.115864 0.564681 0.296467
v 0.157283 0.567770 0.293453
v 0.196594 0.572001 0.289366
v 0.142313 0.556953 -0.209708
v 0.218007 0.576669 0.332210
v 0.213634 0.572159 0.237111
v 0.202075 0.568928 0.150399
v 0.167989 0.528426 -0.196321
v 0.165841 0.965619 -0.343680
v 0.222530 0.528373 -0.196245
v 0.150177 0.892270 -0.332616
v 0.140149 0.781482 -0.317244
v 0.135507 0.567197 -0.248798
v 0.194794 0.259887 -0.324784
v 0.289926 0.005957 -0.347979
v 0.278731 0.005912 -0.364395
v 0.259734 0.005933 -0.372212
v 0.237783 0.005981 -0.373147
v 0.294516 0.006004 -0.328642
v 0.295128 0.006304 -0.311501
v 0.207576 0.266682 -0.265061
v 0.261833 0.252479 -0.265264
v 0.152649 0.534552 -0.280311
v 0.160690 0.535263 -0.227578
v 0.184964 0.258831 -0.332653
v 0.225144 0.006298 -0.371482
v 0.142715 0.535298 -0.289469
v 0.330884 0.242975 0.281186
v 0.327068 0.228813 0.338863
v 0.313804 0.226384 0.347187
v 0.219673 0.498975 0.341329
v 0.158432 0.558318 -0.111818
v 0.280913 0.584474 0.312434
v 0.280620 0.509958 0.327774
v 0.150093 0.970879 -0.342326
v 0.139149 0.889106 -0.322964
v 0.130855 0.792121 -0.306455
v 0.326101 0.227899 0.340773
v 0.218583 0.574834 0.287392
v 0.031663 0.530691 0.350850
v 0.218458 0.543280 0.335501
v 0.258920 0.539282 0.328885
v 0.196061 0.542261 0.338541
v 0.241275 0.544086 0.331892
v 0.156671 0.540125 0.343061
v 0.115463 0.537390 0.346554
v 0.071677 0.534057 0.349213
v 0.216650 0.570398 0.054053
v 0.188094 0.565496 0.059113
v 0.362019 0.800988 0.139418
v 0.347688 0.012563 0.359027
v 0.294287 0.585957 0.285776
v 0.298675 0.513982 0.305130
v 0.327028 0.230882 0.332838
v 0.154729 0.992287 -0.347865
v 0.301409 0.585488 0.177085
v 0.274822 0.520964 0.031972
v 0.260938 0.486323 -0.061604
v 0.266792 0.507881 -0.016216
v 0.256597 0.485823 -0.060663
v 0.270458 0.520630 0.032869
v 0.262439 0.507451 -0.015300
v 0.364799 0.848244 0.177438
v 0.365116 0.841643 0.185107
v 0.310259 0.834315 0.185149
v 0.310381 0.840968 0.177438
v 0.362663 0.838654 0.182735
v 0.362364 0.845237 0.175104
v 0.313183 0.838340 0.175056
v 0.313047 0.831712 0.182732
v 0.255098 0.449031 -0.120363
v 0.254837 0.409742 -0.156234
v 0.250491 0.409030 -0.155473
v 0.250753 0.448330 -0.119586
v 0.266273 0.273016 -0.226519
v 0.270662 0.232446 -0.242973
v 0.266277 0.231735 -0.242504
v 0.261896 0.272283 -0.225989
v 0.315524 0.470298 0.245564
v 0.313693 0.492774 0.241719
v 0.261490 0.480647 0.339824
v 0.274943 0.460387 0.338924
v 0.382183 0.485599 0.241801
v 0.383215 0.463165 0.245476
v 0.383214 0.463169 0.218270
v 0.382182 0.485606 0.214594
v 0.308823 0.465433 0.319739
v 0.305871 0.487554 0.318092
v 0.289809 0.485013 0.333092
v 0.294761 0.463363 0.334280
v 0.306915 0.488304 0.307790
v 0.309729 0.466089 0.309726
v 0.310730 0.491934 0.238479
v 0.312538 0.469455 0.242346
v 0.273964 0.459917 0.334588
v 0.260541 0.480187 0.335480
v 0.380036 0.462499 0.242404
v 0.379009 0.484941 0.238722
v 0.377717 0.485403 0.214594
v 0.378749 0.462962 0.218270
v 0.301918 0.486844 0.316131
v 0.304832 0.464700 0.317865
v 0.292607 0.462725 0.330418
v 0.287716 0.484386 0.329192
v 0.305318 0.465510 0.309285
v 0.302507 0.487749 0.307301
v 0.385113 0.421898 0.252237
v 0.387953 0.360160 0.262352
v 0.387951 0.360185 0.235142
v 0.385114 0.421872 0.225036
v 0.318581 0.432763 0.251985
v 0.323638 0.370685 0.262605
v 0.319460 0.363145 0.328473
v 0.313373 0.424577 0.323114
v 0.286369 0.421546 0.339996
v 0.298889 0.360992 0.342794
v 0.302151 0.422452 0.336546
v 0.311452 0.361657 0.339427
v 0.320025 0.364159 0.319572
v 0.314070 0.425686 0.313531
v 0.384752 0.359484 0.259305
v 0.381925 0.421248 0.249172
v 0.380648 0.421671 0.225035
v 0.383486 0.359974 0.235143
v 0.320590 0.369869 0.259438
v 0.315564 0.431972 0.248783
v 0.309302 0.424052 0.321349
v 0.315374 0.362529 0.326768
v 0.297674 0.360586 0.338511
v 0.285249 0.421170 0.335686
v 0.309072 0.361123 0.335685
v 0.299819 0.421929 0.332772
v 0.309638 0.425269 0.313125
v 0.315597 0.363643 0.319226
v 0.287144 0.575246 0.093652
v 0.000000 0.557876 -0.049602
v 0.199643 0.570340 -0.031112
v 0.260806 0.576260 -0.015347
v 0.145912 0.571892 0.232881
v 0.269983 0.555356 0.014019
v 0.242810 0.520873 -0.119528
v 0.239376 0.491491 -0.162133
v 0.278266 0.582949 0.234140
v 0.173146 0.568049 -0.033829
v 0.088010 0.562420 -0.042751
v 0.057107 0.560714 -0.045536
v 0.033447 0.558961 -0.048399
v 0.121951 0.564102 -0.040005
v 0.144689 0.566058 -0.036859
v 0.154245 0.568830 0.050239
v 0.164989 0.572098 0.143507
v 0.200163 0.565922 -0.030380
v 0.000000 0.554905 0.155827
v 0.000000 0.552939 0.052720
v 0.254301 0.571647 -0.030823
v 0.268410 0.576162 0.030636
v 0.137319 0.562924 0.151324
v 0.102796 0.560560 0.152112
v 0.064611 0.558413 0.152932
v 0.037198 0.556267 0.153753
v 0.129785 0.560073 0.056346
v 0.095938 0.558016 0.055281
v 0.060953 0.556132 0.054449
v 0.035370 0.554249 0.053617
v 0.000000 0.551545 -0.042323
v 0.172655 0.561760 -0.029855
v 0.088010 0.556088 -0.035471
v 0.057107 0.554383 -0.038256
v 0.033447 0.552630 -0.041119
v 0.121951 0.557771 -0.032725
v 0.145321 0.559285 -0.029724
v 0.154245 0.562499 0.057518
v 0.164989 0.565767 0.150787
v 0.039330 0.645010 -0.305820
v 0.025221 0.647144 -0.307417
v 0.043069 0.562500 -0.225854
v 0.026968 0.562278 -0.227663
v 0.025108 0.579508 -0.280375
v 0.039822 0.579041 -0.279228
v 0.034203 0.556412 -0.143795
v 0.048756 0.557325 -0.141400
v 0.039768 0.645200 -0.307866
v 0.025369 0.647314 -0.309480
v 0.041273 0.555635 -0.244954
v 0.027360 0.555560 -0.246191
v 0.026225 0.579311 -0.282747
v 0.039976 0.578717 -0.281566
v 0.034139 0.552890 -0.138454
v 0.048691 0.553706 -0.136059
v 0.103605 0.626653 -0.286850
v 0.089795 0.632241 -0.292829
v 0.116118 0.562216 -0.207853
v 0.099131 0.562836 -0.213929
v 0.091589 0.574952 -0.268653
v 0.109759 0.572219 -0.260871
v 0.115996 0.560307 -0.131546
v 0.130865 0.560666 -0.127469
v 0.105094 0.626189 -0.288843
v 0.090937 0.631682 -0.294929
v 0.114020 0.556766 -0.227022
v 0.096760 0.556193 -0.232789
v 0.092253 0.574185 -0.270859
v 0.108153 0.571861 -0.265434
v 0.115958 0.556464 -0.126369
v 0.130827 0.557365 -0.122292
v 0.000000 0.605771 -0.293648
v 0.000000 0.622301 -0.299962
v 0.042587 0.618745 -0.297233
v 0.042752 0.602185 -0.290636
v 0.064636 0.598886 -0.286802
v 0.064368 0.615520 -0.293344
v 0.110024 0.604961 -0.278018
v 0.112400 0.588019 -0.269479
v 0.155626 0.577017 -0.244005
v 0.153303 0.592240 -0.256128
v 0.087299 0.593940 -0.280459
v 0.086970 0.610590 -0.287312
v 0.021702 0.604621 -0.292764
v 0.021764 0.621134 -0.299236
v 0.151060 0.579675 -0.283547
v 0.150329 0.594431 -0.285638
v 0.141385 0.579854 -0.289036
v 0.140922 0.594718 -0.289798
v 0.132465 0.582787 -0.257934
v 0.130656 0.599038 -0.267755
v 0.000000 0.620468 -0.304084
v 0.000000 0.604388 -0.297902
v 0.043090 0.600683 -0.294820
v 0.043014 0.616951 -0.301337
v 0.065070 0.613781 -0.297437
v 0.065209 0.597384 -0.290954
v 0.111135 0.586032 -0.275756
v 0.109774 0.603245 -0.283699
v 0.150373 0.590158 -0.258712
v 0.152696 0.574019 -0.245230
v 0.087994 0.608844 -0.291334
v 0.088163 0.592388 -0.284531
v 0.021905 0.619260 -0.303338
v 0.022088 0.603199 -0.297000
v 0.146661 0.594482 -0.283083
v 0.147286 0.579930 -0.281176
v 0.139010 0.595011 -0.285774
v 0.139167 0.580217 -0.285171
v 0.132216 0.597260 -0.271535
v 0.133700 0.580427 -0.261382
v 0.025074 0.602402 -0.292415
v 0.025099 0.618888 -0.299112
v 0.039429 0.617330 -0.297741
v 0.039557 0.600862 -0.290972
v 0.025224 0.619892 -0.302084
v 0.025432 0.603782 -0.295712
v 0.039799 0.602123 -0.294252
v 0.039747 0.618276 -0.300700
v 0.090543 0.591599 -0.278982
v 0.089968 0.608435 -0.286389
v 0.106007 0.604002 -0.279910
v 0.107938 0.587060 -0.271441
v 0.091021 0.609134 -0.289387
v 0.091420 0.592512 -0.282257
v 0.106546 0.588327 -0.277126
v 0.105558 0.605170 -0.284644
v -0.043066 1.046983 -0.375666
v -0.037117 1.106216 -0.404076
v -0.364799 0.848244 0.067882
v -0.310392 0.840978 0.067882
v -0.364566 0.850286 -0.034276
v -0.310645 0.842901 -0.033134
v -0.363143 0.863927 -0.110681
v -0.359099 0.895086 -0.173182
v -0.346863 0.936573 -0.229304
v -0.322055 0.978846 -0.277326
v -0.144504 1.089556 -0.388348
v -0.093397 1.100728 -0.398938
v -0.083909 1.042082 -0.370982
v -0.126649 1.032531 -0.360206
v -0.285225 0.947807 -0.255186
v -0.304666 0.916038 -0.212406
v -0.311589 0.881965 -0.161167
v -0.311752 0.855236 -0.104074
v -0.403975 0.011830 0.319421
v -0.350691 0.038561 0.319421
v -0.305727 0.590577 0.224988
v -0.376278 0.611530 0.221332
v -0.309187 0.778576 0.125483
v -0.304706 0.590420 0.179496
v -0.309045 0.767875 0.195636
v -0.368136 0.778723 0.194716
v -0.308909 0.760038 0.136517
v -0.053245 1.037185 -0.375547
v -0.309548 0.795196 0.069301
v -0.309941 0.803272 -0.033134
v -0.084058 1.032755 -0.370935
v -0.135070 1.021191 -0.357741
v -0.285445 0.935123 -0.255476
v -0.304666 0.899001 -0.212406
v -0.311589 0.858855 -0.161167
v -0.311611 0.823059 -0.104074
v -0.195512 1.072495 -0.371758
v -0.176645 1.017680 -0.341904
v -0.180857 1.007452 -0.340672
v -0.113809 1.026989 -0.364526
v -0.033854 1.038256 -0.376614
v -0.049833 0.951197 -0.353967
v -0.074149 0.947325 -0.349837
v -0.119312 0.936176 -0.336665
v -0.162612 0.933490 -0.321598
v -0.097774 0.942157 -0.344091
v -0.028498 0.951967 -0.355634
v -0.045229 0.866425 -0.339031
v -0.066427 0.862439 -0.334792
v -0.107555 0.850334 -0.320736
v -0.147154 0.837377 -0.304070
v -0.087234 0.856897 -0.328908
v -0.024481 0.867680 -0.340871
v -0.043009 0.786012 -0.328239
v -0.064483 0.780092 -0.323423
v -0.104479 0.765139 -0.308076
v -0.145545 0.733634 -0.285744
v -0.084509 0.772917 -0.316742
v -0.021844 0.787544 -0.330231
v -0.042494 0.709826 -0.315856
v -0.064198 0.704069 -0.311037
v -0.106528 0.688292 -0.294880
v -0.149077 0.668397 -0.273955
v -0.085785 0.696571 -0.303793
v -0.021810 0.711675 -0.317982
v -0.037117 1.092579 -0.421663
v -0.364944 0.816006 0.072507
v -0.364566 0.817758 -0.034276
v -0.363143 0.831399 -0.110681
v -0.358597 0.864599 -0.174563
v -0.344752 0.914569 -0.236610
v -0.321119 0.960825 -0.288573
v -0.144504 1.075919 -0.405935
v -0.093397 1.087090 -0.416524
v -0.367491 0.779068 0.154094
v -0.195512 1.058858 -0.389344
v -0.403975 0.011830 0.292215
v -0.376117 0.612944 0.193530
v -0.042441 0.644737 -0.304125
v -0.064300 0.640530 -0.299224
v -0.107135 0.625475 -0.283979
v -0.151990 0.611480 -0.262851
v -0.087219 0.633442 -0.292601
v -0.021934 0.647855 -0.306446
v -0.380951 0.512381 0.237413
v -0.350690 0.011830 0.367107
v -0.403975 -0.000006 0.319278
v -0.379013 0.011830 0.366018
v -0.402760 0.011830 0.343847
v -0.403975 0.001936 0.296678
v -0.352872 -0.000006 0.367107
v -0.379013 -0.000006 0.366018
v -0.402760 -0.000006 0.343847
v -0.311643 0.517944 0.237413
v -0.380951 0.512381 0.210207
v -0.332796 0.011830 0.367107
v -0.246075 0.494701 0.341633
v -0.335732 0.001936 0.367107
v -0.248174 0.583108 0.246902
v -0.239038 0.582308 0.332203
v -0.232250 0.579222 0.136726
v -0.165919 0.562103 -0.191100
v -0.196559 0.498587 0.349515
v -0.031636 0.491993 0.363030
v -0.071607 0.492633 0.361733
v -0.115348 0.493938 0.359040
v -0.156550 0.495855 0.355061
v -0.174132 0.575023 0.230684
v -0.037615 0.564771 0.238049
v -0.067048 0.566883 0.236579
v -0.137319 0.569256 0.144045
v -0.102796 0.566891 0.144832
v -0.064611 0.564745 0.145653
v -0.037198 0.562598 0.146473
v -0.196632 0.577947 0.337726
v -0.031820 0.570116 0.347639
v -0.072023 0.570888 0.346676
v -0.116018 0.572466 0.344674
v -0.157459 0.574784 0.341717
v -0.235317 0.011830 -0.377930
v -0.245102 0.038561 -0.328591
v -0.220411 0.563563 -0.191100
v -0.299595 0.011830 -0.328591
v -0.181931 1.007316 -0.345009
v -0.162612 0.933490 -0.338627
v -0.147154 0.837556 -0.325397
v -0.143705 0.734283 -0.310094
v -0.147581 0.666045 -0.296230
v -0.149788 0.613109 -0.288376
v -0.046620 0.564243 -0.225455
v -0.043067 0.580633 -0.278975
v -0.070578 0.564304 -0.221506
v -0.065235 0.579170 -0.275691
v -0.120461 0.564200 -0.206299
v -0.114404 0.573662 -0.258882
v -0.158082 0.567649 -0.231103
v -0.095963 0.564313 -0.215063
v -0.088200 0.576823 -0.270104
v -0.023218 0.564060 -0.228085
v -0.021681 0.581450 -0.280642
v -0.152409 0.562194 -0.281186
v -0.237836 -0.000006 -0.377585
v -0.260716 0.011830 -0.376573
v -0.294002 0.011830 -0.349813
v -0.281546 0.011830 -0.367867
v -0.298883 -0.000006 -0.329513
v -0.260716 -0.000006 -0.376573
v -0.294002 -0.000006 -0.349813
v -0.281546 -0.000006 -0.367867
v -0.239608 0.569504 -0.107576
v -0.299595 0.011830 -0.310079
v -0.299595 0.001936 -0.314805
v -0.183808 0.443562 -0.222161
v -0.238300 0.438841 -0.222161
v -0.170140 0.447495 -0.295109
v -0.224281 0.011830 -0.375862
v -0.139949 0.667137 -0.299558
v -0.140594 0.612120 -0.291439
v -0.142211 0.562467 -0.289141
v -0.226092 0.001936 -0.376201
v -0.158867 0.447981 -0.306572
v -0.134666 0.562900 -0.126426
v -0.113222 0.561601 -0.132306
v -0.184257 0.566149 -0.110314
v -0.079422 0.560426 -0.136848
v -0.051965 0.559220 -0.140872
v -0.030814 0.558034 -0.144353
v -0.264676 0.585417 0.326699
v -0.295655 0.589301 0.295755
v -0.301737 0.514020 0.316343
v -0.395397 0.011830 0.359195
v -0.395397 -0.000006 0.359195
v -0.294276 0.538035 0.138900
v -0.299006 0.545873 0.155321
v -0.364770 0.848500 0.017848
v -0.310429 0.841222 0.017991
v -0.311148 0.847313 -0.072736
v -0.364038 0.855053 -0.076275
v -0.361729 0.877566 -0.142661
v -0.354421 0.915202 -0.202134
v -0.335879 0.957991 -0.254450
v -0.306002 0.998724 -0.297839
v -0.265691 1.034575 -0.333746
v -0.170325 1.081678 -0.380746
v -0.197543 1.010273 -0.332504
v -0.234928 0.991698 -0.309363
v -0.270464 0.963780 -0.275237
v -0.296674 0.932128 -0.234535
v -0.309390 0.898870 -0.187803
v -0.312120 0.867034 -0.133180
v -0.394120 0.226081 0.284319
v -0.372089 0.697728 0.207552
v -0.364799 0.848244 0.104102
v -0.310388 0.840974 0.104102
v -0.307572 0.688996 0.208641
v -0.307556 0.688017 0.159532
v -0.309601 0.798103 0.018168
v -0.310725 0.811218 -0.072736
v -0.199032 0.999518 -0.332907
v -0.236209 0.979978 -0.311019
v -0.271124 0.951879 -0.276109
v -0.296702 0.917584 -0.234572
v -0.309390 0.879135 -0.187803
v -0.312103 0.839483 -0.133180
v -0.309466 0.790246 0.105081
v -0.219379 1.062047 -0.361381
v -0.151911 1.025386 -0.351519
v -0.157963 1.014322 -0.349207
v -0.141436 0.931901 -0.328314
v -0.051711 0.994176 -0.364214
v -0.079028 0.990031 -0.359886
v -0.105421 0.984619 -0.353871
v -0.031060 0.995013 -0.365623
v -0.126983 0.978749 -0.346782
v -0.170624 0.966321 -0.329876
v -0.129505 0.842810 -0.311534
v -0.154586 0.891524 -0.313561
v -0.144731 0.780674 -0.294034
v -0.125956 0.751851 -0.296998
v -0.064919 0.820821 -0.329037
v -0.085050 0.814456 -0.322787
v -0.022878 0.827225 -0.335489
v -0.104977 0.807287 -0.314337
v -0.043781 0.825784 -0.333577
v -0.127803 0.678344 -0.284417
v -0.069694 0.904707 -0.341545
v -0.091554 0.899548 -0.335843
v -0.047460 0.908401 -0.345638
v -0.026335 0.909368 -0.347423
v -0.112556 0.893368 -0.328034
v -0.364788 0.816008 0.018426
v -0.364038 0.822525 -0.076275
v -0.361667 0.845294 -0.142833
v -0.352965 0.888837 -0.206328
v -0.334135 0.938497 -0.263885
v -0.305591 0.982313 -0.311379
v -0.265629 1.020465 -0.350642
v -0.170325 1.068040 -0.398332
v -0.365481 0.813505 0.115335
v -0.219377 1.048393 -0.378944
v -0.394120 0.226081 0.257113
v -0.371626 0.701116 0.177028
v -0.129662 0.617915 -0.273178
v -0.346427 0.011830 0.367107
v -0.241162 0.582338 0.290063
v -0.035001 0.567083 0.300193
v -0.073066 0.568526 0.298890
v -0.113459 0.570612 0.296903
v -0.153655 0.573437 0.294156
v -0.188355 0.576374 0.291431
v -0.141891 0.561371 -0.209176
v -0.218042 0.580048 0.335136
v -0.213634 0.578490 0.229831
v -0.202075 0.575259 0.143119
v -0.170794 0.529688 -0.199565
v -0.170182 0.964550 -0.343682
v -0.225286 0.529541 -0.199565
v -0.154586 0.891535 -0.332618
v -0.144616 0.781356 -0.317334
v -0.134570 0.570926 -0.246518
v -0.198314 0.260892 -0.327350
v -0.294002 0.005912 -0.349813
v -0.281546 0.005912 -0.367867
v -0.260716 0.005912 -0.376573
v -0.237626 0.005912 -0.377614
v -0.298942 0.005912 -0.329262
v -0.299595 0.006158 -0.311617
v -0.210386 0.267917 -0.268310
v -0.264878 0.253675 -0.268310
v -0.156546 0.535416 -0.282323
v -0.165027 0.536092 -0.228273
v -0.187085 0.259815 -0.336462
v -0.224511 0.006158 -0.375905
v -0.145721 0.536120 -0.292674
v -0.333977 0.243752 0.284319
v -0.331076 0.229362 0.340766
v -0.315081 0.226821 0.351449
v -0.220357 0.499565 0.345707
v -0.158432 0.564649 -0.119097
v -0.282407 0.587864 0.314936
v -0.282642 0.510665 0.331698
v -0.148863 0.972169 -0.338227
v -0.137750 0.890074 -0.318830
v -0.129245 0.792836 -0.302346
v -0.328185 0.228430 0.344691
v -0.218387 0.579389 0.289959
v -0.252333 0.540658 -0.064810
v -0.031729 0.531553 0.355236
v -0.219083 0.543871 0.339888
v -0.260169 0.539879 0.333135
v -0.196600 0.542910 0.342931
v -0.242064 0.544631 0.336258
v -0.157068 0.540862 0.347452
v -0.115725 0.538189 0.350945
v -0.071832 0.534899 0.353600
v -0.216159 0.574839 0.053900
v -0.129785 0.566404 0.049066
v -0.095938 0.564348 0.048001
v -0.060953 0.562464 0.047169
v -0.035370 0.560580 0.046338
v -0.109336 0.569264 0.234849
v -0.283559 0.583512 0.083648
v -0.188094 0.571827 0.051833
v -0.366486 0.801156 0.139377
v -0.350690 0.015437 0.360672
v -0.297014 0.589473 0.286206
v -0.303073 0.514549 0.305692
v -0.331467 0.231304 0.333149
v -0.043289 1.046084 -0.380039
v -0.043633 1.101634 -0.404855
v -0.361862 0.844874 0.067886
v -0.313731 0.838005 0.067875
v -0.361576 0.846969 -0.034491
v -0.314028 0.839983 -0.033312
v -0.360068 0.860820 -0.111615
v -0.355906 0.892234 -0.174466
v -0.343685 0.933641 -0.230440
v -0.319252 0.975545 -0.278435
v -0.143664 1.085281 -0.389349
v -0.092886 1.096397 -0.399923
v -0.084475 1.041078 -0.375301
v -0.127648 1.031485 -0.364435
v -0.287818 0.946072 -0.258387
v -0.307607 0.913860 -0.214972
v -0.314870 0.879455 -0.162876
v -0.315162 0.852472 -0.104918
v -0.399788 0.010560 0.318503
v -0.347803 0.036612 0.316619
v -0.305789 0.586617 0.221811
v -0.373121 0.610868 0.218238
v -0.313657 0.778493 0.125483
v -0.307265 0.586402 0.180523
v -0.312223 0.767328 0.192540
v -0.364989 0.778078 0.191607
v -0.313378 0.759958 0.136514
v -0.053707 1.037007 -0.379990
v -0.314017 0.795113 0.069301
v -0.314410 0.803197 -0.033095
v -0.084768 1.032195 -0.375313
v -0.136486 1.020854 -0.361968
v -0.289324 0.935243 -0.257695
v -0.309014 0.899002 -0.213443
v -0.316056 0.858854 -0.161336
v -0.316080 0.823031 -0.103991
v -0.194313 1.068310 -0.372772
v -0.177890 1.016544 -0.346044
v -0.114882 1.026696 -0.368855
v -0.034046 1.038007 -0.381073
v -0.050366 0.950219 -0.358297
v -0.074847 0.946324 -0.354137
v -0.120628 0.935032 -0.340781
v -0.160020 0.933245 -0.325232
v -0.098637 0.941128 -0.348355
v -0.028650 0.951033 -0.360003
v -0.045910 0.865748 -0.343397
v -0.067308 0.861742 -0.339118
v -0.109024 0.849513 -0.324877
v -0.144629 0.836964 -0.307735
v -0.088320 0.856180 -0.333184
v -0.024679 0.867033 -0.345289
v -0.043731 0.785365 -0.332602
v -0.065462 0.779436 -0.327735
v -0.106160 0.764489 -0.312167
v -0.142989 0.732931 -0.289344
v -0.085756 0.772248 -0.320983
v -0.022079 0.786893 -0.334647
v -0.043221 0.709079 -0.320203
v -0.065147 0.703318 -0.315340
v -0.108228 0.687621 -0.298959
v -0.146456 0.667591 -0.277485
v -0.086958 0.695841 -0.308044
v -0.021996 0.710912 -0.322383
v -0.043452 1.088830 -0.418713
v -0.360474 0.815976 0.072526
v -0.360095 0.817758 -0.034240
v -0.358676 0.831401 -0.110531
v -0.354161 0.864643 -0.174018
v -0.340486 0.914499 -0.235276
v -0.317098 0.959954 -0.286825
v -0.142916 1.072616 -0.403374
v -0.092456 1.083637 -0.413846
v -0.363025 0.778865 0.154147
v -0.193337 1.055772 -0.386950
v -0.399507 0.011706 0.292215
v -0.371652 0.612730 0.193551
v -0.043008 0.643736 -0.308444
v -0.065155 0.639632 -0.303519
v -0.108750 0.624612 -0.288057
v -0.149272 0.610424 -0.266239
v -0.088334 0.632534 -0.296834
v -0.022080 0.646810 -0.310790
v -0.377784 0.511719 0.234328
v -0.349367 0.010555 0.363032
v -0.399506 -0.000006 0.319165
v -0.378146 0.009606 0.362238
v -0.399030 0.009564 0.342880
v -0.399505 0.001936 0.296678
v -0.352769 -0.000016 0.362638
v -0.378049 -0.000015 0.361653
v -0.398427 -0.000006 0.342748
v -0.308713 0.517115 0.234140
v -0.376485 0.512173 0.210211
v -0.332192 0.011564 0.362686
v -0.245205 0.494171 0.337280
v -0.335732 0.001936 0.362637
v -0.248783 0.578680 0.246939
v -0.238889 0.578978 0.329224
v -0.232844 0.574793 0.136834
v -0.164964 0.557937 -0.189790
v -0.195974 0.497938 0.345131
v -0.031565 0.491130 0.358644
v -0.071440 0.491791 0.357346
v -0.115063 0.493139 0.354651
v -0.156119 0.495118 0.350673
v -0.174132 0.568691 0.235091
v -0.145912 0.565560 0.237288
v -0.109336 0.562932 0.242129
v -0.067048 0.560551 0.240986
v -0.037615 0.558440 0.242456
v -0.196628 0.574530 0.334844
v -0.031825 0.566554 0.344938
v -0.072030 0.567341 0.343955
v -0.116025 0.568948 0.341916
v -0.157461 0.571310 0.338903
v -0.234464 0.010605 -0.373717
v -0.242568 0.036332 -0.325659
v -0.218359 0.560538 -0.188527
v -0.295487 0.010606 -0.327321
v -0.174620 0.994581 -0.347179
v -0.158247 0.934450 -0.338626
v -0.142704 0.837979 -0.325388
v -0.139253 0.734252 -0.309697
v -0.143961 0.666319 -0.293622
v -0.146196 0.613333 -0.285724
v -0.044784 0.554654 -0.245615
v -0.043307 0.577589 -0.282240
v -0.068533 0.554828 -0.241586
v -0.065658 0.576051 -0.278865
v -0.119122 0.555887 -0.225654
v -0.112908 0.570241 -0.264153
v -0.155151 0.564316 -0.231639
v -0.093102 0.555059 -0.235118
v -0.088850 0.573592 -0.273125
v -0.023784 0.554545 -0.247413
v -0.022840 0.578452 -0.283956
v -0.148535 0.561684 -0.279015
v -0.237982 -0.000012 -0.373117
v -0.259843 0.009649 -0.372770
v -0.290459 0.009631 -0.348203
v -0.279081 0.009651 -0.364841
v -0.294460 -0.000025 -0.328862
v -0.259739 -0.000003 -0.372210
v -0.289920 -0.000007 -0.347991
v -0.278731 -0.000006 -0.364395
v -0.236866 0.566067 -0.106766
v -0.295139 0.011527 -0.309891
v -0.295129 0.001897 -0.314614
v -0.180992 0.442327 -0.218917
v -0.235447 0.437645 -0.218934
v -0.166289 0.446562 -0.293041
v -0.223912 0.011431 -0.371425
v -0.138862 0.667579 -0.296815
v -0.138955 0.612632 -0.287312
v -0.139541 0.562169 -0.285568
v -0.226642 0.001916 -0.371765
v -0.155852 0.447024 -0.303413
v -0.051965 0.552888 -0.136465
v -0.134666 0.556569 -0.122019
v -0.184589 0.561694 -0.110142
v -0.030814 0.551703 -0.139946
v -0.079422 0.554094 -0.129569
v -0.113222 0.555269 -0.127899
v -0.264019 0.582170 0.323697
v -0.293038 0.585900 0.294501
v -0.297858 0.513230 0.314266
v -0.392712 0.009622 0.356384
v -0.392321 -0.000006 0.355952
v -0.289907 0.537947 0.139843
v -0.294637 0.545860 0.156269
v -0.361811 0.845149 0.017793
v -0.313780 0.838264 0.017942
v -0.314565 0.844466 -0.073183
v -0.361002 0.851815 -0.076810
v -0.358605 0.874606 -0.143870
v -0.351188 0.912370 -0.203364
v -0.332860 0.954880 -0.255540
v -0.303460 0.995226 -0.298973
v -0.263770 1.030698 -0.334869
v -0.169318 1.077440 -0.381750
v -0.199027 1.009197 -0.336581
v -0.236984 0.990603 -0.313178
v -0.272938 0.962305 -0.278656
v -0.299411 0.930152 -0.237466
v -0.312536 0.896519 -0.189939
v -0.315482 0.864382 -0.134464
v -0.390888 0.225425 0.281301
v -0.368938 0.697067 0.204452
v -0.361886 0.844854 0.104123
v -0.313724 0.837998 0.104104
v -0.310735 0.688432 0.205534
v -0.312026 0.687934 0.159532
v -0.314070 0.798020 0.018178
v -0.315194 0.811164 -0.072660
v -0.201194 1.000023 -0.336787
v -0.239228 0.980712 -0.314233
v -0.274777 0.952221 -0.278662
v -0.300840 0.917606 -0.236262
v -0.313832 0.879135 -0.188309
v -0.316573 0.839475 -0.133166
v -0.313935 0.790160 0.105084
v -0.217959 1.057938 -0.362423
v -0.153043 1.024274 -0.355698
v -0.159366 1.013695 -0.353405
v -0.142770 0.930754 -0.332423
v -0.052183 0.993067 -0.368519
v -0.079653 0.988900 -0.364165
v -0.106199 0.983460 -0.358117
v -0.031190 0.993952 -0.369964
v -0.128204 0.977479 -0.350891
v -0.167932 0.966103 -0.333439
v -0.130988 0.841986 -0.315670
v -0.152002 0.891268 -0.317199
v -0.142217 0.780119 -0.297689
v -0.127650 0.751189 -0.301082
v -0.065872 0.820199 -0.333360
v -0.086247 0.813816 -0.327046
v -0.023098 0.826633 -0.339915
v -0.106563 0.806578 -0.318456
v -0.044505 0.825175 -0.337946
v -0.129505 0.677668 -0.288495
v -0.070483 0.903869 -0.345864
v -0.092523 0.898686 -0.340121
v -0.048072 0.907589 -0.349991
v -0.026509 0.908593 -0.351822
v -0.113946 0.892399 -0.332171
v -0.360318 0.816002 0.018439
v -0.359568 0.822525 -0.076193
v -0.357205 0.845306 -0.142554
v -0.348595 0.888895 -0.205389
v -0.329985 0.938088 -0.262275
v -0.301755 0.980921 -0.309553
v -0.262413 1.018104 -0.348625
v -0.168450 1.064834 -0.395846
v -0.361012 0.813396 0.115364
v -0.216865 1.045478 -0.376669
v -0.389654 0.225876 0.257113
v -0.367161 0.700901 0.177074
v -0.131340 0.617030 -0.277225
v -0.345613 0.011549 0.362720
v -0.241734 0.577905 0.290096
v -0.031966 0.561568 0.299484
v -0.071969 0.562585 0.298505
v -0.115864 0.564681 0.296467
v -0.157283 0.567770 0.293453
v -0.196594 0.572001 0.289366
v -0.142313 0.556953 -0.209708
v -0.218007 0.576669 0.332210
v -0.213634 0.572159 0.237111
v -0.202075 0.568928 0.150399
v -0.167989 0.528426 -0.196321
v -0.165841 0.965619 -0.343680
v -0.222530 0.528373 -0.196245
v -0.150177 0.892270 -0.332616
v -0.140149 0.781482 -0.317244
v -0.135507 0.567197 -0.248798
v -0.194794 0.259887 -0.324784
v -0.289926 0.005957 -0.347979
v -0.278731 0.005912 -0.364395
v -0.259734 0.005933 -0.372212
v -0.237783 0.005981 -0.373147
v -0.294516 0.006004 -0.328642
v -0.295128 0.006304 -0.311501
v -0.207576 0.266682 -0.265061
v -0.261833 0.252479 -0.265264
v -0.152649 0.534552 -0.280311
v -0.160690 0.535263 -0.227578
v -0.184964 0.258831 -0.332653
v -0.225144 0.006298 -0.371482
v -0.142715 0.535298 -0.289469
v -0.330884 0.242975 0.281186
v -0.327068 0.228813 0.338863
v -0.313804 0.226384 0.347187
v -0.219673 0.498975 0.341329
v -0.158432 0.558318 -0.111818
v -0.280913 0.584474 0.312434
v -0.280620 0.509958 0.327774
v -0.150093 0.970879 -0.342326
v -0.139149 0.889106 -0.322964
v -0.130855 0.792121 -0.306455
v -0.326101 0.227899 0.340773
v -0.218583 0.574834 0.287392
v -0.031663 0.530691 0.350850
v -0.218458 0.543280 0.335501
v -0.258920 0.539282 0.328885
v -0.196061 0.542261 0.338541
v -0.241275 0.544086 0.331892
v -0.156671 0.540125 0.343061
v -0.115463 0.537390 0.346554
v -0.071677 0.534057 0.349213
v -0.216650 0.570398 0.054053
v -0.188094 0.565496 0.059113
v -0.362019 0.800988 0.139418
v -0.347688 0.012563 0.359027
v -0.294287 0.585957 0.285776
v -0.298675 0.513982 0.305130
v -0.327028 0.230882 0.332838
v -0.154729 0.992287 -0.347865
v -0.301409 0.585488 0.177085
v -0.274822 0.520964 0.031972
v -0.260938 0.486323 -0.061604
v -0.266792 0.507881 -0.016216
v -0.256597 0.485823 -0.060663
v -0.270458 0.520630 0.032869
v -0.262439 0.507451 -0.015300
v -0.364799 0.848244 0.177438
v -0.365116 0.841643 0.185107
v -0.310259 0.834315 0.185149
v -0.310381 0.840968 0.177438
v -0.362663 0.838654 0.182735
v -0.362364 0.845237 0.175104
v -0.313183 0.838340 0.175056
v -0.313047 0.831712 0.182732
v -0.255098 0.449031 -0.120363
v -0.254837 0.409742 -0.156234
v -0.250491 0.409030 -0.155473
v -0.250753 0.448330 -0.119586
v -0.266273 0.273016 -0.226519
v -0.270662 0.232446 -0.242973
v -0.266277 0.231735 -0.242504
v -0.261896 0.272283 -0.225989
v -0.315524 0.470298 0.245564
v -0.313693 0.492774 0.241719
v -0.261490 0.480647 0.339824
v -0.274943 0.460387 0.338924
v -0.382183 0.485599 0.241801
v -0.383215 0.463165 0.245476
v -0.383214 0.463169 0.218270
v -0.382182 0.485606 0.214594
v -0.308823 0.465433 0.319739
v -0.305871 0.487554 0.318092
v -0.289809 0.485013 0.333092
v -0.294761 0.463363 0.334280
v -0.306915 0.488304 0.307790
v -0.309729 0.466089 0.309726
v -0.310730 0.491934 0.238479
v -0.312538 0.469455 0.242346
v -0.273964 0.459917 0.334588
v -0.260541 0.480187 0.335480
v -0.380036 0.462499 0.242404
v -0.379009 0.484941 0.238722
v -0.377717 0.485403 0.214594
v -0.378749 0.462962 0.218270
v -0.301918 0.486844 0.316131
v -0.304832 0.464700 0.317865
v -0.292607 0.462725 0.330418
v -0.287716 0.484386 0.329192
v -0.305318 0.465510 0.309285
v -0.302507 0.487749 0.307301
v -0.385113 0.421898 0.252237
v -0.387953 0.360160 0.262352
v -0.387951 0.360185 0.235142
v -0.385114 0.421872 0.225036
v -0.318581 0.432763 0.251985
v -0.323638 0.370685 0.262605
v -0.319460 0.363145 0.328473
v -0.313373 0.424577 0.323114
v -0.286369 0.421546 0.339996
v -0.298889 0.360992 0.342794
v -0.302151 0.422452 0.336546
v -0.311452 0.361657 0.339427
v -0.320025 0.364159 0.319572
v -0.314070 0.425686 0.313531
v -0.384752 0.359484 0.259305
v -0.381925 0.421248 0.249172
v -0.380648 0.421671 0.225035
v -0.383486 0.359974 0.235143
v -0.320590 0.369869 0.259438
v -0.315564 0.431972 0.248783
v -0.309302 0.424052 0.321349
v -0.315374 0.362529 0.326768
v -0.297674 0.360586 0.338511
v -0.285249 0.421170 0.335686
v -0.309072 0.361123 0.335685
v -0.299819 0.421929 0.332772
v -0.309638 0.425269 0.313125
v -0.315597 0.363643 0.319226
v -0.287144 0.575246 0.093652
v -0.199643 0.570340 -0.031112
v -0.260806 0.576260 -0.015347
v -0.145912 0.571892 0.232881
v -0.269983 0.555356 0.014019
v -0.242810 0.520873 -0.119528
v -0.239376 0.491491 -0.162133
v -0.278266 0.582949 0.234140
v -0.173146 0.568049 -0.033829
v -0.088010 0.562420 -0.042751
v -0.057107 0.560714 -0.045536
v -0.033447 0.558961 -0.048399
v -0.121951 0.564102 -0.040005
v -0.144689 0.566058 -0.036859
v -0.154245 0.568830 0.050239
v -0.164989 0.572098 0.143507
v -0.200163 0.565922 -0.030380
v -0.254301 0.571647 -0.030823
v -0.268410 0.576162 0.030636
v -0.137319 0.562924 0.151324
v -0.102796 0.560560 0.152112
v -0.064611 0.558413 0.152932
v -0.037198 0.556267 0.153753
v -0.129785 0.560073 0.056346
v -0.095938 0.558016 0.055281
v -0.060953 0.556132 0.054449
v -0.035370 0.554249 0.053617
v -0.172655 0.561760 -0.029855
v -0.088010 0.556088 -0.035471
v -0.057107 0.554383 -0.038256
v -0.033447 0.552630 -0.041119
v -0.121951 0.557771 -0.032725
v -0.145321 0.559285 -0.029724
v -0.154245 0.562499 0.057518
v -0.164989 0.565767 0.150787
v -0.039330 0.645010 -0.305820
v -0.025221 0.647144 -0.307417
v -0.043069 0.562500 -0.225854
v -0.026968 0.562278 -0.227663
v -0.025108 0.579508 -0.280375
v -0.039822 0.579041 -0.279228
v -0.034203 0.556412 -0.143795
v -0.048756 0.557325 -0.141400
v -0.039768 0.645200 -0.307866
v -0.025369 0.647314 -0.309480
v -0.041273 0.555635 -0.244954
v -0.027360 0.555560 -0.246191
v -0.026225 0.579311 -0.282747
v -0.039976 0.578717 -0.281566
v -0.034139 0.552890 -0.138454
v -0.048691 0.553706 -0.136059
v -0.103605 0.626653 -0.286850
v -0.089795 0.632241 -0.292829
v -0.116118 0.562216 -0.207853
v -0.099131 0.562836 -0.213929
v -0.091589 0.574952 -0.268653
v -0.109759 0.572219 -0.260871
v -0.115996 0.560307 -0.131546
v -0.130865 0.560666 -0.127469
v -0.105094 0.626189 -0.288843
v -0.090937 0.631682 -0.294929
v -0.114020 0.556766 -0.227022
v -0.096760 0.556193 -0.232789
v -0.092253 0.574185 -0.270859
v -0.108153 0.571861 -0.265434
v -0.115958 0.556464 -0.126369
v -0.130827 0.557365 -0.122292
v -0.042587 0.618745 -0.297233
v -0.042752 0.602185 -0.290636
v -0.064636 0.598886 -0.286802
v -0.064368 0.615520 -0.293344
v -0.110024 0.604961 -0.278018
v -0.112400 0.588019 -0.269479
v -0.155626 0.577017 -0.244005
v -0.153303 0.592240 -0.256128
v -0.087299 0.593940 -0.280459
v -0.086970 0.610590 -0.287312
v -0.021702 0.604621 -0.292764
v -0.021764 0.621134 -0.299236
v -0.151060 0.579675 -0.283547
v -0.150329 0.594431 -0.285638
v -0.141385 0.579854 -0.289036
v -0.140922 0.594718 -0.289798
v -0.132465 0.582787 -0.257934
v -0.130656 0.599038 -0.267755
v -0.043090 0.600683 -0.294820
v -0.043014 0.616951 -0.301337
v -0.065070 0.613781 -0.297437
v -0.065209 0.597384 -0.290954
v -0.111135 0.586032 -0.275756
v -0.109774 0.603245 -0.283699
v -0.150373 0.590158 -0.258712
v -0.152696 0.574019 -0.245230
v -0.087994 0.608844 -0.291334
v -0.088163 0.592388 -0.284531
v -0.021905 0.619260 -0.303338
v -0.022088 0.603199 -0.297000
v -0.146661 0.594482 -0.283083
v -0.147286 0.579930 -0.281176
v -0.139010 0.595011 -0.285774
v -0.139167 0.580217 -0.285171
v -0.132216 0.597260 -0.271535
v -0.133700 0.580427 -0.261382
v -0.025074 0.602402 -0.292415
v -0.025099 0.618888 -0.299112
v -0.039429 0.617330 -0.297741
v -0.039557 0.600862 -0.290972
v -0.025224 0.619892 -0.302084
v -0.025432 0.603782 -0.295712
v -0.039799 0.602123 -0.294252
v -0.039747 0.618276 -0.300700
v -0.090543 0.591599 -0.278982
v -0.089968 0.608435 -0.286389
v -0.106007 0.604002 -0.279910
v -0.107938 0.587060 -0.271441
v -0.091021 0.609134 -0.289387
v -0.091420 0.592512 -0.282257
v -0.106546 0.588327 -0.277126
v -0.105558 0.605170 -0.284644
vn -0.1324 0.9912 -0.0000
vn -0.1324 0.9912 0.0024
vn -0.1325 0.9912 0.0001
vn -0.1325 0.9912 0.0025
vn -0.1326 0.9910 0.0184
vn -0.1333 0.9909 0.0192
vn -0.1333 0.9886 0.0697
vn -0.1350 0.9881 0.0735
vn -0.1301 0.9765 0.1715
vn -0.1324 0.9740 0.1839
vn -0.1187 0.9461 0.3015
vn -0.1220 0.9376 0.3256
vn -0.1054 0.9022 0.4183
vn -0.1111 0.8864 0.4493
vn -0.0988 0.8573 0.5052
vn -0.1066 0.8356 0.5389
vn -0.1027 0.8183 0.5655
vn -0.1120 0.7911 0.6014
vn -0.1198 0.7859 0.6067
vn -0.1276 0.7513 0.6475
vn -0.1437 0.7526 0.6426
vn -0.1447 0.7115 0.6877
vn -0.1641 0.7146 0.6800
vn -0.1576 0.6713 0.7242
vn -0.1764 0.6731 0.7182
vn -0.1848 0.5683 0.8018
vn -0.1835 0.5504 0.8145
vn -0.1895 0.6042 0.7740
vn -0.5172 -0.1087 0.8490
vn -0.6353 -0.1709 0.7532
vn -0.4750 -0.0948 0.8749
vn -0.1409 0.5027 0.8529
vn -0.1558 0.5024 0.8505
vn -0.1694 0.5234 0.8351
vn -0.1267 0.4817 0.8671
vn -0.1310 0.4789 0.8681
vn -0.0330 0.4322 0.9012
vn -0.0657 0.4359 0.8976
vn -0.0265 0.4299 0.9025
vn -0.1139 -0.0931 0.9891
vn -0.1785 -0.0192 0.9838
vn -0.0677 -0.0682 0.9954
vn -0.0000 -0.0310 0.9995
vn -0.0429 -0.0581 0.9974
vn 0.0220 0.1688 0.9854
vn 0.0202 0.1639 0.9863
vn 0.0179 0.1692 0.9854
vn 0.0781 0.1659 0.9830
vn 0.0524 0.1683 0.9843
vn 0.0464 0.1682 0.9847
vn -0.0114 0.1576 0.9874
vn -0.0067 0.1589 0.9873
vn -0.0147 0.1546 0.9879
vn -0.0033 0.1614 0.9869
vn 0.0014 0.1610 0.9870
vn -0.9998 0.0186 0.0005
vn -0.9998 0.0190 0.0002
vn -0.9998 0.0178 -0.0004
vn -0.9981 -0.0000 0.0610
vn -0.9936 -0.0000 0.1131
vn -0.9993 0.0002 0.0378
vn -0.9998 0.0183 0.0003
vn -0.9997 0.0232 -0.0002
vn -0.9997 0.0234 0.0031
vn 0.9993 0.0377 -0.0065
vn 0.9996 0.0265 -0.0085
vn 0.9999 0.0145 -0.0040
vn 0.9998 -0.0000 -0.0200
vn 0.9994 -0.0000 -0.0337
vn 0.9993 -0.0005 -0.0376
vn -0.2722 -0.0926 0.9578
vn -0.3075 -0.0476 0.9504
vn -0.0212 0.2365 0.9714
vn -0.0000 0.2468 0.9691
vn -0.0000 0.2358 0.9718
vn -0.9998 0.0186 -0.0002
vn -0.9998 0.0190 -0.0024
vn -0.9998 0.0184 0.0001
vn -0.9879 -0.0000 0.1551
vn -0.9727 -0.0000 0.2321
vn 0.7309 0.5143 -0.4487
vn 0.8374 0.3331 -0.4334
vn 0.7262 0.5284 -0.4397
vn -0.9998 0.0189 -0.0025
vn -0.9998 0.0181 -0.0096
vn -0.9999 0.0034 -0.0154
vn -1.0000 0.0019 -0.0032
vn -0.9998 0.0069 -0.0188
vn -0.7735 -0.0943 0.6267
vn -0.6887 -0.1694 0.7049
vn -0.8042 -0.0797 0.5889
vn -0.3327 -0.0326 0.9425
vn -0.8490 -0.0346 0.5272
vn -0.8674 -0.0227 0.4971
vn -1.0000 0.0005 0.0074
vn 0.1302 -0.9256 -0.3554
vn 0.1405 -0.9901 0.0023
vn 0.1310 -0.9314 -0.3396
vn -0.1300 0.2613 0.9565
vn -0.1134 0.2485 0.9620
vn -0.1394 0.2529 0.9574
vn -0.9998 0.0187 -0.0003
vn -0.9998 0.0181 -0.0019
vn -0.9998 0.0163 -0.0090
vn -0.9997 0.0135 -0.0179
vn -0.9562 -0.0004 0.2927
vn -0.9256 -0.0022 0.3785
vn -0.9998 0.0097 -0.0167
vn -0.9023 -0.0062 0.4311
vn -0.3789 -0.0399 0.9246
vn -0.3590 -0.0061 0.9333
vn -0.4094 -0.0633 0.9101
vn 0.5895 0.6357 -0.4984
vn 0.5844 0.6408 -0.4979
vn -0.3499 -0.0047 0.9368
vn -0.1622 0.5244 0.8359
vn 0.9693 -0.0000 0.2459
vn 0.6882 -0.0000 0.7255
vn 0.9693 -0.0001 0.2459
vn -0.1276 0.2196 0.9672
vn -0.1564 0.2665 0.9511
vn -0.1659 0.2579 0.9518
vn -0.1559 0.2242 0.9620
vn -0.2131 0.1402 0.9669
vn -0.1775 0.1453 0.9733
vn -0.2199 0.1481 0.9642
vn -0.0000 0.2082 0.9781
vn -0.0289 0.1732 0.9845
vn -0.0000 0.1439 0.9896
vn -0.0327 0.1443 0.9890
vn -0.2716 0.2830 0.9199
vn -0.2583 0.2923 0.9208
vn -0.2577 0.2873 0.9225
vn -0.2753 0.2903 0.9165
vn -0.2590 0.2985 0.9186
vn -0.3028 0.2641 0.9157
vn -0.2699 0.3014 0.9145
vn -0.2951 0.2563 0.9204
vn -0.2547 0.1425 0.9565
vn -0.2641 0.1509 0.9526
vn -0.1757 0.1375 0.9748
vn -0.1965 0.1565 0.9679
vn -0.1641 0.1531 0.9745
vn -0.0365 0.1321 0.9906
vn -0.0000 0.1452 0.9894
vn -0.0388 0.1457 0.9886
vn -0.0253 0.2088 0.9776
vn -0.0000 0.1728 0.9850
vn -0.3038 0.2558 0.9177
vn -0.3108 0.2199 0.9247
vn -0.3311 0.1840 0.9255
vn -0.3352 0.1871 0.9234
vn -0.3253 0.1814 0.9281
vn -0.3099 0.2151 0.9261
vn -0.3096 0.2156 0.9261
vn -0.3693 0.1586 0.9157
vn -0.3804 0.1494 0.9127
vn -0.3848 0.1479 0.9111
vn -0.3770 0.1465 0.9146
vn -0.3620 0.1608 0.9182
vn -0.3552 0.1585 0.9212
vn -0.2172 0.1668 0.9618
vn -0.2564 0.1676 0.9519
vn -0.2321 0.1590 0.9596
vn -0.0000 0.1727 0.9850
vn -0.0366 0.1722 0.9844
vn -0.0000 0.1316 0.9913
vn -0.3795 0.1509 0.9128
vn -0.3775 0.1537 0.9132
vn -0.1718 0.1656 0.9711
vn -0.0000 0.7902 -0.6128
vn 0.0893 0.7871 -0.6103
vn -0.2075 0.1915 0.9593
vn -0.3791 0.1495 0.9132
vn 0.9969 0.0252 -0.0743
vn 0.9968 0.0364 -0.0711
vn 0.9978 0.0165 -0.0638
vn 0.3371 0.7440 -0.5769
vn 0.2111 0.7724 -0.5990
vn 0.3394 0.7433 -0.5764
vn -0.1763 0.1878 0.9662
vn -0.1846 0.2287 0.9558
vn 0.0898 0.7871 -0.6103
vn 0.2091 0.7728 -0.5992
vn 0.8944 0.2168 -0.3911
vn 0.8265 0.3458 -0.4442
vn 0.4891 0.6891 -0.5347
vn 0.4866 0.6904 -0.5353
vn 0.2084 -0.5877 -0.7818
vn 0.1975 -0.6202 -0.7592
vn 0.1980 -0.6586 -0.7260
vn -0.1942 0.2021 0.9599
vn -0.2140 0.2006 0.9560
vn 0.4195 0.7173 -0.5563
vn -0.0000 0.2115 0.9774
vn -0.0116 0.2192 0.9756
vn 0.4215 0.7166 -0.5557
vn -0.0587 0.4585 0.8867
vn -0.0658 0.4955 0.8661
vn 0.9988 0.0470 -0.0148
vn 0.9988 0.0481 -0.0107
vn 0.9989 0.0453 -0.0127
vn 0.9970 -0.0045 -0.0771
vn 0.9925 -0.0076 -0.1223
vn 0.9886 -0.0139 -0.1499
vn 1.0000 -0.0000 -0.0084
vn 0.9998 -0.0000 -0.0185
vn 0.9714 -0.0143 -0.2371
vn 0.9543 0.0060 -0.2989
vn 0.9490 0.0246 -0.3143
vn 0.9980 -0.0011 -0.0632
vn 1.0000 0.0074 -0.0044
vn 1.0000 0.0036 -0.0012
vn 0.9776 -0.0159 -0.2096
vn 0.9012 0.1817 -0.3934
vn 0.9242 0.1107 -0.3655
vn 0.9290 0.0800 -0.3614
vn 0.9991 0.0420 -0.0086
vn 0.9989 0.0450 -0.0114
vn 1.0000 0.0001 -0.0081
vn 1.0000 0.0004 -0.0024
vn 1.0000 0.0012 -0.0028
vn -0.1289 0.9917 -0.0006
vn -0.1275 0.9918 -0.0041
vn -0.1176 0.9930 -0.0095
vn 0.9988 0.0482 -0.0092
vn 0.9988 0.0479 -0.0041
vn 0.0159 0.1928 0.9811
vn -0.0000 0.1937 0.9811
vn -0.0000 0.1940 0.9810
vn -0.1736 0.2100 0.9622
vn -0.3712 0.1957 0.9077
vn -0.3674 0.2273 0.9018
vn -0.0600 0.7784 0.6249
vn -0.1576 0.4475 0.8803
vn -0.1269 0.4214 0.8979
vn -0.3758 0.1763 0.9098
vn 0.9967 0.0363 -0.0726
vn 0.9962 0.0263 -0.0825
vn 0.0594 0.1783 0.9822
vn 0.0314 0.1867 0.9819
vn 0.0355 0.1880 0.9815
vn -0.3450 0.3486 0.8715
vn -0.3317 0.4503 0.8290
vn -0.0743 0.9968 -0.0299
vn -0.0509 0.9978 -0.0416
vn -0.0535 0.9981 -0.0317
vn 0.9377 0.1989 -0.2848
vn 0.9553 0.1937 -0.2234
vn 0.9583 0.1913 -0.2123
vn -0.1336 0.2949 0.9461
vn 0.0822 0.8331 0.5469
vn 0.3985 0.9137 0.0800
vn 0.2161 0.9735 0.0746
vn -0.2540 0.8198 0.5132
vn -0.4422 0.4269 0.7888
vn -0.3490 0.4519 0.8210
vn 0.0139 0.1922 0.9813
vn 0.4153 0.1552 0.8964
vn 0.8739 0.1673 0.4565
vn 0.8495 0.1637 0.5015
vn -0.1302 0.9915 -0.0063
vn -0.1360 0.9905 -0.0188
vn -0.1311 0.9910 -0.0268
vn 0.4803 0.1395 0.8659
vn 0.9114 0.1351 0.3886
vn 0.8924 0.1488 0.4261
vn 0.0188 0.8721 0.4889
vn 0.1110 0.8897 0.4429
vn 0.2440 0.9230 0.2974
vn 0.2853 0.9127 0.2927
vn 0.9998 0.0141 0.0172
vn 0.9997 -0.0003 0.0252
vn 1.0000 -0.0000 -0.0000
vn 0.0337 0.1664 0.9855
vn -0.0000 0.0515 0.9987
vn -0.0000 -0.0000 1.0000
vn 0.2107 0.0533 0.9761
vn 0.0053 0.1638 0.9865
vn 0.0123 0.1645 0.9863
vn -0.1269 0.9919 -0.0058
vn -0.1292 0.9916 -0.0060
vn 0.1198 0.2577 -0.9588
vn 0.0717 0.2579 -0.9635
vn 0.1260 0.2569 -0.9582
vn 0.0071 -0.1613 -0.9869
vn 0.0066 -0.1623 -0.9867
vn 0.0074 -0.1614 -0.9869
vn 0.0074 -0.1613 -0.9869
vn 0.9905 0.1086 0.0840
vn 0.6286 0.1190 0.7686
vn 0.9276 0.1188 0.3542
vn 0.0103 0.0583 0.9982
vn 0.2088 0.0897 0.9738
vn 0.5081 0.1270 0.8519
vn 0.2164 -0.0000 0.9763
vn 0.1208 0.1269 0.9845
vn 0.1745 0.1237 0.9768
vn 0.1610 0.1184 0.9798
vn -0.1135 0.9935 -0.0086
vn -0.1039 0.9945 -0.0153
vn -0.0916 0.9957 -0.0172
vn -0.0303 0.9983 -0.0492
vn -0.0000 0.9994 -0.0340
vn -0.0000 0.9986 -0.0536
vn -0.0642 0.9977 -0.0203
vn -0.0693 0.9973 -0.0230
vn -0.0622 0.9978 -0.0224
vn -0.1088 0.9940 -0.0134
vn -0.1089 0.9938 -0.0233
vn -0.0562 0.9982 -0.0200
vn -0.0562 0.9982 -0.0220
vn 0.1018 0.1414 0.9847
vn 0.1369 0.1350 0.9813
vn -0.0498 0.9986 -0.0180
vn -0.0533 0.9984 -0.0188
vn -0.0525 0.9985 -0.0162
vn -0.0406 0.9991 0.0150
vn -0.0437 0.9988 0.0238
vn 0.0890 0.1640 0.9824
vn 0.0531 0.1762 0.9829
vn 0.1009 0.1685 0.9805
vn -0.0610 0.9979 -0.0216
vn -0.0000 0.9998 -0.0177
vn -0.0376 0.9991 -0.0213
vn -0.0365 0.9992 -0.0179
vn -0.0472 0.9982 -0.0362
vn -0.0624 0.9978 -0.0207
vn -0.0608 0.9978 -0.0248
vn -0.0850 0.9962 -0.0167
vn -0.0930 0.9956 -0.0123
vn -0.0854 0.9960 -0.0245
vn 0.9989 0.0460 -0.0000
vn 0.9989 0.0459 -0.0000
vn -0.3791 0.6726 0.6355
vn -0.1566 0.4263 0.8909
vn -0.2055 0.7688 0.6056
vn -0.0175 0.9974 -0.0698
vn -0.0000 0.9968 -0.0799
vn 0.5194 -0.0484 -0.8531
vn 0.5929 0.0755 -0.8017
vn 0.4755 -0.0247 -0.8794
vn -0.0333 0.9980 -0.0546
vn -0.0364 0.9989 -0.0308
vn -0.0516 0.9979 -0.0397
vn -0.3311 0.9404 0.0778
vn -0.4506 0.8738 0.1829
vn -0.2441 0.9514 0.1875
vn -0.0740 0.9969 -0.0249
vn 0.3203 0.6574 0.6820
vn 0.0725 0.4260 0.9018
vn 0.1729 0.3976 0.9011
vn -0.0913 0.9958 -0.0110
vn -0.0803 0.9966 -0.0161
vn -0.0378 0.9981 -0.0489
vn -0.0635 0.9967 -0.0509
vn -0.1162 0.9924 -0.0397
vn 0.0932 0.7061 0.7020
vn -0.1503 0.4630 0.8735
vn -0.0920 0.4281 0.8990
vn 0.9475 -0.2498 0.1998
vn 0.9708 -0.2396 0.0076
vn 0.9379 -0.2502 0.2402
vn 0.1780 0.7712 0.6112
vn 0.4090 0.8966 0.1697
vn 0.1964 0.9656 0.1705
vn 0.0695 0.9784 0.1945
vn -0.0000 0.7593 0.6507
vn -0.0000 0.9836 0.1801
vn -0.8633 -0.0307 -0.5037
vn -0.8062 -0.0191 -0.5914
vn -0.8718 -0.0285 -0.4890
vn 0.3749 -0.1445 -0.9157
vn 0.3271 -0.1038 -0.9393
vn -0.3994 -0.1512 -0.9042
vn 0.9710 -0.2390 -0.0003
vn 0.9767 -0.2148 -0.0001
vn -0.0668 0.9974 -0.0265
vn -0.0494 0.9985 -0.0241
vn 0.0625 0.2558 -0.9647
vn 0.0259 0.2511 -0.9676
vn -0.1062 0.9938 -0.0331
vn 0.9779 -0.2091 -0.0000
vn 0.9864 -0.1644 -0.0001
vn -0.0680 -0.1537 -0.9858
vn 0.9964 -0.0853 -0.0015
vn 0.9994 -0.0335 -0.0052
vn 0.9955 -0.0950 -0.0007
vn 0.9872 -0.1592 -0.0002
vn 0.3372 -0.1110 -0.9349
vn 0.3893 -0.0742 -0.9181
vn 0.9995 -0.0266 -0.0171
vn 0.9898 0.0807 -0.1176
vn 0.9840 0.1211 -0.1306
vn 0.9931 0.0512 -0.1052
vn -0.0236 0.9828 0.1832
vn -0.0293 0.9874 0.1552
vn 0.0193 0.9925 0.1209
vn 0.1255 0.9869 0.1010
vn -0.1561 0.2923 0.9435
vn -0.0592 0.8444 0.5325
vn -0.0331 0.9929 0.1142
vn -0.3534 0.2794 0.8928
vn -0.0374 0.9993 0.0054
vn -0.5714 0.1817 0.8003
vn -0.3743 0.3089 0.8744
vn -0.4604 0.2755 0.8439
vn -0.2310 0.2638 0.9365
vn -0.2890 0.2998 0.9091
vn -0.4506 0.2264 0.8635
vn -0.0000 0.3047 0.9524
vn -0.0170 0.3132 0.9495
vn -0.1360 0.9327 0.3341
vn -0.0384 0.9992 -0.0053
vn 0.9955 0.0304 -0.0894
vn 0.9952 0.0285 -0.0933
vn 0.9885 -0.0424 -0.1453
vn 0.9990 0.0220 -0.0390
vn 0.9890 -0.0036 -0.1479
vn 0.0179 0.2517 -0.9676
vn 0.0044 0.2466 -0.9691
vn -0.1407 -0.9549 -0.2616
vn -0.2429 -0.9701 -0.0006
vn -0.1021 -0.9947 -0.0107
vn 0.0403 0.1897 0.9810
vn 0.0314 -0.4075 -0.9127
vn -0.0000 -0.4075 -0.9132
vn -0.0000 -0.4068 -0.9135
vn -0.1167 -0.1281 -0.9849
vn -0.0838 -0.1255 -0.9885
vn -0.1067 -0.1072 -0.9885
vn 0.9131 -0.0000 -0.4077
vn 0.6299 -0.0000 -0.7767
vn 0.9703 0.1866 -0.1538
vn 0.9738 0.1784 -0.1409
vn 0.2193 -0.0026 -0.9756
vn -0.0288 -0.0299 -0.9991
vn -0.1043 0.0105 -0.9945
vn 0.2185 -0.0001 -0.9758
vn -0.0305 -0.0056 -0.9995
vn 0.9123 -0.0069 -0.4094
vn 0.9709 0.1724 -0.1664
vn 0.9797 0.1633 -0.1166
vn 0.9823 0.1589 -0.0991
vn 0.9952 -0.0177 -0.0963
vn 0.9999 -0.0036 -0.0166
vn 0.9835 0.1562 -0.0909
vn 0.9971 0.0766 -0.0000
vn 0.9674 0.1721 -0.1858
vn 0.9655 0.1810 -0.1873
vn 0.6560 0.1717 0.7349
vn -0.0019 0.2507 -0.9681
vn -0.0019 0.2451 -0.9695
vn 0.9673 0.1854 -0.1732
vn 0.9740 0.1655 -0.1549
vn 0.0257 0.8768 -0.4801
vn 0.2479 0.9073 -0.3397
vn 0.1080 0.8830 -0.4568
vn 0.9686 0.1923 -0.1578
vn -0.1425 0.8672 0.4772
vn 0.9675 0.1880 -0.1692
vn 0.9704 0.1864 -0.1534
vn 0.2846 0.8945 -0.3448
vn 0.6288 0.0661 -0.7748
vn 0.6750 0.1804 -0.7154
vn -0.2960 0.6758 0.6750
vn 0.6873 0.1765 -0.7046
vn 0.6977 0.2152 -0.6833
vn 0.5980 0.2133 -0.7726
vn 0.6034 0.2126 -0.7686
vn -0.1708 0.0925 -0.9810
vn -0.1516 -0.0093 -0.9884
vn -0.1264 0.0142 -0.9919
vn 0.9996 0.0277 -0.0000
vn 0.9872 0.1073 0.1178
vn 0.9834 0.1308 0.1261
vn 0.9837 0.1431 0.1089
vn 0.0180 0.1935 0.9809
vn -0.3546 0.9316 0.0795
vn -0.4538 0.8800 0.1402
vn -0.2258 0.9658 0.1278
vn 0.1322 0.1508 0.9797
vn 0.1154 0.1458 0.9826
vn -0.9937 -0.0947 -0.0600
vn -0.9359 -0.1208 -0.3310
vn -0.9927 -0.0985 -0.0689
vn -0.7300 -0.6444 0.2277
vn -0.4176 -0.8882 0.1916
vn -0.7300 -0.6443 0.2281
vn 0.9989 0.0465 -0.0000
vn 0.9989 0.0466 -0.0003
vn 0.2625 0.1426 0.9543
vn -0.1289 0.9917 -0.0005
vn 0.9989 0.0477 -0.0031
vn 0.0677 0.1813 0.9811
vn -0.1464 0.1832 0.9721
vn 0.4077 0.8939 -0.1865
vn 0.4375 0.8918 -0.1153
vn 0.9840 0.1119 0.1386
vn 0.9855 0.1064 0.1322
vn 0.9843 0.1045 0.1420
vn 0.4115 0.9044 0.1126
vn 0.4483 0.8936 0.0223
vn 0.0799 -0.9559 0.2826
vn 0.1130 -0.9752 0.1905
vn 0.1145 -0.9749 0.1911
vn -0.9996 0.0243 0.0161
vn -0.9995 0.0224 0.0223
vn 0.9939 0.0959 0.0540
vn 0.5568 0.1188 0.8221
vn 0.9282 0.1219 0.3515
vn 0.1995 0.1162 0.9730
vn 0.4062 0.0889 0.9094
vn 0.1575 0.1318 0.9787
vn 0.0799 0.1607 0.9838
vn -0.0905 0.9949 -0.0453
vn 0.0846 -0.4241 -0.9017
vn 0.1163 -0.4381 -0.8914
vn 0.1392 -0.4576 -0.8782
vn 0.9999 -0.0019 0.0119
vn 0.9998 -0.0063 0.0165
vn 0.9999 -0.0018 0.0157
vn 0.0227 0.0031 0.9997
vn 0.2160 0.0010 0.9764
vn 0.9910 0.0998 0.0888
vn 0.9876 0.1237 0.0962
vn 0.9939 0.0952 0.0557
vn 0.9928 0.0943 0.0744
vn 0.9300 0.1641 0.3289
vn 0.4412 0.0967 0.8922
vn 0.0152 0.1689 0.9855
vn 0.0170 0.1632 0.9864
vn 0.1410 -0.9900 0.0027
vn 0.1413 -0.9900 -0.0029
vn 0.1417 -0.9897 -0.0188
vn 0.1413 -0.9900 -0.0026
vn 0.1424 -0.9896 -0.0197
vn 0.1426 -0.9873 -0.0703
vn 0.1445 -0.9867 -0.0742
vn 0.1394 -0.9753 -0.1712
vn 0.1422 -0.9724 -0.1848
vn 0.1278 -0.9454 -0.2998
vn 0.1319 -0.9361 -0.3262
vn 0.1153 -0.9018 -0.4166
vn 0.1225 -0.8847 -0.4498
vn 0.1116 -0.8563 -0.5042
vn 0.1220 -0.8332 -0.5394
vn 0.1209 -0.8158 -0.5656
vn 0.1336 -0.7875 -0.6017
vn 0.1436 -0.7801 -0.6089
vn 0.1549 -0.7456 -0.6482
vn 0.1701 -0.7427 -0.6477
vn 0.1738 -0.7034 -0.6892
vn 0.1890 -0.7016 -0.6870
vn 0.1853 -0.6617 -0.7265
vn 0.1982 -0.5316 -0.8235
vn 0.2048 -0.5535 -0.8073
vn 0.5276 0.1472 -0.8366
vn 0.6412 0.2202 -0.7351
vn 0.7080 0.2269 -0.6688
vn 0.1653 -0.4820 -0.8605
vn 0.1539 -0.4834 -0.8617
vn 0.1808 -0.5038 -0.8447
vn 0.1381 -0.4616 -0.8763
vn 0.0357 -0.4094 -0.9116
vn 0.0726 -0.4133 -0.9077
vn 0.1173 0.1154 -0.9864
vn 0.1798 0.0291 -0.9833
vn 0.1844 0.0074 -0.9828
vn 0.0429 0.0731 -0.9964
vn -0.0000 0.0407 -0.9992
vn 0.0678 0.0829 -0.9943
vn -0.9907 -0.0963 -0.0960
vn -0.9905 -0.0992 -0.0956
vn -0.0478 -0.1692 -0.9844
vn -0.0505 -0.1725 -0.9837
vn -0.0444 -0.1685 -0.9847
vn 0.0071 -0.1590 -0.9873
vn 0.0120 -0.1552 -0.9878
vn 0.0153 -0.1515 -0.9883
vn 0.0053 -0.1600 -0.9871
vn 0.0049 -0.1588 -0.9873
vn 0.0011 -0.1628 -0.9867
vn -0.9997 0.0179 0.0162
vn -0.9997 -0.0059 0.0239
vn -0.9993 0.0354 0.0082
vn 0.9980 0.0584 -0.0255
vn 0.9956 0.0645 -0.0675
vn 0.9914 0.0662 -0.1128
vn 0.9993 -0.0250 0.0270
vn 0.9997 -0.0105 0.0221
vn 0.9991 -0.0291 0.0293
vn -0.9975 0.0493 0.0498
vn -0.9983 0.0493 0.0303
vn -0.9972 0.0495 0.0563
vn 0.2757 0.1189 -0.9539
vn 0.0215 -0.2358 -0.9716
vn -0.0000 -0.2453 -0.9694
vn 0.0195 -0.2457 -0.9692
vn 1.0000 0.0068 0.0007
vn 1.0000 0.0071 0.0041
vn 1.0000 0.0079 0.0038
vn 0.9813 0.0712 -0.1789
vn 0.9655 0.0684 -0.2512
vn -0.7341 -0.4545 0.5044
vn -0.8300 -0.2619 0.4924
vn -0.8213 -0.2728 0.5011
vn 0.9999 0.0097 0.0132
vn 0.9998 0.0125 0.0125
vn 0.9989 0.0354 0.0303
vn 0.9988 0.0410 0.0258
vn 0.9987 0.0476 0.0175
vn 0.7850 0.1486 -0.6014
vn 0.3117 0.0653 -0.9479
vn 0.3378 0.0525 -0.9397
vn 0.8649 0.0960 -0.4927
vn 0.8253 0.1433 -0.5461
vn 0.9986 0.0536 -0.0038
vn 0.1306 -0.2599 -0.9568
vn 0.1132 -0.2477 -0.9622
vn 0.1053 -0.2546 -0.9613
vn 1.0000 0.0040 0.0054
vn 1.0000 0.0060 0.0016
vn 0.9995 0.0169 0.0254
vn 0.9422 0.0728 -0.3271
vn 0.9994 0.0226 0.0245
vn 0.9991 0.0280 0.0325
vn 0.9163 0.0708 -0.3942
vn 0.8875 0.0899 -0.4519
vn 0.3819 0.0585 -0.9224
vn 0.3630 0.0201 -0.9316
vn 0.3544 0.0187 -0.9349
vn 0.4769 0.1277 -0.8696
vn 0.4126 0.0837 -0.9070
vn -0.5940 -0.5806 0.5569
vn -0.7277 -0.4707 0.4990
vn 0.1779 -0.5061 -0.8439
vn -0.6863 0.0625 -0.7246
vn -0.9707 0.0578 -0.2332
vn -0.9694 0.0644 -0.2369
vn 0.1398 -0.2522 -0.9575
vn 0.1276 -0.2196 -0.9672
vn 0.1579 -0.2652 -0.9512
vn 0.1662 -0.2568 -0.9521
vn 0.1559 -0.2242 -0.9620
vn 0.1777 -0.1453 -0.9733
vn 0.2131 -0.1402 -0.9669
vn 0.2199 -0.1481 -0.9642
vn -0.0000 -0.2082 -0.9781
vn -0.0000 -0.2354 -0.9719
vn -0.0000 -0.1439 -0.9896
vn 0.0288 -0.1732 -0.9845
vn 0.0326 -0.1443 -0.9890
vn 0.2724 -0.2811 -0.9202
vn 0.1994 -0.3202 -0.9261
vn 0.3207 -0.2933 -0.9006
vn 0.3963 -0.2730 -0.8766
vn 0.3517 -0.2597 -0.8994
vn 0.2951 -0.2563 -0.9204
vn 0.2545 -0.1425 -0.9565
vn 0.2639 -0.1509 -0.9527
vn 0.1758 -0.1375 -0.9748
vn 0.1965 -0.1565 -0.9679
vn -0.0000 -0.1452 -0.9894
vn 0.0363 -0.1321 -0.9906
vn 0.0386 -0.1457 -0.9886
vn -0.0000 -0.1728 -0.9850
vn 0.0252 -0.2088 -0.9776
vn 0.4265 -0.2261 -0.8758
vn 0.3837 -0.1849 -0.9047
vn 0.4460 -0.1836 -0.8760
vn 0.3253 -0.1814 -0.9281
vn 0.3733 -0.2188 -0.9015
vn 0.3096 -0.2156 -0.9261
vn 0.4343 -0.1457 -0.8889
vn 0.4923 -0.1553 -0.8564
vn 0.4931 -0.1362 -0.8592
vn 0.3770 -0.1464 -0.9146
vn 0.4271 -0.1598 -0.8900
vn 0.3552 -0.1585 -0.9212
vn 0.2171 -0.1668 -0.9618
vn 0.2321 -0.1590 -0.9596
vn -0.0000 -0.1316 -0.9913
vn 0.4313 -0.1448 -0.8905
vn 0.1719 -0.1656 -0.9711
vn -0.0953 -0.7305 0.6762
vn -0.0000 -0.7343 0.6788
vn 0.2075 -0.1915 -0.9593
vn 0.3791 -0.1496 -0.9132
vn -0.9874 -0.0219 0.1567
vn -0.9840 -0.0080 0.1781
vn -0.9854 0.0014 0.1704
vn -0.3387 -0.6891 0.6407
vn -0.2183 -0.7162 0.6628
vn -0.2158 -0.7164 0.6635
vn 0.1764 -0.1878 -0.9662
vn 0.1846 -0.2287 -0.9559
vn -0.0960 -0.7306 0.6760
vn -0.8825 -0.1375 0.4497
vn -0.4930 -0.6348 0.5950
vn -0.5873 -0.5861 0.5581
vn -0.2371 -0.8772 -0.4175
vn -0.2957 -0.9157 -0.2720
vn -0.2342 -0.8762 -0.4212
vn 0.2561 -0.1676 -0.9520
vn 0.1940 -0.2027 -0.9598
vn -0.4218 -0.6625 0.6190
vn -0.3421 -0.6885 0.6395
vn -0.0000 -0.2118 -0.9773
vn 0.0365 -0.1722 -0.9844
vn 0.0117 -0.2196 -0.9755
vn -0.4247 -0.6620 0.6176
vn -0.4893 -0.6360 0.5967
vn 0.0616 -0.4548 -0.8884
vn 0.0697 -0.4946 -0.8663
vn -0.9975 -0.0392 0.0581
vn -0.9980 -0.0348 0.0524
vn -0.9984 -0.0309 0.0464
vn -0.9859 0.0616 0.1555
vn -0.9928 0.0552 0.1062
vn -0.9791 0.0702 0.1907
vn -0.9984 0.0498 0.0275
vn -0.9986 0.0504 0.0128
vn -0.9338 0.0673 0.3514
vn -0.9543 0.0806 0.2877
vn -0.9276 0.0522 0.3700
vn -0.9949 0.0512 0.0872
vn -0.9990 0.0445 0.0051
vn -0.9988 0.0487 0.0016
vn -0.9641 0.0790 0.2536
vn -0.8860 -0.1054 0.4515
vn -0.9056 -0.0294 0.4231
vn -0.9986 0.0508 0.0119
vn -0.9987 0.0512 0.0037
vn -0.9085 -0.0022 0.4178
vn -0.9987 0.0508 0.0038
vn 0.1439 -0.9891 0.0301
vn 0.1386 -0.9902 0.0194
vn 0.1517 -0.9881 0.0245
vn -0.9975 -0.0395 0.0589
vn -0.9976 -0.0391 0.0567
vn -0.9977 -0.0389 0.0562
vn -0.0170 -0.1777 -0.9839
vn -0.0000 -0.1640 -0.9865
vn -0.0152 -0.1610 -0.9868
vn 0.1733 -0.2107 -0.9621
vn 0.4785 -0.1420 -0.8665
vn 0.4298 -0.1826 -0.8843
vn 0.3813 -0.1608 -0.9104
vn -0.9880 -0.0121 0.1543
vn -0.9878 -0.0213 0.1543
vn -0.0607 -0.1609 -0.9851
vn -0.0334 -0.1534 -0.9876
vn -0.0560 -0.1413 -0.9884
vn 0.4683 -0.2197 -0.8558
vn 0.4193 -0.3363 -0.8433
vn -0.0085 -0.5334 -0.8458
vn 0.0163 -0.7767 -0.6297
vn 0.1026 -0.4772 -0.8728
vn -0.9535 -0.1959 0.2290
vn -0.9434 -0.2026 0.2627
vn -0.9560 -0.1935 0.2203
vn -0.1219 -0.3087 -0.9433
vn -0.2774 -0.2469 -0.9285
vn -0.3010 -0.3106 -0.9016
vn -0.1433 -0.8456 -0.5142
vn -0.0182 -0.9845 -0.1746
vn -0.0366 -0.1717 -0.9845
vn 0.1430 -0.9896 0.0171
vn 0.1481 -0.9889 0.0105
vn 0.1381 -0.9903 0.0125
vn -0.8785 -0.1678 -0.4474
vn -0.4061 -0.1504 -0.9014
vn -0.8545 -0.1565 -0.4953
vn -0.1171 -0.8882 -0.4442
vn -0.0360 -0.8817 -0.4704
vn -0.2405 -0.9188 -0.3129
vn -0.2879 -0.9116 -0.2935
vn -1.0000 0.0041 -0.0054
vn -0.9999 0.0100 0.0090
vn -0.9994 0.0306 -0.0169
vn -0.0316 -0.1666 -0.9855
vn -0.0270 -0.1688 -0.9853
vn 0.0098 0.0101 -0.9999
vn 0.0408 -0.0724 -0.9965
vn 0.0194 -0.0174 -0.9997
vn -0.0082 -0.1658 -0.9861
vn 0.1503 -0.9885 0.0163
vn -0.0929 -0.2603 0.9611
vn -0.0662 -0.2582 0.9638
vn -0.0594 -0.2559 0.9649
vn -0.5551 -0.1183 -0.8234
vn -0.4453 -0.0973 -0.8901
vn -0.2326 -0.0865 -0.9687
vn -0.9851 -0.1084 -0.1332
vn -0.9858 -0.1206 -0.1168
vn -0.9838 -0.0940 -0.1525
vn -0.9170 -0.1345 -0.3755
vn -0.4734 -0.1381 -0.8700
vn -0.8976 -0.1490 -0.4149
vn -0.6803 -0.1228 -0.7226
vn -0.9559 -0.1175 -0.2692
vn -0.0076 -0.0559 -0.9984
vn -0.1930 -0.0874 -0.9773
vn -0.2061 -0.0938 -0.9740
vn -0.2045 0.0568 -0.9772
vn -0.6854 0.0605 -0.7256
vn -0.1746 -0.1078 -0.9787
vn -0.1265 -0.0941 -0.9875
vn -0.1691 -0.0866 -0.9818
vn 0.1253 -0.9913 0.0390
vn 0.1344 -0.9904 0.0335
vn 0.1144 -0.9923 0.0472
vn 0.1154 -0.9926 0.0384
vn 0.1359 -0.9904 0.0231
vn 0.1583 -0.9873 0.0148
vn 0.0186 -0.9963 0.0845
vn -0.0000 -0.9989 0.0468
vn 0.0369 -0.9985 0.0411
vn 0.1619 -0.9866 0.0186
vn -0.1380 -0.1178 -0.9834
vn -0.0903 -0.1461 -0.9851
vn -0.1009 -0.1685 -0.9805
vn -0.0676 -0.1813 -0.9811
vn 0.0419 -0.9967 0.0698
vn 0.0616 -0.9977 0.0272
vn 0.0639 -0.9977 0.0244
vn 0.0957 -0.9952 0.0217
vn 0.0928 -0.9947 0.0454
vn 0.0863 -0.9960 0.0212
vn -0.0178 -0.1641 -0.9863
vn -0.0196 -0.1691 -0.9854
vn -0.0154 -0.1697 -0.9854
vn -0.3267 -0.4127 -0.8503
vn -0.1658 -0.6736 -0.7203
vn -0.1411 -0.4168 -0.8980
vn -0.0000 -0.9960 0.0889
vn 0.0146 -0.9939 0.1094
vn -0.0000 -0.9939 0.1102
vn 0.1329 -0.2968 -0.9457
vn 0.1556 -0.2941 -0.9430
vn 0.0328 -0.9939 0.1054
vn 0.0625 -0.9964 0.0571
vn 0.0546 -0.9939 0.0960
vn 0.0567 -0.9642 -0.2590
vn 0.0416 -0.9991 -0.0017
vn 0.0457 -0.9512 -0.3050
vn 0.0799 -0.9935 0.0815
vn 0.3857 -0.2578 -0.8859
vn 0.1029 -0.9928 0.0615
vn 0.1013 -0.9944 0.0300
vn 0.0590 -0.9975 0.0401
vn 0.0859 -0.9953 0.0445
vn -0.9779 -0.0158 0.2083
vn -0.9799 -0.0428 0.1951
vn -0.9750 0.0442 0.2179
vn 0.3692 -0.4163 -0.8309
vn 0.5187 -0.5757 -0.6321
vn 0.5413 -0.3637 -0.7581
vn -0.3554 -0.6571 -0.6647
vn 0.0114 -0.6780 -0.7349
vn -0.0000 -0.9527 -0.3038
vn -0.0000 -0.6660 -0.7460
vn 0.0651 0.3311 0.9414
vn -0.1703 0.3288 0.9289
vn -0.2326 0.1089 0.9665
vn -0.4853 0.1547 0.8606
vn -0.4954 0.1593 0.8539
vn -0.9439 0.2800 0.1752
vn -0.9589 0.2398 0.1518
vn -0.9618 0.2316 0.1460
vn -0.0251 -0.2515 0.9675
vn -0.0177 -0.2520 0.9676
vn 0.1299 -0.9913 0.0213
vn 0.1479 -0.9887 0.0235
vn -0.9745 0.1837 0.1292
vn -0.4931 0.1678 0.8536
vn -0.9928 0.0504 0.1088
vn -0.9884 0.1009 0.1133
vn -0.9870 0.1126 0.1150
vn -0.9761 0.1769 0.1260
vn -0.3134 0.0772 0.9465
vn -0.2367 0.1151 0.9647
vn -0.9920 0.0440 0.1186
vn -0.9888 -0.0458 0.1418
vn -0.9843 -0.1035 0.1430
vn -0.9761 -0.1397 0.1665
vn 0.0851 -0.6943 -0.7147
vn 0.0617 -0.6662 -0.7432
vn 0.0385 -0.9992 0.0047
vn 0.0589 -0.9820 -0.1795
vn 0.0360 -0.9993 0.0086
vn 0.2138 -0.2013 -0.9559
vn 0.1856 -0.3101 -0.9324
vn 0.1030 -0.7511 -0.6521
vn 0.1583 -0.2895 -0.9440
vn 0.1269 -0.1917 -0.9732
vn 0.0607 -0.3375 -0.9394
vn 0.2576 -0.9407 -0.2208
vn 0.4330 -0.8982 -0.0759
vn 0.4574 -0.8301 -0.3189
vn 0.3948 -0.5306 -0.7501
vn 0.3117 -0.6830 -0.6605
vn 0.3737 -0.4400 -0.8165
vn 0.1264 -0.4241 -0.8968
vn 0.0975 -0.4151 -0.9045
vn -0.0000 -0.3060 -0.9520
vn 0.0170 -0.3149 -0.9490
vn 0.1991 -0.9213 -0.3341
vn 0.1249 -0.9847 -0.1219
vn 0.2817 -0.8062 -0.5202
vn -0.9885 -0.0094 0.1506
vn -0.9882 -0.0067 0.1531
vn -0.9991 -0.0196 0.0379
vn -0.9863 0.0829 0.1423
vn -0.9894 0.0038 0.1454
vn -0.0051 -0.2431 0.9700
vn -0.0054 -0.2373 0.9714
vn 0.2640 0.9620 -0.0694
vn 0.1934 0.9808 0.0236
vn 0.0795 0.9910 0.1081
vn -0.0403 -0.1897 -0.9810
vn -0.0180 -0.1935 -0.9809
vn 0.0065 -0.6115 -0.7912
vn -0.0000 -0.6128 -0.7902
vn -0.0000 -0.6128 -0.7903
vn 0.3681 0.9296 -0.0179
vn 0.3508 0.9364 0.0090
vn 0.3314 0.9432 0.0231
vn -0.6280 0.0766 0.7744
vn -0.9147 0.0001 0.4041
vn -0.9120 0.0787 0.4025
vn -0.9748 -0.1660 0.1490
vn -0.9695 -0.1707 0.1759
vn 0.0295 0.0698 0.9971
vn -0.2093 0.1476 0.9666
vn 0.1291 0.0629 0.9896
vn -0.2140 0.0766 0.9738
vn 0.0325 0.0057 0.9995
vn -0.2144 -0.0000 0.9767
vn -0.9053 0.1539 0.3960
vn -0.9947 0.0743 0.0714
vn -0.6298 -0.0000 0.7767
vn -0.6220 0.1500 0.7685
vn -0.9837 -0.1554 0.0900
vn -0.9749 -0.1529 0.1622
vn -0.9732 -0.1665 0.1586
vn -0.9999 0.0164 0.0036
vn -0.9727 0.0595 0.2244
vn -0.9638 0.0253 0.2653
vn 0.1642 -0.1531 -0.9745
vn -0.6609 -0.1551 -0.7343
vn -0.9345 -0.1470 -0.3242
vn -0.0051 -0.2283 0.9736
vn -0.0125 -0.2173 0.9760
vn -0.9652 -0.1894 0.1803
vn -0.9643 -0.1936 0.1805
vn -0.0509 -0.8769 0.4780
vn -0.1211 -0.8821 0.4552
vn -0.2502 -0.9045 0.3453
vn -0.9687 -0.1487 0.1988
vn 0.1626 -0.9593 -0.2310
vn -0.9674 -0.1683 0.1891
vn -0.2846 -0.8948 0.3441
vn -0.6043 -0.0692 0.7937
vn -0.6634 -0.1795 0.7264
vn -0.6755 -0.1770 0.7158
vn 0.4073 -0.6450 -0.6466
vn -0.6903 -0.2148 0.6909
vn -0.6932 -0.2150 0.6879
vn -0.5911 -0.2142 0.7777
vn 0.1941 -0.0793 0.9778
vn 0.1697 0.0431 0.9846
vn 0.1276 -0.0125 0.9917
vn -0.9981 -0.0377 0.0486
vn -0.9997 -0.0226 0.0113
vn -0.0000 -0.1805 -0.9836
vn -0.0000 -0.1943 -0.9810
vn 0.0722 -0.9973 -0.0129
vn 0.0946 -0.9954 0.0164
vn 0.0677 -0.9977 0.0084
vn -0.1322 -0.1508 -0.9797
vn 0.0880 -0.9958 0.0264
vn -0.9845 -0.1426 -0.1018
vn -0.2106 -0.1050 -0.9719
vn -0.1975 -0.1155 -0.9735
vn -0.9979 -0.0377 0.0529
vn -0.9979 -0.0372 0.0528
vn -0.9979 -0.0371 0.0527
vn -0.2556 -0.1324 -0.9577
vn -0.4129 -0.0593 -0.9088
vn 0.1451 -0.9893 0.0140
vn 0.1441 -0.9895 0.0133
vn -0.9979 -0.0379 0.0533
vn 0.1464 -0.1832 -0.9721
vn -0.4027 -0.8928 0.2021
vn -0.4289 -0.8916 0.1449
vn -0.4127 -0.9023 -0.1243
vn -0.4460 -0.8936 -0.0504
vn -0.9722 -0.1184 0.2019
vn -0.9678 -0.1072 0.2276
vn -0.9678 -0.1511 0.2012
vn 0.9985 -0.0423 0.0340
vn 0.9984 -0.0428 0.0359
vn -0.9693 -0.0707 0.2356
vn -0.9910 -0.1082 -0.0786
vn -0.9883 -0.1232 -0.0896
vn -0.1575 -0.1319 -0.9787
vn 0.1571 -0.4497 -0.8793
vn -0.0000 -0.9999 -0.0126
vn 0.0078 -0.9573 -0.2890
vn 0.0135 -0.9998 -0.0116
vn 0.1283 -0.9913 0.0307
vn 0.1188 -0.9927 0.0231
vn 0.0206 -0.6159 -0.7876
vn 0.0122 -0.6057 -0.7956
vn -0.3847 -0.4264 0.8186
vn 0.1240 -0.7240 0.6786
vn -0.4098 -0.4200 0.8097
vn -0.0163 0.0363 -0.9992
vn -0.9891 -0.1017 -0.1060
vn -0.9876 -0.1036 -0.1180
vn -0.9928 -0.1008 -0.0642
vn -0.9979 -0.0372 0.0524
vn -0.9979 -0.0373 0.0522
vn -0.9979 -0.0372 0.0520
vn -0.0124 -0.1696 -0.9854
vn -0.0108 -0.1731 -0.9849
vn -0.0080 -0.4105 -0.9118
vn -0.0133 -0.7130 -0.7010
vn -0.0080 -0.4104 -0.9119
vn 0.0685 -0.2050 -0.9764
vn -0.0040 -0.2532 -0.9674
vn 0.0698 -0.2051 -0.9763
vn -0.0046 -0.2525 -0.9676
vn -0.0184 -0.9951 -0.0970
vn -0.0184 -0.9967 -0.0787
vn -0.0183 -0.9967 -0.0787
vn -0.0153 -0.9887 -0.1489
vn -0.0073 -0.9610 -0.2763
vn -0.0154 -0.9888 -0.1488
vn 0.0019 -0.9057 -0.4239
vn -0.0068 -0.9609 -0.2767
vn -0.2611 -0.9653 -0.0008
vn -0.2602 -0.9655 -0.0088
vn -0.2601 -0.9655 -0.0101
vn -0.3284 -0.9411 -0.0802
vn -0.2947 -0.9127 -0.2830
vn -0.2507 -0.8457 -0.4710
vn -0.2505 -0.8450 -0.4724
vn -0.0446 -0.7435 -0.6673
vn 0.0450 -0.6861 -0.7261
vn 0.0475 -0.6841 -0.7279
vn -0.2669 -0.8177 -0.5100
vn -0.2639 -0.8178 -0.5115
vn -0.2275 -0.7966 -0.5601
vn -0.2208 -0.7968 -0.5624
vn -0.1468 -0.7873 -0.5988
vn -0.1395 -0.7877 -0.6001
vn -0.0721 -0.7926 -0.6055
vn -0.0669 -0.7930 -0.6055
vn -0.0242 -0.8111 -0.5845
vn -0.0214 -0.8114 -0.5841
vn -0.0007 -0.8482 -0.5296
vn 0.0001 -0.8484 -0.5293
vn 0.0020 -0.9056 -0.4241
vn -0.0178 -0.9463 -0.3228
vn -0.0179 -0.9463 -0.3227
vn -0.0534 -0.9979 0.0369
vn -0.0572 -0.9971 0.0504
vn -0.0527 -0.9980 0.0343
vn -0.9936 0.0107 -0.1120
vn -0.9916 0.0216 -0.1272
vn -0.9917 0.0217 -0.1271
vn -0.9945 0.0074 -0.1041
vn -0.9937 0.0108 -0.1114
vn 0.9605 -0.1318 0.2451
vn 0.9680 -0.1307 0.2141
vn 0.9601 -0.1315 0.2469
vn 0.9681 -0.1308 0.2135
vn 0.9688 -0.1098 0.2222
vn 0.9975 -0.0531 0.0457
vn 0.9978 -0.0514 0.0426
vn 0.9975 -0.0531 0.0459
vn 0.9980 -0.0456 0.0444
vn -0.9418 0.0870 -0.3248
vn -0.9450 0.0978 -0.3120
vn -0.9415 0.0867 -0.3256
vn -0.9416 0.0974 -0.3225
vn -0.9453 0.0981 -0.3111
vn 0.9633 0.0091 0.2683
vn 0.9672 -0.0351 0.2517
vn 0.9672 -0.0351 0.2516
vn 0.9605 0.0456 0.2747
vn 0.9630 0.0093 0.2695
vn 0.9983 -0.0255 0.0529
vn 0.9982 -0.0345 0.0499
vn 0.9982 -0.0346 0.0497
vn 0.9985 -0.0055 0.0536
vn 0.9983 -0.0255 0.0532
vn -0.9269 -0.0671 -0.3694
vn -0.9340 -0.0211 -0.3568
vn -0.9265 -0.0673 -0.3701
vn -0.9345 -0.0205 -0.3553
vn -0.9401 0.0277 -0.3399
vn -0.9868 -0.0111 -0.1617
vn -0.9864 0.0046 -0.1641
vn -0.9868 -0.0111 -0.1616
vn -0.9865 0.0047 -0.1638
vn -0.9873 0.0200 -0.1576
vn 0.9647 0.0628 0.2556
vn 0.9604 0.0456 0.2747
vn 0.9991 0.0077 0.0410
vn 0.9985 -0.0054 0.0539
vn -0.9247 -0.0811 -0.3719
vn -0.9249 -0.0810 -0.3716
vn -0.9868 -0.0237 -0.1602
vn -0.9867 -0.0239 -0.1610
vn 0.9686 -0.1096 0.2232
vn 0.9691 -0.0767 0.2345
vn 0.9688 -0.0765 0.2358
vn -0.9874 0.0203 -0.1568
vn -0.9891 0.0274 -0.1445
vn -0.9892 0.0277 -0.1436
vn 0.9981 -0.0392 0.0465
vn 0.9981 -0.0392 0.0467
vn -0.9405 0.0282 -0.3387
vn -0.9409 0.0666 -0.3321
vn -0.9411 0.0669 -0.3314
vn 0.0013 -0.9999 -0.0167
vn -0.0004 -0.9973 -0.0731
vn -0.0005 -0.9973 -0.0731
vn 0.0072 -0.9995 -0.0304
vn 0.0014 -0.9999 -0.0167
vn 0.0333 -0.6223 -0.7821
vn 0.0206 -0.6162 -0.7873
vn -0.0035 -0.9834 -0.1817
vn -0.0034 -0.9834 -0.1816
vn -0.0116 -0.9458 -0.3247
vn -0.0112 -0.9457 -0.3250
vn -0.0320 -0.8885 -0.4577
vn -0.0311 -0.8889 -0.4570
vn -0.0751 -0.8274 -0.5566
vn -0.0786 -0.8266 -0.5572
vn -0.1383 -0.7846 -0.6044
vn -0.1416 -0.7841 -0.6043
vn -0.1761 -0.7725 -0.6101
vn -0.1779 -0.7725 -0.6096
vn -0.1614 -0.7748 -0.6113
vn -0.1588 -0.7743 -0.6125
vn -0.1116 -0.7663 -0.6327
vn -0.1071 -0.7649 -0.6351
vn -0.0492 -0.7456 -0.6646
vn 0.0608 -0.6467 -0.7603
vn 0.0608 -0.6461 -0.7608
vn 0.0432 -0.6279 -0.7771
vn 0.0515 -0.6344 -0.7713
vn 0.0433 -0.6279 -0.7771
vn 0.0331 -0.6225 -0.7819
vn 0.0212 -0.9646 -0.2630
vn 0.0068 -0.9995 -0.0303
vn 0.0083 -0.4228 -0.9062
vn 0.0215 -0.7459 -0.6657
vn 0.0219 -0.7445 -0.6672
vn 0.0511 -0.6348 -0.7710
vn 0.0519 -0.9830 0.1761
vn 0.0316 -0.9819 0.1869
vn 0.0520 -0.9832 0.1752
vn -0.0000 -0.9810 0.1940
vn 0.0142 -0.9812 0.1927
vn 0.0142 -0.9811 0.1928
vn 0.0223 -0.9637 -0.2661
vn 0.0066 -0.2896 -0.9571
vn 0.0011 -0.2332 -0.9724
vn 0.0083 -0.4225 -0.9063
vn 0.0012 -0.2332 -0.9724
vn 0.0037 -0.1735 -0.9848
vn 0.9682 0.0639 0.2419
vn 0.9649 0.0627 0.2550
vn 0.9995 0.0071 0.0322
vn 0.9991 0.0078 0.0410
vn -0.9321 -0.0693 -0.3554
vn -0.9325 -0.0691 -0.3546
vn -0.9917 -0.0198 -0.1272
vn -0.9919 -0.0194 -0.1258
vn 0.0757 -0.9877 0.1370
vn 0.0760 -0.9847 0.1571
vn 0.0756 -0.9879 0.1354
vn 0.0316 -0.9818 0.1874
vn 0.0003 -0.9963 -0.0860
vn 0.0008 -0.9991 -0.0429
vn -0.0000 -0.9963 -0.0860
vn 0.0009 -0.9991 -0.0428
vn -0.0001 -1.0000 -0.0001
vn 0.0005 -1.0000 0.0016
vn 0.0001 -1.0000 0.0001
vn -0.0000 -1.0000 -0.0000
vn -0.0562 -0.9984 0.0034
vn 0.0007 -1.0000 0.0018
vn 0.0029 -0.4144 -0.9101
vn 0.0080 -0.2885 -0.9574
vn 0.0039 -0.1735 -0.9848
vn -0.9435 -0.3292 0.0384
vn -0.9745 -0.1858 0.1259
vn -0.9386 -0.3450 -0.0000
vn -0.9980 -0.0374 0.0514
vn -0.9980 -0.0376 0.0503
vn 0.2148 0.1076 0.9707
vn 0.4563 0.1566 0.8759
vn -0.1136 -0.9935 0.0008
vn -0.0565 -0.9984 0.0031
vn -0.0325 0.9994 -0.0120
vn 0.0758 -0.9845 0.1584
vn -0.0061 -0.1354 -0.9908
vn 0.5243 -0.1745 -0.8334
vn 0.5495 -0.1763 -0.8167
vn -0.0318 -0.1437 -0.9891
vn -0.0327 -0.1319 -0.9907
vn -0.0152 -0.1360 -0.9906
vn -0.0226 -0.1334 -0.9908
vn -0.0226 -0.1335 -0.9908
vn -0.0258 -0.1464 -0.9889
vn -0.0148 -0.1360 -0.9906
vn -0.0812 -0.9967 0.0016
vn -0.0002 -1.0000 0.0007
vn -0.0820 -0.9966 0.0028
vn 0.0133 -0.9979 0.0641
vn 0.0003 -1.0000 -0.0001
vn 0.0266 -0.4446 0.8953
vn 0.0202 -0.8588 0.5119
vn 0.0299 -0.8641 0.5024
vn 0.0507 -0.2792 0.9589
vn 0.0091 -0.4377 0.8991
vn 0.0128 -0.9978 0.0646
vn 0.1761 -0.3974 0.9006
vn 0.2303 -0.5490 0.8035
vn 0.1752 -0.3968 0.9010
vn 0.1995 -0.8664 0.4578
vn 0.2312 -0.7511 0.6184
vn 0.2315 -0.7523 0.6168
vn -0.9284 -0.0511 -0.3681
vn -0.9312 -0.0639 -0.3588
vn -0.9059 -0.0404 -0.4215
vn -0.9303 -0.0494 -0.3634
vn 0.0161 -0.4182 -0.9082
vn -0.0000 -0.4103 -0.9119
vn -0.8661 -0.0576 -0.4966
vn -0.7248 0.0006 -0.6889
vn -0.7235 0.0010 -0.6903
vn -0.9908 -0.1277 -0.0437
vn -0.8658 -0.0576 -0.4971
vn -0.9647 -0.2486 0.0871
vn -0.9922 -0.0865 -0.0903
vn -0.9308 -0.3420 0.1286
vn -0.9491 -0.2800 0.1446
vn -0.7967 -0.0205 -0.6040
vn -0.7330 -0.0030 -0.6803
vn -0.7289 -0.0028 -0.6847
vn -0.1649 -0.9862 0.0133
vn -0.1656 -0.9861 0.0161
vn 0.9928 0.0934 0.0747
vn 0.9923 0.0987 0.0745
vn -0.9491 -0.1390 0.2825
vn -0.9528 -0.0782 0.2934
vn -0.9530 -0.0783 0.2926
vn -0.9736 -0.1775 0.1436
vn -0.8791 -0.4099 0.2433
vn -0.9385 -0.2244 0.2625
vn -0.9383 -0.2236 0.2638
vn -0.4171 -0.8884 0.1919
vn -0.0494 -0.9888 0.1407
vn -0.0477 -0.9888 0.1416
vn -0.0992 -0.1525 -0.9833
vn -0.0001 -1.0000 -0.0000
vn 0.9669 0.1472 -0.2085
vn 0.9685 0.1118 -0.2226
vn 0.9692 0.1107 -0.2199
vn 0.1460 -0.7399 0.6567
vn 0.0796 -0.9569 0.2794
vn 0.9291 0.2723 -0.2502
vn 0.9721 -0.0747 -0.2226
vn 0.9751 0.0624 -0.2129
vn -0.0241 -0.1462 -0.9890
vn -0.9358 0.3050 0.1766
vn -0.9422 0.2833 0.1790
vn 0.3039 -0.3379 -0.8908
vn 0.1718 -0.2555 -0.9514
vn 0.2208 -0.2389 -0.9456
vn 0.3398 -0.0350 -0.9399
vn 0.2592 -0.2893 -0.9215
vn 0.9735 -0.0759 -0.2158
vn 0.1592 -0.9335 0.3214
vn 0.1607 -0.9325 0.3235
vn 0.1983 -0.8678 0.4557
vn -0.9877 -0.1448 0.0589
vn -0.9971 -0.0740 -0.0160
vn -0.9993 -0.0201 0.0331
vn -0.9992 -0.0195 0.0343
vn -0.9999 0.0167 0.0001
vn -0.1235 0.9261 0.3566
vn -0.1246 0.9317 0.3411
vn 0.9999 0.0046 0.0110
vn 0.2307 -0.5488 0.8035
vn -0.9867 -0.1478 0.0682
vn 0.1514 -0.3154 0.9368
vn 0.0591 -0.2722 0.9604
vn 0.9896 0.1020 0.1018
vn 0.2143 0.0962 0.9720
vn -0.9979 -0.0372 0.0526
vn -0.0144 -0.1634 -0.9865
vn -0.4493 -0.1544 -0.8799
vn 0.0072 -0.1613 -0.9869
vn 0.2497 0.0886 0.9642
vn 0.0254 0.1649 0.9860
vn 0.0292 0.1687 0.9852
vn 0.9923 0.0969 0.0769
vn -0.5003 -0.1256 -0.8567
vn -0.9980 -0.0373 0.0516
vn -0.0232 -0.1651 -0.9860
vn -0.9493 -0.1394 0.2818
vn 0.8531 0.4553 -0.2550
vn 0.9679 0.0955 -0.2326
vn 0.9729 0.0736 -0.2193
vn 0.9737 0.0932 -0.2079
vn 0.9633 0.1300 -0.2346
vn -0.0820 0.9959 -0.0387
vn 0.9809 0.0250 -0.1930
vn 0.9651 0.1648 -0.2038
vn 0.9662 0.1682 -0.1954
vn 0.9675 0.1501 -0.2036
vn 0.9700 0.1694 -0.1744
vn -0.9703 -0.1595 0.1817
vn -0.9679 -0.1713 0.1837
vn -0.9841 -0.0908 -0.1527
vn -0.9815 -0.0727 -0.1772
vn -0.0000 0.4309 0.9024
vn -0.1069 0.4595 0.8817
vn -0.0790 0.4472 0.8909
vn -0.1737 0.6314 0.7558
vn -0.0494 0.9986 -0.0199
vn -0.0000 0.9992 0.0399
vn -0.0947 0.9951 -0.0269
vn -0.0000 0.9998 -0.0223
vn -0.0848 0.9960 -0.0266
vn -0.0000 0.9999 -0.0110
vn -0.0163 0.9994 0.0316
vn 0.0696 -0.9973 0.0230
vn 0.0621 -0.9978 0.0225
vn 0.0562 -0.9982 0.0200
vn 0.0562 -0.9982 0.0223
vn 0.0533 -0.9984 0.0188
vn 0.0500 -0.9986 0.0179
vn 0.0524 -0.9985 0.0161
vn 0.0610 -0.9979 0.0216
vn 0.0377 -0.9991 0.0216
vn -0.0000 -0.9998 0.0177
vn 0.0365 -0.9992 0.0179
vn 0.1388 -0.9902 0.0173
vn 0.0854 -0.9960 0.0249
vn -0.9750 -0.0780 0.2080
vn -0.9811 -0.0820 0.1752
vn 0.0494 -0.9986 0.0196
vn 0.0325 -0.9994 0.0119
vn -0.0000 -0.9997 0.0226
vn 0.0873 -0.9958 0.0260
vn -0.0000 -0.9999 0.0109
vn 0.1220 -0.9920 0.0332
vn 0.1054 -0.9932 0.0488
vn -0.1369 0.6948 0.7061
vn -0.4287 0.6726 0.6032
vn -0.3619 0.7551 0.5467
vn -0.9933 0.0269 0.1123
vn -0.9914 0.0735 0.1085
vn -0.9937 0.0252 0.1095
vn -0.9886 0.1125 0.1003
vn -0.9868 0.1222 0.1063
vn -0.9866 0.1230 0.1069
vn -0.9879 0.1163 0.1022
vn -0.9917 0.0747 0.1048
vn -0.0005 -0.5713 -0.8207
vn 0.9929 -0.0691 -0.0970
vn 0.9909 -0.1010 -0.0888
vn 0.9925 -0.0921 -0.0801
vn 0.9929 -0.0899 -0.0782
vn 0.9920 -0.0950 -0.0827
vn 0.9915 -0.0983 -0.0855
vn 0.9912 -0.0996 -0.0875
vn 0.9936 -0.0655 -0.0921
vn 0.9937 -0.0642 -0.0922
vn -0.0815 0.7327 0.6757
vn -0.3044 0.7245 0.6184
vn -0.3007 0.7969 0.5240
vn -0.9973 0.0556 0.0488
vn -0.9979 0.0378 0.0532
vn -0.9978 0.0495 0.0430
vn -0.9982 0.0454 0.0395
vn -0.9984 0.0427 0.0372
vn -0.9987 0.0388 0.0338
vn -0.9991 0.0324 0.0285
vn -0.9994 0.0193 0.0272
vn -0.0000 -0.5713 -0.8207
vn 1.0000 -0.0033 -0.0046
vn 0.9999 -0.0087 -0.0076
vn 0.9997 -0.0169 -0.0147
vn 0.9996 -0.0211 -0.0183
vn 0.9996 -0.0223 -0.0194
vn 0.9995 -0.0246 -0.0214
vn 0.9993 -0.0283 -0.0249
vn 0.9994 -0.0193 -0.0272
vn 0.9994 -0.0190 -0.0272
vn -0.2070 0.7281 0.6535
vn 0.0472 0.7579 0.6506
vn -0.4272 0.5166 0.7421
vn 0.0739 0.8252 0.5600
vn 0.0674 0.9976 -0.0150
vn 0.0270 0.9920 -0.1235
vn 0.1414 0.9635 -0.2272
vn -0.0363 0.9961 0.0809
vn 0.3902 -0.2418 -0.8884
vn 0.2272 -0.3021 -0.9258
vn 0.3861 -0.2910 -0.8754
vn -0.3989 0.2283 0.8881
vn -0.1647 0.3265 0.9307
vn 0.2261 -0.6519 -0.7238
vn 0.3598 -0.8732 -0.3288
vn 0.3992 -0.6029 -0.6908
vn 0.1954 -0.9389 -0.2833
vn -0.5687 -0.0733 0.8193
vn -0.4681 0.0450 0.8826
vn -0.4228 0.0265 0.9058
vn 0.2225 -0.4019 -0.8883
vn 0.3528 -0.9346 -0.0454
vn 0.1723 -0.9845 -0.0313
vn 0.1424 0.2678 0.9529
vn 0.1766 0.3024 0.9367
vn -0.0750 -0.2579 -0.9633
vn 0.4278 0.9035 0.0263
vn 0.1452 0.9881 0.0512
vn -0.0446 0.7449 0.6657
vn -0.3432 0.7032 0.6227
vn -0.1672 0.7376 0.6543
vn 0.0601 0.5703 0.8193
vn -0.3660 0.7812 0.5058
vn 0.3882 0.9197 -0.0589
vn 0.3837 0.9206 -0.0727
vn 0.4148 0.9059 -0.0851
vn 0.3672 0.9291 -0.0430
vn 0.5400 -0.2554 -0.8020
vn 0.4566 -0.2099 -0.8646
vn 0.4026 -0.2709 -0.8744
vn -0.1427 -0.9845 -0.1023
vn -0.1019 -0.9946 0.0213
vn 0.1813 -0.9830 -0.0274
vn 0.3895 -0.3772 -0.8403
vn 0.3269 -0.6952 -0.6402
vn 0.4359 0.8979 -0.0617
vn 0.1432 0.9897 -0.0061
vn -0.0010 0.2377 0.9713
vn -0.0703 0.2933 0.9534
vn 0.2330 -0.2044 -0.9508
vn -0.3175 0.5479 0.7739
vn -0.2361 0.7436 0.6255
vn -0.4407 0.7684 0.4642
vn -0.0979 0.4124 0.9058
vn -0.3262 0.4558 0.8281
vn -0.1860 0.3081 0.9330
vn -0.2625 0.4018 0.8773
vn -0.0000 0.4081 0.9129
vn 0.9933 0.0496 -0.1043
vn 0.4204 -0.0887 -0.9030
vn 0.4374 -0.4392 -0.7847
vn -0.9890 -0.0143 0.1473
vn -0.9890 -0.0341 0.1438
vn -0.3464 0.0872 0.9340
vn -0.9006 -0.0443 -0.4325
vn -0.0166 0.4153 0.9095
vn 0.1324 0.9912 -0.0000
vn 0.1324 0.9912 0.0024
vn 0.1325 0.9912 0.0025
vn 0.1326 0.9910 0.0184
vn 0.1333 0.9909 0.0192
vn 0.1333 0.9886 0.0697
vn 0.1350 0.9881 0.0735
vn 0.1301 0.9765 0.1715
vn 0.1324 0.9740 0.1839
vn 0.1187 0.9461 0.3015
vn 0.1220 0.9376 0.3256
vn 0.1054 0.9022 0.4183
vn 0.1111 0.8864 0.4493
vn 0.0988 0.8573 0.5052
vn 0.1066 0.8356 0.5389
vn 0.1027 0.8183 0.5655
vn 0.1120 0.7911 0.6014
vn 0.1198 0.7859 0.6067
vn 0.1276 0.7513 0.6475
vn 0.1437 0.7526 0.6426
vn 0.1447 0.7115 0.6877
vn 0.1641 0.7146 0.6800
vn 0.1576 0.6713 0.7242
vn 0.1764 0.6731 0.7182
vn 0.1737 0.6314 0.7558
vn 0.1848 0.5683 0.8018
vn 0.1835 0.5504 0.8145
vn 0.1622 0.5244 0.8359
vn 0.6353 -0.1709 0.7532
vn 0.5172 -0.1087 0.8490
vn 0.4750 -0.0948 0.8749
vn 0.1558 0.5024 0.8505
vn 0.1409 0.5027 0.8529
vn 0.1694 0.5234 0.8351
vn 0.1267 0.4817 0.8671
vn 0.1310 0.4789 0.8681
vn 0.1069 0.4595 0.8817
vn 0.0657 0.4359 0.8976
vn 0.0330 0.4322 0.9012
vn 0.0265 0.4299 0.9025
vn 0.1785 -0.0192 0.9838
vn 0.1139 -0.0931 0.9891
vn 0.0677 -0.0682 0.9954
vn 0.0429 -0.0581 0.9974
vn -0.0202 0.1639 0.9863
vn -0.0220 0.1688 0.9854
vn -0.0179 0.1692 0.9854
vn -0.0524 0.1683 0.9843
vn -0.0781 0.1659 0.9830
vn -0.0464 0.1682 0.9847
vn 0.0067 0.1589 0.9873
vn 0.0114 0.1576 0.9874
vn 0.0147 0.1546 0.9879
vn 0.0033 0.1614 0.9869
vn -0.0014 0.1610 0.9870
vn -0.0053 0.1638 0.9865
vn 0.9998 0.0186 0.0005
vn 0.9998 0.0178 -0.0004
vn 0.9998 0.0190 0.0002
vn 0.9981 -0.0000 0.0610
vn 0.9936 -0.0000 0.1131
vn 0.9879 -0.0000 0.1551
vn 0.9997 0.0232 -0.0002
vn 0.9998 0.0183 0.0003
vn 0.9997 0.0234 0.0031
vn -0.9996 0.0265 -0.0085
vn -0.9993 0.0377 -0.0065
vn -0.9999 0.0145 -0.0040
vn -0.9994 -0.0000 -0.0337
vn -0.9998 -0.0000 -0.0200
vn -0.9993 -0.0005 -0.0376
vn 0.2722 -0.0926 0.9578
vn 0.1826 0.0020 0.9832
vn 0.0212 0.2365 0.9714
vn 0.0183 0.2474 0.9687
vn 0.9998 0.0186 -0.0002
vn 0.9998 0.0190 -0.0024
vn 0.9998 0.0189 -0.0025
vn 0.9727 -0.0000 0.2321
vn 0.9562 -0.0004 0.2927
vn -0.7309 0.5143 -0.4487
vn -0.8374 0.3331 -0.4334
vn -0.8265 0.3458 -0.4442
vn 0.9998 0.0181 -0.0096
vn 0.9998 0.0163 -0.0090
vn 0.9999 0.0034 -0.0154
vn 1.0000 0.0019 -0.0032
vn 1.0000 0.0005 0.0074
vn 0.7735 -0.0943 0.6267
vn 0.6887 -0.1694 0.7049
vn 0.3075 -0.0476 0.9504
vn 0.3327 -0.0326 0.9425
vn 0.8490 -0.0346 0.5272
vn 0.8042 -0.0797 0.5889
vn 0.9993 0.0002 0.0378
vn -0.1302 -0.9256 -0.3554
vn -0.1405 -0.9901 0.0023
vn -0.1410 -0.9900 0.0027
vn 0.1134 0.2485 0.9620
vn 0.1300 0.2613 0.9565
vn 0.1394 0.2529 0.9574
vn 0.9998 0.0187 -0.0003
vn 0.9998 0.0184 0.0001
vn 0.9997 0.0135 -0.0179
vn 0.9256 -0.0022 0.3785
vn 0.9998 0.0097 -0.0167
vn 0.9998 0.0069 -0.0188
vn 0.9023 -0.0062 0.4311
vn 0.8674 -0.0227 0.4971
vn 0.3789 -0.0399 0.9246
vn 0.3590 -0.0061 0.9333
vn 0.3499 -0.0047 0.9368
vn 0.4094 -0.0633 0.9101
vn -0.5895 0.6357 -0.4984
vn -0.7262 0.5284 -0.4397
vn -0.6882 -0.0000 0.7255
vn -0.9693 -0.0000 0.2459
vn -0.9693 -0.0001 0.2459
vn 0.1276 0.2196 0.9672
vn 0.1564 0.2665 0.9511
vn 0.1659 0.2579 0.9518
vn 0.1559 0.2242 0.9620
vn 0.2131 0.1402 0.9669
vn 0.1775 0.1453 0.9733
vn 0.1757 0.1375 0.9748
vn 0.0289 0.1732 0.9845
vn 0.2583 0.2923 0.9208
vn 0.2716 0.2830 0.9199
vn 0.2577 0.2873 0.9225
vn 0.2590 0.2985 0.9186
vn 0.2753 0.2903 0.9165
vn 0.3028 0.2641 0.9157
vn 0.3038 0.2558 0.9177
vn 0.2951 0.2563 0.9204
vn 0.2547 0.1425 0.9565
vn 0.2199 0.1481 0.9642
vn 0.1965 0.1565 0.9679
vn 0.1641 0.1531 0.9745
vn 0.0365 0.1321 0.9906
vn 0.0253 0.2088 0.9776
vn 0.3108 0.2199 0.9247
vn 0.3311 0.1840 0.9255
vn 0.3352 0.1871 0.9234
vn 0.3253 0.1814 0.9281
vn 0.3099 0.2151 0.9261
vn 0.3096 0.2156 0.9261
vn 0.3804 0.1494 0.9127
vn 0.3693 0.1586 0.9157
vn 0.3848 0.1479 0.9111
vn 0.3770 0.1465 0.9146
vn 0.3620 0.1608 0.9182
vn 0.3552 0.1585 0.9212
vn 0.2641 0.1509 0.9526
vn 0.2172 0.1668 0.9618
vn 0.2321 0.1590 0.9596
vn 0.0388 0.1457 0.9886
vn 0.0327 0.1443 0.9890
vn 0.3795 0.1509 0.9128
vn 0.1718 0.1656 0.9711
vn -0.0893 0.7871 -0.6103
vn -0.0898 0.7871 -0.6103
vn 0.2075 0.1915 0.9593
vn 0.1763 0.1878 0.9662
vn 0.3791 0.1495 0.9132
vn -0.9968 0.0364 -0.0711
vn -0.9969 0.0252 -0.0743
vn -0.9978 0.0165 -0.0638
vn -0.2111 0.7724 -0.5990
vn -0.3371 0.7440 -0.5769
vn -0.3394 0.7433 -0.5764
vn 0.1846 0.2287 0.9558
vn -0.2091 0.7728 -0.5992
vn -0.8944 0.2168 -0.3911
vn -0.4891 0.6891 -0.5347
vn -0.5844 0.6408 -0.4979
vn -0.2084 -0.5877 -0.7818
vn -0.1975 -0.6202 -0.7592
vn -0.2048 -0.5535 -0.8073
vn 0.2564 0.1676 0.9519
vn 0.1941 0.2021 0.9599
vn -0.4195 0.7173 -0.5563
vn 0.0366 0.1722 0.9844
vn -0.4215 0.7166 -0.5557
vn -0.4866 0.6904 -0.5353
vn 0.0587 0.4585 0.8867
vn 0.0658 0.4955 0.8661
vn -0.9988 0.0481 -0.0107
vn -0.9988 0.0470 -0.0148
vn -0.9989 0.0453 -0.0127
vn -0.9925 -0.0076 -0.1223
vn -0.9970 -0.0045 -0.0771
vn -0.9886 -0.0139 -0.1499
vn -0.9998 -0.0000 -0.0185
vn -1.0000 -0.0000 -0.0084
vn -0.9543 0.0060 -0.2989
vn -0.9714 -0.0143 -0.2371
vn -0.9490 0.0246 -0.3143
vn -0.9980 -0.0011 -0.0632
vn -1.0000 0.0074 -0.0044
vn -1.0000 0.0036 -0.0012
vn -0.9776 -0.0159 -0.2096
vn -0.9012 0.1817 -0.3934
vn -0.9242 0.1107 -0.3655
vn -0.9991 0.0420 -0.0086
vn -1.0000 0.0001 -0.0081
vn -1.0000 0.0004 -0.0024
vn -0.9290 0.0800 -0.3614
vn -1.0000 0.0012 -0.0028
vn 0.1289 0.9917 -0.0006
vn 0.1275 0.9918 -0.0041
vn 0.1292 0.9916 -0.0060
vn -0.9988 0.0482 -0.0092
vn -0.9988 0.0479 -0.0041
vn -0.9989 0.0477 -0.0031
vn -0.0159 0.1928 0.9811
vn -0.0139 0.1922 0.9813
vn 0.1736 0.2100 0.9622
vn 0.3775 0.1537 0.9132
vn 0.3712 0.1957 0.9077
vn 0.1576 0.4475 0.8803
vn 0.0600 0.7784 0.6249
vn 0.1269 0.4214 0.8979
vn 0.3758 0.1763 0.9098
vn -0.9962 0.0263 -0.0825
vn -0.9967 0.0363 -0.0726
vn -0.0594 0.1783 0.9822
vn -0.0314 0.1867 0.9819
vn -0.0531 0.1762 0.9829
vn 0.3674 0.2273 0.9018
vn 0.3450 0.3486 0.8715
vn 0.0743 0.9968 -0.0299
vn 0.0509 0.9978 -0.0416
vn 0.0820 0.9959 -0.0387
vn -0.9553 0.1937 -0.2234
vn -0.9377 0.1989 -0.2848
vn -0.9583 0.1913 -0.2123
vn 0.1336 0.2949 0.9461
vn -0.3985 0.9137 0.0800
vn -0.0822 0.8331 0.5469
vn -0.2161 0.9735 0.0746
vn 0.2540 0.8198 0.5132
vn 0.4422 0.4269 0.7888
vn 0.4407 0.7684 0.4642
vn -0.0355 0.1880 0.9815
vn -0.8739 0.1673 0.4565
vn -0.4153 0.1552 0.8964
vn -0.8495 0.1637 0.5015
vn 0.1360 0.9905 -0.0188
vn 0.1302 0.9915 -0.0063
vn 0.1311 0.9910 -0.0268
vn -0.9114 0.1351 0.3886
vn -0.4803 0.1395 0.8659
vn -0.8924 0.1488 0.4261
vn -0.1110 0.8897 0.4429
vn -0.0188 0.8721 0.4889
vn -0.2440 0.9230 0.2974
vn -0.2853 0.9127 0.2927
vn -0.9998 0.0141 0.0172
vn -1.0000 -0.0000 -0.0000
vn -0.9997 -0.0003 0.0252
vn -0.0337 0.1664 0.9855
vn -0.0292 0.1687 0.9852
vn -0.2107 0.0533 0.9761
vn -0.0123 0.1645 0.9863
vn 0.1269 0.9919 -0.0058
vn -0.1198 0.2577 -0.9588
vn -0.0717 0.2579 -0.9635
vn -0.0625 0.2558 -0.9647
vn -0.0066 -0.1623 -0.9867
vn -0.0071 -0.1613 -0.9869
vn -0.0074 -0.1613 -0.9869
vn -0.0074 -0.1614 -0.9869
vn -0.9905 0.1086 0.0840
vn -0.9876 0.1237 0.0962
vn -0.6286 0.1190 0.7686
vn -0.9276 0.1188 0.3542
vn -0.0103 0.0583 0.9982
vn -0.4412 0.0967 0.8922
vn -0.2088 0.0897 0.9738
vn -0.2143 0.0962 0.9720
vn -0.2164 -0.0000 0.9763
vn -0.2160 0.0010 0.9764
vn -0.1745 0.1237 0.9768
vn -0.1208 0.1269 0.9845
vn -0.1610 0.1184 0.9798
vn 0.1176 0.9930 -0.0095
vn 0.1135 0.9935 -0.0086
vn 0.0916 0.9957 -0.0172
vn 0.1039 0.9945 -0.0153
vn 0.0303 0.9983 -0.0492
vn 0.0693 0.9973 -0.0230
vn 0.0642 0.9977 -0.0203
vn 0.0622 0.9978 -0.0224
vn 0.1088 0.9940 -0.0134
vn 0.0562 0.9982 -0.0200
vn 0.0562 0.9982 -0.0220
vn 0.0533 0.9984 -0.0188
vn -0.1369 0.1350 0.9813
vn -0.1018 0.1414 0.9847
vn 0.0498 0.9986 -0.0180
vn 0.0525 0.9985 -0.0162
vn 0.0406 0.9991 0.0150
vn -0.0890 0.1640 0.9824
vn -0.0799 0.1607 0.9838
vn -0.1009 0.1685 0.9805
vn -0.0677 0.1813 0.9811
vn 0.0610 0.9979 -0.0216
vn 0.0376 0.9991 -0.0213
vn 0.0365 0.9992 -0.0179
vn 0.0472 0.9982 -0.0362
vn 0.0608 0.9978 -0.0248
vn 0.0850 0.9962 -0.0167
vn 0.0803 0.9966 -0.0161
vn 0.1089 0.9938 -0.0233
vn 0.0930 0.9956 -0.0123
vn 0.0854 0.9960 -0.0245
vn -0.9989 0.0460 -0.0000
vn -0.9989 0.0459 -0.0000
vn 0.1567 0.4263 0.8909
vn 0.3791 0.6726 0.6355
vn 0.2055 0.7688 0.6056
vn 0.0175 0.9974 -0.0698
vn -0.5929 0.0755 -0.8017
vn -0.5194 -0.0484 -0.8532
vn -0.4755 -0.0247 -0.8794
vn 0.0333 0.9980 -0.0546
vn 0.0364 0.9989 -0.0308
vn 0.0516 0.9979 -0.0397
vn 0.3311 0.9404 0.0778
vn 0.4506 0.8738 0.1829
vn 0.5168 0.8520 0.0833
vn 0.0740 0.9969 -0.0249
vn -0.3203 0.6574 0.6820
vn -0.0725 0.4260 0.9018
vn -0.1780 0.7712 0.6112
vn 0.0913 0.9958 -0.0110
vn 0.0378 0.9981 -0.0489
vn 0.0635 0.9967 -0.0509
vn 0.1162 0.9924 -0.0397
vn 0.1062 0.9938 -0.0331
vn -0.0932 0.7061 0.7020
vn 0.1503 0.4630 0.8735
vn -0.9475 -0.2498 0.1998
vn -0.9708 -0.2396 0.0076
vn -0.9710 -0.2390 -0.0003
vn -0.4090 0.8966 0.1697
vn -0.1964 0.9656 0.1705
vn -0.0695 0.9784 0.1945
vn 0.0056 0.7697 0.6384
vn 0.8633 -0.0307 -0.5037
vn 0.8062 -0.0191 -0.5914
vn 0.7967 -0.0205 -0.6040
vn -0.3271 -0.1038 -0.9393
vn -0.3749 -0.1445 -0.9157
vn 0.3994 -0.1512 -0.9042
vn -0.9767 -0.2148 -0.0001
vn -0.9779 -0.2091 -0.0000
vn 0.0535 0.9981 -0.0317
vn 0.0668 0.9974 -0.0265
vn 0.0494 0.9985 -0.0241
vn -0.0259 0.2511 -0.9676
vn -0.0179 0.2517 -0.9676
vn 0.0947 0.9951 -0.0269
vn -0.9864 -0.1644 -0.0001
vn 0.0680 -0.1537 -0.9858
vn -0.9994 -0.0335 -0.0052
vn -0.9964 -0.0853 -0.0015
vn -0.9955 -0.0950 -0.0007
vn -0.9872 -0.1592 -0.0002
vn -0.3893 -0.0742 -0.9181
vn -0.3372 -0.1110 -0.9349
vn -0.9995 -0.0266 -0.0171
vn -0.9898 0.0807 -0.1176
vn -0.9840 0.1211 -0.1306
vn -0.9738 0.1784 -0.1409
vn 0.0236 0.9828 0.1832
vn 0.0446 0.7449 0.6657
vn -0.0193 0.9925 0.1209
vn -0.1255 0.9869 0.1010
vn 0.2140 0.2006 0.9560
vn 0.1561 0.2923 0.9435
vn 0.0592 0.8444 0.5325
vn 0.0293 0.9874 0.1552
vn 0.3534 0.2794 0.8928
vn 0.0374 0.9993 0.0054
vn 0.0494 0.9986 -0.0199
vn 0.5714 0.1817 0.8003
vn 0.3743 0.3089 0.8744
vn 0.3989 0.2283 0.8881
vn 0.2890 0.2998 0.9091
vn 0.2310 0.2638 0.9365
vn 0.4506 0.2264 0.8635
vn 0.0116 0.2192 0.9756
vn 0.1360 0.9327 0.3341
vn 0.1425 0.8672 0.4772
vn -0.9952 0.0285 -0.0933
vn -0.9955 0.0304 -0.0894
vn -0.9990 0.0220 -0.0390
vn -0.9885 -0.0424 -0.1453
vn -0.9890 -0.0036 -0.1479
vn -0.0044 0.2466 -0.9691
vn 0.0019 0.2507 -0.9681
vn 0.0624 0.9978 -0.0207
vn 0.1407 -0.9549 -0.2616
vn 0.2429 -0.9701 -0.0006
vn 0.3051 -0.9155 -0.2623
vn -0.0403 0.1897 0.9810
vn -0.0180 0.1935 0.9809
vn -0.0314 -0.4075 -0.9127
vn 0.1167 -0.1281 -0.9849
vn 0.0838 -0.1255 -0.9885
vn 0.0903 -0.1461 -0.9851
vn -0.6299 -0.0000 -0.7767
vn -0.9131 -0.0000 -0.4077
vn -0.9703 0.1866 -0.1538
vn 0.0288 -0.0299 -0.9991
vn -0.2193 -0.0026 -0.9756
vn 0.1043 0.0105 -0.9945
vn -0.2185 -0.0001 -0.9758
vn 0.0305 -0.0056 -0.9995
vn -0.2183 -0.0000 -0.9759
vn -0.9123 -0.0069 -0.4094
vn -0.9952 -0.0177 -0.0963
vn -0.9797 0.1633 -0.1166
vn -0.9709 0.1724 -0.1664
vn -0.9823 0.1589 -0.0991
vn -0.9999 -0.0036 -0.0166
vn -0.9835 0.1562 -0.0909
vn -0.9971 0.0766 -0.0000
vn 0.1464 0.1832 0.9721
vn -0.9674 0.1721 -0.1858
vn -0.9655 0.1810 -0.1873
vn -0.6560 0.1717 0.7349
vn -0.9300 0.1641 0.3289
vn 0.0019 0.2451 -0.9695
vn 0.0067 0.2517 -0.9678
vn -0.9673 0.1854 -0.1732
vn -0.9675 0.1880 -0.1692
vn -0.0257 0.8768 -0.4801
vn -0.1080 0.8830 -0.4568
vn -0.2479 0.9073 -0.3397
vn -0.9686 0.1923 -0.1578
vn 0.2361 0.7436 0.6255
vn -0.9704 0.1864 -0.1534
vn -0.2846 0.8945 -0.3448
vn -0.6288 0.0661 -0.7748
vn -0.6750 0.1804 -0.7154
vn -0.6873 0.1765 -0.7046
vn 0.2960 0.6758 0.6750
vn 0.3175 0.5479 0.7739
vn -0.6977 0.2152 -0.6833
vn -0.7008 0.2154 -0.6801
vn -0.5980 0.2133 -0.7726
vn 0.1708 0.0925 -0.9810
vn 0.1516 -0.0093 -0.9884
vn 0.1264 0.0142 -0.9919
vn -0.9996 0.0277 -0.0000
vn -0.9872 0.1073 0.1178
vn -0.9834 0.1308 0.1261
vn -0.9855 0.1064 0.1322
vn -0.0000 0.1943 0.9810
vn 0.0384 0.9992 -0.0053
vn 0.4538 0.8800 0.1402
vn 0.3546 0.9316 0.0795
vn 0.2258 0.9658 0.1278
vn -0.1322 0.1508 0.9797
vn 0.9937 -0.0947 -0.0600
vn 0.9359 -0.1208 -0.3310
vn 0.9559 -0.1175 -0.2693
vn -0.9837 0.1431 0.1089
vn 0.7300 -0.6444 0.2277
vn 0.4176 -0.8882 0.1916
vn 0.4171 -0.8884 0.1919
vn -0.9989 0.0465 -0.0000
vn -0.2625 0.1426 0.9543
vn -0.4062 0.0889 0.9094
vn 0.1289 0.9917 -0.0005
vn -0.9989 0.0466 -0.0003
vn -0.4077 0.8939 -0.1865
vn -0.4375 0.8918 -0.1153
vn -0.9840 0.1119 0.1386
vn -0.4115 0.9044 0.1126
vn -0.4483 0.8936 0.0223
vn -0.1130 -0.9752 0.1905
vn -0.0799 -0.9559 0.2826
vn -0.1145 -0.9749 0.1911
vn 0.9996 0.0243 0.0161
vn 0.9995 0.0224 0.0223
vn -0.9939 0.0959 0.0540
vn -0.9928 0.0943 0.0744
vn -0.5568 0.1188 0.8221
vn -0.9282 0.1219 0.3515
vn -0.1995 0.1162 0.9730
vn -0.1575 0.1319 0.9787
vn -0.1154 0.1458 0.9826
vn 0.0905 0.9949 -0.0453
vn -0.0846 -0.4241 -0.9017
vn -0.1163 -0.4381 -0.8914
vn -0.0726 -0.4133 -0.9077
vn -0.9999 -0.0019 0.0119
vn -0.9999 -0.0018 0.0157
vn -0.9998 -0.0063 0.0165
vn -0.0227 0.0031 0.9997
vn -0.9910 0.0998 0.0888
vn -0.9896 0.1020 0.1018
vn -0.9939 0.0952 0.0557
vn -0.9928 0.0934 0.0747
vn -0.2497 0.0886 0.9642
vn -0.0152 0.1689 0.9855
vn -0.0136 0.1697 0.9854
vn -0.1413 -0.9900 -0.0029
vn -0.1417 -0.9897 -0.0188
vn -0.1413 -0.9900 -0.0026
vn -0.1424 -0.9896 -0.0197
vn -0.1426 -0.9873 -0.0703
vn -0.1445 -0.9867 -0.0742
vn -0.1394 -0.9753 -0.1712
vn -0.1422 -0.9724 -0.1848
vn -0.1278 -0.9454 -0.2998
vn -0.1319 -0.9361 -0.3262
vn -0.1153 -0.9018 -0.4166
vn -0.1225 -0.8847 -0.4498
vn -0.1116 -0.8563 -0.5042
vn -0.1220 -0.8332 -0.5394
vn -0.1209 -0.8158 -0.5656
vn -0.1336 -0.7875 -0.6017
vn -0.1436 -0.7801 -0.6089
vn -0.1549 -0.7456 -0.6482
vn -0.1701 -0.7427 -0.6477
vn -0.1738 -0.7034 -0.6892
vn -0.1890 -0.7016 -0.6870
vn -0.1853 -0.6617 -0.7265
vn -0.1980 -0.6586 -0.7260
vn -0.1982 -0.5316 -0.8235
vn -0.1779 -0.5061 -0.8439
vn -0.5276 0.1472 -0.8366
vn -0.6412 0.2202 -0.7351
vn -0.4769 0.1277 -0.8696
vn -0.1539 -0.4834 -0.8617
vn -0.1653 -0.4820 -0.8605
vn -0.1808 -0.5038 -0.8447
vn -0.1381 -0.4616 -0.8763
vn -0.1392 -0.4576 -0.8782
vn -0.0357 -0.4094 -0.9116
vn -0.1173 0.1154 -0.9864
vn -0.1798 0.0291 -0.9833
vn -0.0678 0.0829 -0.9943
vn -0.0429 0.0731 -0.9964
vn -0.0000 0.0330 -0.9995
vn 0.9907 -0.0963 -0.0960
vn 0.9927 -0.0985 -0.0689
vn 0.0505 -0.1725 -0.9837
vn 0.0478 -0.1692 -0.9844
vn 0.0444 -0.1685 -0.9847
vn -0.0120 -0.1552 -0.9878
vn -0.0071 -0.1590 -0.9873
vn -0.0153 -0.1515 -0.9883
vn -0.0053 -0.1600 -0.9871
vn -0.0049 -0.1588 -0.9873
vn 0.9997 -0.0059 0.0239
vn 0.9997 0.0179 0.0162
vn 0.9993 0.0354 0.0082
vn -0.9980 0.0584 -0.0255
vn -0.9956 0.0645 -0.0675
vn -0.9986 0.0536 -0.0038
vn -0.9997 -0.0105 0.0221
vn -0.9993 -0.0250 0.0270
vn -0.9991 -0.0291 0.0293
vn 0.9983 0.0493 0.0303
vn 0.9975 0.0493 0.0498
vn 0.9972 0.0495 0.0563
vn -0.2757 0.1189 -0.9539
vn -0.1844 0.0074 -0.9828
vn -0.0215 -0.2358 -0.9716
vn -0.0195 -0.2457 -0.9692
vn -1.0000 0.0068 0.0007
vn -1.0000 0.0071 0.0041
vn -1.0000 0.0060 0.0016
vn -0.9914 0.0662 -0.1128
vn -0.9813 0.0712 -0.1789
vn 0.7341 -0.4545 0.5044
vn 0.8300 -0.2619 0.4924
vn 0.7277 -0.4707 0.4990
vn -1.0000 0.0079 0.0038
vn -0.9999 0.0097 0.0132
vn -0.9989 0.0354 0.0303
vn -0.9988 0.0410 0.0258
vn -0.9991 0.0280 0.0325
vn -0.7850 0.1486 -0.6014
vn -0.7080 0.2269 -0.6688
vn -0.8253 0.1433 -0.5461
vn -0.3378 0.0525 -0.9397
vn -0.3117 0.0653 -0.9479
vn -0.8649 0.0960 -0.4927
vn -0.8875 0.0899 -0.4519
vn -0.9987 0.0476 0.0175
vn -0.1132 -0.2477 -0.9622
vn -0.1306 -0.2599 -0.9568
vn -0.1053 -0.2546 -0.9613
vn -1.0000 0.0040 0.0054
vn -0.9999 0.0046 0.0110
vn -0.9998 0.0125 0.0125
vn -0.9995 0.0169 0.0254
vn -0.9655 0.0684 -0.2512
vn -0.9422 0.0728 -0.3271
vn -0.9994 0.0226 0.0245
vn -0.9163 0.0708 -0.3941
vn -0.3819 0.0585 -0.9224
vn -0.3630 0.0201 -0.9316
vn -0.4126 0.0837 -0.9070
vn 0.5940 -0.5806 0.5569
vn 0.5873 -0.5861 0.5581
vn -0.3544 0.0187 -0.9349
vn 0.9707 0.0578 -0.2332
vn 0.6863 0.0625 -0.7246
vn 0.9694 0.0644 -0.2369
vn -0.1276 -0.2196 -0.9672
vn -0.1398 -0.2522 -0.9575
vn -0.1579 -0.2652 -0.9512
vn -0.1559 -0.2242 -0.9620
vn -0.1662 -0.2568 -0.9521
vn -0.1777 -0.1453 -0.9733
vn -0.2131 -0.1402 -0.9669
vn -0.1758 -0.1375 -0.9748
vn -0.0288 -0.1732 -0.9845
vn -0.0326 -0.1443 -0.9890
vn -0.2724 -0.2811 -0.9202
vn -0.3207 -0.2933 -0.9006
vn -0.1994 -0.3202 -0.9261
vn -0.3963 -0.2730 -0.8766
vn -0.3039 -0.3379 -0.8908
vn -0.2951 -0.2563 -0.9204
vn -0.2199 -0.1481 -0.9642
vn -0.2545 -0.1425 -0.9565
vn -0.1965 -0.1565 -0.9679
vn -0.0363 -0.1321 -0.9906
vn -0.0386 -0.1457 -0.9886
vn -0.0252 -0.2088 -0.9776
vn -0.3517 -0.2597 -0.8994
vn -0.4265 -0.2261 -0.8758
vn -0.3837 -0.1849 -0.9047
vn -0.4460 -0.1836 -0.8760
vn -0.3253 -0.1814 -0.9281
vn -0.3733 -0.2188 -0.9015
vn -0.3096 -0.2156 -0.9261
vn -0.4923 -0.1553 -0.8564
vn -0.4343 -0.1457 -0.8889
vn -0.4931 -0.1362 -0.8592
vn -0.3770 -0.1464 -0.9146
vn -0.4271 -0.1598 -0.8900
vn -0.3552 -0.1585 -0.9212
vn -0.2639 -0.1509 -0.9527
vn -0.2171 -0.1668 -0.9618
vn -0.2561 -0.1676 -0.9520
vn -0.2321 -0.1590 -0.9596
vn -0.0365 -0.1722 -0.9844
vn -0.4313 -0.1448 -0.8905
vn -0.4785 -0.1420 -0.8665
vn -0.1719 -0.1656 -0.9711
vn 0.0953 -0.7305 0.6762
vn -0.2075 -0.1915 -0.9593
vn -0.1764 -0.1878 -0.9662
vn -0.3791 -0.1496 -0.9132
vn 0.9840 -0.0080 0.1781
vn 0.9874 -0.0219 0.1567
vn 0.9854 0.0014 0.1704
vn 0.3387 -0.6891 0.6407
vn 0.2183 -0.7162 0.6628
vn 0.3421 -0.6885 0.6395
vn -0.1846 -0.2287 -0.9559
vn 0.0960 -0.7306 0.6760
vn 0.2158 -0.7164 0.6635
vn 0.8825 -0.1375 0.4497
vn 0.8213 -0.2728 0.5011
vn 0.4930 -0.6348 0.5950
vn 0.4893 -0.6360 0.5967
vn 0.2371 -0.8772 -0.4175
vn 0.2957 -0.9157 -0.2720
vn 0.2947 -0.9127 -0.2830
vn -0.1940 -0.2027 -0.9598
vn -0.2138 -0.2013 -0.9559
vn 0.4218 -0.6625 0.6190
vn -0.0117 -0.2196 -0.9755
vn 0.4247 -0.6620 0.6176
vn -0.0616 -0.4548 -0.8884
vn -0.0697 -0.4946 -0.8663
vn 0.9980 -0.0348 0.0524
vn 0.9975 -0.0392 0.0581
vn 0.9984 -0.0309 0.0464
vn 0.9928 0.0552 0.1062
vn 0.9859 0.0616 0.1555
vn 0.9791 0.0702 0.1907
vn 0.9986 0.0504 0.0128
vn 0.9984 0.0498 0.0275
vn 0.9543 0.0806 0.2877
vn 0.9338 0.0673 0.3514
vn 0.9276 0.0522 0.3700
vn 0.9949 0.0512 0.0872
vn 0.9990 0.0445 0.0051
vn 0.9988 0.0487 0.0016
vn 0.9641 0.0790 0.2536
vn 0.8860 -0.1054 0.4515
vn 0.9056 -0.0294 0.4231
vn 0.9085 -0.0022 0.4178
vn 0.9986 0.0508 0.0119
vn 0.9987 0.0512 0.0037
vn 0.9987 0.0508 0.0038
vn -0.1439 -0.9891 0.0301
vn -0.1386 -0.9902 0.0194
vn -0.1253 -0.9913 0.0390
vn 0.9975 -0.0395 0.0589
vn 0.9976 -0.0391 0.0567
vn 0.0170 -0.1777 -0.9839
vn -0.1733 -0.2107 -0.9621
vn -0.4298 -0.1826 -0.8843
vn -0.4683 -0.2197 -0.8558
vn -0.3813 -0.1608 -0.9104
vn 0.9878 -0.0213 0.1543
vn 0.9880 -0.0121 0.1543
vn 0.0607 -0.1609 -0.9851
vn 0.0334 -0.1534 -0.9876
vn 0.0366 -0.1717 -0.9845
vn -0.4193 -0.3363 -0.8433
vn -0.4374 -0.4392 -0.7847
vn -0.0163 -0.7767 -0.6297
vn 0.0085 -0.5334 -0.8458
vn -0.1026 -0.4772 -0.8728
vn 0.9434 -0.2026 0.2627
vn 0.9535 -0.1959 0.2290
vn 0.9560 -0.1935 0.2203
vn 0.1220 -0.3087 -0.9433
vn 0.2774 -0.2469 -0.9285
vn 0.0750 -0.2579 -0.9633
vn 0.0182 -0.9845 -0.1746
vn 0.1433 -0.8456 -0.5142
vn 0.0152 -0.1610 -0.9868
vn -0.1430 -0.9896 0.0171
vn -0.1381 -0.9903 0.0125
vn -0.1481 -0.9889 0.0105
vn 0.4061 -0.1504 -0.9014
vn 0.8785 -0.1678 -0.4474
vn 0.8545 -0.1565 -0.4953
vn 0.0360 -0.8817 -0.4704
vn 0.1171 -0.8882 -0.4442
vn 0.2405 -0.9188 -0.3129
vn 0.2879 -0.9116 -0.2935
vn 1.0000 0.0041 -0.0054
vn 0.9994 0.0306 -0.0169
vn 0.9999 0.0100 0.0090
vn 0.0316 -0.1666 -0.9855
vn -0.0408 -0.0724 -0.9965
vn -0.0098 0.0101 -0.9999
vn -0.0194 -0.0174 -0.9997
vn -0.0011 -0.1628 -0.9867
vn 0.0082 -0.1658 -0.9861
vn -0.1503 -0.9885 0.0163
vn -0.1517 -0.9881 0.0245
vn 0.0929 -0.2603 0.9611
vn 0.0662 -0.2582 0.9638
vn 0.0962 -0.2599 0.9608
vn 0.5551 -0.1183 -0.8234
vn 0.4453 -0.0973 -0.8901
vn 0.6803 -0.1228 -0.7226
vn 0.9851 -0.1084 -0.1332
vn 0.9858 -0.1206 -0.1168
vn 0.9845 -0.1426 -0.1018
vn 0.4734 -0.1381 -0.8700
vn 0.9170 -0.1345 -0.3755
vn 0.8976 -0.1490 -0.4149
vn 0.0076 -0.0559 -0.9984
vn 0.1930 -0.0874 -0.9773
vn 0.5003 -0.1256 -0.8567
vn 0.2045 0.0568 -0.9772
vn 0.6854 0.0605 -0.7256
vn 0.1265 -0.0941 -0.9875
vn 0.1746 -0.1078 -0.9787
vn 0.1691 -0.0866 -0.9818
vn -0.1344 -0.9904 0.0335
vn -0.1144 -0.9923 0.0472
vn -0.1154 -0.9926 0.0384
vn -0.1029 -0.9928 0.0615
vn -0.1359 -0.9904 0.0231
vn -0.1583 -0.9873 0.0148
vn -0.0186 -0.9963 0.0845
vn -0.0369 -0.9985 0.0411
vn -0.1619 -0.9866 0.0186
vn -0.1388 -0.9902 0.0173
vn 0.1067 -0.1072 -0.9885
vn 0.1380 -0.1178 -0.9834
vn 0.0560 -0.1413 -0.9884
vn 0.1009 -0.1685 -0.9805
vn -0.0419 -0.9967 0.0698
vn -0.0616 -0.9977 0.0272
vn -0.0639 -0.9977 0.0244
vn -0.0625 -0.9964 0.0571
vn -0.0957 -0.9952 0.0217
vn -0.0928 -0.9947 0.0454
vn 0.0196 -0.1691 -0.9854
vn 0.0178 -0.1641 -0.9863
vn 0.0154 -0.1697 -0.9854
vn 0.1658 -0.6736 -0.7203
vn 0.3267 -0.4127 -0.8503
vn 0.1411 -0.4168 -0.8980
vn -0.0146 -0.9939 0.1094
vn -0.1329 -0.2968 -0.9457
vn -0.0328 -0.9939 0.1054
vn -0.0863 -0.9960 0.0212
vn -0.0546 -0.9939 0.0960
vn -0.0567 -0.9642 -0.2590
vn -0.0416 -0.9991 -0.0017
vn -0.0385 -0.9992 0.0047
vn -0.0799 -0.9935 0.0815
vn -0.3857 -0.2578 -0.8859
vn -0.0590 -0.9975 0.0401
vn -0.1013 -0.9944 0.0300
vn -0.0859 -0.9953 0.0445
vn 0.9779 -0.0158 0.2083
vn 0.9750 0.0442 0.2179
vn 0.9799 -0.0428 0.1951
vn -0.5187 -0.5757 -0.6321
vn -0.3692 -0.4163 -0.8309
vn -0.5414 -0.3637 -0.7581
vn 0.3554 -0.6571 -0.6647
vn -0.0114 -0.6780 -0.7349
vn -0.0651 0.3311 0.9414
vn -0.1424 0.2678 0.9529
vn 0.4853 0.1547 0.8606
vn 0.2326 0.1089 0.9665
vn 0.4954 0.1593 0.8539
vn 0.9439 0.2800 0.1752
vn 0.9589 0.2398 0.1518
vn 0.9422 0.2833 0.1790
vn 0.0594 -0.2559 0.9649
vn 0.0251 -0.2515 0.9675
vn -0.1299 -0.9913 0.0213
vn -0.1479 -0.9887 0.0235
vn 0.9618 0.2316 0.1460
vn 0.9745 0.1837 0.1292
vn 0.4931 0.1678 0.8536
vn 0.9884 0.1009 0.1133
vn 0.9928 0.0504 0.1088
vn 0.9870 0.1126 0.1150
vn 0.9761 0.1769 0.1260
vn 0.2367 0.1151 0.9647
vn 0.3134 0.0772 0.9465
vn 0.9920 0.0440 0.1186
vn 0.9888 -0.0458 0.1418
vn 0.9843 -0.1035 0.1430
vn 0.9890 -0.0341 0.1438
vn -0.0851 -0.6943 -0.7147
vn -0.0457 -0.9512 -0.3050
vn -0.0589 -0.9820 -0.1795
vn -0.0360 -0.9993 0.0086
vn -0.1556 -0.2941 -0.9430
vn -0.1030 -0.7511 -0.6521
vn -0.1583 -0.2895 -0.9440
vn -0.1269 -0.1917 -0.9732
vn -0.2330 -0.2044 -0.9508
vn -0.2576 -0.9407 -0.2208
vn -0.4330 -0.8982 -0.0759
vn -0.1813 -0.9830 -0.0274
vn -0.3948 -0.5306 -0.7501
vn -0.3117 -0.6830 -0.6605
vn -0.2817 -0.8062 -0.5202
vn -0.1264 -0.4241 -0.8968
vn -0.0617 -0.6662 -0.7432
vn -0.1991 -0.9213 -0.3341
vn -0.1249 -0.9847 -0.1219
vn -0.0722 -0.9973 -0.0129
vn 0.9882 -0.0067 0.1531
vn 0.9885 -0.0094 0.1506
vn 0.9863 0.0829 0.1423
vn 0.9991 -0.0196 0.0379
vn 0.9894 0.0038 0.1454
vn 0.0177 -0.2520 0.9676
vn 0.0051 -0.2431 0.9700
vn -0.1934 0.9808 0.0236
vn -0.2640 0.9620 -0.0694
vn -0.0795 0.9910 0.1081
vn 0.0403 -0.1897 -0.9810
vn -0.0065 -0.6115 -0.7912
vn -0.3508 0.9364 0.0090
vn -0.3681 0.9296 -0.0179
vn -0.3314 0.9432 0.0231
vn 0.9147 0.0001 0.4041
vn 0.6280 0.0766 0.7744
vn 0.9120 0.0787 0.4025
vn 0.9761 -0.1397 0.1665
vn 0.9748 -0.1660 0.1490
vn 0.2093 0.1476 0.9666
vn -0.0295 0.0699 0.9971
vn -0.1291 0.0629 0.9896
vn 0.2140 0.0766 0.9738
vn -0.0325 0.0057 0.9995
vn 0.9053 0.1539 0.3960
vn 0.2144 -0.0000 0.9767
vn 0.6220 0.1500 0.7685
vn 0.9837 -0.1554 0.0900
vn 0.9732 -0.1665 0.1586
vn 0.9749 -0.1529 0.1622
vn 0.9947 0.0743 0.0714
vn 0.9999 0.0164 0.0036
vn 0.9727 0.0595 0.2244
vn -0.1642 -0.1531 -0.9745
vn -0.1464 -0.1832 -0.9721
vn 0.6609 -0.1551 -0.7343
vn 0.0054 -0.2373 0.9714
vn 0.0051 -0.2283 0.9736
vn 0.9695 -0.1707 0.1759
vn 0.9652 -0.1894 0.1803
vn 0.0509 -0.8769 0.4780
vn 0.2502 -0.9045 0.3453
vn 0.1211 -0.8821 0.4552
vn 0.9687 -0.1487 0.1988
vn -0.1626 -0.9593 -0.2310
vn 0.9643 -0.1936 0.1805
vn 0.9674 -0.1683 0.1891
vn 0.2846 -0.8948 0.3441
vn 0.6043 -0.0692 0.7937
vn 0.6634 -0.1795 0.7264
vn 0.5687 -0.0733 0.8193
vn -0.4073 -0.6450 -0.6466
vn 0.6755 -0.1770 0.7158
vn 0.6903 -0.2148 0.6909
vn 0.5911 -0.2142 0.7777
vn 0.5964 -0.2138 0.7737
vn -0.1941 -0.0793 0.9778
vn -0.1697 0.0431 0.9846
vn -0.1276 -0.0125 0.9917
vn 0.9981 -0.0377 0.0486
vn 0.9997 -0.0226 0.0113
vn 0.9980 -0.0376 0.0503
vn 0.0180 -0.1935 -0.9809
vn -0.0946 -0.9954 0.0164
vn -0.0677 -0.9977 0.0084
vn 0.1322 -0.1508 -0.9797
vn -0.0880 -0.9958 0.0264
vn 0.2106 -0.1050 -0.9719
vn 0.4493 -0.1544 -0.8799
vn 0.9979 -0.0377 0.0529
vn 0.9979 -0.0372 0.0528
vn 0.9979 -0.0379 0.0533
vn 0.2556 -0.1324 -0.9577
vn -0.1451 -0.9893 0.0140
vn -0.1441 -0.9895 0.0133
vn 0.9977 -0.0389 0.0562
vn 0.0676 -0.1813 -0.9811
vn 0.4027 -0.8928 0.2021
vn 0.4289 -0.8916 0.1449
vn 0.4127 -0.9023 -0.1243
vn 0.4460 -0.8936 -0.0504
vn 0.9722 -0.1184 0.2019
vn 0.9678 -0.1511 0.2012
vn 0.9678 -0.1072 0.2276
vn -0.9985 -0.0423 0.0340
vn -0.9984 -0.0428 0.0359
vn 0.9693 -0.0707 0.2356
vn 0.9303 -0.0549 0.3626
vn 0.9910 -0.1082 -0.0786
vn 0.1975 -0.1155 -0.9735
vn 0.4129 -0.0593 -0.9088
vn 0.1575 -0.1319 -0.9787
vn -0.1571 -0.4497 -0.8793
vn -0.0078 -0.9573 -0.2890
vn -0.0135 -0.9998 -0.0116
vn -0.1283 -0.9913 0.0307
vn -0.0122 -0.6057 -0.7956
vn -0.0206 -0.6159 -0.7876
vn -0.1240 -0.7240 0.6786
vn 0.3847 -0.4264 0.8186
vn 0.4098 -0.4200 0.8097
vn 0.0163 0.0363 -0.9992
vn 0.2079 0.0615 -0.9762
vn 0.9891 -0.1017 -0.1060
vn 0.9883 -0.1232 -0.0896
vn 0.9928 -0.1008 -0.0642
vn 0.9345 -0.1470 -0.3242
vn 0.9841 -0.0908 -0.1527
vn 0.9979 -0.0372 0.0524
vn 0.9979 -0.0373 0.0522
vn 0.9979 -0.0372 0.0526
vn 0.0124 -0.1696 -0.9854
vn 0.0144 -0.1634 -0.9865
vn 0.0080 -0.4105 -0.9118
vn 0.0133 -0.7130 -0.7010
vn -0.0685 -0.2050 -0.9764
vn 0.0040 -0.2532 -0.9674
vn 0.0046 -0.2525 -0.9676
vn 0.0184 -0.9951 -0.0970
vn 0.0184 -0.9967 -0.0787
vn 0.0183 -0.9967 -0.0787
vn 0.0153 -0.9887 -0.1489
vn 0.0154 -0.9888 -0.1488
vn 0.0073 -0.9610 -0.2763
vn 0.0068 -0.9609 -0.2767
vn -0.0019 -0.9057 -0.4239
vn 0.2602 -0.9655 -0.0088
vn 0.2611 -0.9653 -0.0008
vn 0.2601 -0.9655 -0.0101
vn 0.3284 -0.9411 -0.0802
vn 0.2507 -0.8457 -0.4710
vn 0.2342 -0.8762 -0.4212
vn -0.0450 -0.6861 -0.7261
vn 0.0446 -0.7435 -0.6673
vn -0.0475 -0.6841 -0.7279
vn 0.2669 -0.8177 -0.5100
vn 0.2505 -0.8450 -0.4724
vn 0.2275 -0.7966 -0.5601
vn 0.2639 -0.8178 -0.5115
vn 0.1468 -0.7873 -0.5988
vn 0.2208 -0.7968 -0.5624
vn 0.0721 -0.7926 -0.6055
vn 0.1395 -0.7877 -0.6001
vn 0.0242 -0.8111 -0.5845
vn 0.0669 -0.7930 -0.6055
vn 0.0007 -0.8482 -0.5296
vn 0.0214 -0.8114 -0.5841
vn -0.0020 -0.9056 -0.4241
vn 0.0178 -0.9463 -0.3228
vn 0.0534 -0.9979 0.0369
vn 0.0572 -0.9971 0.0504
vn 0.0580 -0.9969 0.0531
vn 0.9916 0.0216 -0.1272
vn 0.9936 0.0107 -0.1120
vn 0.9917 0.0217 -0.1271
vn 0.9937 0.0108 -0.1114
vn 0.9945 0.0074 -0.1041
vn -0.9605 -0.1318 0.2451
vn -0.9680 -0.1307 0.2141
vn -0.9681 -0.1308 0.2135
vn -0.9688 -0.1098 0.2222
vn -0.9686 -0.1096 0.2232
vn -0.9975 -0.0531 0.0457
vn -0.9978 -0.0514 0.0426
vn -0.9980 -0.0456 0.0444
vn 0.9418 0.0870 -0.3248
vn 0.9450 0.0978 -0.3120
vn 0.9453 0.0981 -0.3111
vn 0.9416 0.0974 -0.3225
vn -0.9672 -0.0351 0.2517
vn -0.9633 0.0091 0.2683
vn -0.9672 -0.0351 0.2516
vn -0.9630 0.0093 0.2695
vn -0.9605 0.0456 0.2747
vn -0.9982 -0.0345 0.0499
vn -0.9983 -0.0255 0.0529
vn -0.9982 -0.0346 0.0497
vn -0.9983 -0.0255 0.0532
vn -0.9985 -0.0055 0.0536
vn 0.9269 -0.0671 -0.3694
vn 0.9340 -0.0211 -0.3568
vn 0.9345 -0.0205 -0.3553
vn 0.9401 0.0277 -0.3399
vn 0.9405 0.0282 -0.3387
vn 0.9868 -0.0111 -0.1617
vn 0.9864 0.0046 -0.1641
vn 0.9865 0.0047 -0.1638
vn 0.9873 0.0200 -0.1576
vn 0.9874 0.0203 -0.1568
vn -0.9604 0.0456 0.2747
vn -0.9647 0.0628 0.2556
vn -0.9991 0.0077 0.0410
vn -0.9991 0.0078 0.0410
vn 0.9247 -0.0811 -0.3719
vn 0.9265 -0.0673 -0.3701
vn 0.9868 -0.0237 -0.1602
vn 0.9867 -0.0239 -0.1610
vn -0.9691 -0.0767 0.2345
vn -0.9688 -0.0765 0.2358
vn 0.9891 0.0274 -0.1445
vn 0.9892 0.0277 -0.1436
vn -0.9981 -0.0392 0.0465
vn -0.9981 -0.0392 0.0467
vn 0.9409 0.0666 -0.3321
vn 0.9411 0.0669 -0.3314
vn 0.9415 0.0867 -0.3256
vn 0.0004 -0.9973 -0.0731
vn -0.0013 -0.9999 -0.0167
vn 0.0005 -0.9973 -0.0731
vn -0.0014 -0.9999 -0.0167
vn -0.0072 -0.9995 -0.0304
vn -0.0206 -0.6162 -0.7873
vn -0.0333 -0.6223 -0.7821
vn 0.0035 -0.9834 -0.1817
vn 0.0034 -0.9834 -0.1816
vn 0.0116 -0.9458 -0.3247
vn 0.0320 -0.8885 -0.4577
vn 0.0311 -0.8889 -0.4570
vn 0.0751 -0.8274 -0.5566
vn 0.1383 -0.7846 -0.6044
vn 0.0786 -0.8266 -0.5572
vn 0.1761 -0.7725 -0.6101
vn 0.1416 -0.7841 -0.6043
vn 0.1614 -0.7748 -0.6113
vn 0.1588 -0.7743 -0.6125
vn 0.1116 -0.7663 -0.6327
vn 0.1071 -0.7649 -0.6351
vn 0.0492 -0.7456 -0.6646
vn -0.0608 -0.6467 -0.7603
vn -0.0608 -0.6461 -0.7608
vn -0.0432 -0.6279 -0.7771
vn -0.0515 -0.6344 -0.7713
vn -0.0511 -0.6348 -0.7710
vn -0.0331 -0.6225 -0.7819
vn -0.0212 -0.9646 -0.2630
vn -0.0223 -0.9637 -0.2661
vn -0.0215 -0.7459 -0.6657
vn -0.0083 -0.4228 -0.9062
vn -0.0219 -0.7445 -0.6672
vn -0.0519 -0.9830 0.1761
vn -0.0316 -0.9819 0.1869
vn -0.0316 -0.9818 0.1874
vn -0.0142 -0.9812 0.1927
vn -0.0142 -0.9811 0.1928
vn -0.0066 -0.2896 -0.9571
vn -0.0080 -0.2885 -0.9574
vn -0.0011 -0.2332 -0.9724
vn -0.0012 -0.2332 -0.9724
vn -0.0037 -0.1735 -0.9848
vn -0.0039 -0.1735 -0.9848
vn -0.9649 0.0627 0.2550
vn -0.9682 0.0639 0.2419
vn -0.9995 0.0071 0.0322
vn 0.9321 -0.0693 -0.3554
vn 0.9249 -0.0810 -0.3716
vn 0.9917 -0.0198 -0.1272
vn -0.0757 -0.9877 0.1370
vn -0.0760 -0.9847 0.1571
vn -0.0758 -0.9845 0.1584
vn -0.0003 -0.9963 -0.0860
vn -0.0008 -0.9991 -0.0429
vn -0.0009 -0.9991 -0.0428
vn 0.0001 -1.0000 -0.0001
vn 0.0001 -1.0000 -0.0000
vn -0.0001 -1.0000 0.0001
vn -0.0005 -1.0000 0.0016
vn -0.0007 -1.0000 0.0018
vn 0.0562 -0.9984 0.0034
vn -0.0029 -0.4144 -0.9101
vn 0.9435 -0.3292 0.0384
vn 0.9745 -0.1858 0.1259
vn 0.9736 -0.1775 0.1436
vn 0.9980 -0.0374 0.0514
vn 0.9980 -0.0373 0.0516
vn -0.2148 0.1076 0.9707
vn 0.0565 -0.9984 0.0031
vn 0.1136 -0.9935 0.0008
vn 0.0325 0.9994 -0.0120
vn -0.0520 -0.9832 0.1752
vn -0.5243 -0.1745 -0.8334
vn 0.0061 -0.1354 -0.9908
vn -0.5495 -0.1763 -0.8167
vn 0.0327 -0.1319 -0.9907
vn 0.0318 -0.1437 -0.9891
vn 0.0226 -0.1334 -0.9908
vn 0.0152 -0.1360 -0.9906
vn 0.0226 -0.1335 -0.9908
vn 0.0258 -0.1464 -0.9889
vn 0.0241 -0.1462 -0.9890
vn 0.0812 -0.9967 0.0016
vn 0.0002 -1.0000 0.0007
vn -0.0003 -1.0000 -0.0001
vn -0.0133 -0.9979 0.0641
vn -0.0202 -0.8588 0.5119
vn -0.0266 -0.4446 0.8953
vn -0.0299 -0.8641 0.5024
vn -0.0507 -0.2792 0.9589
vn -0.0591 -0.2722 0.9604
vn -0.0128 -0.9978 0.0646
vn -0.1761 -0.3974 0.9006
vn -0.2303 -0.5490 0.8035
vn -0.2307 -0.5488 0.8035
vn -0.2312 -0.7511 0.6184
vn -0.1995 -0.8664 0.4578
vn -0.2315 -0.7523 0.6168
vn 0.9312 -0.0639 -0.3588
vn 0.9284 -0.0511 -0.3681
vn 0.9059 -0.0404 -0.4215
vn 0.9006 -0.0443 -0.4325
vn -0.0161 -0.4182 -0.9082
vn 0.7248 0.0006 -0.6889
vn 0.8661 -0.0576 -0.4966
vn 0.7235 0.0010 -0.6903
vn 0.9908 -0.1277 -0.0437
vn 0.9922 -0.0865 -0.0903
vn 0.9647 -0.2486 0.0871
vn 0.9308 -0.3420 0.1286
vn 0.9278 -0.3553 0.1135
vn 0.7330 -0.0030 -0.6803
vn 0.7289 -0.0028 -0.6847
vn 0.1649 -0.9862 0.0133
vn 0.0820 -0.9966 0.0028
vn -0.9923 0.0987 0.0745
vn -0.9923 0.0969 0.0769
vn 0.9528 -0.0782 0.2934
vn 0.9491 -0.1390 0.2825
vn 0.9530 -0.0783 0.2926
vn 0.9385 -0.2244 0.2625
vn 0.8791 -0.4099 0.2433
vn 0.9383 -0.2236 0.2638
vn 0.0494 -0.9888 0.1407
vn 0.0477 -0.9888 0.1416
vn -0.0756 -0.9879 0.1354
vn 0.0992 -0.1525 -0.9833
vn -0.9685 0.1118 -0.2226
vn -0.9669 0.1472 -0.2085
vn -0.9692 0.1107 -0.2199
vn -0.1460 -0.7399 0.6567
vn -0.9291 0.2723 -0.2502
vn -0.9751 0.0624 -0.2129
vn -0.9721 -0.0747 -0.2226
vn 0.9358 0.3050 0.1766
vn -0.1718 -0.2555 -0.9514
vn -0.2208 -0.2389 -0.9456
vn -0.3398 -0.0350 -0.9399
vn -0.2592 -0.2893 -0.9215
vn -0.9735 -0.0759 -0.2158
vn -0.1592 -0.9335 0.3214
vn -0.1607 -0.9325 0.3235
vn -0.1983 -0.8678 0.4557
vn 0.9877 -0.1448 0.0589
vn 0.9971 -0.0740 -0.0160
vn 0.9992 -0.0195 0.0343
vn 0.9993 -0.0201 0.0331
vn 0.1235 0.9261 0.3566
vn 0.1246 0.9317 0.3411
vn 0.1325 0.9912 0.0001
vn -0.9989 0.0450 -0.0114
vn 0.9867 -0.1478 0.0682
vn -0.1514 -0.3154 0.9368
vn -0.1752 -0.3968 0.9010
vn -0.0170 0.1632 0.9864
vn -0.4563 0.1566 0.8759
vn 0.9876 -0.1036 -0.1180
vn 0.9979 -0.0371 0.0527
vn 0.2061 -0.0938 -0.9740
vn 0.7300 -0.6443 0.2281
vn -0.0072 -0.1613 -0.9869
vn -0.5081 0.1270 0.8519
vn -0.0254 0.1649 0.9860
vn 0.2326 -0.0865 -0.9687
vn 0.9979 -0.0372 0.0520
vn 0.0232 -0.1651 -0.9860
vn 0.0270 -0.1688 -0.9853
vn 0.9905 -0.0992 -0.0956
vn 0.9493 -0.1394 0.2818
vn -0.1054 -0.9932 0.0488
vn -0.8531 0.4553 -0.2550
vn -0.9679 0.0955 -0.2326
vn -0.9729 0.0736 -0.2193
vn -0.9737 0.0932 -0.2079
vn -0.9809 0.0250 -0.1930
vn -0.9633 0.1300 -0.2346
vn 0.0331 0.9929 0.1142
vn -0.9662 0.1682 -0.1954
vn -0.9675 0.1501 -0.2036
vn -0.9700 0.1694 -0.1744
vn 0.9703 -0.1595 0.1817
vn 0.9679 -0.1713 0.1837
vn 0.9838 -0.0940 -0.1525
vn 0.0790 0.4472 0.8909
vn 0.1895 0.6042 0.7740
vn 0.0163 0.9994 0.0316
vn 0.0848 0.9960 -0.0266
vn 0.0437 0.9988 0.0238
vn -0.0696 -0.9973 0.0230
vn -0.0621 -0.9978 0.0225
vn -0.0562 -0.9982 0.0200
vn -0.0562 -0.9982 0.0223
vn -0.0500 -0.9986 0.0179
vn -0.0533 -0.9984 0.0188
vn -0.0524 -0.9985 0.0161
vn -0.0610 -0.9979 0.0216
vn -0.0377 -0.9991 0.0216
vn -0.0365 -0.9992 0.0179
vn -0.0854 -0.9960 0.0249
vn 0.9750 -0.0780 0.2080
vn -0.0325 -0.9994 0.0119
vn -0.0494 -0.9986 0.0196
vn -0.1188 -0.9927 0.0231
vn -0.0873 -0.9958 0.0260
vn -0.1220 -0.9920 0.0332
vn 0.1369 0.6948 0.7061
vn 0.4287 0.6726 0.6032
vn -0.0414 0.5708 0.8200
vn 0.9933 0.0269 0.1123
vn 0.9914 0.0735 0.1085
vn 0.9913 0.0754 0.1083
vn 0.9886 0.1125 0.1003
vn 0.9937 0.0252 0.1095
vn 0.9866 0.1230 0.1069
vn 0.9868 0.1222 0.1063
vn 0.9917 0.0747 0.1048
vn 0.9879 0.1163 0.1022
vn 0.0005 -0.5713 -0.8207
vn -0.9909 -0.1010 -0.0888
vn -0.9929 -0.0691 -0.0970
vn -0.9925 -0.0921 -0.0801
vn -0.9929 -0.0899 -0.0782
vn -0.9920 -0.0950 -0.0827
vn -0.9915 -0.0983 -0.0855
vn -0.9936 -0.0655 -0.0921
vn -0.9912 -0.0996 -0.0875
vn -0.9937 -0.0642 -0.0922
vn 0.0815 0.7327 0.6757
vn 0.3044 0.7245 0.6184
vn -0.1369 0.5659 0.8130
vn 0.9973 0.0556 0.0488
vn 0.9979 0.0378 0.0532
vn 0.9979 0.0371 0.0532
vn 0.9982 0.0454 0.0395
vn 0.9978 0.0495 0.0430
vn 0.9987 0.0388 0.0338
vn 0.9984 0.0427 0.0372
vn 0.9994 0.0193 0.0272
vn 0.9991 0.0324 0.0285
vn -0.9999 -0.0087 -0.0076
vn -1.0000 -0.0033 -0.0046
vn -0.9997 -0.0169 -0.0147
vn -0.9996 -0.0211 -0.0183
vn -0.9996 -0.0223 -0.0194
vn -0.9995 -0.0246 -0.0214
vn -0.9994 -0.0193 -0.0272
vn -0.9993 -0.0283 -0.0249
vn -0.9994 -0.0190 -0.0272
vn -0.0472 0.7579 0.6506
vn 0.2070 0.7281 0.6535
vn 0.4272 0.5166 0.7421
vn 0.3007 0.7969 0.5240
vn -0.0270 0.9920 -0.1235
vn -0.0674 0.9976 -0.0150
vn -0.1414 0.9635 -0.2272
vn 0.0363 0.9961 0.0809
vn -0.2272 -0.3021 -0.9258
vn -0.3902 -0.2418 -0.8884
vn -0.3861 -0.2910 -0.8754
vn 0.1647 0.3265 0.9307
vn 0.0010 0.2377 0.9713
vn -0.3598 -0.8732 -0.3288
vn -0.2261 -0.6519 -0.7238
vn -0.3992 -0.6029 -0.6908
vn -0.1954 -0.9389 -0.2833
vn 0.4681 0.0450 0.8826
vn 0.4228 0.0265 0.9058
vn -0.2225 -0.4019 -0.8883
vn -0.3528 -0.9346 -0.0454
vn -0.1723 -0.9845 -0.0313
vn -0.1766 0.3024 0.9367
vn -0.3230 0.2446 0.9142
vn -0.2400 -0.2540 -0.9370
vn 0.2441 0.9514 0.1875
vn -0.4278 0.9035 0.0263
vn -0.1452 0.9881 0.0512
vn 0.0979 0.4124 0.9058
vn 0.3432 0.7032 0.6227
vn 0.1672 0.7376 0.6543
vn 0.3660 0.7812 0.5058
vn 0.3619 0.7551 0.5467
vn -0.3837 0.9206 -0.0727
vn -0.3882 0.9197 -0.0589
vn -0.4149 0.9059 -0.0851
vn -0.3672 0.9291 -0.0430
vn -0.5400 -0.2554 -0.8020
vn -0.4566 -0.2099 -0.8646
vn -0.5358 -0.1982 -0.8207
vn 0.1427 -0.9845 -0.1023
vn 0.1019 -0.9946 0.0213
vn 0.2054 -0.9780 0.0373
vn -0.3895 -0.3772 -0.8403
vn -0.3269 -0.6952 -0.6402
vn -0.4574 -0.8301 -0.3189
vn -0.4359 0.8979 -0.0617
vn -0.1432 0.9897 -0.0061
vn 0.0703 0.2933 0.9534
vn -0.1870 0.2196 0.9575
vn -0.4026 -0.2709 -0.8744
vn 0.3262 0.4558 0.8281
vn 0.3490 0.4519 0.8210
vn 0.3317 0.4503 0.8290
vn 0.1860 0.3081 0.9330
vn 0.4604 0.2755 0.8439
vn 0.1703 0.3288 0.9289
vn 0.2625 0.4018 0.8773
vn 0.0170 0.3132 0.9495
vn 0.0166 0.4153 0.9095
vn -0.9933 0.0496 -0.1043
vn -0.9931 0.0512 -0.1052
vn -0.4204 -0.0887 -0.9030
vn -0.0975 -0.4151 -0.9045
vn -0.3737 -0.4400 -0.8165
vn -0.1856 -0.3101 -0.9324
vn -0.0607 -0.3375 -0.9394
vn 0.3010 -0.3106 -0.9016
vn -0.0170 -0.3149 -0.9490
vn 0.9890 -0.0143 0.1473
vn 0.3464 0.0872 0.9340
vn 0.8718 -0.0285 -0.4890
vn -0.1729 0.3976 0.9011
vn 0.0920 0.4281 0.8990
vn -0.1826 0.0020 0.9832
vn -0.0000 -0.0237 0.9997
vn 0.0827 0.1648 0.9829
vn -0.0183 0.2474 0.9687
vn -0.1068 0.2569 0.9605
vn 0.9353 0.1985 -0.2930
vn 0.0136 0.1697 0.9854
vn -0.5168 0.8520 0.0833
vn -0.0056 0.7697 0.6384
vn -0.3051 -0.9155 -0.2623
vn 0.2183 -0.0000 -0.9759
vn -0.0067 0.2517 -0.9678
vn 0.7008 0.2154 -0.6801
vn -0.5255 0.8440 0.1072
vn -0.0508 -0.1724 -0.9837
vn 0.9997 -0.0063 0.0214
vn -0.9421 -0.2024 0.2672
vn -0.0417 -0.9000 -0.4338
vn -0.0962 -0.2599 0.9608
vn -0.2079 0.0615 -0.9762
vn 0.3824 0.9100 -0.1604
vn 0.4020 0.9150 -0.0343
vn -0.5964 -0.2138 0.7737
vn -0.9303 -0.0549 0.3626
vn -0.2612 -0.9653 0.0004
vn -0.3336 -0.9412 -0.0533
vn -0.0580 -0.9969 0.0531
vn -0.9946 0.0074 -0.1037
vn -0.9413 0.0972 -0.3231
vn -0.0000 -0.9810 0.1942
vn 0.9683 0.0638 0.2414
vn 0.9995 0.0070 0.0318
vn -0.0000 -0.4155 -0.9096
vn -0.1138 -0.9935 -0.0000
vn -0.9278 -0.3553 0.1135
vn -0.8799 -0.4084 0.2429
vn 0.1514 -0.3152 0.9369
vn -0.0000 0.4305 0.9026
vn 0.0414 0.5708 0.8200
vn -0.9913 0.0754 0.1083
vn -0.9918 0.0731 0.1050
vn 0.9930 -0.0676 -0.0972
vn 0.1369 0.5659 0.8130
vn -0.9979 0.0371 0.0532
vn -0.9995 0.0189 0.0272
vn 1.0000 -0.0032 -0.0046
vn 0.2400 -0.2540 -0.9370
vn 0.3230 0.2446 0.9142
vn 0.5358 -0.1982 -0.8207
vn -0.2054 -0.9780 0.0373
vn 0.1870 0.2196 0.9575
vn -0.0827 0.1648 0.9829
vn 0.9999 0.0167 0.0001
vn -0.1310 -0.9314 -0.3396
vn 0.1068 0.2569 0.9605
vn 0.9998 0.0181 -0.0019
vn 0.2699 0.3014 0.9145
vn -0.9353 0.1985 -0.2930
vn -0.1260 0.2569 -0.9582
vn -0.9379 -0.2502 0.2402
vn 0.1021 -0.9947 -0.0107
vn -0.9740 0.1655 -0.1549
vn -0.6034 0.2126 -0.7686
vn 0.5255 0.8440 0.1072
vn -0.9843 0.1045 0.1420
vn -0.0796 -0.9569 0.2794
vn 0.0508 -0.1724 -0.9837
vn -0.9998 -0.0063 0.0214
vn 0.9421 -0.2024 0.2672
vn 0.0417 -0.9000 -0.4338
vn 0.0108 -0.1731 -0.9849
vn -0.3824 0.9100 -0.1604
vn -0.4020 0.9150 -0.0343
vn 0.6298 -0.0000 0.7767
vn 0.9638 0.0253 0.2653
vn 0.0125 -0.2173 0.9760
vn 0.6932 -0.2150 0.6879
vn 0.0080 -0.4104 -0.9119
vn -0.0698 -0.2051 -0.9763
vn 0.2612 -0.9653 0.0004
vn 0.3336 -0.9412 -0.0533
vn -0.0001 -0.8484 -0.5293
vn 0.0179 -0.9463 -0.3227
vn 0.0527 -0.9980 0.0343
vn 0.9946 0.0074 -0.1037
vn -0.9601 -0.1315 0.2469
vn -0.9975 -0.0531 0.0459
vn 0.9413 0.0972 -0.3231
vn -0.9985 -0.0054 0.0539
vn 0.9868 -0.0111 -0.1616
vn -0.0068 -0.9995 -0.0303
vn 0.0112 -0.9457 -0.3250
vn 0.1779 -0.7725 -0.6096
vn -0.0433 -0.6279 -0.7771
vn -0.0084 -0.4225 -0.9063
vn -0.9683 0.0638 0.2414
vn -0.9995 0.0070 0.0318
vn 0.9325 -0.0691 -0.3546
vn 0.9919 -0.0194 -0.1258
vn 0.9386 -0.3450 -0.0000
vn 0.1138 -0.9935 -0.0000
vn 0.0148 -0.1360 -0.9906
vn -0.0091 -0.4377 0.8991
vn 0.9303 -0.0494 -0.3634
vn 0.8658 -0.0576 -0.4971
vn 0.9491 -0.2800 0.1446
vn 0.1656 -0.9861 0.0161
vn 0.8799 -0.4084 0.2429
vn -0.9651 0.1648 -0.2038
vn -0.1514 -0.3152 0.9369
vn 0.9815 -0.0727 -0.1772
vn 0.9811 -0.0820 0.1752
vn 0.9918 0.0731 0.1050
vn -0.9930 -0.0676 -0.0972
vn 0.9995 0.0189 0.0272
vn -1.0000 -0.0032 -0.0046
vn -0.0738 0.8252 0.5600
vn -0.0601 0.5703 0.8193
vt 0.875848 0.412200
vt 0.207454 0.327157
vt 0.502025 0.882369
vt 0.780113 0.720540
vt 0.791191 0.640561
vt 0.189609 0.298256
vt 0.737767 0.803683
vt 0.762268 0.749441
vt 0.870978 0.411140
vt 0.500965 0.877498
vt 0.671431 0.364858
vt 0.671432 0.318406
vt 0.671433 0.273678
vt 0.671433 0.231400
vt 0.671434 0.191294
vt 0.802240 0.644109
vt 0.958309 0.001217
vt 0.875377 0.040294
vt 0.741315 0.814733
vt 0.671434 0.158742
vt 0.490385 0.589664
vt 0.536291 0.607117
vt 0.440459 0.523376
vt 0.519738 0.619017
vt 0.400378 0.483295
vt 0.366984 0.449901
vt 0.671434 0.090875
vt 0.229121 0.312038
vt 0.671434 0.120672
vt 0.257876 0.340793
vt 0.671432 0.341517
vt 0.671433 0.252328
vt 0.671432 0.295735
vt 0.423361 0.506278
vt 0.504234 0.603513
vt 0.328934 0.411851
vt 0.879781 0.390056
vt 0.188954 0.339946
vt 0.797023 0.622082
vt 0.173597 0.309167
vt 0.158749 0.656067
vt 0.817574 0.249496
vt 0.185076 0.644833
vt 0.864732 0.055609
vt 0.137817 0.607062
vt 0.841405 0.297153
vt 0.164154 0.596474
vt 0.849631 0.106085
vt 0.121695 0.569824
vt 0.853639 0.335740
vt 0.107349 0.536212
vt 0.854446 0.372216
vt 0.096189 0.500967
vt 0.849304 0.408844
vt 0.091773 0.465447
vt 0.842632 0.444048
vt 0.813479 0.567050
vt 0.131814 0.348344
vt 0.805729 0.593782
vt 0.150568 0.327778
vt 0.882000 0.368581
vt 0.172572 0.354008
vt 0.157105 0.371725
vt 0.882289 0.345064
vt 0.118262 0.473350
vt 0.865695 0.235477
vt 0.122142 0.502677
vt 0.857395 0.207020
vt 0.133593 0.532881
vt 0.848696 0.175890
vt 0.148079 0.562444
vt 0.844488 0.143283
vt 0.828226 0.064785
vt 0.882213 0.433634
vt 0.812052 0.001024
vt 0.335830 0.980041
vt 0.806244 0.042804
vt 0.854995 0.448652
vt 0.483528 0.275334
vt 0.676431 0.496459
vt 0.965002 0.285726
vt 0.845134 0.741466
vt 0.282438 0.591596
vt 0.882399 0.750841
vt 0.653037 0.979513
vt 0.105976 0.957476
vt 0.929605 0.390864
vt 0.842893 0.017080
vt 0.265985 0.574549
vt 0.941569 0.289459
vt 0.003326 0.956946
vt 0.392684 0.787882
vt 0.851200 0.834999
vt 0.964808 0.379455
vt 0.882246 0.839227
vt 0.741423 0.979743
vt 0.933724 0.380394
vt 0.094725 0.957507
vt 0.875924 0.383778
vt 0.712505 0.363783
vt 0.081077 0.829831
vt 0.569654 0.865187
vt 0.842217 0.047625
vt 0.137069 0.957513
vt 0.829947 0.099784
vt 0.190664 0.957658
vt 0.877275 0.367423
vt 0.728609 0.360114
vt 0.779664 0.348198
vt 0.978457 0.687420
vt 0.877575 0.339261
vt 0.640755 0.638014
vt 0.859368 0.233540
vt 0.862538 0.101118
vt 0.848932 0.204314
vt 0.869636 0.070960
vt 0.837217 0.172219
vt 0.264376 0.958246
vt 0.828507 0.138172
vt 0.229199 0.958393
vt 0.115158 0.372514
vt 0.821130 0.538695
vt 0.881117 0.316260
vt 0.140445 0.395247
vt 0.876446 0.312816
vt 0.803182 0.335147
vt 0.841285 0.523730
vt 0.876336 0.179799
vt 0.877862 0.351282
vt 0.744208 0.355547
vt 0.976395 0.699267
vt 0.874294 0.393788
vt 0.689095 0.364302
vt 0.091132 0.831165
vt 0.708344 0.317401
vt 0.615814 0.868292
vt 0.721065 0.314237
vt 0.764492 0.303545
vt 0.670469 0.673662
vt 0.787783 0.296488
vt 0.843378 0.564571
vt 0.733485 0.310235
vt 0.980114 0.745382
vt 0.686311 0.317971
vt 0.137435 0.828294
vt 0.703126 0.272452
vt 0.660765 0.868205
vt 0.714224 0.269292
vt 0.750531 0.258995
vt 0.702263 0.706827
vt 0.770969 0.246843
vt 0.842551 0.616090
vt 0.725201 0.265193
vt 0.980574 0.790879
vt 0.684223 0.273299
vt 0.182106 0.828451
vt 0.698953 0.230065
vt 0.703045 0.866238
vt 0.710139 0.225845
vt 0.740423 0.214462
vt 0.735460 0.737138
vt 0.760184 0.192067
vt 0.841531 0.670971
vt 0.720724 0.220865
vt 0.978680 0.835119
vt 0.682841 0.231095
vt 0.224240 0.830368
vt 0.696025 0.189676
vt 0.743285 0.865334
vt 0.707343 0.185544
vt 0.733943 0.173648
vt 0.765548 0.764507
vt 0.755649 0.157189
vt 0.841177 0.705624
vt 0.718765 0.180283
vt 0.977351 0.875483
vt 0.682820 0.190996
vt 0.264309 0.831135
vt 0.808072 0.625630
vt 0.961360 0.020352
vt 0.831335 0.239543
vt 0.954480 0.143951
vt 0.856421 0.289265
vt 0.953321 0.199639
vt 0.868656 0.327852
vt 0.953083 0.240215
vt 0.868865 0.365478
vt 0.954702 0.277886
vt 0.873990 0.066716
vt 0.861301 0.406988
vt 0.869083 0.108606
vt 0.853707 0.444580
vt 0.870765 0.146883
vt 0.824528 0.570598
vt 0.961136 0.077613
vt 0.816778 0.597330
vt 0.963522 0.049882
vt 0.744998 0.958861
vt 0.889517 0.998158
vt 0.832179 0.542242
vt 0.174347 0.007261
vt 0.338094 0.966036
vt 0.482266 0.998460
vt 0.656083 0.965319
vt 0.800256 0.998563
vt 0.693859 0.155042
vt 0.777774 0.865111
vt 0.705322 0.151760
vt 0.728166 0.140364
vt 0.789964 0.787076
vt 0.751679 0.126714
vt 0.841518 0.735952
vt 0.798189 0.795895
vt 0.976440 0.908912
vt 0.717344 0.146648
vt 0.788607 0.866337
vt 0.298128 0.831151
vt 0.682867 0.157163
vt 0.600603 0.979530
vt 0.882408 0.698406
vt 0.829284 0.026015
vt 0.454978 0.276482
vt 0.857717 0.001025
vt 0.329749 0.978983
vt 0.811978 0.007197
vt 0.138070 0.004893
vt 0.837583 0.038246
vt 0.842937 0.001025
vt 0.836834 0.055376
vt 0.824805 0.001025
vt 0.332629 0.967510
vt 0.149811 0.003451
vt 0.476611 0.998212
vt 0.856580 0.007198
vt 0.835778 0.026727
vt 0.842937 0.007197
vt 0.826903 0.016364
vt 0.824805 0.007197
vt 0.125277 0.005828
vt 0.651408 0.467045
vt 0.846435 0.702938
vt 0.602867 0.965525
vt 0.747040 0.998635
vt 0.867049 0.001024
vt 0.448152 0.282833
vt 0.935539 0.949342
vt 0.584018 0.500897
vt 0.675137 0.949921
vt 0.865518 0.006184
vt 0.940914 0.949076
vt 0.841342 0.033794
vt 0.311812 0.578151
vt 0.346723 0.606025
vt 0.613640 0.536293
vt 0.276992 0.531734
vt 0.758483 0.076970
vt 0.200076 0.029250
vt 0.574034 0.469336
vt 0.179835 0.386577
vt 0.566440 0.520368
vt 0.468249 0.684250
vt 0.502125 0.578074
vt 0.524719 0.618876
vt 0.517193 0.563655
vt 0.510401 0.634042
vt 0.534006 0.548164
vt 0.495142 0.651067
vt 0.550220 0.533882
vt 0.481229 0.667601
vt 0.333131 0.544646
vt 0.244162 0.139728
vt 0.167232 0.001021
vt 0.386130 0.496757
vt 0.630927 0.680793
vt 0.164351 0.592539
vt 0.374749 0.507113
vt 0.635803 0.695407
vt 0.314724 0.499074
vt 0.427191 0.182205
vt 0.327730 0.486567
vt 0.342098 0.472734
vt 0.670465 0.727804
vt 0.352513 0.462873
vt 0.197178 0.627240
vt 0.364392 0.592289
vt 0.595946 0.550046
vt 0.531551 0.607365
vt 0.428666 0.535017
vt 0.546725 0.592888
vt 0.413521 0.549483
vt 0.563672 0.577370
vt 0.396608 0.564988
vt 0.380281 0.579229
vt 0.580026 0.563113
vt 0.802918 0.001625
vt 0.325484 0.645383
vt 0.339223 0.074768
vt 0.823921 0.022630
vt 0.354604 0.650496
vt 0.485348 0.029247
vt 0.159918 0.406837
vt 0.203452 0.001025
vt 0.591432 0.791460
vt 0.502817 0.002854
vt 0.801541 0.045010
vt 0.291313 0.074768
vt 0.678544 0.505130
vt 0.839016 0.523211
vt 0.602755 0.078911
vt 0.543288 0.299136
vt 0.702523 0.340036
vt 0.874395 0.181091
vt 0.834677 0.562860
vt 0.642547 0.082988
vt 0.831672 0.613857
vt 0.693684 0.082542
vt 0.829117 0.668197
vt 0.510989 0.085937
vt 0.829472 0.704652
vt 0.828536 0.732645
vt 0.211102 0.329337
vt 0.695782 0.091435
vt 0.693199 0.119388
vt 0.707950 0.089879
vt 0.203812 0.339631
vt 0.704481 0.117874
vt 0.734104 0.083251
vt 0.190793 0.364114
vt 0.729184 0.110325
vt 0.559345 0.453917
vt 0.752756 0.097485
vt 0.720456 0.087189
vt 0.196869 0.351454
vt 0.716180 0.115129
vt 0.683152 0.092549
vt 0.219106 0.319312
vt 0.682509 0.120278
vt 0.536721 0.439346
vt 0.337903 0.068589
vt 0.031402 0.005935
vt 0.795807 0.012820
vt 0.325957 0.074757
vt 0.795514 0.035281
vt 0.302762 0.074751
vt 0.792736 0.024186
vt 0.314192 0.074754
vt 0.291869 0.068576
vt 0.001377 0.014499
vt 0.325959 0.068588
vt 0.019477 0.006590
vt 0.302762 0.068582
vt 0.001027 0.025381
vt 0.004797 0.036179
vt 0.314193 0.068585
vt 0.008219 0.003147
vt 0.546656 0.790510
vt 0.183931 0.444625
vt 0.668907 0.504606
vt 0.883902 0.994432
vt 0.281661 0.074647
vt 0.004447 0.001283
vt 0.284181 0.069518
vt 0.003055 0.006937
vt 0.264656 0.029252
vt 0.524015 0.509763
vt 0.271122 0.001472
vt 0.611084 0.726724
vt 0.494828 0.484372
vt 0.345071 0.074710
vt 0.042694 0.003438
vt 0.322321 0.640488
vt 0.508940 0.876986
vt 0.825222 0.703546
vt 0.475523 0.084458
vt 0.823458 0.732563
vt 0.446531 0.085261
vt 0.531682 0.434658
vt 0.802730 0.873525
vt 0.344070 0.069564
vt 0.037507 0.004601
vt 0.489069 0.478320
vt 0.741721 0.873815
vt 0.215318 0.398572
vt 0.056700 0.139727
vt 0.581364 0.181029
vt 0.571794 0.187818
vt 0.221352 0.388195
vt 0.203173 0.422998
vt 0.232061 0.374039
vt 0.311676 0.740469
vt 0.240651 0.362396
vt 0.780113 0.829562
vt 0.300576 0.738260
vt 0.247462 0.353001
vt 0.335223 0.613560
vt 0.624727 0.528173
vt 0.312336 0.613768
vt 0.644242 0.515364
vt 0.615097 0.486950
vt 0.840144 0.047139
vt 0.833682 0.001025
vt 0.818824 0.011849
vt 0.833682 0.007197
vt 0.116865 0.002994
vt 0.485309 0.989211
vt 0.416900 0.762265
vt 0.407666 0.765574
vt 0.475593 0.990517
vt 0.148507 0.632070
vt 0.829589 0.272656
vt 0.174832 0.620918
vt 0.856923 0.080426
vt 0.155480 0.577591
vt 0.845531 0.126457
vt 0.129110 0.586811
vt 0.849390 0.317699
vt 0.114394 0.553213
vt 0.855105 0.353826
vt 0.101083 0.518757
vt 0.852283 0.390635
vt 0.093133 0.483074
vt 0.846059 0.426704
vt 0.839027 0.460749
vt 0.091911 0.448362
vt 0.831831 0.493767
vt 0.097297 0.415001
vt 0.123117 0.360103
vt 0.817361 0.552949
vt 0.133940 0.405989
vt 0.880140 0.303740
vt 0.876397 0.279133
vt 0.124233 0.428908
vt 0.118795 0.457933
vt 0.869746 0.250362
vt 0.119257 0.488096
vt 0.861649 0.221261
vt 0.127135 0.517707
vt 0.852847 0.191850
vt 0.140747 0.547797
vt 0.845725 0.159615
vt 0.882283 0.546964
vt 0.449161 0.979822
vt 0.882324 0.796414
vt 0.698610 0.979602
vt 0.808790 0.232775
vt 0.166162 0.673439
vt 0.192490 0.662205
vt 0.870489 0.037620
vt 0.848504 0.793390
vt 0.964864 0.337759
vt 0.939508 0.341387
vt 0.055292 0.957494
vt 0.835532 0.073482
vt 0.163776 0.957522
vt 0.827603 0.120720
vt 0.211728 0.958004
vt 0.874805 0.301832
vt 0.871564 0.169771
vt 0.870398 0.277531
vt 0.863756 0.146340
vt 0.863751 0.248662
vt 0.861329 0.116816
vt 0.854422 0.218964
vt 0.865157 0.085950
vt 0.843044 0.188715
vt 0.876323 0.055687
vt 0.281828 0.957012
vt 0.832041 0.155239
vt 0.246627 0.958582
vt 0.118233 0.957511
vt 0.845446 0.029068
vt 0.108228 0.385393
vt 0.824699 0.524512
vt 0.148546 0.383331
vt 0.881852 0.330650
vt 0.877012 0.326038
vt 0.791423 0.341672
vt 0.776135 0.298387
vt 0.710548 0.340507
vt 0.592789 0.867005
vt 0.724830 0.337109
vt 0.738683 0.332865
vt 0.978515 0.722368
vt 0.687641 0.341026
vt 0.114383 0.829480
vt 0.772033 0.325845
vt 0.655451 0.656022
vt 0.794594 0.313620
vt 0.842543 0.546472
vt 0.761812 0.252090
vt 0.779857 0.274859
vt 0.843192 0.587210
vt 0.764325 0.217037
vt 0.841980 0.646098
vt 0.751058 0.204442
vt 0.711891 0.247345
vt 0.722525 0.242819
vt 0.979715 0.813252
vt 0.683385 0.251990
vt 0.203382 0.829407
vt 0.744932 0.236585
vt 0.718922 0.722296
vt 0.700853 0.251039
vt 0.682139 0.867237
vt 0.744798 0.165421
vt 0.717395 0.291611
vt 0.728908 0.287683
vt 0.980782 0.768234
vt 0.705754 0.294630
vt 0.638580 0.868652
vt 0.685187 0.295329
vt 0.160083 0.827986
vt 0.757182 0.281302
vt 0.686068 0.690622
vt 0.844449 0.264510
vt 0.953875 0.172146
vt 0.864406 0.309811
vt 0.953059 0.221680
vt 0.870046 0.346080
vt 0.953448 0.258492
vt 0.865518 0.386252
vt 0.870807 0.087515
vt 0.857382 0.426308
vt 0.869096 0.128319
vt 0.873999 0.164830
vt 0.849995 0.462435
vt 0.093550 0.003417
vt 0.842832 0.497046
vt 0.128152 0.010625
vt 0.828410 0.556497
vt 0.188595 0.003471
vt 0.958323 0.091965
vt 0.822106 0.219162
vt 0.954754 0.121580
vt 0.835746 0.528053
vt 0.159949 0.009864
vt 0.595598 0.998535
vt 0.451425 0.965817
vt 0.702904 0.964171
vt 0.847091 0.998371
vt 0.740014 0.133311
vt 0.859940 0.001025
vt 0.453352 0.277995
vt 0.330363 0.591363
vt 0.409994 0.518683
vt 0.395518 0.532256
vt 0.379934 0.546459
vt 0.364132 0.560337
vt 0.350352 0.572210
vt 0.745215 0.085122
vt 0.181897 0.371035
vt 0.355548 0.599293
vt 0.604821 0.543057
vt 0.318268 0.558998
vt 0.290512 0.522804
vt 0.217730 0.029258
vt 0.560356 0.480301
vt 0.835306 0.546017
vt 0.625710 0.081812
vt 0.221910 0.001151
vt 0.596788 0.773802
vt 0.833456 0.585290
vt 0.665036 0.083444
vt 0.535828 0.086077
vt 0.830142 0.643413
vt 0.723099 0.078926
vt 0.739993 0.104682
vt 0.423181 0.553913
vt 0.302761 0.071669
vt 0.314193 0.071670
vt 0.325959 0.071674
vt 0.338021 0.071676
vt 0.291720 0.071667
vt 0.282500 0.071700
vt 0.003721 0.004260
vt 0.360366 0.029235
vt 0.450211 0.570291
vt 0.371592 0.002095
vt 0.640324 0.630629
vt 0.527690 0.450709
vt 0.550500 0.468224
vt 0.417607 0.548806
vt 0.641294 0.875049
vt 0.344920 0.071757
vt 0.039796 0.004042
vt 0.522284 0.445048
vt 0.788749 0.873300
vt 0.851338 0.557495
vt 0.555360 0.357512
vt 0.526324 0.366803
vt 0.517481 0.372160
vt 0.822757 0.950173
vt 0.575908 0.512084
vt 0.661350 0.949080
vt 0.460761 0.694356
vt 0.209359 0.410152
vt 0.324313 0.615870
vt 0.633934 0.521895
vt 0.604100 0.493567
vt 0.783313 0.319529
vt 0.770585 0.276262
vt 0.756929 0.225613
vt 0.523972 0.367905
vt 0.338741 0.582830
vt 0.524885 0.773381
vt 0.517026 0.592907
vt 0.591840 0.529128
vt 0.606232 0.512655
vt 0.582928 0.536940
vt 0.600935 0.521053
vt 0.567220 0.550549
vt 0.550724 0.564622
vt 0.533144 0.579444
vt 0.252339 0.495253
vt 0.282393 0.461294
vt 0.476863 0.184054
vt 0.294468 0.448347
vt 0.307067 0.435068
vt 0.708021 0.762905
vt 0.316211 0.425263
vt 0.232946 0.665310
vt 0.358551 0.522120
vt 0.238486 0.531330
vt 0.444069 0.788637
vt 0.261920 0.484027
vt 0.757605 0.953127
vt 0.903367 0.998234
vt 0.821977 0.205059
vt 0.954705 0.107476
vt 0.826175 0.028281
vt 0.458829 0.276327
vt 0.308302 0.610775
vt 0.648579 0.512830
vt 0.619989 0.484285
vt 0.530244 0.365550
vt 0.335060 0.739451
vt 0.691484 0.240793
vt 0.131230 0.343444
vt 0.688047 0.072052
vt 0.342091 0.770269
vt 0.114411 0.316680
vt 0.994807 0.303432
vt 0.994748 0.306311
vt 0.687329 0.076745
vt 0.686963 0.242243
vt 0.578997 0.158609
vt 0.531053 0.158955
vt 0.485274 0.159285
vt 0.441851 0.159599
vt 0.400596 0.159896
vt 0.984970 0.303699
vt 0.984910 0.306044
vt 0.956027 0.001693
vt 0.877453 0.041356
vt 0.367104 0.160138
vt 0.496958 0.837592
vt 0.537940 0.608766
vt 0.496958 0.797656
vt 0.001028 0.162780
vt 0.052732 0.162407
vt 0.306341 0.160577
vt 0.328065 0.160420
vt 0.251956 0.160969
vt 0.554717 0.158784
vt 0.463378 0.159443
vt 0.507855 0.159122
vt 0.024905 0.162608
vt 0.496958 0.818021
vt 0.312797 0.743371
vt 0.697589 0.262559
vt 0.319679 0.774342
vt 0.994207 0.280661
vt 0.067080 0.538679
vt 0.607346 0.371850
vt 0.090483 0.528931
vt 0.594773 0.062078
vt 0.087618 0.587975
vt 0.642252 0.412259
vt 0.110512 0.577764
vt 0.647038 0.054747
vt 0.103144 0.625886
vt 0.673455 0.438656
vt 0.117176 0.659877
vt 0.992624 0.029120
vt 0.134350 0.692517
vt 0.991834 0.066013
vt 0.156203 0.720613
vt 0.991971 0.101642
vt 0.266199 0.775164
vt 0.992893 0.227060
vt 0.293822 0.776608
vt 0.993535 0.254713
vt 0.291071 0.744849
vt 0.701906 0.283902
vt 0.267383 0.743162
vt 0.704593 0.307498
vt 0.167054 0.698332
vt 0.700564 0.419442
vt 0.148652 0.674605
vt 0.696473 0.449246
vt 0.134872 0.644854
vt 0.717007 0.064402
vt 0.123717 0.613387
vt 0.684943 0.055265
vt 0.820718 0.064590
vt 0.534757 0.001749
vt 0.443522 0.996973
vt 0.884813 0.431589
vt 0.504427 0.001056
vt 0.911310 0.446364
vt 0.955953 0.716802
vt 0.617999 0.584944
vt 0.955937 0.424920
vt 0.919953 0.738100
vt 0.066670 0.322681
vt 0.884297 0.749273
vt 0.125841 0.996027
vt 0.566420 0.684415
vt 0.105976 0.959807
vt 0.560200 0.036189
vt 0.088248 0.323268
vt 0.450635 0.994393
vt 0.001190 0.958323
vt 0.392043 0.785422
vt 0.630718 0.602333
vt 0.912265 0.833312
vt 0.550625 0.652671
vt 0.884520 0.837668
vt 0.037447 0.996416
vt 0.570875 0.674086
vt 0.094727 0.959838
vt 0.578349 0.205999
vt 0.080654 0.832123
vt 0.694750 0.269181
vt 0.569324 0.862879
vt 0.590500 0.040110
vt 0.137068 0.959844
vt 0.643891 0.035823
vt 0.190644 0.959989
vt 0.697559 0.285512
vt 0.574072 0.222633
vt 0.700906 0.313825
vt 0.976175 0.686945
vt 0.642196 0.636182
vt 0.556171 0.275459
vt 0.695753 0.422523
vt 0.860228 0.100806
vt 0.689967 0.453591
vt 0.867469 0.070100
vt 0.714523 0.053900
vt 0.264457 0.960575
vt 0.682044 0.040173
vt 0.229163 0.960724
vt 0.237541 0.769728
vt 0.992422 0.197879
vt 0.706367 0.336416
vt 0.238843 0.738191
vt 0.699935 0.301653
vt 0.569215 0.238825
vt 0.974082 0.698975
vt 0.578684 0.176856
vt 0.692082 0.259252
vt 0.090846 0.833478
vt 0.530232 0.200905
vt 0.615905 0.865963
vt 0.526729 0.214035
vt 0.510919 0.259235
vt 0.672221 0.672124
vt 0.503949 0.280853
vt 0.921836 0.690612
vt 0.522366 0.226842
vt 0.977786 0.745489
vt 0.530713 0.174320
vt 0.137509 0.830624
vt 0.484200 0.194838
vt 0.660694 0.865875
vt 0.480729 0.206316
vt 0.466505 0.244155
vt 0.703893 0.705160
vt 0.454212 0.262642
vt 0.923563 0.742147
vt 0.476292 0.217659
vt 0.978244 0.790813
vt 0.484977 0.172530
vt 0.182027 0.830780
vt 0.440645 0.189822
vt 0.702958 0.863909
vt 0.436083 0.201405
vt 0.421980 0.232813
vt 0.737026 0.735411
vt 0.399148 0.250146
vt 0.924613 0.797138
vt 0.430745 0.212363
vt 0.976351 0.835027
vt 0.441620 0.171443
vt 0.224164 0.832698
vt 0.399057 0.186098
vt 0.743251 0.863003
vt 0.394592 0.197799
vt 0.381042 0.225036
vt 0.767123 0.762788
vt 0.364104 0.244448
vt 0.924710 0.831877
vt 0.388967 0.209590
vt 0.975021 0.875421
vt 0.400378 0.171691
vt 0.264291 0.833466
vt 0.984375 0.281023
vt 0.959598 0.024094
vt 0.594187 0.379616
vt 0.956811 0.143998
vt 0.630427 0.421892
vt 0.955651 0.199677
vt 0.661269 0.448022
vt 0.955414 0.240195
vt 0.957025 0.277696
vt 0.981117 0.020433
vt 0.876274 0.067180
vt 0.982106 0.062250
vt 0.871412 0.108704
vt 0.982793 0.100137
vt 0.873068 0.146525
vt 0.983054 0.227735
vt 0.958834 0.077247
vt 0.983697 0.255209
vt 0.961191 0.049867
vt 0.889514 0.995827
vt 0.033839 0.977186
vt 0.982574 0.198707
vt 0.173835 0.004987
vt 0.440710 0.983542
vt 0.482310 0.996130
vt 0.122769 0.983464
vt 0.800250 0.996232
vt 0.363305 0.183177
vt 0.777872 0.862782
vt 0.359864 0.195079
vt 0.347586 0.218140
vt 0.791609 0.785425
vt 0.333402 0.239440
vt 0.923980 0.862378
vt 0.974109 0.908943
vt 0.799998 0.794425
vt 0.354276 0.207434
vt 0.298261 0.833478
vt 0.789011 0.864041
vt 0.365475 0.171947
vt 0.178277 0.995946
vt 0.884247 0.696837
vt 0.820916 0.108294
vt 0.509885 0.028287
vt 0.575625 0.470519
vt 0.934254 0.734364
vt 0.449017 0.996419
vt 0.826208 0.065186
vt 0.137845 0.002573
vt 0.524672 0.025648
vt 0.820707 0.093275
vt 0.534757 0.014478
vt 0.820668 0.077319
vt 0.446115 0.985013
vt 0.149526 0.001137
vt 0.476714 0.995883
vt 0.826341 0.106259
vt 0.833979 0.028210
vt 0.825729 0.093080
vt 0.825425 0.018167
vt 0.825666 0.077484
vt 0.125570 0.003515
vt 0.920103 0.701260
vt 0.955526 0.461761
vt 0.175981 0.983560
vt 0.747039 0.996304
vt 0.820826 0.117271
vt 0.579898 0.476702
vt 0.935467 0.947012
vt 0.415346 0.660898
vt 0.675239 0.947592
vt 0.625357 0.834127
vt 0.940810 0.946747
vt 0.825750 0.115182
vt 0.839511 0.035236
vt 0.053333 0.292711
vt 0.010295 0.287879
vt 0.621673 0.789660
vt 0.110734 0.283770
vt 0.940350 0.945846
vt 0.344447 0.881288
vt 0.279721 0.244651
vt 0.599342 0.832784
vt 0.470094 0.685675
vt 0.513403 0.837485
vt 0.526394 0.620498
vt 0.534184 0.837024
vt 0.512109 0.635627
vt 0.556945 0.836083
vt 0.496891 0.652608
vt 0.578416 0.834709
vt 0.483026 0.669086
vt 0.059245 0.253327
vt 0.246334 0.136342
vt 0.166691 0.005007
vt 0.151841 0.005007
vt 0.057998 0.238528
vt 0.378593 0.177082
vt 0.055339 0.219428
vt 0.055784 0.197352
vt 0.631891 0.696343
vt 0.627014 0.681729
vt 0.054930 0.181985
vt 0.165264 0.588621
vt 0.599525 0.792490
vt 0.007199 0.265685
vt 0.513536 0.797539
vt 0.001262 0.179417
vt 0.534485 0.797040
vt 0.001932 0.200441
vt 0.557421 0.796020
vt 0.003176 0.223456
vt 0.579047 0.794523
vt 0.004922 0.245149
vt 0.505414 0.226371
vt 0.045781 0.931411
vt 0.974134 0.006991
vt 0.505414 0.255109
vt 0.062261 0.908032
vt 0.656372 0.943728
vt 0.280005 0.272382
vt 0.938051 0.918056
vt 0.089349 0.812316
vt 0.536067 0.253484
vt 0.639563 0.918044
vt 0.974073 0.052941
vt 0.001396 0.527081
vt 0.925682 0.656082
vt 0.609779 0.082163
vt 0.537456 0.293729
vt 0.928627 0.688690
vt 0.642436 0.085317
vt 0.932533 0.739868
vt 0.693855 0.084866
vt 0.935058 0.794431
vt 0.510909 0.083607
vt 0.933242 0.830987
vt 0.933865 0.859078
vt 0.305511 0.182942
vt 0.326767 0.182245
vt 0.303786 0.194622
vt 0.324828 0.193250
vt 0.296892 0.220288
vt 0.317098 0.216825
vt 0.345349 0.903857
vt 0.301629 0.239042
vt 0.301002 0.206901
vt 0.321766 0.204549
vt 0.306166 0.172322
vt 0.327657 0.171709
vt 0.341267 0.928832
vt 0.979559 0.009093
vt 0.031096 0.003624
vt 0.518492 0.228515
vt 0.974000 0.020214
vt 0.533656 0.242534
vt 0.974016 0.041755
vt 0.528056 0.233639
vt 0.973740 0.031156
vt 0.979559 0.051760
vt 0.003691 0.014782
vt 0.979045 0.020387
vt 0.019759 0.004276
vt 0.979056 0.041568
vt 0.003332 0.025028
vt 0.978864 0.031157
vt 0.009501 0.001200
vt 0.006692 0.034822
vt 0.237837 0.283481
vt 0.133146 0.811295
vt 0.010500 0.527083
vt 0.974265 0.061959
vt 0.006679 0.001958
vt 0.883841 0.992102
vt 0.979053 0.059177
vt 0.005327 0.007458
vt 0.282160 0.887469
vt 0.877611 0.945950
vt 0.871435 0.918125
vt 0.070038 0.748560
vt 0.279682 0.926812
vt 0.974124 0.001406
vt 0.047398 0.936794
vt 0.509090 0.874660
vt 0.042042 0.001200
vt 0.936277 0.829911
vt 0.475505 0.082902
vt 0.937751 0.859080
vt 0.446427 0.082933
vt 0.803044 0.871215
vt 0.341227 0.934740
vt 0.978923 0.003152
vt 0.036994 0.002327
vt 0.279913 0.934453
vt 0.741691 0.871484
vt 0.250714 0.187488
vt 0.776200 0.830496
vt 0.312733 0.736588
vt 0.579401 0.177518
vt 0.058870 0.136340
vt 0.244406 0.230200
vt 0.238912 0.256239
vt 0.301488 0.734342
vt 0.252297 0.176750
vt 0.247524 0.201525
vt 0.247079 0.219012
vt 0.569728 0.184367
vt 0.013273 0.301104
vt 0.634985 0.787529
vt 0.656516 0.783209
vt 0.028634 0.316297
vt 0.917962 0.431209
vt 0.386967 0.641763
vt 0.655406 0.822604
vt 0.914203 0.470373
vt 0.531833 0.021682
vt 0.820490 0.085091
vt 0.825520 0.085069
vt 0.818487 0.014156
vt 0.118348 0.001195
vt 0.485161 0.986885
vt 0.262948 0.785154
vt 0.272173 0.788529
vt 0.475426 0.988192
vt 0.077135 0.562788
vt 0.624126 0.391870
vt 0.100460 0.552982
vt 0.620505 0.058092
vt 0.117995 0.597305
vt 0.667939 0.053764
vt 0.096104 0.608505
vt 0.658271 0.427650
vt 0.689712 0.447075
vt 0.109956 0.642880
vt 0.994765 0.010777
vt 0.125204 0.676578
vt 0.991892 0.047636
vt 0.144792 0.707242
vt 0.991868 0.084064
vt 0.992205 0.118606
vt 0.168252 0.732558
vt 0.195306 0.752280
vt 0.992270 0.152086
vt 0.251832 0.772930
vt 0.992625 0.212523
vt 0.706762 0.349079
vt 0.226530 0.735209
vt 0.203141 0.725845
vt 0.705824 0.374256
vt 0.178465 0.708979
vt 0.702673 0.403978
vt 0.157158 0.687082
vt 0.698518 0.434285
vt 0.732368 0.071024
vt 0.141288 0.660303
vt 0.694475 0.465208
vt 0.129139 0.629090
vt 0.701139 0.058961
vt 0.884265 0.545394
vt 0.329720 0.995966
vt 0.884408 0.794846
vt 0.080268 0.996198
vt 0.059800 0.521241
vt 0.595278 0.357309
vt 0.083219 0.511491
vt 0.576119 0.065063
vt 0.914933 0.791694
vt 0.579969 0.623040
vt 0.594252 0.642326
vt 0.055291 0.959826
vt 0.617063 0.037389
vt 0.163770 0.959853
vt 0.664925 0.036656
vt 0.211691 0.960335
vt 0.702541 0.351601
vt 0.869408 0.170657
vt 0.701114 0.376721
vt 0.861467 0.146781
vt 0.698078 0.406709
vt 0.859000 0.116742
vt 0.693014 0.437952
vt 0.862901 0.085365
vt 0.874248 0.054625
vt 0.730095 0.062181
vt 0.686825 0.470191
vt 0.282049 0.959332
vt 0.698426 0.046228
vt 0.246628 0.960913
vt 0.571667 0.040512
vt 0.118230 0.959842
vt 0.992301 0.183374
vt 0.223669 0.765489
vt 0.253055 0.740934
vt 0.705617 0.321962
vt 0.701555 0.327084
vt 0.549311 0.287227
vt 0.505444 0.270877
vt 0.553915 0.203540
vt 0.592951 0.864680
vt 0.550144 0.218268
vt 0.545506 0.232539
vt 0.976191 0.722550
vt 0.554331 0.175504
vt 0.114526 0.831806
vt 0.533202 0.267249
vt 0.657250 0.654539
vt 0.922117 0.672516
vt 0.521104 0.288039
vt 0.459230 0.255348
vt 0.482318 0.272334
vt 0.922495 0.713228
vt 0.424267 0.255106
vt 0.924244 0.772202
vt 0.411550 0.243229
vt 0.458210 0.203574
vt 0.453337 0.214576
vt 0.977386 0.813144
vt 0.463116 0.171839
vt 0.203275 0.831735
vt 0.444120 0.237954
vt 0.720509 0.720588
vt 0.462227 0.192148
vt 0.682032 0.864909
vt 0.372420 0.235722
vt 0.503582 0.209916
vt 0.499311 0.221799
vt 0.978451 0.768248
vt 0.506919 0.197888
vt 0.638582 0.866321
vt 0.507539 0.173345
vt 0.160073 0.830317
vt 0.488749 0.251387
vt 0.687754 0.689013
vt 0.612195 0.401323
vt 0.956206 0.172196
vt 0.646292 0.437162
vt 0.955390 0.221694
vt 0.982829 0.001186
vt 0.677498 0.456309
vt 0.955778 0.258413
vt 0.981270 0.041313
vt 0.873118 0.087820
vt 0.982606 0.081725
vt 0.871423 0.128185
vt 0.982896 0.118137
vt 0.094237 0.001189
vt 0.876255 0.164242
vt 0.982557 0.152949
vt 0.128316 0.008300
vt 0.187915 0.001241
vt 0.982783 0.213275
vt 0.956052 0.091440
vt 0.578902 0.363267
vt 0.957085 0.121619
vt 0.982457 0.184282
vt 0.159641 0.007553
vt 0.595600 0.996204
vt 0.327421 0.983545
vt 0.075948 0.982414
vt 0.847083 0.996040
vt 0.340193 0.229883
vt 0.820490 0.110281
vt 0.576298 0.472164
vt 0.030766 0.289149
vt 0.025140 0.179282
vt 0.025799 0.200155
vt 0.027019 0.223076
vt 0.028736 0.244739
vt 0.031000 0.265366
vt 0.289478 0.232568
vt 0.610718 0.791140
vt 0.008658 0.276908
vt 0.058356 0.274021
vt 0.103538 0.267487
vt 0.924520 0.946406
vt 0.328707 0.882566
vt 0.927518 0.671828
vt 0.625542 0.084137
vt 0.920666 0.918227
vt 0.084392 0.795652
vt 0.930328 0.711190
vt 0.665044 0.085774
vt 0.934153 0.769555
vt 0.723429 0.081234
vt 0.535855 0.083746
vt 0.310079 0.228405
vt 0.179780 0.928173
vt 0.975948 0.041678
vt 0.975737 0.031159
vt 0.975952 0.020288
vt 0.976469 0.008825
vt 0.976451 0.052055
vt 0.976895 0.060930
vt 0.006005 0.004727
vt 0.781906 0.945001
vt 0.187160 0.897010
vt 0.770954 0.917882
vt 0.040648 0.652472
vt 0.326709 0.927356
vt 0.330412 0.899574
vt 0.179458 0.934756
vt 0.641233 0.872719
vt 0.976720 0.002229
vt 0.039345 0.001755
vt 0.326984 0.934386
vt 0.788791 0.870970
vt 0.955758 0.607263
vt 0.915147 0.555839
vt 0.505950 0.536088
vt 0.927228 0.619484
vt 0.512175 0.541346
vt 0.822751 0.947842
vt 0.462636 0.695741
vt 0.611832 0.831943
vt 0.661553 0.946758
vt 0.239457 0.242608
vt 0.019217 0.309979
vt 0.645455 0.785664
vt 0.396221 0.649803
vt 0.644179 0.825376
vt 0.526591 0.278530
vt 0.483327 0.264785
vt 0.432701 0.249737
vt 0.507384 0.536697
vt 0.032103 0.276940
vt 0.513458 0.816476
vt 0.611131 0.808633
vt 0.632645 0.810171
vt 0.599350 0.809420
vt 0.623197 0.807913
vt 0.578698 0.810918
vt 0.557161 0.812641
vt 0.534317 0.814596
vt 0.153820 0.274671
vt 0.151030 0.259613
vt 0.565921 0.357703
vt 0.903383 0.995903
vt 0.957036 0.107495
vt 0.021198 0.971482
vt 0.508634 0.026128
vt 0.936264 0.732886
vt 0.033197 0.316917
vt 0.922497 0.430460
vt 0.918859 0.469213
vt 0.930140 0.617887
vt 0.537926 0.282963
vt 0.285251 0.808183
vt 0.451996 0.991090
vt 0.090022 0.320158
vt 0.542645 0.987233
vt 0.474186 0.758509
vt 0.595384 0.986115
vt 0.524835 0.744651
vt 0.569007 0.986484
vt 0.500146 0.753922
vt 0.595284 0.983786
vt 0.155031 0.767069
vt 0.542540 0.984906
vt 0.205684 0.781025
vt 0.568904 0.984156
vt 0.179726 0.776355
vt 0.882061 0.877733
vt 0.790993 0.198927
vt 0.181170 0.708613
vt 0.792182 0.193783
vt 0.774650 0.980041
vt 0.882214 0.872455
vt 0.965002 0.414535
vt 0.853458 0.870006
vt 0.961593 0.418608
vt 0.207503 0.697377
vt 0.882144 0.001197
vt 0.853533 0.875318
vt 0.884274 0.869615
vt 0.005503 0.996973
vt 0.043586 0.482213
vt 0.001466 0.993605
vt 0.045306 0.487181
vt 0.571843 0.328657
vt 0.525981 0.681780
vt 0.069220 0.477241
vt 0.539613 0.071095
vt 0.526433 0.676511
vt 0.910289 0.867219
vt 0.067705 0.472174
vt 0.631802 0.985874
vt 0.557039 0.727665
vt 0.659544 0.986120
vt 0.577108 0.708522
vt 0.659582 0.983789
vt 0.102658 0.730805
vt 0.631830 0.983544
vt 0.122732 0.749969
vt 0.617923 0.639292
vt 0.739908 0.988121
vt 0.627684 0.618535
vt 0.762838 0.988913
vt 0.051920 0.640802
vt 0.762940 0.986585
vt 0.061711 0.661552
vt 0.740009 0.985793
vt 0.634931 0.447864
vt 0.847288 0.677665
vt 0.846885 0.689586
vt 0.642711 0.456904
vt 0.686053 0.950172
vt 0.584863 0.490010
vt 0.582778 0.477455
vt 0.698743 0.950370
vt 0.586436 0.979557
vt 0.882395 0.684240
vt 0.574569 0.979580
vt 0.882385 0.672373
vt 0.576836 0.965575
vt 0.721009 0.998618
vt 0.732877 0.998626
vt 0.588704 0.965552
vt 0.600646 0.466007
vt 0.607301 0.475469
vt 0.597514 0.481408
vt 0.591663 0.471493
vt 0.612074 0.472995
vt 0.605253 0.463552
vt 0.919658 0.687901
vt 0.955523 0.475131
vt 0.955530 0.487061
vt 0.919257 0.675976
vt 0.421236 0.636775
vt 0.698784 0.948040
vt 0.416558 0.649424
vt 0.686099 0.947842
vt 0.204313 0.995949
vt 0.884252 0.670801
vt 0.192442 0.995948
vt 0.884250 0.682672
vt 0.190141 0.983557
vt 0.732879 0.996295
vt 0.202011 0.983556
vt 0.721009 0.996287
vt 0.397444 0.631286
vt 0.915706 0.484248
vt 0.916849 0.495874
vt 0.406411 0.622700
vt 0.413669 0.629228
vt 0.405508 0.638408
vt 0.921198 0.494713
vt 0.920179 0.483020
vt 0.552740 0.979622
vt 0.882366 0.650544
vt 0.882338 0.617887
vt 0.520084 0.979685
vt 0.522361 0.965680
vt 0.666534 0.998582
vt 0.699164 0.998604
vt 0.554991 0.965617
vt 0.621872 0.432775
vt 0.847959 0.657754
vt 0.849070 0.624825
vt 0.600107 0.407930
vt 0.568858 0.422880
vt 0.588067 0.448731
vt 0.573471 0.458463
vt 0.719862 0.950467
vt 0.752140 0.950500
vt 0.557288 0.430528
vt 0.580101 0.453257
vt 0.562683 0.426401
vt 0.573072 0.420853
vt 0.592607 0.446576
vt 0.884260 0.616308
vt 0.258806 0.995956
vt 0.226134 0.995952
vt 0.884256 0.648980
vt 0.223852 0.983554
vt 0.699168 0.996273
vt 0.256488 0.983551
vt 0.666532 0.996251
vt 0.917456 0.623150
vt 0.955610 0.539915
vt 0.955554 0.506955
vt 0.918581 0.656093
vt 0.423228 0.607369
vt 0.918739 0.517195
vt 0.449013 0.584542
vt 0.921487 0.549444
vt 0.457877 0.593498
vt 0.752121 0.948169
vt 0.434897 0.619039
vt 0.719837 0.948137
vt 0.453649 0.588523
vt 0.429603 0.612711
vt 0.922865 0.515852
vt 0.925269 0.548211
vt 0.438953 0.783812
vt 0.293795 0.376712
vt 0.226957 0.457821
vt 0.210330 0.486409
vt 0.497201 0.789588
vt 0.344360 0.534949
vt 0.152381 0.001021
vt 0.380659 0.180533
vt 0.482239 0.777233
vt 0.554623 0.765591
vt 0.578001 0.751997
vt 0.060123 0.308222
vt 0.235694 0.446933
vt 0.263761 0.411937
vt 0.274163 0.399402
vt 0.743510 0.795804
vt 0.281826 0.389556
vt 0.266676 0.701428
vt 0.252221 0.425577
vt 0.523466 0.185946
vt 0.245041 0.435207
vt 0.103727 0.139776
vt 0.273800 0.470841
vt 0.149440 0.139670
vt 0.304316 0.509173
vt 0.198428 0.139763
vt 0.197675 0.265298
vt 0.099890 0.162067
vt 0.153415 0.161680
vt 0.198385 0.293629
vt 0.173876 0.810559
vt 0.206838 0.810003
vt 0.166365 0.301701
vt 0.102764 0.233613
vt 0.423637 0.178644
vt 0.102204 0.215603
vt 0.101621 0.195708
vt 0.665434 0.727744
vt 0.101099 0.181414
vt 0.197087 0.622210
vt 0.152140 0.229146
vt 0.473309 0.180492
vt 0.152506 0.211529
vt 0.152765 0.193340
vt 0.702990 0.762845
vt 0.153091 0.180035
vt 0.232855 0.660280
vt 0.202518 0.161326
vt 0.197189 0.250860
vt 0.199457 0.206853
vt 0.200721 0.190839
vt 0.738479 0.795744
vt 0.202075 0.178607
vt 0.266585 0.696398
vt 0.198295 0.224505
vt 0.519912 0.182384
vt 0.196911 0.236640
vt 0.107339 0.136119
vt 0.151662 0.241927
vt 0.153101 0.136219
vt 0.103162 0.248096
vt 0.202088 0.136311
vt 0.692066 0.155470
vt 0.779563 0.864627
vt 0.787003 0.865467
vt 0.684664 0.156918
vt 0.693869 0.091308
vt 0.212472 0.327747
vt 0.685281 0.092045
vt 0.217778 0.321031
vt 0.684363 0.119590
vt 0.691436 0.118984
vt 0.302509 0.737827
vt 0.246297 0.354601
vt 0.310062 0.739352
vt 0.241836 0.360825
vt 0.779594 0.863532
vt 0.364023 0.181433
vt 0.787181 0.864399
vt 0.365512 0.173820
vt 0.305319 0.181072
vt 0.305773 0.174195
vt 0.327564 0.173569
vt 0.326960 0.180487
vt 0.303466 0.734630
vt 0.251585 0.178525
vt 0.311022 0.736127
vt 0.250482 0.185807
vt 0.726021 0.141603
vt 0.792059 0.788348
vt 0.797770 0.794469
vt 0.718659 0.145952
vt 0.192029 0.361775
vt 0.731621 0.083649
vt 0.196001 0.353160
vt 0.722230 0.086496
vt 0.717974 0.114116
vt 0.726643 0.110720
vt 0.572636 0.186406
vt 0.220491 0.389596
vt 0.579065 0.181575
vt 0.216558 0.396554
vt 0.792736 0.787216
vt 0.348774 0.216375
vt 0.798553 0.793456
vt 0.353399 0.208982
vt 0.297568 0.217632
vt 0.300067 0.208897
vt 0.321081 0.206473
vt 0.318091 0.214451
vt 0.571172 0.183379
vt 0.246359 0.220546
vt 0.577709 0.178674
vt 0.244484 0.228169
vt 0.671434 0.134468
vt 0.671434 0.143536
vt 0.693436 0.141091
vt 0.693343 0.131969
vt 0.704392 0.129337
vt 0.704615 0.138465
vt 0.728265 0.129116
vt 0.728771 0.119343
vt 0.557132 0.445821
vt 0.751390 0.105742
vt 0.843149 0.746492
vt 0.750778 0.115966
vt 0.557268 0.435533
vt 0.715811 0.125278
vt 0.716197 0.134459
vt 0.682458 0.133709
vt 0.682623 0.142803
vt 0.541794 0.431300
vt 0.828143 0.742489
vt 0.546038 0.424617
vt 0.811678 0.875049
vt 0.537311 0.427468
vt 0.541905 0.421114
vt 0.822831 0.741669
vt 0.437444 0.085987
vt 0.819241 0.876809
vt 0.739156 0.113189
vt 0.739010 0.123084
vt 0.351305 0.160252
vt 0.342472 0.160316
vt 0.339874 0.182374
vt 0.348790 0.182678
vt 0.346013 0.194013
vt 0.337028 0.193548
vt 0.326766 0.216464
vt 0.336293 0.216834
vt 0.921928 0.873507
vt 0.321868 0.237986
vt 0.357335 0.919362
vt 0.349592 0.911488
vt 0.310538 0.238154
vt 0.341619 0.205680
vt 0.332590 0.204994
vt 0.350533 0.171557
vt 0.341690 0.171544
vt 0.934218 0.869016
vt 0.358531 0.932413
vt 0.350937 0.930831
vt 0.358320 0.936669
vt 0.938405 0.868299
vt 0.437233 0.083669
vt 0.819844 0.874560
vt 0.350631 0.935599
vt 0.812324 0.872810
vt 0.329558 0.228413
vt 0.319449 0.228106
vt 0.684170 0.132611
vt 0.684350 0.141664
vt 0.691729 0.140529
vt 0.691671 0.131473
vt 0.350608 0.173421
vt 0.341663 0.173426
vt 0.340458 0.180644
vt 0.349397 0.180930
vt 0.717387 0.123851
vt 0.717652 0.133151
vt 0.725925 0.129209
vt 0.726263 0.119581
vt 0.341254 0.207521
vt 0.331968 0.206921
vt 0.328281 0.214292
vt 0.337655 0.214833
vt 0.479881 0.886301
vt 0.761613 0.707751
vt 0.719288 0.809515
vt 0.746255 0.738529
vt 0.731408 0.391630
vt 0.346702 0.830057
vt 0.757734 0.402863
vt 0.145435 0.871253
vt 0.710475 0.440635
vt 0.394358 0.853889
vt 0.736813 0.451222
vt 0.195910 0.856151
vt 0.694353 0.477872
vt 0.432944 0.866124
vt 0.680008 0.511484
vt 0.469421 0.866932
vt 0.668848 0.546730
vt 0.506049 0.861791
vt 0.664432 0.582249
vt 0.541252 0.855119
vt 0.664255 0.825970
vt 0.704472 0.699352
vt 0.723226 0.719919
vt 0.690988 0.818220
vt 0.458406 0.888520
vt 0.745231 0.693688
vt 0.434889 0.888809
vt 0.729764 0.675971
vt 0.690921 0.574347
vt 0.325303 0.872215
vt 0.694801 0.545019
vt 0.296845 0.863915
vt 0.706252 0.514816
vt 0.265715 0.855215
vt 0.720737 0.485253
vt 0.233108 0.851008
vt 0.785369 0.150497
vt 0.972408 0.533397
vt 0.914473 0.445207
vt 0.763524 0.138251
vt 0.785369 0.181583
vt 0.887255 0.430189
vt 0.176056 0.582806
vt 0.732909 0.511881
vt 0.877388 0.137376
vt 0.508679 0.365356
vt 0.397180 0.775710
vt 0.914652 0.127999
vt 0.971880 0.850605
vt 0.998426 0.189477
vt 0.782224 0.412508
vt 0.106905 0.849413
vt 0.491632 0.348902
vt 0.718979 0.492672
vt 0.998956 0.292127
vt 0.584245 0.004618
vt 0.883452 0.043843
vt 0.799048 0.445468
vt 0.914497 0.039614
vt 0.972110 0.938990
vt 0.998395 0.200727
vt 0.777733 0.422824
vt 0.473603 0.882444
vt 0.630362 0.363781
vt 0.001622 0.954449
vt 0.588848 0.858059
vt 0.137450 0.848737
vt 0.998390 0.158384
vt 0.998244 0.104789
vt 0.189609 0.836467
vt 0.457249 0.883796
vt 0.614258 0.360113
vt 0.563203 0.348197
vt 0.375753 0.842602
vt 0.429086 0.884095
vt 0.050900 0.818819
vt 0.323366 0.865888
vt 0.779786 0.133865
vt 0.294139 0.855453
vt 0.772690 0.103706
vt 0.262045 0.843737
vt 0.997656 0.031077
vt 0.227997 0.835027
vt 0.997509 0.066254
vt 0.687816 0.675182
vt 0.635900 0.833620
vt 0.406085 0.887637
vt 0.713104 0.652449
vt 0.402641 0.882966
vt 0.539686 0.335145
vt 0.156224 0.574532
vt 0.765983 0.212545
vt 0.441107 0.884382
vt 0.598660 0.355546
vt 0.387600 0.840540
vt 0.653767 0.364301
vt 0.483614 0.880814
vt 0.011676 0.953115
vt 0.635009 0.854953
vt 0.634523 0.317400
vt 0.621803 0.314236
vt 0.578375 0.303543
vt 0.097118 0.814622
vt 0.555084 0.296487
vt 0.183623 0.604891
vt 0.609383 0.310234
vt 0.433715 0.844258
vt 0.057979 0.955986
vt 0.656554 0.317970
vt 0.639741 0.272451
vt 0.679960 0.855041
vt 0.628644 0.269291
vt 0.592337 0.258994
vt 0.143050 0.813650
vt 0.571899 0.246842
vt 0.220637 0.640736
vt 0.479213 0.844719
vt 0.617666 0.265192
vt 0.658643 0.273298
vt 0.102650 0.955829
vt 0.643915 0.230064
vt 0.722239 0.857008
vt 0.632729 0.225844
vt 0.602445 0.214461
vt 0.187958 0.815688
vt 0.582684 0.192066
vt 0.260165 0.678821
vt 0.622144 0.220865
vt 0.523453 0.842824
vt 0.660025 0.231094
vt 0.144785 0.953911
vt 0.762480 0.857913
vt 0.646842 0.189676
vt 0.635525 0.185544
vt 0.608925 0.173647
vt 0.228587 0.817609
vt 0.587219 0.157188
vt 0.284918 0.703074
vt 0.624103 0.180282
vt 0.563817 0.841496
vt 0.184853 0.953145
vt 0.660048 0.190996
vt 0.722836 0.820564
vt 0.867374 0.057941
vt 0.336748 0.843818
vt 0.516305 0.075939
vt 0.386469 0.868905
vt 0.571581 0.069079
vt 0.425056 0.881140
vt 0.611919 0.064685
vt 0.462683 0.881351
vt 0.649558 0.062436
vt 0.504192 0.873788
vt 0.691651 0.065072
vt 0.541785 0.866195
vt 0.729015 0.073548
vt 0.667803 0.837019
vt 0.852446 0.113222
vt 0.694536 0.829269
vt 0.857479 0.085847
vt 0.951227 0.942565
vt 0.998576 0.737383
vt 0.639448 0.844669
vt 0.851302 0.142551
vt 0.998861 0.330133
vt 0.958403 0.535662
vt 0.957687 0.853650
vt 0.998977 0.648120
vt 0.649009 0.155042
vt 0.796969 0.858136
vt 0.637546 0.151760
vt 0.614702 0.140364
vt 0.261809 0.818913
vt 0.591189 0.126714
vt 0.306122 0.724761
vt 0.273861 0.818492
vt 0.625524 0.146648
vt 0.597245 0.840584
vt 0.807802 0.856910
vt 0.660001 0.157163
vt 0.218672 0.953128
vt 0.971897 0.798170
vt 0.914663 0.180434
vt 0.763523 0.092586
vt 0.813532 0.177163
vt 0.177203 0.554257
vt 0.971350 0.527316
vt 0.757352 0.138326
vt 0.589354 0.022421
vt 0.810752 0.162647
vt 0.763523 0.107366
vt 0.798110 0.151063
vt 0.763524 0.125498
vt 0.959877 0.530197
vt 0.582068 0.013103
vt 0.998612 0.324478
vt 0.757351 0.093723
vt 0.496857 0.022227
vt 0.757351 0.107366
vt 0.487982 0.032590
vt 0.757351 0.125498
vt 0.597744 0.032124
vt 0.878689 0.175903
vt 0.367766 0.750687
vt 0.999047 0.594904
vt 0.957892 0.800434
vt 0.275303 0.945809
vt 0.763524 0.083255
vt 0.183554 0.547431
vt 0.401618 0.683296
vt 0.014900 0.945241
vt 0.758364 0.084785
vt 0.280678 0.946075
vt 0.502422 0.015160
vt 0.495234 0.394729
vt 0.523108 0.429640
vt 0.437013 0.712918
vt 0.448817 0.359909
vt 0.833135 0.878677
vt 0.584386 0.076970
vt 0.058002 0.911309
vt 0.303659 0.262752
vt 0.421090 0.665719
vt 0.613424 0.539075
vt 0.548051 0.595545
vt 0.478796 0.601404
vt 0.464376 0.616472
vt 0.563216 0.581227
vt 0.448885 0.633285
vt 0.580241 0.565968
vt 0.434603 0.649499
vt 0.596775 0.552055
vt 0.994904 0.607208
vt 0.461729 0.416048
vt 0.274917 0.825106
vt 0.413840 0.469047
vt 0.571788 0.131388
vt 0.584238 0.140463
vt 0.424196 0.457666
vt 0.946393 0.727930
vt 0.416157 0.397641
vt 0.988010 0.665429
vt 0.403649 0.410647
vt 0.389817 0.425015
vt 0.945151 0.775358
vt 0.379956 0.435430
vt 0.524062 0.133382
vt 0.509372 0.447309
vt 0.450767 0.695224
vt 0.508086 0.630830
vt 0.452100 0.511583
vt 0.493609 0.646004
vt 0.466566 0.496438
vt 0.478091 0.662951
vt 0.482071 0.479526
vt 0.496312 0.463198
vt 0.463834 0.679305
vt 0.568800 0.030722
vt 0.006736 0.611074
vt 0.965513 0.006923
vt 0.568798 0.001018
vt 0.030942 0.628049
vt 0.631420 0.676957
vt 0.323920 0.242835
vt 0.850706 0.856331
vt 0.782992 0.001040
vt 0.537147 0.001018
vt 0.637730 0.645942
vt 0.965513 0.054834
vt 0.870104 0.287370
vt 0.588306 0.076822
vt 0.579645 0.480279
vt 0.541264 0.018611
vt 0.157462 0.572560
vt 0.306901 0.031777
vt 0.767924 0.213837
vt 0.188566 0.597529
vt 0.556571 0.512954
vt 0.226751 0.631464
vt 0.522631 0.551209
vt 0.266982 0.668081
vt 0.481679 0.587126
vt 0.292508 0.694110
vt 0.312964 0.713243
vt 0.647086 0.091435
vt 0.246420 0.294020
vt 0.649669 0.119388
vt 0.634918 0.089878
vt 0.256714 0.286729
vt 0.638387 0.117874
vt 0.608764 0.083251
vt 0.281196 0.273710
vt 0.613684 0.110325
vt 0.036713 0.911826
vt 0.590112 0.097485
vt 0.622413 0.087189
vt 0.268537 0.279786
vt 0.626689 0.115129
vt 0.659716 0.092549
vt 0.236395 0.302023
vt 0.660359 0.120278
vt 0.010411 0.906131
vt 0.971693 0.008243
vt 0.575253 0.024790
vt 0.555855 0.027834
vt 0.965525 0.020189
vt 0.539766 0.012159
vt 0.965531 0.043384
vt 0.545647 0.021969
vt 0.965528 0.031954
vt 0.971705 0.054277
vt 0.580726 0.014505
vt 0.971694 0.020187
vt 0.575908 0.012865
vt 0.971699 0.043384
vt 0.581076 0.025387
vt 0.572465 0.001607
vt 0.577307 0.036186
vt 0.971696 0.031953
vt 0.738216 0.001990
vt 0.361708 0.266848
vt 0.860468 0.287893
vt 0.577655 0.001289
vt 0.974489 0.541443
vt 0.965635 0.064485
vt 0.970764 0.061965
vt 0.579048 0.006944
vt 0.051219 0.847355
vt 0.787469 0.833014
vt 0.802540 0.808798
vt 0.802645 0.065777
vt 0.012627 0.844670
vt 0.965572 0.001075
vt 0.312172 0.944532
vt 0.572756 0.036082
vt 0.001038 0.612298
vt 0.294731 0.690323
vt 0.455520 0.611121
vt 0.316497 0.709594
vt 0.432840 0.629196
vt 0.003533 0.905883
vt 0.018381 0.941071
vt 0.970717 0.002076
vt 0.573919 0.030895
vt 0.079391 0.941361
vt 0.004275 0.844877
vt 0.315654 0.298235
vt 0.087529 0.819812
vt 0.076886 0.824750
vt 0.995375 0.809954
vt 0.305278 0.304269
vt 0.340081 0.286090
vt 0.291122 0.314978
vt 0.940707 0.924883
vt 0.279479 0.323568
vt 0.946027 0.934872
vt 0.372535 0.140893
vt 0.270084 0.330380
vt 0.530643 0.418140
vt 0.428894 0.724006
vt 0.530851 0.395253
vt 0.416085 0.743520
vt 0.387671 0.714376
vt 0.806274 0.154547
vt 0.763523 0.116621
vt 0.479903 0.037105
vt 0.605698 0.036065
vt 0.757351 0.116621
vt 0.608460 0.030235
vt 0.979701 0.940036
vt 0.599226 0.026926
vt 0.978394 0.949753
vt 0.721166 0.415626
vt 0.369861 0.842073
vt 0.747491 0.426778
vt 0.170252 0.863443
vt 0.728139 0.470106
vt 0.216282 0.852051
vt 0.701769 0.460886
vt 0.414904 0.861874
vt 0.687053 0.494483
vt 0.451030 0.867590
vt 0.673742 0.528939
vt 0.487840 0.864769
vt 0.665792 0.564622
vt 0.523909 0.858546
vt 0.557954 0.851515
vt 0.664569 0.599335
vt 0.669956 0.632696
vt 0.590972 0.844320
vt 0.695776 0.687594
vt 0.650154 0.829851
vt 0.393565 0.886660
vt 0.706599 0.641707
vt 0.368958 0.882917
vt 0.696892 0.618789
vt 0.340187 0.876266
vt 0.691454 0.589764
vt 0.691916 0.559600
vt 0.311087 0.868169
vt 0.699794 0.529990
vt 0.281675 0.859367
vt 0.713406 0.499899
vt 0.249441 0.852245
vt 0.914541 0.331876
vt 0.972189 0.646728
vt 0.914576 0.082427
vt 0.971969 0.896177
vt 0.329981 0.821273
vt 0.738820 0.374257
vt 0.765149 0.385491
vt 0.127446 0.877009
vt 0.880756 0.085451
vt 0.769605 0.474991
vt 0.998408 0.240161
vt 0.754241 0.454496
vt 0.163308 0.842052
vt 0.998380 0.131676
vt 0.210545 0.834123
vt 0.997898 0.083725
vt 0.770755 0.202517
vt 0.391657 0.881325
vt 0.367356 0.876918
vt 0.778566 0.179087
vt 0.338488 0.870270
vt 0.780994 0.149563
vt 0.308789 0.860942
vt 0.777168 0.118697
vt 0.998890 0.013625
vt 0.278541 0.849564
vt 0.766005 0.088433
vt 0.245065 0.838561
vt 0.997319 0.048825
vt 0.998391 0.177220
vt 0.118893 0.851966
vt 0.621718 0.837189
vt 0.680887 0.662304
vt 0.721205 0.664366
vt 0.420476 0.888372
vt 0.415864 0.883532
vt 0.551445 0.341670
vt 0.566733 0.298386
vt 0.632320 0.340506
vt 0.611984 0.856240
vt 0.618038 0.337107
vt 0.604185 0.332863
vt 0.410701 0.842660
vt 0.655222 0.341025
vt 0.034927 0.954800
vt 0.074026 0.816476
vt 0.570835 0.325844
vt 0.548274 0.313619
vt 0.171415 0.591503
vt 0.581056 0.252089
vt 0.563011 0.274858
vt 0.199763 0.620768
vt 0.578543 0.217036
vt 0.242260 0.661550
vt 0.591810 0.204441
vt 0.630976 0.247344
vt 0.620343 0.242818
vt 0.501586 0.843859
vt 0.659481 0.251990
vt 0.123927 0.954873
vt 0.597936 0.236584
vt 0.165769 0.814491
vt 0.642014 0.251038
vt 0.701334 0.856008
vt 0.598070 0.165420
vt 0.625473 0.291610
vt 0.613959 0.287682
vt 0.456568 0.844926
vt 0.637113 0.294629
vt 0.657775 0.854593
vt 0.657678 0.295329
vt 0.080628 0.956293
vt 0.585686 0.281300
vt 0.120141 0.813658
vt 0.361715 0.856932
vt 0.544290 0.072448
vt 0.593480 0.066560
vt 0.407016 0.876890
vt 0.630138 0.063175
vt 0.443284 0.882531
vt 0.483456 0.878005
vt 0.670591 0.063010
vt 0.523512 0.869869
vt 0.711047 0.068597
vt 0.746099 0.079929
vt 0.559640 0.862483
vt 0.875471 0.219744
vt 0.594251 0.855321
vt 0.859740 0.188093
vt 0.653702 0.840900
vt 0.851362 0.127807
vt 0.316368 0.834588
vt 0.494079 0.078503
vt 0.852428 0.157138
vt 0.625258 0.848236
vt 0.998941 0.443462
vt 0.958184 0.648992
vt 0.956538 0.900471
vt 0.998787 0.694956
vt 0.602854 0.133311
vt 0.763523 0.090363
vt 0.178717 0.552631
vt 0.508445 0.413280
vt 0.435766 0.492911
vt 0.449339 0.478435
vt 0.463542 0.462851
vt 0.477420 0.447050
vt 0.489293 0.433269
vt 0.288118 0.264814
vt 0.597653 0.085122
vt 0.443778 0.704100
vt 0.516376 0.438465
vt 0.476081 0.401185
vt 0.439887 0.373429
vt 0.820646 0.866199
vt 0.056084 0.893885
vt 0.176212 0.586064
vt 0.566748 0.499490
vt 0.837566 0.843369
vt 0.788348 0.018698
vt 0.542136 0.530206
vt 0.205289 0.612525
vt 0.500577 0.571006
vt 0.248732 0.651281
vt 0.602875 0.104682
vt 0.011138 0.744836
vt 0.968613 0.043385
vt 0.968612 0.031953
vt 0.968608 0.020188
vt 0.968606 0.008125
vt 0.968615 0.054426
vt 0.968582 0.063646
vt 0.578381 0.004266
vt 0.719803 0.765325
vt 0.041832 0.752367
vt 0.731057 0.738195
vt 0.831885 0.161870
vt 0.012060 0.891711
vt 0.040575 0.895455
vt 0.003585 0.744506
vt 0.179819 0.942595
vt 0.968524 0.001226
vt 0.573360 0.033184
vt 0.004235 0.891891
vt 0.032362 0.940847
vt 0.883595 0.321347
vt 0.258233 0.654638
vt 0.267524 0.625602
vt 0.272881 0.616759
vt 0.162519 0.944983
vt 0.001112 0.946082
vt 0.412805 0.675187
vt 0.623530 0.531587
vt 0.327234 0.292276
vt 0.532952 0.407230
vt 0.422615 0.733213
vt 0.394288 0.703379
vt 0.559555 0.319527
vt 0.572283 0.276261
vt 0.585939 0.225612
vt 0.268626 0.623250
vt 0.499913 0.421658
vt 0.716446 0.019119
vt 0.493628 0.616305
vt 0.429849 0.691118
vt 0.413376 0.705511
vt 0.437661 0.682207
vt 0.421774 0.700214
vt 0.451270 0.666499
vt 0.465343 0.650003
vt 0.480165 0.632423
vt 0.412335 0.335256
vt 0.378377 0.365310
vt 0.990460 0.715074
vt 0.365430 0.377385
vt 0.352151 0.389984
vt 0.943806 0.826746
vt 0.342346 0.399128
vt 0.471878 0.135741
vt 0.439203 0.441468
vt 0.448413 0.321403
vt 0.635629 0.003863
vt 0.401110 0.344837
vt 0.998652 0.751233
vt 0.480044 0.079900
vt 0.302264 0.834459
vt 0.945494 0.955173
vt 0.809732 0.177760
vt 0.177049 0.558107
vt 0.527858 0.391219
vt 0.413551 0.747858
vt 0.385006 0.719268
vt 0.266271 0.629522
vt 0.112716 0.356414
vt 0.665591 0.069461
vt 0.095683 0.329647
vt 0.994148 0.329082
vt 0.083694 0.674900
vt 0.802448 0.300439
vt 0.107136 0.665245
vt 0.325547 0.040836
vt 0.063361 0.625519
vt 0.806338 0.353694
vt 0.086771 0.616552
vt 0.377811 0.048170
vt 0.047534 0.587732
vt 0.802941 0.394424
vt 0.033422 0.553775
vt 0.992565 0.580623
vt 0.022487 0.518550
vt 0.991774 0.543730
vt 0.018074 0.483231
vt 0.991911 0.508101
vt 0.057285 0.366881
vt 0.992833 0.382683
vt 0.075797 0.346327
vt 0.993476 0.355030
vt 0.096308 0.370731
vt 0.643833 0.068569
vt 0.080750 0.388673
vt 0.620109 0.069640
vt 0.041502 0.491314
vt 0.385970 0.039341
vt 0.045266 0.521104
vt 0.416050 0.038848
vt 0.056558 0.551885
vt 0.447781 0.038519
vt 0.070920 0.582024
vt 0.415717 0.047655
vt 0.538512 0.266945
vt 0.906248 0.914449
vt 0.146996 0.011492
vt 0.980591 0.521312
vt 0.537819 0.236615
vt 0.891472 0.887953
vt 0.916517 0.293093
vt 0.001029 0.433850
vt 0.599737 0.879310
vt 0.064354 0.001948
vt 0.916533 0.001211
vt 0.588564 0.914966
vt 0.979644 0.203631
vt 0.034893 0.327041
vt 0.996095 0.189477
vt 0.290973 0.066723
vt 0.085923 0.001050
vt 0.974518 0.974711
vt 0.583603 0.007078
vt 0.022318 0.430547
vt 0.997579 0.294263
vt 0.504525 0.886998
vt 0.001277 0.338318
vt 0.500169 0.914743
vt 0.980033 0.115237
vt 0.030740 0.337495
vt 0.996064 0.200726
vt 0.577665 0.111233
vt 0.659500 0.073310
vt 0.001198 0.952156
vt 0.588519 0.860366
vt 0.321273 0.062804
vt 0.996059 0.158385
vt 0.374664 0.067094
vt 0.995913 0.104809
vt 0.642930 0.073114
vt 0.573148 0.094662
vt 0.614444 0.074280
vt 0.375279 0.840320
vt 0.050623 0.821134
vt 0.554487 0.042099
vt 0.389605 0.034934
vt 0.782096 0.133553
vt 0.421143 0.032909
vt 0.774857 0.102847
vt 0.445297 0.049020
vt 0.995326 0.030996
vt 0.412817 0.062746
vt 0.995178 0.066289
vt 0.040864 0.390987
vt 0.992363 0.411864
vt 0.591274 0.072454
vt 0.302847 0.035161
vt 0.064084 0.412368
vt 0.626617 0.073317
vt 0.568058 0.078542
vt 0.387309 0.838227
vt 0.578420 0.140368
vt 0.669725 0.074377
vt 0.011390 0.950801
vt 0.529626 0.117020
vt 0.635100 0.857282
vt 0.525935 0.103943
vt 0.509474 0.058976
vt 0.097269 0.816948
vt 0.502192 0.037460
vt 0.654187 0.213675
vt 0.521386 0.091200
vt 0.433823 0.841930
vt 0.530491 0.143597
vt 0.058054 0.953656
vt 0.483687 0.123752
vt 0.679889 0.857371
vt 0.480051 0.112325
vt 0.465282 0.074695
vt 0.143025 0.815981
vt 0.452723 0.056387
vt 0.652460 0.265210
vt 0.475450 0.101046
vt 0.479146 0.842388
vt 0.484785 0.146046
vt 0.102572 0.953499
vt 0.440209 0.129396
vt 0.722153 0.859337
vt 0.435480 0.117880
vt 0.420925 0.086679
vt 0.187844 0.818017
vt 0.397846 0.069677
vt 0.651409 0.320201
vt 0.429985 0.107000
vt 0.523361 0.840495
vt 0.441449 0.147759
vt 0.144708 0.951581
vt 0.398679 0.133720
vt 0.762446 0.860244
vt 0.394045 0.122084
vt 0.380103 0.095046
vt 0.228484 0.819938
vt 0.362888 0.075880
vt 0.651312 0.354940
vt 0.388251 0.110376
vt 0.563755 0.839165
vt 0.400208 0.148106
vt 0.184835 0.950814
vt 0.984315 0.328720
vt 0.868083 0.062015
vt 0.817244 0.296625
vt 0.516591 0.078253
vt 0.821512 0.352144
vt 0.571858 0.071394
vt 0.818179 0.392430
vt 0.612138 0.067006
vt 0.981057 0.589310
vt 0.649607 0.064766
vt 0.982046 0.547493
vt 0.691333 0.067381
vt 0.982733 0.509606
vt 0.728253 0.075751
vt 0.982995 0.382007
vt 0.854763 0.113477
vt 0.983637 0.354534
vt 0.859731 0.086449
vt 0.996245 0.737380
vt 0.960804 0.111629
vt 0.982515 0.411036
vt 0.853631 0.142470
vt 0.967160 0.518499
vt 0.996530 0.330177
vt 0.967082 0.200559
vt 0.996646 0.648115
vt 0.362972 0.137156
vt 0.797067 0.860465
vt 0.359360 0.125305
vt 0.346751 0.102423
vt 0.261805 0.821244
vt 0.332261 0.081330
vt 0.652041 0.385442
vt 0.353595 0.113032
vt 0.597276 0.838253
vt 0.274101 0.820811
vt 0.218805 0.950801
vt 0.808206 0.859206
vt 0.365304 0.148354
vt 0.979563 0.256067
vt 0.640999 0.915015
vt 0.938217 0.310655
vt 0.565050 0.242073
vt 0.309566 0.632149
vt 0.190701 0.011690
vt 0.980037 0.526806
vt 0.147592 0.016982
vt 0.591154 0.020939
vt 0.562411 0.256860
vt 0.175681 0.011480
vt 0.551241 0.266945
vt 0.159725 0.011442
vt 0.968631 0.523904
vt 0.583905 0.011667
vt 0.996283 0.324581
vt 0.188665 0.017115
vt 0.495059 0.020744
vt 0.175486 0.016503
vt 0.486504 0.030787
vt 0.159890 0.016440
vt 0.599171 0.030281
vt 0.636577 0.879159
vt 0.916944 0.038053
vt 0.967178 0.253770
vt 0.996716 0.594904
vt 0.199677 0.011600
vt 0.313839 0.625966
vt 0.275231 0.948139
vt 0.149287 0.441770
vt 0.368559 0.834127
vt 0.015001 0.947569
vt 0.197588 0.016524
vt 0.280574 0.948404
vt 0.500591 0.013718
vt 0.051451 0.032108
vt 0.008488 0.037561
vt 0.372243 0.789660
vt 0.108976 0.040220
vt 0.449215 0.751192
vt 0.365319 0.907893
vt 0.278511 0.076895
vt 0.394574 0.832784
vt 0.614849 0.540920
vt 0.480514 0.837485
vt 0.549672 0.597220
vt 0.459732 0.837024
vt 0.564802 0.582935
vt 0.436971 0.836083
vt 0.581782 0.567717
vt 0.415501 0.834709
vt 0.598260 0.553852
vt 0.057932 0.071403
vt 0.276993 0.828552
vt 0.991428 0.605184
vt 0.056899 0.086219
vt 0.982298 0.616896
vt 0.054515 0.105355
vt 0.055279 0.127422
vt 0.949805 0.725799
vt 0.586315 0.137018
vt 0.054647 0.142799
vt 0.573865 0.127943
vt 0.394391 0.792490
vt 0.005713 0.059797
vt 0.480380 0.797539
vt 0.001022 0.146143
vt 0.459431 0.797040
vt 0.001388 0.125111
vt 0.436495 0.796020
vt 0.002300 0.102080
vt 0.414869 0.794523
vt 0.003732 0.080365
vt 0.779278 0.200127
vt 0.663983 0.958030
vt 0.064810 0.079200
vt 0.799596 0.220450
vt 0.647504 0.934650
vt 0.648715 0.549084
vt 0.278393 0.049163
vt 0.431211 0.729899
vt 0.694870 0.554336
vt 0.642468 0.519030
vt 0.776769 0.240973
vt 0.110760 0.079139
vt 0.834369 0.818220
vt 0.650341 0.179146
vt 0.577481 0.487712
vt 0.535510 0.024102
vt 0.647396 0.211753
vt 0.558399 0.514401
vt 0.643490 0.262931
vt 0.524272 0.552865
vt 0.640965 0.317494
vt 0.483120 0.588959
vt 0.642780 0.354051
vt 0.642157 0.382141
vt 0.305188 0.138225
vt 0.326452 0.138615
vt 0.303295 0.126572
vt 0.324355 0.127640
vt 0.296031 0.101007
vt 0.316285 0.104179
vt 0.300497 0.082187
vt 0.364415 0.930463
vt 0.300333 0.114334
vt 0.321130 0.116386
vt 0.305996 0.148835
vt 0.327495 0.149137
vt 0.368497 0.955438
vt 0.066912 0.084625
vt 0.572942 0.024483
vt 0.771545 0.210890
vt 0.078033 0.079066
vt 0.770732 0.231525
vt 0.099574 0.079083
vt 0.768404 0.221275
vt 0.088975 0.078806
vt 0.109579 0.084625
vt 0.578412 0.014788
vt 0.078206 0.084111
vt 0.573594 0.013147
vt 0.099386 0.084122
vt 0.578772 0.025034
vt 0.088975 0.083930
vt 0.570518 0.002889
vt 0.575411 0.034829
vt 0.726561 0.524089
vt 0.236070 0.038673
vt 0.840805 0.811781
vt 0.119778 0.079331
vt 0.575424 0.001964
vt 0.976820 0.541505
vt 0.116996 0.084119
vt 0.576775 0.007464
vt 0.493694 0.706945
vt 0.427606 0.914077
vt 0.478410 0.682889
vt 0.726297 0.613074
vt 0.430081 0.953421
vt 0.059225 0.079190
vt 0.662365 0.963413
vt 0.312022 0.942206
vt 0.570518 0.035429
vt 0.639745 0.352974
vt 0.456510 0.612321
vt 0.638271 0.382143
vt 0.434261 0.631044
vt 0.018067 0.938761
vt 0.368536 0.961347
vt 0.060971 0.083989
vt 0.571645 0.030382
vt 0.429851 0.961062
vt 0.079421 0.939031
vt 0.250332 0.134471
vt 0.944119 0.922751
vt 0.243408 0.091855
vt 0.089604 0.823259
vt 0.237538 0.065897
vt 0.949515 0.932869
vt 0.374613 0.137448
vt 0.252069 0.145185
vt 0.246939 0.120481
vt 0.246241 0.103003
vt 0.078857 0.828257
vt 0.991898 0.807930
vt 0.011275 0.024295
vt 0.358931 0.787529
vt 0.337401 0.783208
vt 0.026415 0.008881
vt 0.954509 0.007500
vt 0.120907 0.460905
vt 0.338510 0.822604
vt 0.958267 0.046665
vt 0.558444 0.264021
vt 0.167497 0.011264
vt 0.167475 0.016294
vt 0.479566 0.034798
vt 0.605921 0.033744
vt 0.836828 0.450789
vt 0.982027 0.940185
vt 0.840966 0.441881
vt 0.980719 0.949920
vt 0.073757 0.650742
vt 0.804738 0.326460
vt 0.097185 0.641183
vt 0.351279 0.044824
vt 0.078245 0.597443
vt 0.398712 0.049155
vt 0.054845 0.605002
vt 0.805895 0.375904
vt 0.797399 0.411872
vt 0.040335 0.570899
vt 0.994705 0.598966
vt 0.027290 0.536288
vt 0.991832 0.562107
vt 0.019460 0.500755
vt 0.991808 0.525679
vt 0.018148 0.466265
vt 0.992146 0.491136
vt 0.023335 0.433189
vt 0.992210 0.457656
vt 0.048705 0.378619
vt 0.992566 0.397220
vt 0.057485 0.423183
vt 0.315371 0.037069
vt 0.047567 0.446343
vt 0.340479 0.039152
vt 0.042043 0.475716
vt 0.370365 0.039583
vt 0.042459 0.506266
vt 0.400951 0.039087
vt 0.050172 0.536424
vt 0.463143 0.031898
vt 0.432136 0.038776
vt 0.063650 0.567087
vt 0.431913 0.043959
vt 0.792443 0.914998
vt 0.979584 0.407510
vt 0.542990 0.914855
vt 0.979816 0.158058
vt 0.090876 0.692379
vt 0.800699 0.281623
vt 0.114331 0.682714
vt 0.306893 0.037850
vt 0.546142 0.884329
vt 0.001075 0.380021
vt 0.024812 0.376483
vt 0.996077 0.240162
vt 0.347836 0.065527
vt 0.996050 0.131682
vt 0.395697 0.066262
vt 0.995568 0.083762
vt 0.318380 0.033180
vt 0.772911 0.203403
vt 0.343491 0.034771
vt 0.780855 0.179528
vt 0.373626 0.035348
vt 0.783324 0.149489
vt 0.405251 0.034061
vt 0.779425 0.118111
vt 0.437999 0.031777
vt 0.460869 0.040740
vt 0.768080 0.087371
vt 0.996569 0.013404
vt 0.429199 0.056692
vt 0.994988 0.048825
vt 0.996060 0.177222
vt 0.302440 0.062401
vt 0.034051 0.403794
vt 0.992242 0.426369
vt 0.072193 0.400379
vt 0.605665 0.070913
vt 0.601249 0.075733
vt 0.547457 0.030432
vt 0.503832 0.047413
vt 0.553268 0.114044
vt 0.612145 0.858565
vt 0.549286 0.099372
vt 0.544442 0.085170
vt 0.410883 0.840336
vt 0.554089 0.142071
vt 0.035070 0.952473
vt 0.074249 0.818797
vt 0.531639 0.050640
vt 0.653906 0.195580
vt 0.519242 0.030027
vt 0.457847 0.063608
vt 0.480687 0.046290
vt 0.653528 0.236292
vt 0.422890 0.064355
vt 0.651779 0.295266
vt 0.410347 0.076414
vt 0.457573 0.115392
vt 0.452542 0.104461
vt 0.501478 0.841531
vt 0.462937 0.147053
vt 0.123819 0.952544
vt 0.442989 0.081218
vt 0.165683 0.816820
vt 0.461756 0.126758
vt 0.701227 0.858337
vt 0.371329 0.084486
vt 0.502849 0.108395
vt 0.498407 0.096575
vt 0.456582 0.842595
vt 0.506359 0.120374
vt 0.657777 0.856924
vt 0.507334 0.144906
vt 0.080618 0.953962
vt 0.487419 0.067142
vt 0.120195 0.815988
vt 0.819859 0.324708
vt 0.544579 0.074761
vt 0.821090 0.374160
vt 0.593733 0.068878
vt 0.982769 0.608557
vt 0.812564 0.409765
vt 0.630298 0.065501
vt 0.981210 0.568430
vt 0.670479 0.065338
vt 0.982546 0.528018
vt 0.710500 0.070864
vt 0.982837 0.491605
vt 0.877453 0.218516
vt 0.745118 0.082043
vt 0.982497 0.456794
vt 0.861948 0.187345
vt 0.982723 0.396468
vt 0.853691 0.127900
vt 0.816491 0.274257
vt 0.494357 0.080818
vt 0.982398 0.425460
vt 0.854741 0.156852
vt 0.996610 0.443464
vt 0.967163 0.405210
vt 0.966031 0.153738
vt 0.996456 0.694949
vt 0.339189 0.090789
vt 0.192687 0.011264
vt 0.310238 0.630504
vt 0.028939 0.035996
vt 0.024900 0.145932
vt 0.025257 0.125052
vt 0.026146 0.102115
vt 0.027550 0.080431
vt 0.029516 0.059773
vt 0.288440 0.088836
vt 0.383198 0.791140
vt 0.007009 0.048555
vt 0.056744 0.050724
vt 0.102016 0.056605
vt 0.460816 0.740406
vt 0.381059 0.909173
vt 0.648505 0.194891
vt 0.568611 0.500891
vt 0.443637 0.717739
vt 0.703148 0.569625
vt 0.645694 0.234253
vt 0.543888 0.531744
vt 0.641870 0.292619
vt 0.502100 0.572771
vt 0.309099 0.092702
vt 0.529984 0.954786
vt 0.099497 0.081014
vt 0.088978 0.080803
vt 0.078107 0.081018
vt 0.066643 0.081535
vt 0.109874 0.081516
vt 0.118749 0.081961
vt 0.576097 0.004733
vt 0.560764 0.638665
vt 0.522605 0.923623
vt 0.549357 0.611734
vt 0.773459 0.701799
vt 0.383055 0.953962
vt 0.379353 0.926180
vt 0.530305 0.961369
vt 0.179880 0.940265
vt 0.060047 0.081786
vt 0.571073 0.032733
vt 0.382779 0.960993
vt 0.032321 0.938516
vt 0.781997 0.884115
vt 0.916712 0.183555
vt 0.239890 0.566580
vt 0.945243 0.195776
vt 0.246116 0.561322
vt 0.162513 0.947314
vt 0.382084 0.831943
vt 0.001315 0.948404
vt 0.624915 0.533462
vt 0.238279 0.079519
vt 0.017090 0.015335
vt 0.348461 0.785664
vt 0.130162 0.452865
vt 0.349737 0.825376
vt 0.524866 0.039456
vt 0.481805 0.053824
vt 0.431401 0.069601
vt 0.241325 0.565971
vt 0.030452 0.048184
vt 0.480458 0.816476
vt 0.382785 0.808633
vt 0.361271 0.810171
vt 0.394567 0.809420
vt 0.370719 0.807913
vt 0.415219 0.810918
vt 0.436755 0.812641
vt 0.459599 0.814596
vt 0.152189 0.048696
vt 0.149617 0.063792
vt 0.821735 0.261143
vt 0.996321 0.751250
vt 0.480303 0.082217
vt 0.955099 0.098987
vt 0.562891 0.240822
vt 0.936207 0.309177
vt 0.030969 0.008195
vt 0.949973 0.006751
vt 0.953612 0.045505
vt 0.942331 0.194178
vt 0.536136 0.034860
vt 0.836315 0.418735
vt 0.977821 0.973349
vt 0.087741 0.004134
vt 0.981680 0.882702
vt 0.665747 0.033991
vt 0.982799 0.829963
vt 0.716396 0.047849
vt 0.982430 0.856340
vt 0.691706 0.038578
vt 0.985128 0.830063
vt 0.773308 0.539886
vt 0.984007 0.882807
vt 0.799256 0.494201
vt 0.984758 0.856443
vt 0.784204 0.515859
vt 0.914311 0.001108
vt 0.296133 0.803475
vt 0.753829 0.339083
vt 0.290989 0.804663
vt 0.972408 0.972217
vt 0.914464 0.006386
vt 0.823990 0.420799
vt 0.885708 0.008835
vt 0.824460 0.415509
vt 0.780161 0.350319
vt 0.091023 0.888664
vt 0.885784 0.003524
vt 0.468221 0.914989
vt 0.980591 0.083293
vt 0.107006 0.731442
vt 0.977223 0.079256
vt 0.797009 0.244792
vt 0.104710 0.726712
vt 0.004436 0.300310
vt 0.270388 0.031816
vt 0.128648 0.716832
vt 0.001029 0.304355
vt 0.131160 0.721486
vt 0.470618 0.888974
vt 0.983041 0.793545
vt 0.748599 0.064834
vt 0.982796 0.765803
vt 0.768669 0.083978
vt 0.761917 0.602563
vt 0.985126 0.765765
vt 0.985371 0.793517
vt 0.762560 0.574817
vt 0.809484 0.153208
vt 0.980797 0.685439
vt 0.819245 0.173965
vt 0.980006 0.662509
vt 0.789682 0.702082
vt 0.982333 0.662407
vt 0.781932 0.680485
vt 0.983125 0.685338
vt 0.348585 0.734209
vt 0.879543 0.201177
vt 0.357625 0.741989
vt 0.879140 0.189255
vt 0.025815 0.944988
vt 0.390731 0.684141
vt 0.378176 0.682057
vt 0.038505 0.944791
vt 0.971924 0.784003
vt 0.914650 0.194601
vt 0.914640 0.206468
vt 0.971947 0.772136
vt 0.957942 0.774403
vt 0.999029 0.568873
vt 0.957919 0.786271
vt 0.999037 0.580741
vt 0.366728 0.699925
vt 0.376190 0.706579
vt 0.382129 0.696793
vt 0.372214 0.690942
vt 0.373716 0.711353
vt 0.364273 0.704531
vt 0.916947 0.051422
vt 0.649935 0.879605
vt 0.916941 0.063353
vt 0.661860 0.880006
vt 0.155177 0.465892
vt 0.038546 0.947121
vt 0.150499 0.453244
vt 0.025862 0.947319
vt 0.979567 0.282103
vt 0.667035 0.915010
vt 0.979565 0.270231
vt 0.655164 0.915012
vt 0.967175 0.267930
vt 0.996706 0.580743
vt 0.996698 0.568873
vt 0.967174 0.279800
vt 0.131384 0.471382
vt 0.956764 0.060540
vt 0.140352 0.479968
vt 0.955622 0.072166
vt 0.147609 0.473440
vt 0.139448 0.464260
vt 0.951272 0.071005
vt 0.952291 0.059312
vt 0.971989 0.750308
vt 0.914621 0.228297
vt 0.914594 0.260953
vt 0.972053 0.717651
vt 0.998991 0.514398
vt 0.958047 0.719928
vt 0.957985 0.752558
vt 0.999014 0.547028
vt 0.880215 0.221087
vt 0.333496 0.721151
vt 0.881326 0.254016
vt 0.308651 0.699385
vt 0.323601 0.668136
vt 0.349452 0.687346
vt 0.359184 0.672749
vt 0.059624 0.944693
vt 0.331249 0.656567
vt 0.091902 0.944658
vt 0.353978 0.679380
vt 0.327122 0.661962
vt 0.321574 0.672351
vt 0.347297 0.691886
vt 0.721528 0.915002
vt 0.979574 0.336595
vt 0.979570 0.303924
vt 0.688857 0.915007
vt 0.967172 0.301642
vt 0.996682 0.547032
vt 0.996660 0.514396
vt 0.967169 0.334278
vt 0.714687 0.881806
vt 0.916860 0.116207
vt 0.681744 0.880681
vt 0.916917 0.083246
vt 0.157169 0.495299
vt 0.953731 0.093486
vt 0.950983 0.125735
vt 0.182954 0.518126
vt 0.191818 0.509170
vt 0.091882 0.946989
vt 0.059599 0.947023
vt 0.168838 0.483629
vt 0.187590 0.514145
vt 0.163543 0.489956
vt 0.949605 0.092144
vt 0.947202 0.124502
vt 0.630514 0.008688
vt 0.374904 0.309875
vt 0.688761 0.002912
vt 0.403492 0.293247
vt 0.452032 0.427277
vt 0.985774 0.618921
vt 0.673799 0.015266
vt 0.746184 0.026909
vt 0.769562 0.040503
vt 0.058017 0.016501
vt 0.364016 0.318611
vt 0.329020 0.346678
vt 0.316485 0.357080
vt 0.942341 0.875117
vt 0.306639 0.364743
vt 0.422516 0.138120
vt 0.342660 0.335138
vt 0.992917 0.761652
vt 0.352289 0.327958
vt 0.134539 0.821091
vt 0.387924 0.356717
vt 0.180232 0.822488
vt 0.426256 0.387233
vt 0.229202 0.823779
vt 0.196175 0.057434
vt 0.196475 0.029096
vt 0.755881 0.495809
vt 0.779582 0.472894
vt 0.164343 0.021488
vt 0.101731 0.090487
vt 0.984406 0.661918
vt 0.101431 0.108502
vt 0.101136 0.128404
vt 0.948639 0.771732
vt 0.100819 0.142704
vt 0.527633 0.129839
vt 0.151166 0.094240
vt 0.986856 0.711564
vt 0.151787 0.111850
vt 0.152308 0.130033
vt 0.947293 0.823120
vt 0.152826 0.143332
vt 0.475450 0.132198
vt 0.195897 0.071878
vt 0.198801 0.115848
vt 0.200295 0.131842
vt 0.945829 0.871491
vt 0.201825 0.144053
vt 0.426088 0.134578
vt 0.197383 0.098214
vt 0.989313 0.758141
vt 0.195824 0.086101
vt 0.138047 0.824849
vt 0.150503 0.081468
vt 0.183793 0.826041
vt 0.101919 0.076000
vt 0.232764 0.827332
vt 0.650802 0.155470
vt 0.798758 0.858620
vt 0.806198 0.857780
vt 0.658204 0.156918
vt 0.648999 0.091308
vt 0.244830 0.295389
vt 0.657587 0.092045
vt 0.238114 0.300695
vt 0.658505 0.119590
vt 0.651432 0.118984
vt 0.945884 0.932897
vt 0.271683 0.329214
vt 0.277908 0.324753
vt 0.942243 0.926106
vt 0.798789 0.859715
vt 0.363716 0.138890
vt 0.806376 0.858848
vt 0.365314 0.146480
vt 0.305023 0.140098
vt 0.305576 0.146968
vt 0.327374 0.147279
vt 0.326670 0.140370
vt 0.948668 0.931058
vt 0.251332 0.143420
vt 0.945053 0.924256
vt 0.250124 0.136155
vt 0.616847 0.141603
vt 0.264191 0.819495
vt 0.272557 0.819205
vt 0.624209 0.145952
vt 0.278858 0.274946
vt 0.611247 0.083649
vt 0.270243 0.278919
vt 0.620638 0.086496
vt 0.624894 0.114115
vt 0.616225 0.110719
vt 0.078530 0.824721
vt 0.306679 0.303408
vt 0.085915 0.821537
vt 0.313637 0.299476
vt 0.263869 0.820774
vt 0.347964 0.104171
vt 0.272395 0.820475
vt 0.352696 0.111497
vt 0.296746 0.103654
vt 0.299370 0.112351
vt 0.320417 0.114472
vt 0.317312 0.106538
vt 0.080431 0.827494
vt 0.245499 0.101479
vt 0.087760 0.824154
vt 0.243515 0.093885
vt 0.649432 0.141091
vt 0.649525 0.131969
vt 0.638476 0.129337
vt 0.638253 0.138465
vt 0.614604 0.129116
vt 0.614097 0.119343
vt 0.029423 0.915986
vt 0.591478 0.105742
vt 0.312422 0.733367
vt 0.592090 0.115965
vt 0.022244 0.923356
vt 0.627057 0.125278
vt 0.626672 0.134458
vt 0.660410 0.133709
vt 0.660245 0.142803
vt 0.008309 0.915408
vt 0.320202 0.719926
vt 0.006584 0.923134
vt 0.009433 0.942596
vt 0.002429 0.914948
vt 0.425425 0.634499
vt 0.001185 0.922689
vt 0.323378 0.715590
vt 0.001870 0.944355
vt 0.603712 0.113189
vt 0.603858 0.123084
vt 0.339556 0.138297
vt 0.348466 0.137865
vt 0.345526 0.126571
vt 0.336549 0.127166
vt 0.325957 0.104400
vt 0.335478 0.103893
vt 0.654094 0.396571
vt 0.320749 0.082951
vt 0.352429 0.945967
vt 0.309417 0.082947
vt 0.360172 0.938094
vt 0.340964 0.114969
vt 0.331946 0.115785
vt 0.350370 0.148959
vt 0.341528 0.149100
vt 0.641804 0.392080
vt 0.351232 0.959019
vt 0.358827 0.957436
vt 0.637617 0.391362
vt 0.426758 0.636408
vt 0.351443 0.963274
vt 0.001267 0.942107
vt 0.359132 0.962205
vt 0.008787 0.940356
vt 0.328576 0.092412
vt 0.318473 0.092865
vt 0.658698 0.132611
vt 0.658518 0.141664
vt 0.651139 0.140529
vt 0.651197 0.131473
vt 0.350418 0.147095
vt 0.341474 0.147219
vt 0.340165 0.140019
vt 0.349099 0.139604
vt 0.625481 0.123850
vt 0.625216 0.133151
vt 0.616943 0.129208
vt 0.616606 0.119581
vt 0.340573 0.113133
vt 0.331297 0.113867
vt 0.327503 0.106550
vt 0.336868 0.105874
s 1
f 215/446/1 26/43/2 216/447/3
f 25/41/4 198/411/5 26/43/2
f 197/409/6 28/47/7 198/411/5
f 27/45/8 199/413/9 28/47/7
f 200/415/10 40/71/11 199/413/9
f 29/49/12 212/439/13 40/71/11
f 201/417/14 39/69/15 212/439/13
f 30/51/16 211/437/17 39/69/15
f 202/419/18 38/67/19 211/437/17
f 31/53/20 210/435/21 38/67/19
f 203/421/22 37/65/23 210/435/21
f 32/55/24 209/433/25 37/65/23
f 205/426/26 207/429/27 208/432/28
f 221/457/29 208/431/30 207/430/31
f 59/121/32 229/474/33 60/124/34
f 206/427/35 36/63/36 229/474/33
f 23/38/37 34/60/38 24/40/39
f 50/99/40 35/61/41 23/37/42
f 1/1/43 63/132/44 23/37/42
f 705/1364/45 678/1320/46 673/1310/47
f 42/78/48 213/441/49 297/588/50
f 47/93/51 214/443/52 48/95/53
f 217/449/54 44/84/55 214/443/52
f 659/1275/56 660/1277/57 45/87/58
f 39/70/59 225/465/60 57/117/61
f 47/94/62 218/451/63 217/450/64
f 657/1270/65 261/533/66 215/445/67
f 200/416/68 91/185/69 29/50/70
f 35/61/41 62/129/71 36/64/72
f 235/484/73 3/11/74 17/31/75
f 26/44/76 219/453/77 51/103/78
f 211/438/79 56/115/80 225/465/60
f 205/425/81 258/526/82 259/528/83
f 198/412/84 52/105/85 219/453/77
f 40/72/86 226/468/87 58/119/88
f 209/434/89 222/459/90 223/461/91
f 62/129/71 54/111/92 36/64/72
f 37/66/93 223/461/91 55/113/94
f 212/440/95 57/117/61 226/468/87
f 663/1288/96 540/1070/97 662/1285/98
f 53/108/99 232/479/100 233/481/101
f 216/448/102 51/103/78 227/471/103
f 28/48/104 220/455/105 52/105/85
f 38/68/106 224/463/107 56/115/80
f 199/414/108 58/119/88 220/455/105
f 210/436/109 55/113/94 224/463/107
f 60/123/110 230/476/111 61/125/112
f 207/430/31 61/125/112 221/457/29
f 228/473/113 259/528/83 262/535/114
f 229/475/115 54/111/92 230/476/111
f 228/472/116 60/124/34 207/429/27
f 111/230/117 194/403/118 115/238/119
f 50/99/40 23/37/42 63/132/44
f 64/135/120 233/481/101 232/479/100
f 62/130/121 233/481/101 234/482/122
f 65/137/123 234/482/122 233/481/101
f 242/496/124 76/157/125 77/159/126
f 4/12/127 235/484/73 17/31/75
f 251/511/128 5/13/129 75/155/130
f 236/486/131 230/477/132 54/109/133
f 304/600/134 61/126/135 230/477/132
f 304/600/134 67/140/136 237/488/137
f 66/138/138 304/600/134 236/486/131
f 243/497/139 77/159/126 80/164/140
f 246/503/141 71/148/142 70/146/143
f 244/499/144 6/14/145 81/166/146
f 69/144/147 19/33/148 251/511/128
f 231/478/149 239/491/150 67/140/136
f 239/491/150 238/490/151 73/151/152
f 72/149/153 305/601/154 252/513/155
f 252/513/155 231/478/149 66/138/138
f 240/493/156 241/495/157 79/162/158
f 78/160/159 306/602/160 245/501/161
f 245/501/161 238/490/151 72/149/153
f 73/151/152 306/602/160 240/493/156
f 80/164/140 83/170/162 86/175/163
f 242/496/124 74/153/164 71/148/142
f 81/166/146 7/15/165 87/177/166
f 75/155/130 18/32/167 244/499/144
f 79/162/158 247/505/168 85/173/169
f 82/168/170 77/159/126 76/157/125
f 2/5/171 88/179/172 8/16/171
f 249/507/173 71/148/142 74/153/164
f 241/495/157 84/171/174 247/505/168
f 79/163/175 150/319/176 149/317/177
f 95/194/178 34/59/179 33/57/180
f 248/506/181 68/142/182 65/137/123
f 24/39/183 96/196/184 88/179/172
f 32/56/185 258/526/82 204/423/186
f 59/122/187 262/535/114 98/200/188
f 533/1055/189 529/1048/190 534/1057/191
f 86/175/163 102/208/192 105/215/193
f 33/57/180 260/530/194 95/194/178
f 87/177/166 9/20/195 106/218/196
f 206/428/197 98/200/188 260/530/194
f 659/1276/198 48/95/53 658/1274/199
f 48/96/200 264/539/201 97/198/202
f 201/418/203 92/187/204 30/52/205
f 27/46/206 254/517/207 200/416/68
f 202/420/208 93/190/209 31/54/210
f 29/50/70 255/519/211 201/418/203
f 215/445/67 89/181/212 25/42/213
f 30/52/205 256/521/214 202/420/208
f 94/192/215 203/422/216 257/523/217
f 658/1273/218 97/198/202 326/626/219
f 90/183/220 197/410/221 253/515/222
f 31/54/210 257/523/217 203/422/216
f 25/42/213 253/515/222 197/410/221
f 190/395/223 267/544/224 122/253/225
f 214/444/226 100/204/227 264/539/201
f 310/606/228 11/24/229 21/35/230
f 101/206/231 83/170/162 82/168/170
f 85/173/169 265/541/232 104/211/233
f 155/326/234 810/1528/235 804/1519/236
f 247/505/168 103/209/237 265/541/232
f 85/174/238 151/320/239 150/319/176
f 316/612/240 139/289/241 317/613/242
f 104/211/233 819/1542/243 809/1526/244
f 738/1413/245 186/388/246 301/596/247
f 143/299/248 283/568/249 290/577/250
f 802/1517/251 102/208/192 101/206/231
f 788/1497/252 159/332/253 787/1496/254
f 789/1498/255 807/1522/256 851/1582/257
f 317/613/242 138/287/258 310/606/228
f 303/599/259 682/1326/260 192/399/261
f 121/252/262 46/89/263 123/255/264
f 684/1328/265 708/1368/266 681/1325/267
f 327/630/268 110/227/269 42/77/270
f 42/77/270 110/227/269 193/400/271
f 41/76/272 109/224/273 112/231/274
f 702/1357/275 297/588/50 213/441/49
f 41/75/272 115/238/119 109/225/273
f 266/542/276 120/249/277 108/223/278
f 43/82/279 107/220/280 44/84/55
f 191/397/281 267/544/224 302/597/282
f 143/300/283 291/578/284 145/304/285
f 680/1323/286 444/873/287 117/243/287
f 263/537/288 718/1384/289 703/1360/289
f 714/1376/290 681/1325/267 708/1368/266
f 307/603/291 108/222/278 298/590/292
f 307/603/291 118/245/293 266/543/276
f 684/1328/265 709/1369/294 711/1373/295
f 193/401/118 114/236/296 194/403/118
f 274/553/297 314/610/298 122/254/299
f 122/253/225 308/604/300 274/552/301
f 308/604/300 137/285/302 274/552/301
f 268/545/303 12/25/304 20/34/305
f 121/252/262 308/604/300 267/544/224
f 323/622/306 133/278/307 134/280/308
f 275/554/309 123/255/264 276/555/310
f 320/617/311 135/281/312 134/280/308
f 137/286/313 311/607/314 274/553/297
f 739/1414/315 321/618/316 320/617/311
f 740/1415/317 187/389/318 188/391/319
f 315/611/320 140/291/321 316/612/240
f 316/612/240 129/268/322 315/611/320
f 319/615/323 134/280/308 133/278/307
f 22/36/324 136/283/325 322/620/326
f 269/546/327 323/622/306 132/276/328
f 270/547/329 733/1406/330 323/622/306
f 130/270/331 276/555/310 745/1425/332
f 678/1319/333 704/1362/334 679/1321/334
f 153/323/335 843/1574/336 773/1472/337
f 138/288/338 20/34/305 11/23/339
f 814/1532/340 181/377/341 816/1536/342
f 139/290/343 268/545/303 138/288/338
f 269/546/327 131/273/344 268/545/303
f 140/292/345 269/546/327 139/290/343
f 775/1476/346 152/321/347 770/1468/348
f 141/293/349 270/547/329 140/292/345
f 162/337/350 840/1571/351 812/1530/352
f 141/293/349 272/549/353 271/548/354
f 144/301/355 186/388/246 172/357/356
f 324/623/357 123/255/264 46/89/263
f 160/334/358 848/1579/359 810/1528/360
f 61/127/361 278/558/362 146/308/363
f 772/1471/364 161/335/365 771/1469/366
f 161/335/367 15/29/368 14/27/369
f 816/1535/370 506/997/371 837/1568/372
f 150/319/373 180/375/374 179/373/375
f 237/489/376 147/313/377 278/558/362
f 743/1421/378 301/596/247 184/383/379
f 290/576/380 176/366/381 291/578/284
f 318/614/382 276/555/310 123/255/264
f 67/141/383 280/562/384 147/313/377
f 149/317/385 150/319/373 179/373/375
f 73/152/386 281/565/387 148/315/388
f 239/492/389 148/315/388 280/562/384
f 151/320/390 817/1538/391 180/375/374
f 240/494/392 149/317/177 281/565/387
f 808/1523/393 163/338/394 814/1532/395
f 155/326/234 152/322/396 154/324/397
f 184/383/379 273/551/398 156/328/399
f 805/1520/400 105/215/193 102/208/192
f 160/334/401 154/324/397 159/332/402
f 265/541/232 806/1521/403 819/1542/243
f 739/1414/315 185/387/404 187/389/318
f 103/209/405 850/1581/406 806/1521/407
f 768/1463/408 802/1517/409 101/206/410
f 106/218/196 801/1516/411 813/1531/412
f 158/331/413 273/550/398 124/256/414
f 104/212/415 815/1533/416 151/320/239
f 288/573/417 174/362/418 168/347/419
f 175/364/420 279/560/421 176/366/381
f 132/276/328 134/280/308 135/281/312
f 778/1481/422 509/1003/423 783/1488/424
f 310/606/228 127/264/425 317/613/242
f 352/671/426 331/636/427 332/640/428
f 637/1236/429 466/920/430 462/912/431
f 170/351/432 285/570/433 284/569/432
f 293/581/434 163/338/394 158/330/435
f 165/342/436 287/572/437 142/297/438
f 286/571/439 164/339/440 287/572/437
f 166/344/441 288/573/417 284/569/432
f 171/354/433 286/571/439 285/570/433
f 166/344/441 285/570/433 167/346/433
f 168/347/419 284/569/432 288/573/417
f 176/367/442 669/1301/443 291/579/444
f 145/306/445 289/574/446 288/573/417
f 145/307/445 670/1303/447 173/358/448
f 248/506/181 70/146/143 71/148/142
f 736/1411/449 176/367/442 279/561/450
f 192/399/261 302/598/451 303/599/259
f 277/556/452 144/302/453 279/560/421
f 293/581/434 177/368/454 292/580/455
f 142/295/456 143/298/457 165/341/458
f 124/258/459 293/581/434 158/330/435
f 282/567/460 156/327/399 273/550/398
f 175/365/461 293/581/434 277/557/462
f 165/341/458 143/298/457 167/345/463
f 163/338/464 296/586/465 181/377/341
f 808/1524/466 282/567/460 158/331/413
f 292/580/467 183/381/468 296/586/465
f 183/381/468 283/568/469 294/582/470
f 283/568/469 178/371/471 294/582/470
f 142/297/438 295/584/472 178/369/471
f 287/572/437 182/379/473 295/584/472
f 213/442/334 99/202/474 263/538/334
f 674/1312/475 329/634/476 685/1329/477
f 21/35/230 126/262/478 310/606/228
f 124/259/414 301/596/247 186/388/246
f 791/1502/479 156/328/480 786/1493/481
f 315/611/320 125/260/482 313/609/483
f 648/1252/484 722/1392/485 728/1400/486
f 685/1329/477 192/399/261 682/1326/260
f 675/1313/487 446/878/488 690/1338/489
f 107/219/490 680/1324/334 117/242/491
f 302/598/451 312/608/492 303/599/259
f 328/632/493 121/252/262 191/397/281
f 44/85/494 117/242/491 100/204/227
f 317/613/242 128/266/495 316/612/240
f 250/509/496 65/137/123 64/135/120
f 167/345/463 143/298/457 166/343/497
f 143/298/457 145/305/498 166/343/497
f 328/633/499 116/240/500 43/80/501
f 167/346/433 286/571/439 165/342/436
f 111/229/502 41/73/503 42/77/270
f 42/77/270 193/400/271 111/229/502
f 177/368/454 290/577/250 283/568/249
f 195/405/504 655/1265/505 651/1257/506
f 217/450/64 46/90/507 43/81/508
f 327/631/509 298/590/292 108/222/278
f 712/1374/510 298/590/292 707/1367/511
f 119/247/512 312/608/492 314/610/298
f 190/396/513 314/610/298 312/608/492
f 300/593/514 314/610/298 311/607/314
f 313/609/483 300/593/514 311/607/314
f 313/609/483 141/294/515 315/611/320
f 732/1404/516 318/614/382 324/623/357
f 363/693/517 361/689/518 364/695/519
f 663/1287/520 664/1290/521 373/718/522
f 99/202/474 41/76/272 112/231/274
f 113/234/523 108/223/278 120/249/277
f 110/228/524 113/234/523 114/236/296
f 705/1363/525 686/1330/526 714/1376/290
f 42/79/527 330/635/528 327/631/509
f 191/398/529 329/634/476 328/633/499
f 712/1374/510 299/591/530 307/603/291
f 107/220/280 674/1311/531 677/1318/532
f 541/1072/533 353/673/534 540/1070/97
f 523/1034/535 353/673/534 354/675/536
f 522/1032/537 356/679/538 355/677/539
f 524/1036/540 355/677/539 356/679/538
f 525/1038/541 368/703/542 357/681/543
f 357/681/543 537/1064/544 526/1041/545
f 526/1041/545 367/701/546 358/683/547
f 358/683/547 536/1062/548 527/1043/549
f 527/1043/549 366/699/550 359/685/551
f 359/685/551 535/1059/552 528/1045/553
f 528/1045/553 365/697/554 360/687/555
f 360/687/555 534/1057/191 529/1048/190
f 532/1054/556 530/1049/557 533/1055/189
f 546/1082/558 533/1056/559 547/1084/560
f 554/1100/561 387/754/562 388/757/563
f 531/1051/564 364/695/519 361/689/518
f 351/669/565 362/691/566 363/693/517
f 378/734/567 363/694/568 381/740/569
f 390/762/570 331/637/571 351/670/572
f 622/1214/573 728/1400/486 719/1386/574
f 538/1066/575 370/710/576 622/1215/577
f 539/1068/578 375/726/579 376/728/580
f 542/1074/581 372/716/582 371/714/583
f 586/1160/584 662/1286/585 540/1071/586
f 367/702/587 550/1091/588 536/1061/589
f 543/1076/590 375/727/591 542/1075/592
f 418/814/593 525/1039/594 357/682/595
f 363/694/568 389/758/596 381/740/569
f 560/1110/597 333/646/598 390/761/599
f 354/676/600 544/1078/601 523/1035/602
f 536/1063/589 384/748/603 366/700/604
f 530/1050/605 583/1152/606 529/1047/607
f 523/1035/602 380/738/608 356/680/609
f 368/704/610 551/1094/611 537/1065/612
f 534/1058/613 547/1084/560 533/1056/559
f 389/758/596 364/696/614 382/742/615
f 365/698/616 548/1086/617 534/1058/613
f 537/1065/612 385/750/618 367/702/587
f 381/741/619 557/1105/620 378/732/621
f 541/1073/622 379/736/623 354/676/600
f 545/1080/624 356/680/609 380/738/608
f 549/1088/625 366/700/604 384/748/603
f 524/1037/626 386/752/627 368/704/610
f 535/1060/628 383/746/629 365/698/616
f 388/756/630 555/1102/631 554/1101/632
f 532/1053/633 146/311/634 388/756/630
f 553/1098/635 584/1155/636 530/1050/605
f 554/1101/632 382/742/615 364/696/614
f 553/1099/637 388/757/563 387/754/562
f 519/1025/638 438/860/639 442/868/640
f 378/734/567 390/762/570 351/670/572
f 558/1107/641 391/764/642 557/1105/620
f 389/759/643 558/1107/641 381/741/619
f 559/1108/644 392/766/645 558/1107/641
f 403/786/646 567/1122/647 404/788/648
f 560/1110/597 334/647/649 346/664/650
f 335/648/651 576/1137/652 402/784/653
f 561/1112/654 649/1253/655 629/1228/656
f 629/1228/656 394/769/657 556/1104/658
f 629/1228/656 393/767/659 561/1112/654
f 404/788/648 568/1123/660 407/793/661
f 571/1129/662 398/777/663 567/1122/647
f 336/649/664 569/1125/665 408/795/666
f 348/666/667 396/773/668 576/1137/652
f 564/1117/669 556/1104/658 394/769/657
f 563/1116/670 564/1117/669 400/780/671
f 399/778/672 630/1229/673 563/1116/670
f 556/1104/658 577/1139/674 393/767/659
f 566/1121/675 565/1119/676 406/791/677
f 405/789/678 631/1230/679 566/1121/675
f 563/1116/670 570/1127/680 399/778/672
f 400/780/671 631/1230/679 563/1116/670
f 407/793/661 410/799/681 404/788/648
f 567/1122/647 401/782/682 568/1123/660
f 408/795/666 337/650/667 336/649/664
f 347/665/683 402/784/653 569/1125/665
f 406/791/677 572/1131/684 566/1121/675
f 409/797/685 404/788/648 410/799/681
f 415/808/686 332/642/687 338/651/687
f 398/777/663 574/1133/688 401/782/682
f 566/1121/675 411/800/689 405/789/678
f 475/944/690 406/792/691 474/942/692
f 422/823/693 362/692/694 423/825/695
f 573/1132/696 395/771/697 574/1133/688
f 423/825/695 352/672/698 415/808/686
f 583/1152/606 360/688/699 529/1047/607
f 387/755/700 587/1162/701 553/1098/635
f 222/460/702 546/1083/703 547/1085/704
f 413/804/705 429/837/706 410/799/681
f 585/1158/707 361/690/708 422/823/693
f 339/655/709 414/806/710 433/847/711
f 531/1052/712 425/829/713 387/755/700
f 376/728/580 664/1291/714 661/1281/715
f 589/1166/716 376/729/717 424/828/718
f 419/817/719 526/1042/720 358/684/721
f 579/1143/722 355/678/723 525/1039/594
f 420/819/724 527/1044/725 359/686/726
f 580/1146/727 357/682/595 526/1040/720
f 416/810/728 540/1071/586 353/674/729
f 581/1148/730 358/684/721 527/1044/725
f 421/821/731 528/1046/732 360/688/699
f 417/812/733 522/1033/734 355/678/723
f 582/1150/735 359/686/726 528/1046/732
f 578/1141/736 353/674/729 522/1033/734
f 515/1015/737 592/1171/738 627/1224/739
f 539/1069/740 427/833/741 372/717/742
f 634/1233/743 341/658/744 463/914/745
f 428/835/746 410/799/681 429/837/706
f 412/802/747 590/1168/748 572/1131/684
f 572/1131/684 430/838/749 411/800/689
f 476/945/750 412/803/751 475/944/690
f 640/1239/752 464/916/753 465/918/754
f 431/840/755 838/1569/756 590/1168/748
f 826/1549/757 797/1510/758 854/1585/759
f 608/1194/760 468/926/761 615/1203/762
f 847/1578/763 428/835/764 823/1546/765
f 482/951/766 794/1507/767 797/1510/758
f 641/1240/768 463/914/745 464/916/753
f 650/1256/769 374/721/770 371/715/771
f 695/1347/772 628/1226/773 517/1020/774
f 437/857/775 645/1247/776 370/709/777
f 370/709/777 518/1023/778 437/857/775
f 369/707/779 439/861/780 436/854/781
f 715/1377/782 622/1215/577 719/1385/783
f 436/855/781 438/860/639 369/705/779
f 447/881/784 591/1169/785 435/850/786
f 434/849/787 371/714/583 372/716/582
f 592/1171/738 516/1018/788 627/1224/739
f 468/927/789 616/1204/790 615/1202/791
f 725/1397/792 624/1218/793 723/1393/794
f 687/1332/795 647/1251/796 443/871/797
f 721/1389/798 697/1351/799 696/1350/800
f 435/852/786 632/1231/801 623/1216/802
f 632/1231/801 445/875/803 624/1218/793
f 697/1351/799 724/1395/804 689/1335/805
f 519/1025/638 437/858/806 518/1024/807
f 638/1237/808 599/1178/809 449/885/810
f 449/884/811 633/1232/812 592/1171/738
f 599/1179/813 597/1176/814 633/1232/812
f 597/1176/814 600/1180/815 633/1232/812
f 633/1232/812 448/883/816 592/1171/738
f 593/1172/817 342/660/818 461/910/819
f 600/1180/815 450/886/820 448/883/816
f 635/1234/821 462/912/431 599/1178/809
f 639/1238/822 465/918/754 466/920/430
f 640/1239/752 456/898/823 455/896/824
f 594/1173/825 461/910/819 460/907/826
f 459/906/827 594/1173/825 460/907/826
f 457/900/828 596/1175/829 458/904/830
f 691/1340/831 720/1388/832 688/1334/833
f 822/1545/834 781/1484/835 846/1577/836
f 349/667/837 463/915/838 341/659/839
f 823/1546/840 429/837/706 824/1547/841
f 593/1172/817 464/917/842 463/915/838
f 458/904/830 595/1174/843 459/906/827
f 594/1173/825 465/919/844 464/917/842
f 479/948/845 509/1003/846 477/946/847
f 595/1174/843 466/921/848 465/919/844
f 590/1168/748 827/1550/849 430/838/749
f 596/1175/829 462/913/850 466/921/848
f 511/1009/851 469/928/852 497/976/853
f 750/1432/854 655/1266/855 520/1029/856
f 853/1584/857 485/955/858 831/1557/859
f 478/947/860 778/1481/422 781/1484/835
f 487/957/861 343/661/862 344/662/863
f 768/1463/408 841/1572/864 842/1573/865
f 505/995/866 475/944/867 504/993/868
f 562/1114/869 472/938/870 394/770/871
f 615/1202/791 501/986/872 500/985/873
f 450/886/820 643/1242/874 642/1241/875
f 605/1188/876 394/770/871 472/938/870
f 474/942/877 504/993/868 475/944/867
f 606/1190/878 400/781/879 473/940/880
f 564/1118/881 473/940/880 400/781/879
f 836/1564/882 476/945/883 505/995/866
f 565/1120/884 474/942/692 406/792/691
f 829/1554/885 488/958/886 483/952/887
f 480/949/888 477/946/847 478/947/889
f 513/1012/890 484/954/891 514/1013/892
f 824/1547/841 432/844/893 830/1556/894
f 479/948/845 485/955/895 484/954/891
f 855/1586/896 430/838/897 827/1550/898
f 795/1508/899 514/1013/900 484/954/901
f 839/1570/902 482/951/903 826/1549/904
f 825/1548/905 478/947/889 822/1545/906
f 820/1543/907 433/847/711 832/1558/908
f 483/953/909 598/1177/910 607/1193/911
f 834/1560/912 431/841/913 476/945/750
f 499/982/914 613/1199/915 493/967/916
f 500/985/873 604/1186/917 602/1182/918
f 101/207/919 776/1477/920 768/1464/921
f 634/1233/743 454/894/922 453/892/923
f 88/180/924 338/653/925 8/17/926
f 103/210/927 792/1503/928 784/1490/929
f 610/1196/930 495/971/931 609/1195/932
f 483/952/887 617/1206/933 618/1207/934
f 612/1198/935 490/962/936 467/924/937
f 611/1197/938 489/959/939 494/969/940
f 491/964/941 613/1199/915 470/933/942
f 610/1196/930 494/969/940 496/973/943
f 610/1196/930 491/964/941 492/966/944
f 609/1195/932 493/967/916 613/1199/915
f 672/1307/945 667/1298/946 501/987/947
f 614/1200/948 470/933/942 613/1199/915
f 650/1254/949 520/1029/856 521/1030/950
f 397/775/951 573/1132/696 398/777/663
f 517/1021/774 627/1225/952 516/1017/953
f 602/1182/918 469/929/954 451/887/955
f 618/1207/934 502/988/956 500/984/957
f 467/922/958 490/961/959 468/925/960
f 618/1207/934 451/888/961 483/952/887
f 607/1193/911 481/950/962 482/951/903
f 500/984/957 602/1183/963 618/1207/934
f 490/961/959 492/965/964 468/925/960
f 488/958/965 621/1212/966 617/1206/967
f 829/1555/968 607/1193/911 839/1570/902
f 617/1206/967 508/1001/969 502/988/970
f 508/1001/969 608/1194/971 502/988/970
f 608/1194/971 503/990/972 467/923/937
f 620/1210/973 467/924/937 503/989/972
f 612/1198/935 507/999/974 489/959/939
f 538/1067/975 426/831/976 369/707/779
f 350/668/977 453/892/923 340/656/978
f 451/889/979 626/1223/980 598/1177/910
f 598/1177/910 510/1008/981 481/950/962
f 639/1238/822 452/890/982 456/898/823
f 626/1223/980 765/1457/983 510/1008/981
f 623/1216/802 725/1397/792 722/1391/485
f 700/1354/984 517/1022/774 647/1251/796
f 628/1226/773 690/1337/985 446/877/986
f 434/848/987 693/1343/988 692/1341/989
f 627/1225/952 636/1235/990 515/1016/991
f 646/1249/992 448/883/816 737/1412/993
f 444/872/994 372/717/742 427/833/741
f 641/1240/768 455/896/824 454/894/922
f 575/1135/995 392/766/645 573/1132/696
f 492/965/964 491/963/996 468/925/960
f 468/925/960 491/963/996 470/931/997
f 490/962/936 610/1196/930 492/966/944
f 438/859/998 370/709/777 369/706/999
f 370/709/777 438/859/998 518/1023/778
f 502/988/956 615/1203/762 500/984/957
f 654/1264/1000 497/977/1001 469/930/1002
f 374/725/1003 542/1075/592 371/712/1004
f 645/1248/1005 623/1217/802 648/1252/484
f 727/1399/1006 696/1349/800 699/1353/1007
f 446/879/986 636/1235/990 628/1227/773
f 638/1237/808 515/1016/991 636/1235/990
f 638/1237/808 625/1221/1008 635/1234/821
f 637/1236/429 625/1221/1008 452/890/982
f 480/949/888 831/1557/1009 485/955/895
f 345/663/1010 486/956/1011 512/1011/1012
f 746/1427/1013 643/1242/874 760/1449/1014
f 96/197/1015 415/809/1016 88/180/924
f 650/1255/1017 196/408/1018 374/722/1019
f 375/727/591 373/718/522 664/1290/521
f 426/831/976 439/861/780 369/707/779
f 440/864/1020 447/881/784 435/850/786
f 437/858/806 440/864/1020 435/850/786
f 720/1387/1021 699/1353/1007 688/1333/1022
f 370/711/1023 648/1252/484 622/1214/573
f 516/1019/953 647/1251/796 517/1022/774
f 691/1339/1024 717/1381/1025 716/1379/1026
f 434/849/787 687/1331/1027 443/870/1028
f 49/98/1029 373/719/1030 377/731/1031
f 46/91/1032 543/1077/1033 374/723/1034
f 49/98/1029 543/1077/1033 218/452/1035
f 51/104/1036 544/1079/1037 379/737/1036
f 219/454/1038 380/739/1039 544/1079/1037
f 220/456/1040 380/739/1039 52/106/1041
f 58/120/1042 545/1081/1043 220/456/1040
f 62/131/1044 382/743/1045 54/110/1046
f 61/128/1047 546/1083/703 221/458/1048
f 223/462/1049 547/1085/704 548/1087/1050
f 258/527/1051 584/1156/1052 259/529/1053
f 55/114/1054 548/1087/1050 383/747/1055
f 224/464/1056 383/747/1055 549/1089/1057
f 56/116/1058 549/1089/1057 384/749/1059
f 225/466/1060 384/749/1059 550/1090/1061
f 57/118/1062 550/1093/1061 385/751/1063
f 226/469/1064 385/751/1063 551/1095/1065
f 226/469/1064 386/753/1066 58/120/1042
f 227/470/1067 373/719/1030 45/86/1030
f 227/470/1067 379/737/1036 552/1097/1068
f 50/101/1069 390/763/1070 378/733/1071
f 232/480/1072 391/765/1073 64/136/1074
f 50/102/1075 557/1106/1076 232/480/1072
f 62/131/1077 559/1109/1078 389/760/1079
f 234/483/1080 395/772/1081 559/1109/1078
f 63/134/1082 560/1111/1083 390/763/1084
f 235/485/1083 396/774/1085 560/1111/1083
f 66/139/1086 561/1113/1087 393/768/1088
f 54/112/1089 561/1113/1087 236/487/1090
f 243/498/1091 401/783/1092 74/154/1093
f 80/165/1094 568/1124/1095 243/498/1091
f 244/500/1096 402/785/1097 75/156/1098
f 81/167/1099 569/1126/1100 244/500/1096
f 78/161/1101 570/1128/1102 405/790/1103
f 245/502/1104 399/779/1105 570/1128/1102
f 76/158/1106 571/1130/1107 403/787/1108
f 246/504/1109 397/776/1110 571/1130/1107
f 86/176/1111 407/794/1112 80/165/1094
f 81/167/1099 414/807/1113 408/796/1114
f 84/172/1115 405/790/1103 411/801/1116
f 76/158/1106 409/798/1117 82/169/1118
f 68/143/1119 574/1134/1120 395/772/1081
f 249/508/1121 401/783/1092 574/1134/1120
f 70/147/1122 575/1136/1123 397/776/1110
f 250/510/1124 391/765/1073 575/1136/1123
f 251/512/1125 396/774/1085 69/145/1085
f 75/156/1098 576/1138/1126 251/512/1125
f 72/150/1127 577/1140/1128 399/779/1105
f 252/514/1129 393/768/1088 577/1140/1128
f 253/516/1130 417/813/1131 90/184/1132
f 89/182/1133 578/1142/1134 253/516/1130
f 95/195/1135 423/826/1136 96/197/1015
f 90/184/1132 579/1144/1137 254/518/1138
f 91/186/1139 579/1144/1137 418/815/1140
f 91/186/1139 580/1147/1141 255/520/1142
f 92/188/1143 580/1147/1141 419/816/1144
f 256/522/1145 419/818/1144 581/1149/1146
f 93/191/1147 581/1149/1146 420/820/1148
f 93/191/1147 582/1151/1149 257/524/1150
f 257/524/1150 421/822/1151 94/193/1152
f 94/193/1152 583/1154/1153 258/525/1051
f 259/529/1053 587/1163/1154 262/536/1155
f 260/531/1156 425/830/1157 585/1157/1158
f 260/532/1156 422/824/1159 95/195/1135
f 89/182/1133 586/1161/1160 416/811/1161
f 97/199/1162 644/1244/1163 326/627/1164
f 98/201/1165 587/1163/1154 425/830/1157
f 128/267/1166 454/895/1167 455/897/1168
f 10/22/1169 453/893/1170 126/263/1171
f 261/534/1172 644/1245/1163 586/1161/1160
f 679/1322/289 717/1382/289 694/1346/289
f 263/537/288 426/832/1173 588/1164/288
f 97/199/1162 589/1167/1174 424/827/1175
f 264/540/1176 427/834/1177 589/1167/1174
f 105/214/1178 413/805/1179 86/176/1111
f 106/217/1180 414/807/1113 87/178/1181
f 103/210/1182 411/801/1116 430/839/1183
f 101/207/1184 409/798/1117 428/836/1185
f 125/261/1186 456/899/1187 452/891/1188
f 127/265/1189 453/893/1170 454/895/1167
f 112/232/1190 436/856/1191 439/862/1192
f 109/226/1193 442/869/1194 436/856/1191
f 114/237/1195 519/1026/1196 194/402/1197
f 113/235/1198 441/867/1199 114/237/1195
f 112/233/1200 426/832/1173 99/203/1201
f 100/205/1202 444/873/287 427/834/1177
f 120/250/1203 445/876/1204 447/880/1205
f 715/1378/1206 588/1165/1207 538/1067/975
f 303/599/259 675/1314/1208 683/1327/1209
f 120/251/1210 440/865/1211 113/235/1198
f 741/1417/1212 22/36/324 322/620/326
f 129/269/1213 455/897/1168 456/899/1187
f 278/559/1214 471/936/1215 146/309/1216
f 147/314/1217 603/1185/1218 278/559/1214
f 148/316/1219 605/1189/1220 280/563/1221
f 148/316/1219 606/1191/1222 473/941/1223
f 164/340/1224 494/970/1225 489/960/1226
f 168/348/1227 495/972/1228 170/352/1197
f 169/350/1225 496/974/1197 494/970/1225
f 170/352/1197 496/975/1197 171/353/1197
f 289/575/1229 499/983/1230 174/363/1231
f 289/575/1229 498/980/1232 614/1201/1233
f 174/363/1231 493/968/1234 168/348/1227
f 669/1302/1235 667/1297/1236 672/1308/1237
f 652/1259/1238 668/1299/1239 665/1293/1240
f 180/376/1241 504/994/1242 179/374/375
f 180/376/1241 836/1565/1243 505/996/1244
f 833/1559/1245 344/662/863 821/1544/1246
f 294/583/1247 508/1002/1248 183/382/1249
f 294/583/1247 503/991/1250 619/1209/1251
f 295/585/1252 503/992/1250 178/370/1253
f 295/585/1252 507/1000/1254 620/1211/1255
f 181/378/1256 621/1213/1257 506/997/371
f 296/587/1258 508/1002/1248 621/1213/1257
f 182/380/1259 489/960/1226 507/1000/1260
f 297/589/1261 713/1375/1262 330/635/528
f 710/1371/1263 624/1219/1264 299/592/1265
f 299/592/1265 445/876/1204 118/246/1266
f 676/1316/1267 724/1396/1268 709/1370/1269
f 119/248/1270 625/1222/1271 446/878/488
f 300/595/1272 452/891/1188 625/1220/1271
f 179/374/375 474/943/1273 149/318/385
f 115/239/1274 519/1027/1196 442/869/1194
f 735/1410/1275 172/356/1276 309/605/1277
f 195/405/504 521/1031/1278 520/1028/1279
f 374/724/1280 196/407/1281 729/1401/1282
f 147/314/1217 605/1189/1220 472/939/1217
f 149/318/385 606/1192/1222 281/564/1283
f 471/935/1284 603/1184/1285 562/1114/869
f 562/1115/1286 649/1253/655 471/937/1287
f 471/937/1287 555/1103/1288 146/310/1289
f 382/745/1290 649/1253/655 561/1112/654
f 196/407/1281 195/406/1291 729/1401/1282
f 651/1257/506 656/1267/1292 653/1261/1293
f 653/1261/1293 654/1263/1294 652/1259/1238
f 671/1305/1295 470/934/942 498/978/1296
f 662/1284/585 644/1246/1297 661/1282/1298
f 47/94/62 45/87/58 49/97/1299
f 661/1282/1298 424/828/718 376/729/717
f 660/1280/1300 658/1274/199 657/1269/1301
f 661/1283/715 663/1288/96 662/1285/98
f 657/1271/1301 216/447/3 660/1278/1300
f 216/448/102 45/88/58 660/1279/57
f 541/1073/622 373/720/522 552/1096/1302
f 657/1270/65 658/1272/218 326/628/219
f 668/1299/1239 666/1295/1303 665/1293/1240
f 669/1301/443 670/1303/447 291/579/444
f 671/1305/1295 672/1307/945 616/1205/1304
f 672/1308/1237 670/1304/1305 669/1302/1235
f 670/1304/1305 498/981/1232 173/359/1306
f 673/1309/1307 685/1329/477 686/1330/526
f 677/1317/333 679/1321/334 680/1324/334
f 673/1310/47 677/1318/532 674/1311/531
f 683/1327/1209 681/1325/267 682/1326/260
f 676/1315/1308 683/1327/1209 675/1314/1208
f 686/1330/526 682/1326/260 681/1325/267
f 700/1354/984 688/1333/1022 699/1353/1007
f 694/1345/1309 692/1341/989 693/1343/988
f 692/1342/1310 688/1334/833 687/1331/1027
f 696/1350/800 698/1352/1311 695/1347/772
f 698/1352/1311 689/1335/805 690/1337/985
f 695/1348/772 699/1353/1007 696/1349/800
f 690/1338/489 676/1316/1267 675/1313/487
f 679/1322/289 693/1344/1312 680/1323/286
f 330/635/528 707/1367/511 298/590/292
f 711/1373/295 707/1367/511 708/1368/266
f 711/1373/295 710/1372/1313 712/1374/510
f 703/1359/334 701/1355/334 702/1358/334
f 708/1368/266 713/1375/1262 714/1376/290
f 701/1356/1314 706/1365/1315 702/1357/275
f 714/1376/290 706/1366/1316 705/1363/525
f 722/1391/485 726/1398/1317 721/1389/798
f 723/1393/794 726/1398/1317 725/1397/792
f 716/1379/1026 718/1383/1318 715/1378/1206
f 728/1400/486 721/1390/798 727/1399/1006
f 719/1385/783 716/1380/1319 715/1377/782
f 719/1386/574 727/1399/1006 720/1387/1021
f 703/1360/289 717/1382/289 704/1361/289
f 709/1370/1269 723/1394/1320 710/1371/1263
f 702/1358/334 263/538/334 703/1359/334
f 497/976/853 746/1427/1013 511/1009/851
f 729/1401/1282 46/92/1321 374/724/1280
f 309/605/1277 732/1405/1322 734/1409/1323
f 734/1409/1323 653/1262/1324 309/605/1277
f 734/1409/1323 324/624/1325 729/1401/1282
f 172/357/356 731/1403/1326 732/1404/516
f 272/549/353 275/554/309 130/270/331
f 187/389/318 159/333/402 154/325/397
f 729/1401/1282 651/1258/1327 734/1409/1323
f 735/1410/1275 279/561/450 144/303/1328
f 665/1294/1329 735/1410/1275 652/1260/1330
f 652/1260/1330 309/605/1277 653/1262/1324
f 666/1296/1331 736/1411/449 665/1294/1329
f 501/987/947 668/1300/1332 604/1187/1333
f 616/1205/1304 672/1307/945 501/987/947
f 650/1256/769 737/1412/993 450/886/820
f 654/1264/1000 604/1187/1333 668/1300/1332
f 443/871/797 646/1250/1334 371/713/1335
f 646/1249/992 737/1412/993 371/715/771
f 24/40/39 1/2/1336 23/38/37
f 33/58/1337 35/62/1338 36/63/36
f 204/424/1339 208/432/28 209/433/25
f 742/1419/1340 320/617/311 319/615/323
f 16/30/1341 161/336/367 14/28/369
f 731/1403/1326 325/625/1342 318/614/382
f 13/26/1343 131/273/344 136/283/325
f 271/548/354 130/270/331 733/1406/330
f 325/625/1342 745/1425/332 276/555/310
f 738/1413/245 744/1423/1344 325/625/1342
f 730/1402/1345 189/394/1346 16/30/1341
f 188/391/319 154/325/397 152/321/396
f 751/1434/1347 459/906/827 752/1436/1348
f 756/1443/1349 753/1437/1350 757/1444/1351
f 757/1444/1351 761/1450/1352 756/1443/1349
f 762/1451/1353 513/1012/890 761/1450/1352
f 755/1441/1354 752/1436/1348 756/1443/1349
f 754/1439/1355 748/1429/1356 758/1446/1357
f 601/1181/1358 457/900/828 767/1461/1359
f 749/1431/1360 654/1264/1000 656/1268/1361
f 761/1450/1352 514/1013/892 764/1455/1362
f 752/1436/1348 460/907/826 753/1437/1350
f 748/1429/1356 763/1453/1363 758/1446/1357
f 756/1443/1349 764/1455/1362 755/1441/1354
f 747/1428/1364 461/910/819 342/660/818
f 643/1242/874 767/1461/1359 766/1459/1365
f 511/1009/851 760/1449/1014 626/1223/980
f 759/1448/1366 512/1011/1012 763/1453/1363
f 760/1449/1014 766/1459/1365 765/1457/983
f 749/1431/1360 655/1266/855 750/1432/854
f 750/1433/1367 746/1427/1013 749/1430/1368
f 750/1433/1367 450/886/820 642/1241/875
f 790/1499/1369 514/1014/1370 798/1511/1371
f 743/1422/1372 510/1007/1373 765/1458/1374
f 744/1424/1375 765/1458/1374 766/1460/1376
f 745/1426/1377 766/1460/1376 767/1462/1378
f 767/1462/1378 130/271/1379 745/1426/1377
f 733/1407/1380 457/902/1380 458/903/1380
f 733/1408/1381 751/1435/1382 133/279/1383
f 133/279/1383 755/1442/1384 319/616/1385
f 319/616/1385 764/1456/1386 742/1420/1387
f 742/1420/1387 514/1014/1388 185/386/1389
f 774/1473/1390 512/1010/1391 782/1485/1392
f 740/1416/1393 509/1004/1394 762/1452/1395
f 321/619/1396 762/1452/1395 757/1445/1397
f 135/282/1398 757/1445/1397 753/1438/1399
f 753/1438/1399 132/277/1400 135/282/1398
f 131/274/1401 460/908/1401 461/909/1401
f 131/275/1402 754/1440/1403 136/284/1404
f 136/284/1404 758/1447/1405 322/621/1406
f 322/621/1406 763/1454/1407 741/1418/1408
f 741/1418/1408 512/1010/1409 189/393/1410
f 775/1475/1411 509/1005/1412 188/390/1413
f 775/1475/1411 782/1485/1392 783/1487/1414
f 769/1465/1415 433/846/1416 106/216/1417
f 768/1464/921 777/1479/1418 769/1465/1415
f 433/847/1419 844/1575/1420 832/1558/1421
f 784/1489/1422 849/1580/1423 850/1581/406
f 780/1483/1424 486/956/1425 487/957/1426
f 781/1484/835 779/1482/1427 780/1483/1424
f 506/998/1428 835/1562/1429 837/1567/1430
f 846/1577/836 780/1483/1424 845/1576/1431
f 779/1482/1427 512/1011/1432 486/956/1425
f 778/1481/422 782/1486/1433 779/1482/1427
f 769/1466/1434 813/1531/1435 841/1572/864
f 844/1575/1420 776/1478/1436 847/1578/763
f 153/323/335 770/1467/348 152/322/347
f 773/1472/337 771/1469/366 770/1467/348
f 189/394/1437 771/1470/366 161/336/365
f 774/1474/1438 770/1468/348 771/1470/366
f 804/1519/236 153/323/1439 155/326/234
f 772/1471/364 843/1574/336 840/1571/351
f 184/385/1440 799/1513/1441 510/1006/1442
f 791/1501/1443 798/1511/1371 799/1513/1441
f 785/1491/1444 432/843/1445 105/213/1446
f 784/1490/929 793/1505/1447 785/1491/1444
f 830/1556/1448 793/1506/1449 852/1583/1450
f 481/950/1451 799/1514/1452 794/1507/767
f 794/1507/767 798/1512/1453 795/1508/899
f 845/1576/1431 487/957/1426 833/1559/1454
f 854/1585/759 796/1509/1455 853/1584/857
f 796/1509/1455 484/954/901 485/955/858
f 797/1510/758 795/1508/899 796/1509/1455
f 185/387/1456 787/1495/254 159/333/253
f 790/1500/1457 786/1493/481 787/1495/254
f 785/1492/1458 811/1529/1459 849/1580/1423
f 852/1583/1450 792/1504/1460 855/1586/896
f 818/1541/1461 157/329/1462 282/567/460
f 788/1497/252 851/1582/257 848/1579/359
f 157/329/1463 786/1494/481 156/327/480
f 789/1498/255 787/1496/254 786/1494/481
f 803/1518/1464 805/1520/400 802/1517/251
f 807/1522/1465 819/1542/243 806/1521/403
f 818/1541/1461 809/1526/244 819/1542/243
f 804/1519/236 811/1529/1466 805/1520/400
f 851/1582/257 806/1521/407 850/1581/406
f 803/1518/1467 842/1573/865 843/1574/336
f 800/1515/1468 813/1531/412 801/1516/411
f 814/1532/395 809/1527/1469 808/1523/393
f 815/1534/1470 816/1536/342 817/1537/391
f 824/1547/841 822/1545/906 823/1546/840
f 838/1569/756 826/1549/904 827/1550/849
f 828/1552/1471 839/1570/902 838/1569/756
f 830/1556/894 825/1548/905 824/1547/841
f 827/1550/898 854/1585/759 855/1586/896
f 823/1546/765 846/1577/836 847/1578/763
f 832/1558/908 821/1544/1246 820/1543/907
f 828/1553/1472 835/1562/1473 829/1554/885
f 837/1567/1430 834/1561/1474 836/1563/882
f 837/1568/372 817/1540/1475 816/1535/370
f 812/1530/352 841/1572/864 813/1531/1435
f 840/1571/351 842/1573/865 841/1572/864
f 832/1558/1421 845/1576/1431 833/1559/1454
f 847/1578/763 845/1576/1431 844/1575/1420
f 810/1528/360 849/1580/1423 811/1529/1459
f 848/1579/359 850/1581/406 849/1580/1423
f 852/1583/1450 831/1557/859 830/1556/1448
f 855/1586/896 853/1584/857 852/1583/1450
f 15/29/368 812/1530/1476 800/1515/1468
f 448/883/816 450/886/820 737/1412/993
f 1048/1996/1477 859/1593/1478 858/1591/1479
f 1031/1961/1480 858/1591/1479 859/1593/1478
f 1030/1959/1481 861/1597/1482 860/1595/1483
f 1032/1963/1484 860/1595/1483 861/1597/1482
f 1033/1965/1485 873/1621/1486 862/1599/1487
f 862/1599/1487 1045/1989/1488 1034/1967/1489
f 1034/1967/1489 872/1619/1490 863/1601/1491
f 863/1601/1491 1044/1987/1492 1035/1969/1493
f 1035/1969/1493 871/1617/1494 864/1603/1495
f 864/1603/1495 1043/1985/1496 1036/1971/1497
f 1036/1971/1497 870/1615/1498 865/1605/1499
f 865/1605/1499 1042/1984/1500 1037/1974/1501
f 1038/1975/1502 1040/1980/1503 1061/2023/1504
f 1041/1981/1505 1054/2008/1506 1040/1979/1507
f 1062/2024/1508 892/1671/1509 893/1674/1510
f 1039/1977/1511 869/1614/1512 866/1608/1513
f 867/1609/1514 856/1588/1515 857/1590/1516
f 868/1611/1517 883/1649/1518 856/1587/1519
f 896/1683/1520 1/3/43 856/1587/1519
f 1491/2831/1521 1518/2875/1522 1486/2822/1523
f 1046/1991/1524 875/1628/1525 1130/2136/1526
f 1047/1993/1527 880/1643/1528 881/1645/1529
f 1050/1999/1530 877/1634/1531 876/1631/1532
f 1472/2787/1533 878/1637/1534 1473/2789/1535
f 872/1620/1536 1058/2016/1537 1044/1988/1538
f 1051/2002/1539 880/1644/1540 1050/2000/1541
f 1094/2082/1542 1470/2782/1543 1048/1995/1544
f 924/1735/1545 1033/1966/1546 862/1600/1547
f 868/1611/1517 895/1679/1548 886/1657/1549
f 1068/2034/1550 3/11/74 896/1682/1551
f 859/1594/1552 1052/2003/1553 1031/1962/1554
f 1044/1988/1538 889/1665/1555 871/1618/1556
f 1038/1976/1557 1091/2076/1558 1037/1973/1559
f 1031/1962/1554 885/1656/1560 861/1598/1561
f 873/1622/1562 1059/2018/1563 1045/1990/1564
f 1042/1983/1565 1055/2009/1566 1041/1981/1505
f 895/1679/1548 869/1613/1567 887/1661/1568
f 870/1616/1569 1056/2011/1570 1042/1983/1565
f 1045/1990/1564 890/1667/1571 872/1620/1536
f 1476/2801/1572 1353/2584/1573 1354/2586/1574
f 1065/2029/1575 886/1658/1576 1066/2031/1577
f 1049/1998/1578 884/1653/1579 859/1594/1552
f 1053/2005/1580 861/1598/1561 885/1656/1560
f 1057/2013/1581 871/1618/1556 889/1665/1555
f 1032/1964/1582 891/1669/1583 873/1622/1562
f 1043/1986/1584 888/1663/1585 870/1616/1569
f 893/1673/1586 1063/2026/1587 1062/2025/1588
f 1040/1979/1507 894/1675/1589 893/1673/1586
f 1061/2022/1590 1092/2078/1591 1038/1976/1557
f 1062/2025/1588 887/1661/1568 869/1613/1567
f 1061/2023/1504 893/1674/1510 892/1671/1509
f 1027/1954/1592 944/1779/1593 948/1787/1594
f 883/1649/1518 896/1683/1520 856/1587/1519
f 1066/2031/1577 897/1686/1595 1065/2029/1575
f 1066/2031/1577 895/1680/1596 1067/2032/1597
f 1067/2032/1597 898/1687/1598 1066/2031/1577
f 1075/2046/1599 909/1707/1600 1079/2053/1601
f 1068/2034/1550 4/12/127 17/31/75
f 1084/2061/1602 5/13/129 19/33/148
f 1063/2027/1603 1069/2037/1604 887/1659/1605
f 894/1676/1606 1137/2148/1607 1063/2027/1603
f 1137/2148/1607 900/1690/1608 1064/2028/1609
f 1137/2148/1607 899/1688/1610 1069/2037/1604
f 1076/2047/1611 910/1709/1612 1075/2046/1599
f 904/1698/1613 1079/2053/1601 903/1696/1614
f 1077/2049/1615 6/14/145 18/32/167
f 902/1695/1616 19/33/148 4/12/127
f 1072/2041/1617 1064/2028/1609 900/1690/1608
f 1071/2040/1618 1072/2041/1617 906/1701/1619
f 905/1699/1620 1138/2149/1621 1071/2040/1618
f 1064/2028/1609 1085/2063/1622 899/1688/1610
f 1074/2045/1623 1073/2043/1624 912/1712/1625
f 911/1710/1626 1139/2150/1627 1074/2045/1623
f 1071/2040/1618 1078/2051/1628 905/1699/1620
f 906/1701/1619 1139/2150/1627 1071/2040/1618
f 913/1714/1629 916/1720/1630 910/1709/1612
f 907/1704/1631 1075/2046/1599 904/1698/1613
f 914/1716/1632 7/15/165 6/14/145
f 908/1705/1633 18/32/167 5/13/129
f 912/1712/1625 1080/2055/1634 1074/2045/1623
f 910/1709/1612 915/1719/1635 909/1707/1600
f 2/7/171 921/1729/1636 857/1589/1637
f 1082/2057/1638 904/1698/1613 1081/2056/1639
f 1074/2045/1623 917/1721/1640 911/1710/1626
f 983/1869/1641 912/1713/1642 982/1867/1643
f 867/1610/1644 928/1743/1645 866/1607/1646
f 901/1692/1647 1081/2056/1639 898/1687/1598
f 857/1589/1637 929/1745/1648 867/1610/1644
f 1091/2076/1558 865/1606/1649 1037/1973/1559
f 892/1672/1650 1095/2085/1651 1061/2022/1590
f 1346/2569/1652 1342/2561/1653 1343/2563/1654
f 919/1725/1655 935/1757/1656 916/1720/1630
f 1093/2080/1657 866/1607/1646 928/1743/1645
f 920/1728/1658 9/20/195 7/15/165
f 1039/1978/1659 931/1749/1660 892/1672/1650
f 881/1645/1529 1472/2788/1661 1471/2786/1662
f 1097/2088/1663 881/1646/1664 930/1747/1665
f 925/1737/1666 1034/1968/1667 863/1602/1668
f 1087/2068/1669 860/1596/1670 1033/1966/1546
f 926/1739/1671 1035/1970/1672 864/1604/1673
f 1088/2070/1674 862/1600/1547 1034/1968/1667
f 922/1731/1675 1048/1995/1544 858/1592/1676
f 1089/2071/1677 863/1602/1668 1035/1970/1672
f 927/1741/1678 1036/1972/1679 865/1606/1649
f 1471/2785/1680 930/1747/1665 881/1646/1664
f 923/1733/1681 1030/1960/1682 860/1596/1670
f 1090/2073/1683 864/1604/1673 1036/1972/1679
f 1086/2065/1684 858/1592/1676 1030/1960/1682
f 1023/1945/1685 1100/2093/1686 1135/2145/1687
f 1047/1994/1688 933/1753/1689 877/1635/1690
f 1143/2154/1691 11/24/229 971/1836/1692
f 916/1720/1630 934/1755/1693 915/1719/1635
f 918/1723/1694 1098/2090/1695 1080/2055/1634
f 1617/3033/1696 988/1876/1697 1611/3024/1698
f 1080/2055/1634 936/1758/1699 917/1721/1640
f 984/1870/1700 918/1724/1701 983/1869/1641
f 1149/2160/1702 972/1838/1703 973/1840/1704
f 937/1760/1705 1626/3047/1706 1098/2090/1695
f 1550/2923/1707 1019/1938/1708 1543/2914/1709
f 1116/2116/1710 976/1848/1711 1123/2125/1712
f 935/1757/1656 1609/3022/1713 934/1755/1693
f 992/1882/1714 1597/3004/1715 1596/3003/1716
f 1598/3005/1717 1614/3027/1718 990/1879/1719
f 1150/2161/1720 971/1836/1692 972/1838/1703
f 1495/2838/1721 1136/2147/1722 1025/1949/1723
f 879/1639/1724 954/1801/1725 956/1804/1726
f 1521/2880/1727 1497/2840/1728 1494/2837/1729
f 943/1776/1730 1160/2178/1731 875/1627/1732
f 875/1627/1732 1026/1950/1733 943/1776/1730
f 874/1624/1734 945/1780/1735 942/1773/1736
f 1515/2869/1737 1130/2136/1526 1519/2877/1738
f 948/1787/1594 874/1626/1734 942/1774/1736
f 953/1798/277 1099/2091/276 941/1770/1739
f 940/1769/1740 876/1631/1532 877/1634/1531
f 1100/2093/1686 1024/1947/1741 1135/2145/1687
f 976/1849/1742 1124/2126/1743 1123/2124/1744
f 1257/2388/1745 1493/2836/1746 950/1791/1745
f 1531/2895/1747 1096/2086/1748 1516/2871/1747
f 1527/2888/1749 1494/2837/1729 1499/2842/1750
f 941/1772/1739 1140/2151/1751 1131/2138/1752
f 1140/2151/1751 951/1795/1753 1132/2139/1754
f 1497/2840/1728 1522/2881/1755 1489/2827/1756
f 1026/1951/1592 947/1785/1757 943/1777/1758
f 1147/2158/1759 1107/2101/1760 955/1803/1761
f 955/1802/1762 1141/2152/1763 1100/2093/1686
f 970/1834/1764 1141/2152/1763 1107/2102/1765
f 12/25/304 1101/2094/1766 20/34/305
f 1141/2152/1763 954/1801/1725 1100/2093/1686
f 966/1827/1767 1156/2170/1768 967/1829/1769
f 1108/2103/1770 956/1804/1726 954/1801/1725
f 1153/2165/1771 968/1830/1772 1154/2166/1773
f 1144/2155/1774 970/1835/1775 1107/2101/1760
f 1154/2166/1773 1551/2924/1776 1153/2165/1771
f 1552/2925/1777 1020/1939/1778 1551/2924/1776
f 1148/2159/1779 973/1840/1704 974/1843/1780
f 1149/2160/1702 962/1817/1781 961/1815/1782
f 1152/2163/1783 967/1829/1769 1153/2165/1771
f 969/1832/1784 22/36/324 1155/2168/1785
f 1102/2095/1786 1156/2170/1768 1103/2096/1787
f 1103/2096/1787 1545/2917/1788 1104/2097/1789
f 1109/2104/1790 963/1820/1791 1557/2935/1792
f 1491/2832/1793 1517/2873/1794 1514/2867/1794
f 1648/3077/1795 986/1873/1796 1582/2979/1797
f 20/34/305 971/1837/1798 11/23/339
f 1014/1927/1799 1621/3037/1800 1623/3041/1801
f 1101/2094/1766 972/1839/1802 971/1837/1798
f 964/1822/1803 1102/2095/1786 1101/2094/1766
f 1102/2095/1786 973/1841/1804 972/1839/1802
f 1584/2982/1805 985/1872/1806 1021/1941/1807
f 1103/2096/1787 974/1842/1808 973/1841/1804
f 995/1887/1809 1645/3074/1810 1581/2978/1811
f 974/1842/1808 1105/2098/1812 970/1834/1764
f 1019/1938/1708 977/1850/1813 1005/1907/1814
f 1157/2171/1815 956/1804/1726 1151/2162/1816
f 993/1884/1817 1653/3082/1818 1597/3004/1715
f 894/1677/1819 1111/2107/1820 1070/2039/1821
f 994/1885/1822 1581/2978/1811 1580/2976/1823
f 994/1885/1824 15/29/368 995/1887/1825
f 1623/3040/1826 1319/2511/1827 1014/1928/1828
f 1013/1925/1829 983/1869/1830 1012/1923/1831
f 1070/2039/1821 980/1863/1832 900/1691/1833
f 1134/2144/1834 1555/2931/1835 1017/1933/1836
f 1123/2124/1744 1009/1916/1837 1008/1915/1838
f 1151/2162/1816 1109/2104/1790 1158/2173/1839
f 1113/2112/1840 900/1691/1833 980/1863/1832
f 982/1867/1841 1012/1923/1831 983/1869/1830
f 1114/2114/1842 906/1702/1843 981/1865/1844
f 1072/2042/1845 981/1865/1844 906/1702/1843
f 1624/3044/1846 984/1870/1847 1013/1925/1829
f 1073/2044/1848 982/1867/1643 912/1713/1642
f 1615/3028/1849 996/1888/1850 991/1880/1851
f 988/1876/1697 985/1871/1852 986/1873/1853
f 1106/2099/1854 1017/1933/1836 989/1878/1855
f 938/1763/1856 1612/3025/1857 935/1757/1656
f 993/1884/1858 987/1874/1859 988/1876/1697
f 1098/2090/1695 1613/3026/1860 936/1758/1699
f 1551/2924/1776 1018/1937/1861 1554/2929/1862
f 936/1758/1863 1655/3084/1864 1593/2996/1865
f 1609/3022/1866 1577/2970/1867 934/1755/1868
f 939/1766/1869 801/1516/411 9/20/195
f 991/1881/1870 1106/2100/1854 1115/2115/1871
f 1622/3038/1872 937/1761/1873 984/1870/1700
f 1007/1912/1874 1121/2121/1875 1001/1897/1876
f 1008/1915/1838 1112/2109/1877 1110/2105/1878
f 967/1829/1769 965/1825/1879 968/1830/1772
f 1587/2988/1880 1322/2517/1881 1290/2460/1882
f 1143/2154/1691 960/1813/1883 959/1812/1884
f 331/638/427 1165/2186/1885 332/641/428
f 1450/2748/1886 1279/2434/1887 1452/2750/1888
f 1118/2118/1889 1003/1901/1890 1117/2117/1890
f 996/1888/1850 1126/2129/1891 991/1880/1851
f 1120/2120/1892 998/1892/1893 975/1846/1894
f 1119/2119/1895 997/1889/1896 1002/1899/1897
f 999/1894/1898 1121/2121/1875 978/1855/1899
f 1119/2119/1895 1004/1905/1889 1118/2118/1889
f 1118/2118/1889 999/1894/1898 1000/1896/1889
f 1117/2117/1890 1001/1897/1876 1121/2121/1875
f 1482/2813/1900 1009/1917/1901 1124/2127/1902
f 1122/2122/1903 978/1855/1899 1121/2121/1875
f 1483/2815/1904 978/1856/1899 1006/1908/1905
f 1081/2056/1639 903/1696/1614 1083/2059/1906
f 1548/2921/1907 1112/2110/1908 1009/1917/1901
f 1025/1949/1723 1135/2146/1909 1024/1948/1910
f 1110/2105/1878 977/1851/1911 957/1805/1912
f 1126/2129/1891 1010/1918/1913 1008/1914/1914
f 975/1844/1915 998/1891/1916 976/1847/1917
f 1126/2129/1891 957/1807/1918 991/1880/1851
f 1115/2115/1871 989/1877/1855 990/1879/1919
f 1008/1914/1914 1110/2106/1920 1126/2129/1891
f 998/1891/1916 1000/1895/1921 976/1847/1917
f 996/1888/1922 1129/2134/1923 1125/2128/1924
f 1615/3029/1925 1115/2115/1871 1625/3046/1926
f 1125/2128/1924 1016/1932/1927 1010/1918/1928
f 1016/1932/1927 1116/2116/1929 1010/1918/1928
f 1116/2116/1929 1011/1922/1930 975/1845/1894
f 1128/2132/1931 975/1846/1894 1011/1919/1930
f 1120/2120/1892 1015/1929/1932 997/1889/1896
f 1046/1992/1794 932/1752/1933 874/1624/1734
f 1487/2823/1934 1162/2182/1935 949/1790/1936
f 21/35/230 959/1812/1884 10/21/1937
f 957/1808/1938 1134/2144/1834 1106/2099/1854
f 989/1878/1939 1600/3009/1940 1595/3000/1941
f 1148/2159/1779 958/1809/1942 962/1817/1781
f 1461/2764/1943 1535/2903/1944 1436/2729/1945
f 1498/2841/1946 1025/1949/1723 1162/2182/1935
f 1488/2825/1947 1259/2394/1948 952/1797/1949
f 940/1768/1950 1493/2835/1794 1490/2829/1793
f 1135/2146/1909 1145/2156/1951 1023/1946/1952
f 954/1801/1725 1161/2180/1953 1024/1947/1741
f 950/1792/1954 877/1635/1690 933/1753/1689
f 1150/2161/1720 961/1815/1782 960/1813/1883
f 898/1687/1598 1083/2059/1906 897/1686/1595
f 1000/1895/1921 999/1893/1955 976/1847/1917
f 976/1847/1917 999/1893/1955 978/1853/1956
f 1161/2181/1957 949/1790/1936 1162/2182/1935
f 1119/2119/1895 1000/1896/1889 998/1892/1893
f 944/1778/1958 875/1627/1732 874/1623/1959
f 875/1627/1732 944/1778/1958 1026/1950/1733
f 1010/1918/1913 1123/2125/1712 1008/1914/1914
f 1468/2777/1960 1028/1956/1961 1464/2769/1962
f 879/1640/1963 1050/2000/1541 876/1630/1964
f 1160/2179/1965 1131/2138/1752 1163/2183/1966
f 1131/2138/1752 1525/2886/1967 1520/2879/1968
f 952/1796/1969 1145/2156/1951 1136/2147/1722
f 1147/2158/1759 1023/1946/1952 1145/2156/1951
f 1147/2158/1759 1133/2142/1970 1144/2155/1774
f 1146/2157/1971 1133/2142/1970 958/1809/1942
f 1146/2157/1971 974/1843/1780 970/1835/1775
f 1544/2916/1972 1151/2162/1816 1543/2914/1709
f 1176/2208/1973 1174/2204/1974 1175/2206/1975
f 1476/2799/1976 1186/2233/1977 1477/2802/1978
f 932/1752/1933 945/1780/1735 874/1624/1734
f 946/1783/1979 953/1798/277 941/1770/1739
f 943/1777/1758 946/1783/1979 941/1770/1739
f 1518/2876/1980 1499/2842/1750 1486/2821/1981
f 875/1629/1982 1163/2183/1966 1130/2137/1983
f 1024/1948/1910 1162/2182/1935 1025/1949/1723
f 1525/2886/1967 1132/2139/1754 1523/2883/1984
f 940/1769/1740 1487/2824/1985 949/1789/1986
f 1166/2188/1987 1354/2586/1574 1353/2584/1573
f 1166/2188/1987 1336/2548/1988 1167/2190/1989
f 1335/2546/1990 1169/2194/1991 1336/2548/1988
f 1168/2192/1992 1337/2550/1993 1169/2194/1991
f 1338/2552/1994 1181/2218/1995 1337/2550/1993
f 1170/2196/1996 1350/2578/1997 1181/2218/1995
f 1339/2555/1998 1180/2216/1999 1350/2578/1997
f 1171/2198/2000 1349/2575/2001 1180/2216/1999
f 1340/2557/2002 1179/2214/2003 1349/2575/2001
f 1172/2200/2004 1348/2573/2005 1179/2214/2003
f 1341/2559/2006 1178/2212/2007 1348/2573/2005
f 1173/2202/2008 1347/2571/2009 1178/2212/2007
f 1345/2567/2010 1343/2563/1654 1366/2612/2011
f 1359/2596/2012 1346/2570/2013 1345/2568/2014
f 1200/2269/2015 1367/2614/2016 1201/2273/2017
f 1344/2565/2018 1177/2210/2019 1367/2614/2016
f 1164/2184/2020 1175/2206/1975 1165/2186/1885
f 1191/2248/2021 1176/2209/2022 1164/2185/2023
f 1203/2278/2024 331/639/571 333/644/2025
f 1435/2727/2026 1541/2912/2027 1461/2764/1943
f 1183/2225/2028 1351/2580/2029 1435/2726/2030
f 1188/2241/2031 1352/2582/2032 1189/2243/2033
f 1355/2588/2034 1185/2231/2035 1352/2582/2032
f 1475/2797/2036 1399/2673/2037 1353/2585/2038
f 1180/2217/2039 1363/2605/2040 1198/2265/2041
f 1188/2242/2042 1356/2590/2043 1355/2589/2044
f 1338/2553/2045 1231/2330/2046 1170/2197/2047
f 1202/2274/2048 1176/2209/2022 1194/2255/2049
f 333/646/598 1373/2624/2050 1203/2277/2051
f 1167/2191/2052 1357/2592/2053 1192/2251/2054
f 1349/2577/2055 1197/2263/2056 1363/2604/2040
f 1343/2564/2057 1396/2666/2058 1397/2669/2059
f 1336/2549/2060 1193/2253/2061 1357/2592/2053
f 1181/2219/2062 1364/2608/2063 1199/2267/2064
f 1347/2572/2065 1360/2598/2066 1361/2600/2067
f 1202/2274/2048 1195/2257/2068 1177/2211/2069
f 1178/2213/2070 1361/2600/2067 1196/2261/2071
f 1350/2579/2072 1198/2265/2041 1364/2608/2063
f 1370/2619/2073 1194/2256/2074 1191/2247/2075
f 1354/2587/2076 1192/2251/2054 1365/2611/2077
f 1169/2195/2078 1358/2594/2079 1193/2253/2061
f 1179/2215/2080 1362/2602/2081 1197/2263/2056
f 1337/2551/2082 1199/2267/2064 1358/2594/2079
f 1348/2574/2083 1196/2261/2071 1362/2602/2081
f 1201/2271/2084 1368/2616/2085 979/1857/2086
f 1345/2568/2014 979/1861/2086 1359/2596/2012
f 1366/2613/2087 1397/2669/2059 1400/2675/2088
f 1367/2615/2089 1195/2257/2068 1368/2616/2085
f 1366/2612/2011 1201/2273/2017 1345/2567/2010
f 1251/2375/2090 1332/2539/2091 1255/2383/2092
f 1191/2248/2021 1164/2185/2023 1203/2278/2024
f 1204/2280/2093 1371/2621/2094 1370/2619/2073
f 1371/2621/2094 1202/2275/2095 1194/2256/2074
f 1205/2282/2096 1372/2622/2097 1371/2621/2094
f 1216/2302/2098 1380/2636/2099 1384/2643/2100
f 334/647/649 1373/2624/2050 346/664/650
f 1389/2651/2101 335/648/651 1215/2300/2102
f 1374/2627/2103 1442/2740/2104 1462/2765/2105
f 1442/2740/2104 1207/2285/2106 1375/2629/2107
f 1206/2283/2108 1442/2740/2104 1374/2627/2103
f 1217/2304/2109 1381/2637/2110 1380/2636/2099
f 1211/2293/2111 1384/2643/2100 1380/2636/2099
f 1382/2639/2112 336/649/664 1221/2311/2113
f 1209/2289/2114 348/666/667 1389/2651/2101
f 1369/2618/2115 1377/2631/2116 1207/2285/2106
f 1377/2631/2116 1376/2630/2117 1213/2296/2118
f 1212/2294/2119 1443/2741/2120 1390/2653/2121
f 1390/2653/2121 1369/2618/2115 1206/2283/2108
f 1378/2633/2122 1379/2635/2123 1219/2307/2124
f 1218/2305/2125 1444/2742/2126 1383/2641/2127
f 1383/2641/2127 1376/2630/2117 1212/2294/2119
f 1213/2296/2118 1444/2742/2126 1378/2633/2122
f 1220/2309/2128 1223/2315/2129 1226/2320/2130
f 1214/2298/2131 1380/2636/2099 1381/2637/2110
f 1221/2311/2113 337/650/667 1227/2322/2132
f 1215/2300/2102 347/665/683 1382/2639/2112
f 1219/2307/2124 1385/2645/2133 1225/2318/2134
f 1222/2313/2135 1217/2304/2109 1216/2302/2098
f 332/643/687 1228/2324/2136 338/652/687
f 1211/2293/2111 1387/2647/2137 1386/2646/2138
f 1379/2635/2123 1224/2316/2139 1385/2645/2133
f 1219/2308/2140 1288/2458/2141 1287/2456/2142
f 1235/2338/2143 1175/2207/2144 1174/2205/2145
f 1208/2287/2146 1386/2646/2138 1387/2647/2137
f 1165/2187/2147 1236/2340/2148 1228/2324/2136
f 1173/2203/2149 1396/2666/2058 1342/2562/2150
f 1200/2270/2151 1400/2675/2088 1238/2344/2152
f 1055/2010/2153 1359/2597/2154 1054/2007/2155
f 1226/2320/2130 1242/2352/2156 1245/2357/2157
f 1174/2205/2145 1398/2671/2158 1235/2338/2143
f 1227/2322/2132 339/655/709 1246/2362/2159
f 1344/2566/2160 1238/2344/2152 1398/2671/2158
f 1477/2804/2161 1189/2243/2033 1474/2793/2162
f 1189/2244/2163 1402/2679/2164 1237/2343/2165
f 1339/2556/2166 1232/2332/2167 1171/2199/2168
f 1168/2193/2169 1392/2657/2170 1338/2553/2045
f 1340/2558/2171 1233/2334/2172 1172/2201/2173
f 1170/2197/2047 1393/2660/2174 1339/2554/2166
f 1353/2585/2038 1229/2326/2175 1166/2189/2176
f 1171/2199/2168 1394/2662/2177 1340/2558/2171
f 1234/2336/2178 1341/2560/2179 1395/2664/2180
f 1230/2328/2181 1335/2547/2182 1391/2655/2183
f 1172/2201/2173 1395/2664/2180 1341/2560/2179
f 1166/2189/2176 1391/2655/2183 1335/2547/2182
f 1328/2529/2184 1405/2684/2185 1262/2399/2186
f 1352/2583/2187 1240/2348/2188 1402/2679/2164
f 1447/2745/2189 341/658/744 350/668/977
f 1241/2350/2190 1223/2315/2129 1222/2313/2135
f 1225/2318/2134 1403/2681/2191 1244/2355/2192
f 1385/2645/2133 1243/2353/2193 1403/2681/2191
f 1225/2319/2194 1289/2459/2195 1288/2458/2141
f 1453/2751/2196 1277/2430/2197 1454/2752/2198
f 1244/2355/2192 1643/3072/2199 1633/3055/2200
f 1606/3017/2201 1631/3052/2202 1659/3088/2203
f 1281/2440/2204 1421/2706/2205 1428/2715/2206
f 1652/3081/2207 1241/2350/2208 1585/2985/2209
f 1603/3014/2210 1295/2465/2211 1606/3017/2201
f 1454/2752/2198 1276/2428/2212 1447/2745/2189
f 1463/2768/2213 1184/2229/2214 1187/2236/2215
f 1441/2738/2216 1508/2859/2217 1330/2534/2218
f 1458/2759/2219 1250/2372/2220 1183/2224/2221
f 1183/2224/2221 1250/2372/2220 1331/2537/2222
f 1182/2223/2223 1249/2369/2224 1252/2376/2225
f 1528/2889/2226 1435/2726/2030 1351/2580/2029
f 1249/2370/2224 1251/2375/2090 1255/2383/2092
f 1404/2682/2227 1260/2395/2228 1248/2368/2229
f 1184/2228/2230 1247/2364/2231 1185/2231/2035
f 1329/2532/2232 1405/2684/2185 1440/2736/2233
f 1281/2441/2234 1429/2716/2235 1283/2445/2236
f 1538/2909/2237 1437/2730/2238 1445/2743/2239
f 1500/2843/2240 1460/2763/2241 1513/2866/2242
f 1510/2863/2243 1534/2901/2244 1509/2861/2245
f 1445/2743/2239 1248/2367/2229 1436/2728/1945
f 1445/2743/2239 1258/2390/2246 1404/2683/2227
f 1510/2863/2243 1537/2908/2247 1539/2910/2248
f 1250/2373/2249 1332/2539/2091 1331/2538/2250
f 1412/2691/2251 1451/2749/2252 1262/2400/2253
f 1262/2399/2186 1446/2744/2254 1412/2692/2255
f 1412/2692/2255 1410/2689/2256 1275/2427/2257
f 1413/2693/2258 1410/2689/2256 1446/2744/2254
f 1261/2398/2259 1446/2744/2254 1405/2684/2185
f 342/660/818 1406/2685/2260 1274/2424/2261
f 1413/2693/2258 1263/2401/2262 1414/2694/2263
f 1275/2426/2264 1448/2746/2265 1412/2691/2251
f 1452/2750/1888 1278/2432/2266 1453/2751/2196
f 1453/2751/2196 1269/2413/2267 1452/2750/1888
f 1274/2424/2261 1407/2686/2268 1273/2421/2269
f 1272/2420/2270 1407/2686/2268 1408/2687/2271
f 1270/2415/2272 1409/2688/2273 1410/2689/2256
f 1533/2899/2274 1504/2852/2275 1501/2846/2276
f 1590/2991/2277 1627/3048/2278 1651/3080/2279
f 349/667/837 1276/2429/2280 1406/2685/2260
f 1628/3049/2281 1242/2352/2156 1241/2350/2190
f 1406/2685/2260 1277/2431/2282 1407/2686/2268
f 1271/2418/2283 1408/2687/2271 1409/2688/2273
f 1407/2686/2268 1278/2433/2284 1408/2687/2271
f 1292/2462/2285 1322/2517/2286 1326/2525/2287
f 1408/2687/2271 1279/2435/2288 1409/2688/2273
f 1403/2681/2191 1632/3053/2289 1643/3072/2199
f 1409/2688/2273 1275/2427/2257 1410/2689/2256
f 1282/2442/2290 1324/2521/2291 1310/2491/2292
f 1560/2940/2293 1333/2542/2294 1468/2778/2295
f 1298/2469/2296 1658/3087/2297 1636/3060/2298
f 1587/2988/1880 1291/2461/2299 1590/2991/2277
f 343/661/862 1300/2471/2300 344/662/863
f 1577/2970/1867 1646/3075/2301 1578/2973/2302
f 1288/2458/2303 1318/2509/2304 1317/2507/2305
f 1375/2628/2306 1285/2452/2307 1416/2697/2308
f 1428/2714/2309 1314/2500/2310 1429/2716/2235
f 1456/2754/2311 1263/2401/2262 1455/2753/2312
f 1207/2286/2313 1418/2701/2314 1285/2452/2307
f 1287/2456/2315 1288/2458/2303 1317/2507/2305
f 1213/2297/2316 1419/2703/2317 1286/2454/2318
f 1377/2632/2319 1286/2454/2318 1418/2701/2314
f 1289/2459/2320 1641/3066/2321 1318/2509/2304
f 1378/2634/2322 1287/2456/2142 1419/2703/2317
f 1634/3058/2323 1301/2472/2324 1640/3065/2325
f 1293/2463/2326 1290/2460/2327 1292/2462/2285
f 1297/2468/2328 1326/2525/2287 1327/2526/2329
f 1629/3050/2330 1245/2357/2157 1242/2352/2156
f 1298/2469/2331 1292/2462/2285 1297/2468/2328
f 1660/3089/2332 1243/2353/2333 1601/3011/2334
f 1604/3015/2335 1327/2526/2336 1607/3019/2337
f 1644/3073/2338 1295/2465/2339 1420/2705/2340
f 1630/3051/2341 1291/2461/2342 1293/2463/2326
f 820/1543/907 1246/2362/2159 339/655/709
f 1296/2466/2343 1411/2690/2344 1264/2404/2345
f 1244/2356/2346 1639/3063/2347 1289/2459/2195
f 1426/2711/2348 1312/2496/2349 1306/2481/2350
f 1313/2498/2351 1417/2699/2352 1314/2500/2310
f 1585/2984/2353 934/1756/2354 1577/2971/2355
f 1447/2745/2189 1267/2409/2356 1454/2752/2198
f 338/654/925 921/1730/2357 8/18/926
f 1601/3010/2358 936/1759/2359 1593/2997/2360
f 1308/2485/2361 1423/2708/2362 1422/2707/2363
f 1296/2467/2364 1430/2718/2365 1301/2472/2324
f 1303/2476/2366 1425/2710/2367 1280/2438/2368
f 1424/2709/2369 1302/2473/2370 1425/2710/2367
f 1304/2478/2371 1426/2711/2348 1422/2707/2363
f 1423/2708/2362 1307/2483/2372 1424/2709/2369
f 1304/2478/2371 1423/2708/2362 1305/2480/2373
f 1306/2481/2350 1422/2707/2363 1426/2711/2348
f 1485/2819/2374 1314/2501/2375 1480/2809/2376
f 1283/2447/2377 1427/2712/2378 1426/2711/2348
f 1463/2766/2379 1333/2542/2294 1560/2940/2293
f 1210/2291/2380 1386/2646/2138 1388/2649/2381
f 1330/2535/2218 1440/2737/2382 1441/2739/2216
f 1415/2695/2383 1282/2443/2384 1417/2699/2352
f 1431/2719/2385 1315/2502/2386 1430/2718/2365
f 1280/2436/2387 1281/2439/2388 1303/2475/2389
f 1264/2403/2390 1431/2719/2385 1296/2467/2364
f 1420/2705/2340 1294/2464/2391 1411/2690/2344
f 1313/2499/2392 1431/2719/2385 1415/2696/2393
f 1303/2475/2389 1281/2439/2388 1305/2479/2394
f 1301/2472/2395 1434/2724/2396 1319/2512/2397
f 1634/3057/2398 1420/2705/2340 1296/2466/2343
f 1430/2718/2399 1321/2515/2400 1434/2724/2396
f 1321/2515/2400 1421/2706/2401 1432/2720/2402
f 1421/2706/2401 1316/2504/2403 1432/2720/2402
f 1280/2438/2368 1433/2722/2404 1316/2503/2403
f 1425/2710/2367 1320/2513/2405 1433/2722/2404
f 1351/2581/2406 1239/2346/2407 1401/2678/2408
f 350/668/977 1266/2407/2409 1447/2745/2189
f 1264/2404/2345 1439/2735/2410 1324/2521/2291
f 1411/2690/2344 1323/2519/2411 1439/2735/2410
f 1452/2750/1888 1265/2405/2412 1450/2748/1886
f 1574/2964/2413 1439/2735/2410 1323/2519/2411
f 1538/2909/2237 1436/2728/1945 1535/2904/1944
f 1513/2866/2242 1330/2536/2218 1508/2860/2217
f 1441/2738/2216 1503/2849/2414 1511/2864/2415
f 1247/2363/2416 1506/2855/2417 1257/2387/2418
f 1440/2737/2382 1449/2747/2419 1441/2739/2216
f 1261/2398/2259 1459/2761/2420 1549/2922/2421
f 1185/2232/2422 1257/2387/2418 1240/2348/2188
f 1454/2752/2198 1268/2411/2423 1453/2751/2196
f 1205/2282/2096 1388/2649/2381 1386/2646/2138
f 1305/2479/2394 1281/2439/2388 1304/2477/2424
f 1281/2439/2388 1283/2446/2425 1304/2477/2424
f 1303/2476/2366 1423/2708/2362 1424/2709/2369
f 1251/2374/2426 1182/2220/2427 1183/2224/2221
f 1183/2224/2221 1331/2537/2222 1251/2374/2426
f 1315/2502/2386 1428/2715/2206 1421/2706/2205
f 1467/2776/2428 1282/2444/2429 1310/2490/2430
f 1355/2589/2044 1187/2239/2431 1184/2227/2432
f 1458/2760/2433 1436/2729/1945 1248/2365/2434
f 1540/2911/2435 1509/2862/2245 1534/2902/2244
f 1259/2393/2436 1449/2747/2419 1451/2749/2252
f 1328/2530/2437 1451/2749/2252 1449/2747/2419
f 1438/2732/2438 1451/2749/2252 1448/2746/2265
f 1450/2748/1886 1438/2732/2438 1448/2746/2265
f 1636/3060/2439 1293/2463/2326 1298/2469/2331
f 1299/2470/2440 345/663/1010 1325/2524/2441
f 1558/2937/2442 1456/2754/2311 1455/2753/2312
f 1228/2325/2443 929/1746/2444 921/1730/2357
f 1029/1958/2445 1463/2767/2446 1187/2237/2447
f 1186/2233/1977 1188/2242/2042 1477/2802/1978
f 1239/2346/2407 1182/2223/2223 1252/2376/2225
f 1253/2379/2448 1248/2368/2229 1260/2395/2228
f 1250/2373/2249 1253/2379/2448 1254/2381/2449
f 1533/2900/2450 1512/2865/2451 1540/2911/2435
f 1183/2226/2452 1461/2764/1943 1458/2760/2433
f 1329/2533/2453 1460/2763/2241 1459/2762/2454
f 1504/2851/2455 1530/2893/2456 1507/2858/2457
f 1247/2364/2231 1500/2844/2458 1505/2854/2459
f 882/1647/2460 1186/2234/2461 878/1636/2461
f 879/1641/2462 1356/2591/2463 1051/2001/2464
f 1356/2591/2463 882/1647/2460 1051/2001/2464
f 884/1654/2465 1357/2593/2466 1052/2004/2467
f 1052/2004/2467 1193/2254/2468 885/1655/2469
f 1193/2254/2468 1053/2006/2470 885/1655/2469
f 1358/2595/2471 891/1670/2472 1053/2006/2470
f 1195/2258/2473 895/1681/2474 887/1660/2475
f 1359/2597/2154 894/1678/2476 1054/2007/2155
f 1056/2012/2477 1360/2599/2478 1055/2010/2153
f 1397/2670/2479 1091/2077/2480 1092/2079/2481
f 888/1664/2482 1361/2601/2483 1056/2012/2477
f 1057/2014/2484 1196/2262/2485 888/1664/2482
f 889/1666/2486 1362/2603/2487 1057/2014/2484
f 1058/2017/2488 1197/2264/2489 889/1666/2486
f 890/1668/2490 1363/2607/2491 1058/2015/2488
f 1059/2019/2492 1198/2266/2493 890/1668/2490
f 1199/2268/2494 1059/2019/2492 891/1670/2472
f 1186/2234/2461 1060/2020/2495 878/1636/2461
f 1060/2020/2495 1192/2252/2465 884/1654/2465
f 883/1651/2496 1203/2279/2497 896/1684/2498
f 1204/2281/2499 1065/2030/2500 897/1685/2501
f 1370/2620/2502 883/1652/2503 1065/2030/2500
f 895/1681/2504 1372/2623/2505 1067/2033/2506
f 1067/2033/2506 1208/2288/2507 901/1693/2508
f 896/1684/2509 1373/2625/2510 1068/2035/2510
f 1068/2035/2510 1209/2290/2511 902/1694/2511
f 899/1689/2512 1374/2626/2513 1069/2036/2514
f 1374/2626/2513 887/1662/2515 1069/2036/2514
f 1214/2299/2516 1076/2048/2517 907/1703/2518
f 1381/2638/2519 913/1715/2520 1076/2048/2517
f 1215/2301/2521 1077/2050/2522 908/1706/2523
f 1382/2640/2524 914/1717/2525 1077/2050/2522
f 911/1711/2526 1383/2642/2527 1078/2052/2528
f 1078/2052/2528 1212/2295/2529 905/1700/2530
f 909/1708/2531 1384/2644/2532 1079/2054/2533
f 1079/2054/2533 1210/2292/2534 903/1697/2535
f 1220/2310/2536 919/1726/2537 913/1715/2520
f 914/1717/2525 1227/2323/2538 920/1727/2539
f 917/1722/2540 1218/2306/2541 911/1711/2526
f 1222/2314/2542 909/1708/2531 915/1718/2543
f 901/1693/2508 1387/2648/2544 1082/2058/2545
f 1082/2058/2545 1214/2299/2516 907/1703/2518
f 903/1697/2535 1388/2650/2546 1083/2060/2547
f 1083/2060/2547 1204/2281/2499 897/1685/2501
f 1209/2290/2511 1084/2062/2548 902/1694/2511
f 1389/2652/2549 908/1706/2523 1084/2062/2548
f 905/1700/2530 1390/2654/2550 1085/2064/2551
f 1085/2064/2551 1206/2284/2552 899/1689/2512
f 1230/2329/2553 1086/2066/2554 923/1734/2555
f 1391/2656/2556 922/1732/2557 1086/2066/2554
f 1236/2341/2558 928/1744/2559 929/1746/2444
f 1392/2658/2560 923/1734/2555 1087/2067/2561
f 924/1736/2562 1392/2658/2560 1087/2067/2561
f 1393/2661/2563 924/1736/2562 1088/2069/2564
f 925/1738/2565 1393/2661/2563 1088/2069/2564
f 1089/2072/2566 1232/2333/2567 925/1738/2565
f 926/1740/2568 1394/2663/2569 1089/2072/2566
f 1395/2665/2570 926/1740/2568 1090/2074/2571
f 1234/2337/2572 1090/2074/2571 927/1742/2573
f 1396/2668/2574 927/1742/2573 1091/2075/2480
f 1400/2676/2575 1092/2079/2481 1095/2084/2576
f 1093/2081/2577 1238/2345/2578 931/1750/2579
f 1235/2339/2580 1093/2081/2577 928/1744/2559
f 922/1732/2557 1399/2674/2581 1094/2083/2582
f 1457/2756/2583 930/1748/2584 1159/2174/2585
f 931/1750/2579 1400/2676/2575 1095/2084/2576
f 961/1816/2586 1267/2410/2587 960/1814/2588
f 1266/2408/2589 10/22/1169 959/1811/2590
f 1094/2083/2582 1457/2757/2583 1159/2175/2585
f 1492/2834/1747 1530/2894/1747 1517/2874/1747
f 1096/2086/1748 1239/2347/2591 932/1751/2592
f 930/1748/2584 1402/2680/2593 1097/2089/2594
f 1097/2089/2594 1240/2349/2595 933/1754/2596
f 1226/2321/2597 938/1764/2598 919/1726/2537
f 1227/2323/2538 939/1767/2599 920/1727/2539
f 936/1759/2600 1224/2317/2601 917/1722/2540
f 934/1756/2602 1222/2314/2542 915/1718/2543
f 958/1810/2603 1269/2414/2604 962/1818/2605
f 960/1814/2588 1266/2408/2589 959/1811/2590
f 945/1781/2606 1249/2371/2607 942/1775/2608
f 942/1775/2608 1255/2384/2609 948/1788/2610
f 1332/2540/2611 947/1786/2612 1027/1952/1197
f 1254/2382/2613 946/1784/2614 947/1786/2612
f 1239/2347/2591 945/1782/2615 932/1751/2592
f 933/1754/2596 1257/2388/1745 950/1791/1745
f 953/1799/2616 1258/2391/2617 951/1793/2618
f 1528/2890/2619 1401/2678/2408 1531/2896/2620
f 1136/2147/1722 1488/2826/2621 952/1796/1969
f 1253/2380/2622 953/1800/2623 946/1784/2614
f 22/36/324 1553/2927/2624 1155/2168/1785
f 962/1818/2605 1268/2412/2625 961/1816/2586
f 1284/2450/2626 1111/2108/2627 979/1858/2628
f 1416/2698/2629 980/1864/2630 1111/2108/2627
f 1418/2702/2631 981/1866/2632 1113/2111/2633
f 981/1866/2632 1419/2704/2634 1114/2113/2635
f 997/1890/2636 1307/2484/2637 1002/1900/2637
f 1308/2486/2638 1001/1898/2639 1003/1902/1197
f 1002/1900/2637 1309/2488/1197 1004/1903/1197
f 1309/2489/1197 1003/1902/1197 1004/1904/1197
f 1312/2497/2640 1122/2123/2641 1007/1913/2642
f 1122/2123/2641 1311/2494/2643 1006/1909/2644
f 1306/2482/2645 1007/1913/2642 1001/1898/2639
f 1482/2814/2646 1480/2810/2647 1479/2807/2648
f 1481/2811/2649 1465/2771/2650 1478/2805/2651
f 1317/2508/2652 1013/1926/2653 1012/1924/1831
f 1013/1926/2653 1641/3067/2654 1624/3042/2655
f 344/662/863 1638/3062/2656 821/1544/1246
f 1321/2516/2657 1127/2131/2658 1016/1931/2659
f 1127/2131/2658 1316/2505/2660 1011/1920/2661
f 1316/2506/2660 1128/2133/2662 1011/1921/2661
f 1128/2133/2662 1320/2514/2663 1015/1930/2664
f 1014/1928/1828 1434/2725/2665 1129/2135/2666
f 1129/2135/2666 1321/2516/2657 1016/1931/2659
f 1015/1930/2667 1302/2474/2668 997/1890/2636
f 1130/2137/1983 1526/2887/2669 1519/2878/2670
f 1437/2731/2671 1523/2884/2672 1132/2140/2673
f 1258/2391/2617 1132/2140/2673 951/1793/2618
f 1537/2907/2674 1489/2828/2675 1522/2882/2676
f 952/1797/1949 1438/2733/2677 1133/2141/2678
f 1133/2143/2678 1265/2406/2679 958/1810/2603
f 1287/2457/2680 1012/1924/1831 982/1868/1841
f 948/1788/2610 1332/2541/2611 1027/1953/1197
f 1005/1906/2681 1547/2920/2682 1142/2153/2683
f 1028/1956/1961 1334/2545/2684 1029/1958/2445
f 1187/2238/2685 1542/2913/2686 1029/1957/2687
f 980/1864/2630 1418/2702/2631 1113/2111/2633
f 1419/2704/2634 982/1868/1841 1114/2113/2635
f 1284/2449/2688 1375/2628/2306 1416/2697/2308
f 1462/2765/2105 1375/2629/2107 1284/2451/2689
f 1368/2617/2690 1284/2451/2689 979/1859/2691
f 1195/2260/2692 1462/2765/2105 1368/2617/2690
f 1029/1957/2687 1542/2913/2686 1028/1955/2693
f 1464/2769/1962 1469/2779/2694 1468/2777/1960
f 1466/2773/2695 1467/2775/2696 1469/2779/2694
f 1283/2448/2377 1484/2817/2697 1311/2492/2698
f 1475/2796/2036 1474/2794/2699 1457/2758/2700
f 880/1644/1540 878/1637/1534 1472/2787/1533
f 1237/2343/2165 1474/2794/2699 1189/2244/2163
f 1471/2786/1662 1473/2792/2701 1470/2781/2702
f 1474/2795/2162 1476/2801/1572 1477/2803/2161
f 1049/1997/2703 1470/2783/2702 1473/2790/2701
f 878/1638/1534 1049/1998/1578 1473/2791/1535
f 1354/2587/2076 1186/2235/1977 1476/2800/1976
f 1470/2782/1543 1159/2176/2704 1471/2784/1680
f 1479/2807/2648 1481/2811/2649 1478/2805/2651
f 1482/2813/1900 1124/2127/1902 1483/2815/1904
f 1484/2817/2697 1429/2717/2705 1485/2819/2374
f 1483/2816/2706 1485/2820/2707 1482/2814/2646
f 1311/2495/2643 1483/2816/2706 1006/1910/2644
f 1498/2841/1946 1486/2821/1981 1499/2842/1750
f 1492/2833/1794 1490/2829/1793 1493/2835/1794
f 1486/2822/1523 1490/2830/2708 1491/2831/1521
f 1494/2837/1729 1496/2839/2709 1495/2838/1721
f 1489/2827/1756 1496/2839/2709 1497/2840/1728
f 1495/2838/1721 1499/2842/1750 1494/2837/1729
f 1513/2866/2242 1501/2845/2710 1500/2843/2240
f 1507/2858/2457 1505/2853/2711 1504/2851/2455
f 1501/2846/2276 1505/2854/2459 1500/2844/2458
f 1509/2861/2245 1511/2864/2415 1510/2863/2243
f 1502/2847/2712 1511/2864/2415 1503/2849/2414
f 1508/2860/2217 1512/2865/2451 1513/2866/2242
f 1489/2828/2675 1503/2850/2713 1488/2825/1947
f 1492/2834/1747 1506/2856/2714 1507/2857/1747
f 1163/2183/1966 1520/2879/1968 1526/2887/2669
f 1520/2879/1968 1524/2885/2715 1521/2880/1727
f 1524/2885/2715 1523/2883/1984 1522/2881/1755
f 1514/2867/1794 1516/2872/1794 1515/2870/1794
f 1526/2887/2669 1521/2880/1727 1527/2888/1749
f 1514/2868/2716 1519/2877/1738 1518/2875/1522
f 1519/2878/2670 1527/2888/1749 1518/2876/1980
f 1535/2904/1944 1539/2910/2248 1538/2909/2237
f 1539/2910/2248 1536/2905/2717 1538/2909/2237
f 1529/2891/2718 1531/2896/2620 1530/2893/2456
f 1541/2912/2027 1534/2902/2244 1535/2903/1944
f 1529/2892/2719 1532/2897/2720 1528/2889/2226
f 1532/2898/2721 1540/2911/2435 1541/2912/2027
f 1516/2871/1747 1530/2894/1747 1531/2895/1747
f 1522/2882/2676 1536/2906/2722 1537/2907/2674
f 1515/2870/1794 1096/2087/1794 1046/1992/1794
f 1310/2491/2292 1558/2937/2442 1559/2938/2723
f 879/1642/2724 1542/2913/2686 1187/2238/2685
f 1544/2915/2725 1142/2153/2683 1546/2919/2726
f 1546/2919/2726 1466/2774/2727 1464/2770/2728
f 1157/2172/2729 1546/2919/2726 1542/2913/2686
f 1005/1907/1814 1543/2914/1709 1019/1938/1708
f 1105/2098/1812 1108/2103/1770 1141/2152/1763
f 1020/1939/1778 992/1883/2730 1018/1937/1861
f 1542/2913/2686 1464/2770/2728 1028/1955/2693
f 1547/2920/2682 1112/2110/1908 1548/2921/1907
f 1547/2920/2682 1478/2806/2731 1465/2772/2732
f 1142/2153/2683 1465/2772/2732 1466/2774/2727
f 1548/2921/1907 1479/2808/2733 1478/2806/2731
f 1314/2501/2375 1481/2812/2734 1480/2809/2376
f 1429/2717/2705 1314/2501/2375 1485/2819/2374
f 1549/2922/2421 1463/2768/2213 1263/2401/2262
f 1417/2700/2735 1467/2776/2428 1481/2812/2734
f 1256/2386/2736 1459/2762/2454 1460/2763/2241
f 1459/2761/2420 1184/2229/2214 1549/2922/2421
f 1/4/1336 857/1590/1516 856/1588/1515
f 866/1608/1513 868/1612/2737 867/1609/1514
f 1037/1974/1501 1041/1982/2738 1038/1975/1502
f 1153/2165/1771 1554/2929/1862 1152/2163/1783
f 16/30/1341 994/1886/1824 1022/1944/2739
f 1543/2914/1709 1158/2173/1839 1550/2923/1707
f 13/26/1343 964/1822/1803 12/25/304
f 1104/2097/1789 963/1820/1791 1105/2098/1812
f 1158/2173/1839 1557/2935/1792 1556/2933/2740
f 1550/2923/1707 1556/2933/2740 1555/2931/1835
f 730/1402/1345 1022/1944/2739 1553/2927/2624
f 1021/1941/2741 987/1875/1859 1020/1939/1778
f 1272/2420/2270 1561/2942/2742 1562/2944/2743
f 1566/2951/2744 1563/2945/2745 1562/2944/2743
f 1570/2957/2746 1567/2952/2747 1566/2951/2744
f 1571/2958/2748 1326/2525/2287 1322/2517/2286
f 1565/2949/2749 1562/2944/2743 1561/2942/2742
f 748/1429/1356 1564/2947/2750 1568/2954/2751
f 1270/2415/2272 1414/2694/2263 1576/2968/2752
f 1559/2939/2753 1467/2776/2428 1310/2490/2430
f 1570/2957/2746 1327/2526/2329 1326/2525/2287
f 1273/2421/2269 1562/2944/2743 1563/2945/2745
f 1572/2960/2754 748/1429/1356 1568/2954/2751
f 1573/2962/2755 1566/2951/2744 1565/2949/2749
f 747/1428/1364 1274/2424/2261 1564/2947/2750
f 1456/2754/2311 1576/2968/2752 1414/2694/2263
f 1324/2521/2291 1569/2956/2756 1558/2937/2442
f 759/1448/1366 1325/2524/2441 345/663/1010
f 1575/2966/2757 1569/2956/2756 1574/2964/2413
f 1468/2778/2295 1559/2939/2753 1560/2940/2293
f 1558/2937/2442 1560/2941/2758 1559/2938/2723
f 1560/2941/2758 1263/2401/2262 1463/2768/2213
f 1599/3006/2759 1327/2527/2760 1018/1935/2761
f 1555/2932/2762 1323/2520/2763 1017/1934/2764
f 1556/2934/2765 1574/2965/2766 1555/2932/2762
f 1557/2936/2767 1575/2967/2768 1556/2934/2765
f 963/1821/2769 1576/2969/2770 1557/2936/2767
f 1545/2918/2771 1270/2417/2771 963/1819/2771
f 1561/2943/2772 1545/2918/2773 966/1828/2774
f 966/1828/2774 1565/2950/2775 1561/2943/2772
f 1152/2164/2776 1573/2963/2777 1565/2950/2775
f 1327/2528/2778 1554/2930/2779 1018/1936/2780
f 1583/2980/2781 1325/2522/2782 1022/1942/2783
f 1552/2926/2784 1322/2518/2785 1021/1940/2786
f 1154/2167/2787 1571/2959/2788 1552/2926/2784
f 968/1831/2789 1567/2953/2790 1154/2167/2787
f 965/1826/2791 1563/2946/2792 968/1831/2789
f 964/1823/1401 1273/2423/1401 965/1824/1401
f 1564/2948/2793 964/1823/2794 969/1833/2795
f 969/1833/2795 1568/2955/2796 1564/2948/2793
f 1155/2169/2797 1572/2961/2798 1568/2955/2796
f 1325/2523/2799 1553/2928/2800 1022/1943/2801
f 1322/2518/2802 1584/2983/2803 1021/1940/2804
f 1584/2983/2803 1591/2992/2805 1583/2980/2781
f 1246/2361/2806 1578/2972/2807 939/1765/2808
f 1586/2986/2809 1577/2971/2355 1578/2972/2807
f 1649/3078/2810 1246/2362/2811 1637/3061/2812
f 1593/2996/1865 1654/3083/2813 1594/2999/2814
f 1299/2470/2815 1589/2990/2816 1300/2471/2817
f 1588/2989/2818 1590/2991/2277 1589/2990/2816
f 1640/3065/2819 1319/2512/2397 1642/3070/2820
f 1589/2990/2816 1651/3080/2279 1650/3079/2821
f 1325/2524/2822 1588/2989/2818 1299/2470/2815
f 1591/2993/2823 1587/2988/1880 1588/2989/2818
f 1578/2973/2302 1620/3036/2824 939/1766/2825
f 1649/3078/2810 1585/2985/2209 1586/2987/2826
f 1579/2974/2827 986/1873/1796 985/1871/1806
f 1580/2976/1823 1582/2979/1797 1579/2974/2827
f 1022/1944/2828 1580/2977/1823 1583/2981/2829
f 1583/2981/2829 1579/2975/2827 1584/2982/1805
f 1611/3024/1698 986/1873/1853 1610/3023/2830
f 1581/2978/1811 1648/3077/1795 1582/2979/1797
f 1017/1934/2831 1608/3020/2832 1600/3008/2833
f 1600/3008/2833 1607/3018/2834 1599/3006/2759
f 1245/2359/2835 1594/2998/2836 938/1762/2837
f 1602/3012/2838 1593/2997/2360 1594/2998/2836
f 1635/3059/2839 1602/3013/2840 1245/2357/2841
f 1294/2464/2842 1608/3021/2843 1323/2519/2844
f 1603/3014/2210 1607/3019/2337 1608/3021/2843
f 1300/2471/2817 1650/3079/2821 1638/3062/2845
f 1605/3016/2846 1659/3088/2203 1658/3087/2297
f 1297/2468/2847 1605/3016/2846 1298/2469/2296
f 1604/3015/2335 1606/3017/2201 1605/3016/2846
f 1596/3002/1716 1018/1937/2848 992/1883/1714
f 1595/3000/1941 1599/3007/2849 1596/3002/1716
f 1594/2999/2814 1618/3034/2850 938/1763/2851
f 1657/3086/2852 1601/3011/2334 1602/3013/2840
f 1625/3046/1926 990/1879/1919 1614/3027/2853
f 1597/3004/1715 1656/3085/2854 1598/3005/1717
f 1595/3001/1941 990/1879/1719 989/1877/1939
f 1596/3003/1716 1598/3005/1717 1595/3001/1941
f 1610/3023/2830 1612/3025/1857 1611/3024/1698
f 1614/3027/2853 1626/3047/1706 1625/3046/1926
f 1625/3046/1926 1616/3031/2855 1615/3029/1925
f 1611/3024/1698 1618/3034/2856 1617/3033/1696
f 1656/3085/2854 1613/3026/2857 1614/3027/1718
f 1647/3076/2858 1610/3023/2859 1648/3077/1795
f 800/1515/1468 1620/3036/2860 1619/3035/2861
f 1616/3032/2862 1621/3037/2863 1615/3028/1849
f 1623/3041/1801 1622/3039/2864 1624/3043/1846
f 1627/3048/2865 1629/3050/2330 1628/3049/2281
f 1631/3052/2866 1643/3072/2199 1632/3053/2289
f 1644/3073/2338 1633/3055/2200 1643/3072/2199
f 1630/3051/2341 1635/3059/2867 1629/3050/2330
f 1659/3088/2203 1632/3053/2868 1660/3089/2332
f 1651/3080/2279 1628/3049/2869 1652/3081/2207
f 821/1544/1246 1637/3061/2870 820/1543/907
f 1633/3056/2871 1640/3065/2325 1639/3064/2347
f 1642/3070/2820 1639/3064/2872 1640/3065/2819
f 1624/3045/2655 1642/3071/2873 1623/3040/1826
f 1619/3035/2874 1646/3075/2301 1645/3074/1810
f 1645/3074/1810 1647/3076/2858 1648/3077/1795
f 1637/3061/2812 1650/3079/2821 1649/3078/2810
f 1650/3079/2821 1652/3081/2207 1649/3078/2810
f 1617/3033/2875 1654/3083/2813 1653/3082/1818
f 1653/3082/1818 1655/3084/1864 1656/3085/2854
f 1636/3060/2298 1657/3086/2852 1635/3059/2839
f 1658/3087/2297 1660/3089/2332 1657/3086/2852
f 15/29/368 1619/3035/2861 995/1887/1825
f 1261/2398/2259 1549/2922/2421 1263/2401/2262
f 215/446/1 25/41/4 26/43/2
f 25/41/4 197/409/6 198/411/5
f 197/409/6 27/45/8 28/47/7
f 27/45/8 200/415/10 199/413/9
f 200/415/10 29/49/12 40/71/11
f 29/49/12 201/417/14 212/439/13
f 201/417/14 30/51/16 39/69/15
f 30/51/16 202/419/18 211/437/17
f 202/419/18 31/53/20 38/67/19
f 31/53/20 203/421/22 210/435/21
f 203/421/22 32/55/24 37/65/23
f 32/55/24 204/424/1339 209/433/25
f 205/426/26 228/472/116 207/429/27
f 221/457/29 222/459/90 208/431/30
f 59/121/32 206/427/35 229/474/33
f 206/427/35 33/58/1337 36/63/36
f 23/38/37 35/62/1338 34/60/38
f 50/99/40 53/107/2876 35/61/41
f 1/1/43 3/9/2877 63/132/44
f 705/1364/45 701/1356/1314 678/1320/46
f 42/78/48 41/74/2878 213/441/49
f 47/93/51 217/449/54 214/443/52
f 217/449/54 43/82/279 44/84/55
f 39/70/59 211/438/79 225/465/60
f 47/94/62 49/97/1299 218/451/63
f 657/1270/65 326/628/219 261/533/66
f 200/416/68 254/517/207 91/185/69
f 35/61/41 53/107/2876 62/129/71
f 235/484/73 63/133/2879 3/11/74
f 26/44/76 198/412/84 219/453/77
f 211/438/79 38/68/106 56/115/80
f 205/425/81 204/423/186 258/526/82
f 198/412/84 28/48/104 52/105/85
f 40/72/86 212/440/95 226/468/87
f 209/434/89 208/431/30 222/459/90
f 37/66/93 209/434/89 223/461/91
f 212/440/95 39/70/59 57/117/61
f 663/1288/96 541/1072/533 540/1070/97
f 53/108/99 50/100/2880 232/479/100
f 216/448/102 26/44/76 51/103/78
f 28/48/104 199/414/108 220/455/105
f 38/68/106 210/436/109 224/463/107
f 199/414/108 40/72/86 58/119/88
f 210/436/109 37/66/93 55/113/94
f 60/123/110 229/475/115 230/476/111
f 207/430/31 60/123/110 61/125/112
f 228/473/113 205/425/81 259/528/83
f 229/475/115 36/64/72 54/111/92
f 228/472/116 59/121/32 60/124/34
f 111/230/117 193/401/118 194/403/118
f 64/135/120 65/137/123 233/481/101
f 62/130/121 53/108/99 233/481/101
f 65/137/123 68/142/182 234/482/122
f 242/496/124 246/503/141 76/157/125
f 4/12/127 69/144/147 235/484/73
f 251/511/128 19/33/148 5/13/129
f 236/486/131 304/600/134 230/477/132
f 304/600/134 237/488/137 61/126/135
f 304/600/134 231/478/149 67/140/136
f 66/138/138 231/478/149 304/600/134
f 243/497/139 242/496/124 77/159/126
f 246/503/141 242/496/124 71/148/142
f 244/499/144 18/32/167 6/14/145
f 69/144/147 4/12/127 19/33/148
f 231/478/149 305/601/154 239/491/150
f 239/491/150 305/601/154 238/490/151
f 72/149/153 238/490/151 305/601/154
f 252/513/155 305/601/154 231/478/149
f 240/493/156 306/602/160 241/495/157
f 78/160/159 241/495/157 306/602/160
f 245/501/161 306/602/160 238/490/151
f 73/151/152 238/490/151 306/602/160
f 80/164/140 77/159/126 83/170/162
f 242/496/124 243/497/139 74/153/164
f 81/166/146 6/14/145 7/15/165
f 75/155/130 5/13/129 18/32/167
f 79/162/158 241/495/157 247/505/168
f 82/168/170 83/170/162 77/159/126
f 2/5/171 24/39/183 88/179/172
f 249/507/173 248/506/181 71/148/142
f 241/495/157 78/160/159 84/171/174
f 79/163/175 85/174/238 150/319/176
f 95/194/178 96/196/184 34/59/179
f 248/506/181 249/507/173 68/142/182
f 24/39/183 34/59/179 96/196/184
f 32/56/185 94/192/215 258/526/82
f 59/122/187 228/473/113 262/535/114
f 533/1055/189 530/1049/557 529/1048/190
f 86/175/163 83/170/162 102/208/192
f 33/57/180 206/428/197 260/530/194
f 87/177/166 7/15/165 9/20/195
f 206/428/197 59/122/187 98/200/188
f 659/1276/198 47/93/51 48/95/53
f 48/96/200 214/444/226 264/539/201
f 201/418/203 255/519/211 92/187/204
f 27/46/206 90/183/220 254/517/207
f 202/420/208 256/521/214 93/190/209
f 29/50/70 91/185/69 255/519/211
f 215/445/67 261/533/66 89/181/212
f 30/52/205 92/187/204 256/521/214
f 94/192/215 32/56/185 203/422/216
f 658/1273/218 48/96/200 97/198/202
f 90/183/220 27/46/206 197/410/221
f 31/54/210 93/190/209 257/523/217
f 25/42/213 89/181/212 253/515/222
f 190/395/223 302/597/282 267/544/224
f 214/444/226 44/85/494 100/204/227
f 310/606/228 138/287/258 11/24/229
f 101/206/231 102/208/192 83/170/162
f 85/173/169 247/505/168 265/541/232
f 155/326/234 160/334/401 810/1528/235
f 247/505/168 84/171/174 103/209/237
f 85/174/238 104/212/415 151/320/239
f 316/612/240 140/291/321 139/289/241
f 104/211/233 265/541/232 819/1542/243
f 738/1413/245 731/1403/1326 186/388/246
f 143/299/248 142/296/2881 283/568/249
f 802/1517/251 805/1520/400 102/208/192
f 788/1497/252 160/334/358 159/332/253
f 789/1498/255 157/329/1463 807/1522/256
f 317/613/242 139/289/241 138/287/258
f 303/599/259 683/1327/1209 682/1326/260
f 121/252/262 43/83/493 46/89/263
f 684/1328/265 711/1373/295 708/1368/266
f 327/630/268 108/221/268 110/227/269
f 702/1357/275 706/1365/1315 297/588/50
f 41/75/272 111/230/117 115/238/119
f 266/542/276 118/244/293 120/249/277
f 43/82/279 116/241/2882 107/220/280
f 191/397/281 121/252/262 267/544/224
f 143/300/283 290/576/380 291/578/284
f 680/1323/286 693/1344/1312 444/873/287
f 263/537/288 588/1164/288 718/1384/289
f 714/1376/290 686/1330/526 681/1325/267
f 307/603/291 266/543/276 108/222/278
f 307/603/291 299/591/530 118/245/293
f 684/1328/265 676/1315/1308 709/1369/294
f 193/401/118 110/228/524 114/236/296
f 274/553/297 311/607/314 314/610/298
f 122/253/225 267/544/224 308/604/300
f 308/604/300 272/549/353 137/285/302
f 268/545/303 131/273/344 12/25/304
f 121/252/262 275/554/309 308/604/300
f 323/622/306 733/1406/330 133/278/307
f 275/554/309 121/252/262 123/255/264
f 320/617/311 321/618/316 135/281/312
f 137/286/313 313/609/483 311/607/314
f 739/1414/315 740/1415/317 321/618/316
f 740/1415/317 739/1414/315 187/389/318
f 315/611/320 141/294/515 140/291/321
f 316/612/240 128/266/495 129/268/322
f 319/615/323 320/617/311 134/280/308
f 22/36/324 13/26/1343 136/283/325
f 269/546/327 270/547/329 323/622/306
f 270/547/329 271/548/354 733/1406/330
f 130/270/331 275/554/309 276/555/310
f 678/1319/333 701/1355/334 704/1362/334
f 153/323/335 803/1518/1467 843/1574/336
f 138/288/338 268/545/303 20/34/305
f 814/1532/340 163/338/464 181/377/341
f 139/290/343 269/546/327 268/545/303
f 269/546/327 132/276/328 131/273/344
f 140/292/345 270/547/329 269/546/327
f 775/1476/346 188/391/2883 152/321/347
f 141/293/349 271/548/354 270/547/329
f 162/337/350 772/1471/364 840/1571/351
f 141/293/349 137/285/302 272/549/353
f 144/301/355 124/259/414 186/388/246
f 324/623/357 318/614/382 123/255/264
f 160/334/358 788/1497/252 848/1579/359
f 61/127/361 237/489/376 278/558/362
f 772/1471/364 162/337/350 161/335/365
f 161/335/367 162/337/2884 15/29/368
f 816/1535/370 181/378/1256 506/997/371
f 150/319/373 151/320/390 180/375/374
f 237/489/376 67/141/383 147/313/377
f 743/1421/378 738/1413/245 301/596/247
f 290/576/380 175/364/420 176/366/381
f 318/614/382 325/625/1342 276/555/310
f 67/141/383 239/492/389 280/562/384
f 73/152/386 240/494/392 281/565/387
f 239/492/389 73/152/386 148/315/388
f 151/320/390 815/1533/1470 817/1538/391
f 240/494/392 79/163/175 149/317/177
f 808/1523/393 158/330/435 163/338/394
f 155/326/234 153/323/1439 152/322/396
f 184/383/379 301/596/247 273/551/398
f 805/1520/400 811/1529/1466 105/215/193
f 160/334/401 155/326/234 154/324/397
f 265/541/232 103/209/237 806/1521/403
f 739/1414/315 742/1419/1340 185/387/404
f 103/209/405 784/1489/1422 850/1581/406
f 768/1463/408 842/1573/865 802/1517/409
f 106/218/196 9/20/195 801/1516/411
f 158/331/413 282/567/460 273/550/398
f 104/212/415 809/1525/1469 815/1533/416
f 288/573/417 289/574/446 174/362/418
f 175/364/420 277/556/452 279/560/421
f 132/276/328 323/622/306 134/280/308
f 778/1481/422 477/946/2885 509/1003/423
f 310/606/228 126/262/478 127/264/425
f 352/671/426 351/669/565 331/636/427
f 637/1236/429 639/1238/822 466/920/430
f 170/351/432 171/354/433 285/570/433
f 293/581/434 292/580/455 163/338/394
f 165/342/436 286/571/439 287/572/437
f 286/571/439 169/349/2886 164/339/440
f 166/344/441 145/306/445 288/573/417
f 171/354/433 169/349/2886 286/571/439
f 166/344/441 284/569/432 285/570/433
f 168/347/419 170/351/432 284/569/432
f 176/367/442 666/1296/1331 669/1301/443
f 145/306/445 173/360/448 289/574/446
f 145/307/445 291/579/444 670/1303/447
f 248/506/181 250/509/496 70/146/143
f 192/399/261 191/398/529 302/598/451
f 277/556/452 124/257/2887 144/302/453
f 293/581/434 175/365/461 177/368/454
f 124/258/459 277/557/462 293/581/434
f 282/567/460 157/329/1462 156/327/399
f 163/338/464 292/580/467 296/586/465
f 808/1524/466 818/1541/1461 282/567/460
f 292/580/467 177/368/2888 183/381/468
f 183/381/468 177/368/2888 283/568/469
f 283/568/469 142/296/438 178/371/471
f 142/297/438 287/572/437 295/584/472
f 287/572/437 164/339/440 182/379/473
f 213/442/334 41/76/272 99/202/474
f 674/1312/475 116/240/500 329/634/476
f 21/35/230 10/21/1937 126/262/478
f 124/259/414 273/551/398 301/596/247
f 791/1502/479 184/383/2889 156/328/480
f 315/611/320 129/268/322 125/260/482
f 648/1252/484 623/1217/802 722/1392/485
f 685/1329/477 329/634/476 192/399/261
f 675/1313/487 119/248/1270 446/878/488
f 107/219/490 677/1317/333 680/1324/334
f 302/598/451 190/396/513 312/608/492
f 328/632/493 43/83/493 121/252/262
f 44/85/494 107/219/490 117/242/491
f 317/613/242 127/264/425 128/266/495
f 250/509/496 248/506/181 65/137/123
f 328/633/499 329/634/476 116/240/500
f 167/346/433 285/570/433 286/571/439
f 177/368/454 175/365/461 290/577/250
f 195/405/504 520/1028/1279 655/1265/505
f 217/450/64 218/451/63 46/90/507
f 327/631/509 330/635/528 298/590/292
f 712/1374/510 307/603/291 298/590/292
f 119/247/512 303/599/259 312/608/492
f 190/396/513 122/254/299 314/610/298
f 300/593/514 119/247/512 314/610/298
f 313/609/483 125/260/482 300/593/514
f 313/609/483 137/286/313 141/294/515
f 732/1404/516 731/1403/1326 318/614/382
f 363/693/517 362/691/566 361/689/518
f 110/228/524 108/223/278 113/234/523
f 705/1363/525 673/1309/1307 686/1330/526
f 42/79/527 297/589/1261 330/635/528
f 191/398/529 192/399/261 329/634/476
f 712/1374/510 710/1372/1313 299/591/530
f 107/220/280 116/241/2882 674/1311/531
f 541/1072/533 354/675/536 353/673/534
f 523/1034/535 522/1032/537 353/673/534
f 522/1032/537 523/1034/535 356/679/538
f 524/1036/540 525/1038/541 355/677/539
f 525/1038/541 524/1036/540 368/703/542
f 357/681/543 368/703/542 537/1064/544
f 526/1041/545 537/1064/544 367/701/546
f 358/683/547 367/701/546 536/1062/548
f 527/1043/549 536/1062/548 366/699/550
f 359/685/551 366/699/550 535/1059/552
f 528/1045/553 535/1059/552 365/697/554
f 360/687/555 365/697/554 534/1057/191
f 532/1054/556 553/1099/637 530/1049/557
f 546/1082/558 532/1053/633 533/1056/559
f 554/1100/561 531/1051/564 387/754/562
f 531/1051/564 554/1100/561 364/695/519
f 351/669/565 352/671/426 362/691/566
f 378/734/567 351/670/572 363/694/568
f 390/762/570 333/645/2025 331/637/571
f 622/1214/573 648/1252/484 728/1400/486
f 538/1066/575 369/708/2890 370/710/576
f 539/1068/578 542/1074/581 375/726/579
f 542/1074/581 539/1068/578 372/716/582
f 586/1160/584 644/1243/1297 662/1286/585
f 367/702/587 385/750/618 550/1091/588
f 543/1076/590 377/730/2891 375/727/591
f 418/814/593 579/1143/722 525/1039/594
f 363/694/568 364/696/614 389/758/596
f 560/1110/597 346/664/650 333/646/598
f 354/676/600 379/736/623 544/1078/601
f 536/1063/589 550/1092/588 384/748/603
f 530/1050/605 584/1155/636 583/1152/606
f 523/1035/602 544/1078/601 380/738/608
f 368/704/610 386/752/627 551/1094/611
f 534/1058/613 548/1086/617 547/1084/560
f 365/698/616 383/746/629 548/1086/617
f 537/1065/612 551/1094/611 385/750/618
f 381/741/619 558/1107/641 557/1105/620
f 541/1073/622 552/1096/1302 379/736/623
f 545/1080/624 524/1037/626 356/680/609
f 549/1088/625 535/1060/628 366/700/604
f 524/1037/626 545/1080/624 386/752/627
f 535/1060/628 549/1088/625 383/746/629
f 388/756/630 146/311/634 555/1102/631
f 532/1053/633 546/1082/558 146/311/634
f 553/1098/635 587/1162/701 584/1155/636
f 554/1101/632 555/1102/631 382/742/615
f 553/1099/637 532/1054/556 388/757/563
f 519/1025/638 518/1024/807 438/860/639
f 558/1107/641 392/766/645 391/764/642
f 389/759/643 559/1108/644 558/1107/641
f 559/1108/644 395/771/697 392/766/645
f 403/786/646 571/1129/662 567/1122/647
f 560/1110/597 396/773/668 334/647/649
f 335/648/651 348/666/667 576/1137/652
f 629/1228/656 562/1115/1286 394/769/657
f 629/1228/656 556/1104/658 393/767/659
f 404/788/648 567/1122/647 568/1123/660
f 571/1129/662 397/775/951 398/777/663
f 336/649/664 347/665/683 569/1125/665
f 348/666/667 334/647/649 396/773/668
f 564/1117/669 630/1229/673 556/1104/658
f 563/1116/670 630/1229/673 564/1117/669
f 399/778/672 577/1139/674 630/1229/673
f 556/1104/658 630/1229/673 577/1139/674
f 566/1121/675 631/1230/679 565/1119/676
f 405/789/678 570/1127/680 631/1230/679
f 563/1116/670 631/1230/679 570/1127/680
f 400/780/671 565/1119/676 631/1230/679
f 407/793/661 413/804/705 410/799/681
f 567/1122/647 398/777/663 401/782/682
f 408/795/666 414/806/710 337/650/667
f 347/665/683 335/648/651 402/784/653
f 406/791/677 412/802/747 572/1131/684
f 409/797/685 403/786/646 404/788/648
f 415/808/686 352/672/698 332/642/687
f 398/777/663 573/1132/696 574/1133/688
f 566/1121/675 572/1131/684 411/800/689
f 475/944/690 412/803/751 406/792/691
f 422/823/693 361/690/708 362/692/694
f 573/1132/696 392/766/645 395/771/697
f 423/825/695 362/692/694 352/672/698
f 583/1152/606 421/821/731 360/688/699
f 387/755/700 425/829/713 587/1162/701
f 222/460/702 221/458/1048 546/1083/703
f 413/804/705 432/844/893 429/837/706
f 585/1158/707 531/1052/712 361/690/708
f 339/655/709 337/650/667 414/806/710
f 531/1052/712 585/1158/707 425/829/713
f 376/728/580 375/726/579 664/1291/714
f 589/1166/716 539/1069/740 376/729/717
f 419/817/719 580/1145/727 526/1042/720
f 579/1143/722 417/812/733 355/678/723
f 420/819/724 581/1148/730 527/1044/725
f 580/1146/727 418/814/593 357/682/595
f 416/810/728 586/1160/584 540/1071/586
f 581/1148/730 419/817/719 358/684/721
f 421/821/731 582/1150/735 528/1046/732
f 417/812/733 578/1141/736 522/1033/734
f 582/1150/735 420/819/724 359/686/726
f 578/1141/736 416/810/728 353/674/729
f 515/1015/737 449/884/811 592/1171/738
f 539/1069/740 589/1166/716 427/833/741
f 634/1233/743 350/668/977 341/658/744
f 428/835/746 409/797/685 410/799/681
f 412/802/747 431/840/755 590/1168/748
f 572/1131/684 590/1168/748 430/838/749
f 476/945/750 431/841/913 412/803/751
f 640/1239/752 641/1240/768 464/916/753
f 431/840/755 828/1552/1471 838/1569/756
f 826/1549/757 482/951/766 797/1510/758
f 608/1194/760 467/923/2892 468/926/761
f 847/1578/763 776/1478/1436 428/835/764
f 482/951/766 481/950/1451 794/1507/767
f 641/1240/768 634/1233/743 463/914/745
f 695/1347/772 698/1352/1311 628/1226/773
f 437/857/775 435/851/2893 645/1247/776
f 715/1377/782 538/1066/575 622/1215/577
f 436/855/781 442/868/640 438/860/639
f 447/881/784 445/874/803 591/1169/785
f 434/849/787 443/870/1028 371/714/583
f 592/1171/738 448/883/816 516/1018/788
f 468/927/789 470/932/2894 616/1204/790
f 725/1397/792 632/1231/801 624/1218/793
f 687/1332/795 700/1354/984 647/1251/796
f 721/1389/798 726/1398/1317 697/1351/799
f 435/852/786 591/1170/785 632/1231/801
f 632/1231/801 591/1170/785 445/875/803
f 697/1351/799 726/1398/1317 724/1395/804
f 519/1025/638 441/866/2895 437/858/806
f 638/1237/808 635/1234/821 599/1178/809
f 449/884/811 599/1179/813 633/1232/812
f 599/1179/813 462/913/850 597/1176/814
f 597/1176/814 457/900/828 600/1180/815
f 633/1232/812 600/1180/815 448/883/816
f 593/1172/817 349/667/837 342/660/818
f 600/1180/815 601/1181/1358 450/886/820
f 635/1234/821 637/1236/429 462/912/431
f 639/1238/822 640/1239/752 465/918/754
f 640/1239/752 639/1238/822 456/898/823
f 594/1173/825 593/1172/817 461/910/819
f 459/906/827 595/1174/843 594/1173/825
f 457/900/828 597/1176/814 596/1175/829
f 691/1340/831 716/1380/1319 720/1388/832
f 822/1545/834 478/947/860 781/1484/835
f 349/667/837 593/1172/817 463/915/838
f 823/1546/840 428/835/746 429/837/706
f 593/1172/817 594/1173/825 464/917/842
f 458/904/830 596/1175/829 595/1174/843
f 594/1173/825 595/1174/843 465/919/844
f 479/948/845 513/1012/890 509/1003/846
f 595/1174/843 596/1175/829 466/921/848
f 590/1168/748 838/1569/756 827/1550/849
f 596/1175/829 597/1176/814 462/913/850
f 511/1009/851 451/889/979 469/928/852
f 853/1584/857 796/1509/1455 485/955/858
f 478/947/860 477/946/2885 778/1481/422
f 487/957/861 486/956/1011 343/661/862
f 768/1463/408 769/1466/1434 841/1572/864
f 505/995/866 476/945/883 475/944/867
f 562/1114/869 603/1184/1285 472/938/870
f 615/1202/791 616/1204/790 501/986/872
f 450/886/820 601/1181/1358 643/1242/874
f 605/1188/876 564/1118/881 394/770/871
f 606/1190/878 565/1120/884 400/781/879
f 564/1118/881 605/1188/876 473/940/880
f 836/1564/882 834/1560/1474 476/945/883
f 565/1120/884 606/1190/878 474/942/692
f 829/1554/885 835/1562/1473 488/958/886
f 480/949/888 479/948/845 477/946/847
f 513/1012/890 479/948/845 484/954/891
f 824/1547/841 429/837/706 432/844/893
f 479/948/845 480/949/888 485/955/895
f 855/1586/896 792/1504/1460 430/838/897
f 795/1508/899 798/1512/1453 514/1013/900
f 839/1570/902 607/1193/911 482/951/903
f 825/1548/905 480/949/888 478/947/889
f 820/1543/907 339/655/709 433/847/711
f 483/953/909 451/889/979 598/1177/910
f 834/1560/912 828/1551/1472 431/841/913
f 499/982/914 614/1200/948 613/1199/915
f 500/985/873 501/986/872 604/1186/917
f 101/207/919 428/836/2896 776/1477/920
f 634/1233/743 641/1240/768 454/894/922
f 88/180/924 415/809/1016 338/653/925
f 103/210/927 430/839/2897 792/1503/928
f 610/1196/930 496/973/943 495/971/931
f 483/952/887 488/958/886 617/1206/933
f 612/1198/935 611/1197/938 490/962/936
f 611/1197/938 612/1198/935 489/959/939
f 491/964/941 609/1195/932 613/1199/915
f 610/1196/930 611/1197/938 494/969/940
f 610/1196/930 609/1195/932 491/964/941
f 609/1195/932 495/971/931 493/967/916
f 614/1200/948 498/979/1296 470/933/942
f 650/1254/949 750/1432/854 520/1029/856
f 397/775/951 575/1135/995 573/1132/696
f 517/1021/774 628/1227/773 627/1225/952
f 602/1182/918 604/1186/917 469/929/954
f 618/1207/934 617/1206/933 502/988/956
f 618/1207/934 602/1183/963 451/888/961
f 607/1193/911 598/1177/910 481/950/962
f 488/958/965 506/998/1428 621/1212/966
f 829/1555/968 483/953/909 607/1193/911
f 617/1206/967 621/1212/966 508/1001/969
f 508/1001/969 619/1208/2898 608/1194/971
f 608/1194/971 619/1208/2898 503/990/972
f 620/1210/973 612/1198/935 467/924/937
f 612/1198/935 620/1210/973 507/999/974
f 538/1067/975 588/1165/1207 426/831/976
f 350/668/977 634/1233/743 453/892/923
f 451/889/979 511/1009/851 626/1223/980
f 598/1177/910 626/1223/980 510/1008/981
f 639/1238/822 637/1236/429 452/890/982
f 626/1223/980 760/1449/1014 765/1457/983
f 623/1216/802 632/1231/801 725/1397/792
f 700/1354/984 695/1348/772 517/1022/774
f 628/1226/773 698/1352/1311 690/1337/985
f 434/848/987 444/872/994 693/1343/988
f 627/1225/952 628/1227/773 636/1235/990
f 646/1249/992 516/1018/788 448/883/816
f 444/872/994 434/848/987 372/717/742
f 641/1240/768 640/1239/752 455/896/824
f 575/1135/995 391/764/642 392/766/645
f 490/962/936 611/1197/938 610/1196/930
f 502/988/956 608/1194/760 615/1203/762
f 374/725/1003 543/1076/590 542/1075/592
f 645/1248/1005 435/853/2899 623/1217/802
f 727/1399/1006 721/1390/798 696/1349/800
f 446/879/986 638/1237/808 636/1235/990
f 638/1237/808 449/885/810 515/1016/991
f 638/1237/808 446/879/986 625/1221/1008
f 637/1236/429 635/1234/821 625/1221/1008
f 480/949/888 825/1548/905 831/1557/1009
f 345/663/1010 343/661/862 486/956/1011
f 746/1427/1013 642/1241/875 643/1242/874
f 96/197/1015 423/826/1136 415/809/1016
f 650/1255/1017 521/1031/1278 196/408/1018
f 375/727/591 377/730/2891 373/718/522
f 437/858/806 441/866/2895 440/864/1020
f 720/1387/1021 727/1399/1006 699/1353/1007
f 370/711/1023 645/1248/1005 648/1252/484
f 516/1019/953 646/1250/1334 647/1251/796
f 691/1339/1024 694/1345/1309 717/1381/1025
f 434/849/787 692/1342/1310 687/1331/1027
f 49/98/1029 45/86/1030 373/719/1030
f 46/91/1032 218/452/1035 543/1077/1033
f 49/98/1029 377/731/1031 543/1077/1033
f 51/104/1036 219/454/1038 544/1079/1037
f 219/454/1038 52/106/1041 380/739/1039
f 220/456/1040 545/1081/1043 380/739/1039
f 58/120/1042 386/753/1066 545/1081/1043
f 62/131/1044 389/760/2900 382/743/1045
f 61/128/1047 146/312/2901 546/1083/703
f 223/462/1049 222/460/702 547/1085/704
f 258/527/1051 583/1153/1153 584/1156/1052
f 55/114/1054 223/462/1049 548/1087/1050
f 224/464/1056 55/114/1054 383/747/1055
f 56/116/1058 224/464/1056 549/1089/1057
f 225/466/1060 56/116/1058 384/749/1059
f 57/118/1062 225/467/1060 550/1093/1061
f 226/469/1064 57/118/1062 385/751/1063
f 226/469/1064 551/1095/1065 386/753/1066
f 227/470/1067 552/1097/1068 373/719/1030
f 227/470/1067 51/104/1036 379/737/1036
f 50/101/1069 63/134/2902 390/763/1070
f 232/480/1072 557/1106/1076 391/765/1073
f 50/102/1075 378/735/2903 557/1106/1076
f 62/131/1077 234/483/1080 559/1109/1078
f 234/483/1080 68/143/1119 395/772/1081
f 63/134/1082 235/485/1083 560/1111/1083
f 235/485/1083 69/145/1085 396/774/1085
f 66/139/1086 236/487/1090 561/1113/1087
f 54/112/1089 382/744/2904 561/1113/1087
f 243/498/1091 568/1124/1095 401/783/1092
f 80/165/1094 407/794/1112 568/1124/1095
f 244/500/1096 569/1126/1100 402/785/1097
f 81/167/1099 408/796/1114 569/1126/1100
f 78/161/1101 245/502/1104 570/1128/1102
f 245/502/1104 72/150/1127 399/779/1105
f 76/158/1106 246/504/1109 571/1130/1107
f 246/504/1109 70/147/1122 397/776/1110
f 86/176/1111 413/805/1179 407/794/1112
f 81/167/1099 87/178/1181 414/807/1113
f 84/172/1115 78/161/1101 405/790/1103
f 76/158/1106 403/787/1108 409/798/1117
f 68/143/1119 249/508/1121 574/1134/1120
f 249/508/1121 74/154/1093 401/783/1092
f 70/147/1122 250/510/1124 575/1136/1123
f 250/510/1124 64/136/1074 391/765/1073
f 251/512/1125 576/1138/1126 396/774/1085
f 75/156/1098 402/785/1097 576/1138/1126
f 72/150/1127 252/514/1129 577/1140/1128
f 252/514/1129 66/139/1086 393/768/1088
f 253/516/1130 578/1142/1134 417/813/1131
f 89/182/1133 416/811/1161 578/1142/1134
f 95/195/1135 422/824/1159 423/826/1136
f 90/184/1132 417/813/1131 579/1144/1137
f 91/186/1139 254/518/1138 579/1144/1137
f 91/186/1139 418/815/1140 580/1147/1141
f 92/188/1143 255/520/1142 580/1147/1141
f 256/522/1145 92/189/1143 419/818/1144
f 93/191/1147 256/522/1145 581/1149/1146
f 93/191/1147 420/820/1148 582/1151/1149
f 257/524/1150 582/1151/1149 421/822/1151
f 94/193/1152 421/822/1151 583/1154/1153
f 259/529/1053 584/1156/1052 587/1163/1154
f 260/531/1156 98/201/1165 425/830/1157
f 260/532/1156 585/1159/1158 422/824/1159
f 89/182/1133 261/534/1172 586/1161/1160
f 97/199/1162 424/827/1175 644/1244/1163
f 98/201/1165 262/536/1155 587/1163/1154
f 128/267/1166 127/265/1189 454/895/1167
f 10/22/1169 340/657/2905 453/893/1170
f 261/534/1172 326/629/1164 644/1245/1163
f 679/1322/289 704/1361/289 717/1382/289
f 263/537/288 99/203/1201 426/832/1173
f 97/199/1162 264/540/1176 589/1167/1174
f 264/540/1176 100/205/1202 427/834/1177
f 105/214/1178 432/842/2906 413/805/1179
f 106/217/1180 433/845/2907 414/807/1113
f 103/210/1182 84/172/1115 411/801/1116
f 101/207/1184 82/169/1118 409/798/1117
f 125/261/1186 129/269/1213 456/899/1187
f 127/265/1189 126/263/1171 453/893/1170
f 112/232/1190 109/226/1193 436/856/1191
f 109/226/1193 115/239/1274 442/869/1194
f 114/237/1195 441/867/1199 519/1026/1196
f 113/235/1198 440/865/1211 441/867/1199
f 112/233/1200 439/863/2908 426/832/1173
f 100/205/1202 117/243/287 444/873/287
f 120/250/1203 118/246/1266 445/876/1204
f 715/1378/1206 718/1383/1318 588/1165/1207
f 303/599/259 119/247/512 675/1314/1208
f 120/251/1210 447/882/2909 440/865/1211
f 741/1417/1212 730/1402/1345 22/36/324
f 129/269/1213 128/267/1166 455/897/1168
f 278/559/1214 603/1185/1218 471/936/1215
f 147/314/1217 472/939/1217 603/1185/1218
f 148/316/1219 473/941/1223 605/1189/1220
f 148/316/1219 281/566/1283 606/1191/1222
f 164/340/1224 169/350/1225 494/970/1225
f 168/348/1227 493/968/1234 495/972/1228
f 169/350/1225 171/355/1197 496/974/1197
f 170/352/1197 495/972/1228 496/975/1197
f 289/575/1229 614/1201/1233 499/983/1230
f 289/575/1229 173/361/1306 498/980/1232
f 174/363/1231 499/983/1230 493/968/1234
f 669/1302/1235 666/1295/1303 667/1297/1236
f 652/1259/1238 654/1263/1294 668/1299/1239
f 180/376/1241 505/996/1244 504/994/1242
f 180/376/1241 817/1539/1475 836/1565/1243
f 833/1559/1245 487/957/861 344/662/863
f 294/583/1247 619/1209/1251 508/1002/1248
f 294/583/1247 178/372/1253 503/991/1250
f 295/585/1252 620/1211/1255 503/992/1250
f 295/585/1252 182/380/2910 507/1000/1254
f 181/378/1256 296/587/1258 621/1213/1257
f 296/587/1258 183/382/1249 508/1002/1248
f 182/380/1259 164/340/1224 489/960/1226
f 297/589/1261 706/1366/1316 713/1375/1262
f 710/1371/1263 723/1394/1320 624/1219/1264
f 299/592/1265 624/1219/1264 445/876/1204
f 676/1316/1267 689/1336/2911 724/1396/1268
f 119/248/1270 300/594/1272 625/1222/1271
f 300/595/1272 125/261/1186 452/891/1188
f 179/374/375 504/994/1242 474/943/1273
f 115/239/1274 194/404/1197 519/1027/1196
f 735/1410/1275 144/303/1328 172/356/1276
f 195/405/504 196/408/1018 521/1031/1278
f 147/314/1217 280/563/1221 605/1189/1220
f 149/318/385 474/943/1273 606/1192/1222
f 562/1115/1286 629/1228/656 649/1253/655
f 471/937/1287 649/1253/655 555/1103/1288
f 382/745/1290 555/1103/1288 649/1253/655
f 651/1257/506 655/1265/505 656/1267/1292
f 653/1261/1293 656/1267/1292 654/1263/1294
f 671/1305/1295 616/1205/1304 470/934/942
f 47/94/62 659/1275/56 45/87/58
f 661/1282/1298 644/1246/1297 424/828/718
f 660/1280/1300 659/1276/198 658/1274/199
f 661/1283/715 664/1292/714 663/1288/96
f 657/1271/1301 215/446/1 216/447/3
f 216/448/102 227/471/103 45/88/58
f 541/1073/622 663/1289/520 373/720/522
f 668/1299/1239 667/1297/1236 666/1295/1303
f 672/1308/1237 671/1306/2912 670/1304/1305
f 670/1304/1305 671/1306/2912 498/981/1232
f 673/1309/1307 674/1312/475 685/1329/477
f 677/1317/333 678/1319/333 679/1321/334
f 673/1310/47 678/1320/46 677/1318/532
f 683/1327/1209 684/1328/265 681/1325/267
f 676/1315/1308 684/1328/265 683/1327/1209
f 686/1330/526 685/1329/477 682/1326/260
f 700/1354/984 687/1332/795 688/1333/1022
f 694/1345/1309 691/1339/1024 692/1341/989
f 692/1342/1310 691/1340/831 688/1334/833
f 696/1350/800 697/1351/799 698/1352/1311
f 698/1352/1311 697/1351/799 689/1335/805
f 695/1348/772 700/1354/984 699/1353/1007
f 690/1338/489 689/1336/2911 676/1316/1267
f 679/1322/289 694/1346/289 693/1344/1312
f 330/635/528 713/1375/1262 707/1367/511
f 711/1373/295 712/1374/510 707/1367/511
f 711/1373/295 709/1369/294 710/1372/1313
f 703/1359/334 704/1362/334 701/1355/334
f 708/1368/266 707/1367/511 713/1375/1262
f 701/1356/1314 705/1364/45 706/1365/1315
f 714/1376/290 713/1375/1262 706/1366/1316
f 722/1391/485 725/1397/792 726/1398/1317
f 723/1393/794 724/1395/804 726/1398/1317
f 716/1379/1026 717/1381/1025 718/1383/1318
f 728/1400/486 722/1392/485 721/1390/798
f 719/1385/783 720/1388/832 716/1380/1319
f 719/1386/574 728/1400/486 727/1399/1006
f 703/1360/289 718/1384/289 717/1382/289
f 709/1370/1269 724/1396/1268 723/1394/1320
f 702/1358/334 213/442/334 263/538/334
f 497/976/853 749/1430/1368 746/1427/1013
f 729/1401/1282 324/624/1325 46/92/1321
f 309/605/1277 172/356/1276 732/1405/1322
f 734/1409/1323 651/1258/1327 653/1262/1324
f 734/1409/1323 732/1405/1322 324/624/1325
f 172/357/356 186/388/246 731/1403/1326
f 272/549/353 308/604/300 275/554/309
f 187/389/318 185/387/404 159/333/402
f 729/1401/1282 195/406/1291 651/1258/1327
f 735/1410/1275 736/1411/449 279/561/450
f 665/1294/1329 736/1411/449 735/1410/1275
f 652/1260/1330 735/1410/1275 309/605/1277
f 666/1296/1331 176/367/442 736/1411/449
f 501/987/947 667/1298/946 668/1300/1332
f 650/1256/769 371/715/771 737/1412/993
f 654/1264/1000 469/930/1002 604/1187/1333
f 443/871/797 647/1251/796 646/1250/1334
f 24/40/39 2/6/2913 1/2/1336
f 33/58/1337 34/60/38 35/62/1338
f 204/424/1339 205/426/26 208/432/28
f 742/1419/1340 739/1414/315 320/617/311
f 16/30/1341 189/394/1346 161/336/367
f 731/1403/1326 738/1413/245 325/625/1342
f 13/26/1343 12/25/304 131/273/344
f 271/548/354 272/549/353 130/270/331
f 325/625/1342 744/1423/1344 745/1425/332
f 738/1413/245 743/1421/378 744/1423/1344
f 730/1402/1345 741/1417/1212 189/394/1346
f 188/391/319 187/389/318 154/325/397
f 751/1434/1347 458/904/830 459/906/827
f 756/1443/1349 752/1436/1348 753/1437/1350
f 757/1444/1351 762/1451/1353 761/1450/1352
f 762/1451/1353 509/1003/846 513/1012/890
f 755/1441/1354 751/1434/1347 752/1436/1348
f 754/1439/1355 747/1428/1364 748/1429/1356
f 601/1181/1358 600/1180/815 457/900/828
f 749/1431/1360 497/977/1001 654/1264/1000
f 761/1450/1352 513/1012/890 514/1013/892
f 752/1436/1348 459/906/827 460/907/826
f 748/1429/1356 759/1448/1366 763/1453/1363
f 756/1443/1349 761/1450/1352 764/1455/1362
f 747/1428/1364 754/1439/1355 461/910/819
f 643/1242/874 601/1181/1358 767/1461/1359
f 511/1009/851 746/1427/1013 760/1449/1014
f 759/1448/1366 345/663/1010 512/1011/1012
f 760/1449/1014 643/1242/874 766/1459/1365
f 749/1431/1360 656/1268/1361 655/1266/855
f 750/1433/1367 642/1241/875 746/1427/1013
f 750/1433/1367 650/1256/769 450/886/820
f 790/1499/1369 185/386/2914 514/1014/1370
f 743/1422/1372 184/384/2915 510/1007/1373
f 744/1424/1375 743/1422/1372 765/1458/1374
f 745/1426/1377 744/1424/1375 766/1460/1376
f 767/1462/1378 457/901/2916 130/271/1379
f 733/1407/1380 130/272/1380 457/902/1380
f 733/1408/1381 458/905/2917 751/1435/1382
f 133/279/1383 751/1435/1382 755/1442/1384
f 319/616/1385 755/1442/1384 764/1456/1386
f 742/1420/1387 764/1456/1386 514/1014/1388
f 774/1473/1390 189/393/2918 512/1010/1391
f 740/1416/1393 188/392/2919 509/1004/1394
f 321/619/1396 740/1416/1393 762/1452/1395
f 135/282/1398 321/619/1396 757/1445/1397
f 753/1438/1399 460/908/2920 132/277/1400
f 131/274/1401 132/277/1401 460/908/1401
f 131/275/1402 461/911/2921 754/1440/1403
f 136/284/1404 754/1440/1403 758/1447/1405
f 322/621/1406 758/1447/1405 763/1454/1407
f 741/1418/1408 763/1454/1407 512/1010/1409
f 775/1475/1411 783/1487/1414 509/1005/1412
f 775/1475/1411 774/1473/1390 782/1485/1392
f 769/1465/1415 777/1479/1418 433/846/1416
f 768/1464/921 776/1477/920 777/1479/1418
f 433/847/1419 777/1480/2922 844/1575/1420
f 784/1489/1422 785/1492/1458 849/1580/1423
f 780/1483/1424 779/1482/1427 486/956/1425
f 781/1484/835 778/1481/422 779/1482/1427
f 506/998/1428 488/958/965 835/1562/1429
f 846/1577/836 781/1484/835 780/1483/1424
f 779/1482/1427 782/1486/1433 512/1011/1432
f 778/1481/422 783/1488/424 782/1486/1433
f 769/1466/1434 106/218/2923 813/1531/1435
f 844/1575/1420 777/1480/2922 776/1478/1436
f 153/323/335 773/1472/337 770/1467/348
f 773/1472/337 772/1471/364 771/1469/366
f 189/394/1437 774/1474/1438 771/1470/366
f 774/1474/1438 775/1476/346 770/1468/348
f 804/1519/236 803/1518/1464 153/323/1439
f 772/1471/364 773/1472/337 843/1574/336
f 184/385/1440 791/1501/1443 799/1513/1441
f 791/1501/1443 790/1499/1369 798/1511/1371
f 785/1491/1444 793/1505/1447 432/843/1445
f 784/1490/929 792/1503/928 793/1505/1447
f 830/1556/1448 432/844/2924 793/1506/1449
f 481/950/1451 510/1008/2925 799/1514/1452
f 794/1507/767 799/1514/1452 798/1512/1453
f 845/1576/1431 780/1483/1424 487/957/1426
f 854/1585/759 797/1510/758 796/1509/1455
f 796/1509/1455 795/1508/899 484/954/901
f 797/1510/758 794/1507/767 795/1508/899
f 185/387/1456 790/1500/1457 787/1495/254
f 790/1500/1457 791/1502/479 786/1493/481
f 785/1492/1458 105/215/2926 811/1529/1459
f 852/1583/1450 793/1506/1449 792/1504/1460
f 818/1541/1461 807/1522/1465 157/329/1462
f 788/1497/252 789/1498/255 851/1582/257
f 157/329/1463 789/1498/255 786/1494/481
f 789/1498/255 788/1497/252 787/1496/254
f 803/1518/1464 804/1519/236 805/1520/400
f 807/1522/1465 818/1541/1461 819/1542/243
f 818/1541/1461 808/1524/466 809/1526/244
f 804/1519/236 810/1528/235 811/1529/1466
f 851/1582/257 807/1522/256 806/1521/407
f 803/1518/1467 802/1517/409 842/1573/865
f 800/1515/1468 812/1530/1476 813/1531/412
f 814/1532/395 815/1534/416 809/1527/1469
f 815/1534/1470 814/1532/340 816/1536/342
f 824/1547/841 825/1548/905 822/1545/906
f 838/1569/756 839/1570/902 826/1549/904
f 828/1552/1471 829/1555/968 839/1570/902
f 830/1556/894 831/1557/1009 825/1548/905
f 827/1550/898 826/1549/757 854/1585/759
f 823/1546/765 822/1545/834 846/1577/836
f 832/1558/908 833/1559/1245 821/1544/1246
f 828/1553/1472 834/1561/912 835/1562/1473
f 837/1567/1430 835/1562/1429 834/1561/1474
f 837/1568/372 836/1566/1243 817/1540/1475
f 812/1530/352 840/1571/351 841/1572/864
f 840/1571/351 843/1574/336 842/1573/865
f 832/1558/1421 844/1575/1420 845/1576/1431
f 847/1578/763 846/1577/836 845/1576/1431
f 810/1528/360 848/1579/359 849/1580/1423
f 848/1579/359 851/1582/257 850/1581/406
f 852/1583/1450 853/1584/857 831/1557/859
f 855/1586/896 854/1585/759 853/1584/857
f 15/29/368 162/337/2884 812/1530/1476
f 1048/1996/1477 1049/1997/2703 859/1593/1478
f 1031/1961/1480 1030/1959/1481 858/1591/1479
f 1030/1959/1481 1031/1961/1480 861/1597/1482
f 1032/1963/1484 1033/1965/1485 860/1595/1483
f 1033/1965/1485 1032/1963/1484 873/1621/1486
f 862/1599/1487 873/1621/1486 1045/1989/1488
f 1034/1967/1489 1045/1989/1488 872/1619/1490
f 863/1601/1491 872/1619/1490 1044/1987/1492
f 1035/1969/1493 1044/1987/1492 871/1617/1494
f 864/1603/1495 871/1617/1494 1043/1985/1496
f 1036/1971/1497 1043/1985/1496 870/1615/1498
f 865/1605/1499 870/1615/1498 1042/1984/1500
f 1038/1975/1502 1041/1982/2738 1040/1980/1503
f 1041/1981/1505 1055/2009/1566 1054/2008/1506
f 1062/2024/1508 1039/1977/1511 892/1671/1509
f 1039/1977/1511 1062/2024/1508 869/1614/1512
f 867/1609/1514 868/1612/2737 856/1588/1515
f 868/1611/1517 886/1657/1549 883/1649/1518
f 896/1683/1520 3/10/2877 1/3/43
f 1491/2831/1521 1514/2868/2716 1518/2875/1522
f 1046/1991/1524 874/1625/2927 875/1628/1525
f 1047/1993/1527 1050/1999/1530 880/1643/1528
f 1050/1999/1530 1047/1993/1527 877/1634/1531
f 872/1620/1536 890/1667/1571 1058/2016/1537
f 1051/2002/1539 882/1648/2928 880/1644/1540
f 1094/2082/1542 1159/2176/2704 1470/2782/1543
f 924/1735/1545 1087/2068/1669 1033/1966/1546
f 868/1611/1517 869/1613/1567 895/1679/1548
f 1068/2034/1550 17/31/75 3/11/74
f 859/1594/1552 884/1653/1579 1052/2003/1553
f 1044/1988/1538 1058/2016/1537 889/1665/1555
f 1038/1976/1557 1092/2078/1591 1091/2076/1558
f 1031/1962/1554 1052/2003/1553 885/1656/1560
f 873/1622/1562 891/1669/1583 1059/2018/1563
f 1042/1983/1565 1056/2011/1570 1055/2009/1566
f 870/1616/1569 888/1663/1585 1056/2011/1570
f 1045/1990/1564 1059/2018/1563 890/1667/1571
f 1476/2801/1572 1475/2798/2929 1353/2584/1573
f 1065/2029/1575 883/1650/2930 886/1658/1576
f 1049/1998/1578 1060/2021/2931 884/1653/1579
f 1053/2005/1580 1032/1964/1582 861/1598/1561
f 1057/2013/1581 1043/1986/1584 871/1618/1556
f 1032/1964/1582 1053/2005/1580 891/1669/1583
f 1043/1986/1584 1057/2013/1581 888/1663/1585
f 893/1673/1586 894/1675/1589 1063/2026/1587
f 1040/1979/1507 1054/2008/1506 894/1675/1589
f 1061/2022/1590 1095/2085/1651 1092/2078/1591
f 1062/2025/1588 1063/2026/1587 887/1661/1568
f 1061/2023/1504 1040/1980/1503 893/1674/1510
f 1027/1954/1592 1026/1951/1592 944/1779/1593
f 1066/2031/1577 898/1687/1598 897/1686/1595
f 1066/2031/1577 886/1658/1576 895/1680/1596
f 1067/2032/1597 901/1692/1647 898/1687/1598
f 1075/2046/1599 910/1709/1612 909/1707/1600
f 1068/2034/1550 902/1695/1616 4/12/127
f 1084/2061/1602 908/1705/1633 5/13/129
f 1063/2027/1603 1137/2148/1607 1069/2037/1604
f 894/1676/1606 1070/2038/2932 1137/2148/1607
f 1137/2148/1607 1070/2038/2932 900/1690/1608
f 1137/2148/1607 1064/2028/1609 899/1688/1610
f 1076/2047/1611 913/1714/1629 910/1709/1612
f 904/1698/1613 1075/2046/1599 1079/2053/1601
f 1077/2049/1615 914/1716/1632 6/14/145
f 902/1695/1616 1084/2061/1602 19/33/148
f 1072/2041/1617 1138/2149/1621 1064/2028/1609
f 1071/2040/1618 1138/2149/1621 1072/2041/1617
f 905/1699/1620 1085/2063/1622 1138/2149/1621
f 1064/2028/1609 1138/2149/1621 1085/2063/1622
f 1074/2045/1623 1139/2150/1627 1073/2043/1624
f 911/1710/1626 1078/2051/1628 1139/2150/1627
f 1071/2040/1618 1139/2150/1627 1078/2051/1628
f 906/1701/1619 1073/2043/1624 1139/2150/1627
f 913/1714/1629 919/1725/1655 916/1720/1630
f 907/1704/1631 1076/2047/1611 1075/2046/1599
f 914/1716/1632 920/1728/1658 7/15/165
f 908/1705/1633 1077/2049/1615 18/32/167
f 912/1712/1625 918/1723/1694 1080/2055/1634
f 910/1709/1612 916/1720/1630 915/1719/1635
f 2/7/171 8/19/171 921/1729/1636
f 1082/2057/1638 907/1704/1631 904/1698/1613
f 1074/2045/1623 1080/2055/1634 917/1721/1640
f 983/1869/1641 918/1724/1701 912/1713/1642
f 867/1610/1644 929/1745/1648 928/1743/1645
f 901/1692/1647 1082/2057/1638 1081/2056/1639
f 857/1589/1637 921/1729/1636 929/1745/1648
f 1091/2076/1558 927/1741/1678 865/1606/1649
f 892/1672/1650 931/1749/1660 1095/2085/1651
f 1346/2569/1652 1347/2571/2009 1342/2561/1653
f 919/1725/1655 938/1763/1856 935/1757/1656
f 1093/2080/1657 1039/1978/1659 866/1607/1646
f 920/1728/1658 939/1766/1869 9/20/195
f 1039/1978/1659 1093/2080/1657 931/1749/1660
f 881/1645/1529 880/1643/1528 1472/2788/1661
f 1097/2088/1663 1047/1994/1688 881/1646/1664
f 925/1737/1666 1088/2070/1674 1034/1968/1667
f 1087/2068/1669 923/1733/1681 860/1596/1670
f 926/1739/1671 1089/2071/1677 1035/1970/1672
f 1088/2070/1674 924/1735/1545 862/1600/1547
f 922/1731/1675 1094/2082/1542 1048/1995/1544
f 1089/2071/1677 925/1737/1666 863/1602/1668
f 927/1741/1678 1090/2073/1683 1036/1972/1679
f 1471/2785/1680 1159/2177/2704 930/1747/1665
f 923/1733/1681 1086/2065/1684 1030/1960/1682
f 1090/2073/1683 926/1739/1671 864/1604/1673
f 1086/2065/1684 922/1731/1675 858/1592/1676
f 1023/1945/1685 955/1802/1762 1100/2093/1686
f 1047/1994/1688 1097/2088/1663 933/1753/1689
f 1143/2154/1691 21/35/230 11/24/229
f 916/1720/1630 935/1757/1656 934/1755/1693
f 918/1723/1694 937/1760/1705 1098/2090/1695
f 1617/3033/1696 993/1884/1858 988/1876/1697
f 1080/2055/1634 1098/2090/1695 936/1758/1699
f 984/1870/1700 937/1761/1873 918/1724/1701
f 1149/2160/1702 1150/2161/1720 972/1838/1703
f 937/1760/1705 1616/3031/2855 1626/3047/1706
f 1550/2923/1707 1134/2144/1834 1019/1938/1708
f 1116/2116/1710 975/1845/2933 976/1848/1711
f 935/1757/1656 1612/3025/1857 1609/3022/1713
f 992/1882/1714 993/1884/1817 1597/3004/1715
f 1598/3005/1717 1656/3085/2854 1614/3027/1718
f 1150/2161/1720 1143/2154/1691 971/1836/1692
f 1495/2838/1721 1496/2839/2709 1136/2147/1722
f 879/1639/1724 876/1632/1953 954/1801/1725
f 1521/2880/1727 1524/2885/2715 1497/2840/1728
f 943/1776/1730 941/1771/1731 1160/2178/1731
f 1515/2869/1737 1046/1991/1524 1130/2136/1526
f 948/1787/1594 944/1779/1593 874/1626/1734
f 953/1798/277 951/1794/1753 1099/2091/276
f 940/1769/1740 949/1789/1986 876/1631/1532
f 1100/2093/1686 954/1801/1725 1024/1947/1741
f 976/1849/1742 978/1854/2934 1124/2126/1743
f 1257/2388/1745 1506/2856/2714 1493/2836/1746
f 1531/2895/1747 1401/2677/1748 1096/2086/1748
f 1527/2888/1749 1521/2880/1727 1494/2837/1729
f 941/1772/1739 1099/2092/276 1140/2151/1751
f 1140/2151/1751 1099/2092/276 951/1795/1753
f 1497/2840/1728 1524/2885/2715 1522/2881/1755
f 1026/1951/1592 1027/1954/1592 947/1785/1757
f 1147/2158/1759 1144/2155/1774 1107/2101/1760
f 955/1802/1762 1107/2102/1765 1141/2152/1763
f 970/1834/1764 1105/2098/1812 1141/2152/1763
f 12/25/304 964/1822/1803 1101/2094/1766
f 1141/2152/1763 1108/2103/1770 954/1801/1725
f 966/1827/1767 1545/2917/1788 1156/2170/1768
f 1108/2103/1770 1109/2104/1790 956/1804/1726
f 1153/2165/1771 967/1829/1769 968/1830/1772
f 1144/2155/1774 1146/2157/1971 970/1835/1775
f 1154/2166/1773 1552/2925/1777 1551/2924/1776
f 1552/2925/1777 1021/1941/2741 1020/1939/1778
f 1148/2159/1779 1149/2160/1702 973/1840/1704
f 1149/2160/1702 1148/2159/1779 962/1817/1781
f 1152/2163/1783 966/1827/1767 967/1829/1769
f 969/1832/1784 13/26/1343 22/36/324
f 1102/2095/1786 965/1825/1879 1156/2170/1768
f 1103/2096/1787 1156/2170/1768 1545/2917/1788
f 1109/2104/1790 1108/2103/1770 963/1820/1791
f 1491/2832/1793 1492/2833/1794 1517/2873/1794
f 1648/3077/1795 1610/3023/2859 986/1873/1796
f 20/34/305 1101/2094/1766 971/1837/1798
f 1014/1927/1799 996/1888/1922 1621/3037/1800
f 1101/2094/1766 1102/2095/1786 972/1839/1802
f 964/1822/1803 965/1825/1879 1102/2095/1786
f 1102/2095/1786 1103/2096/1787 973/1841/1804
f 1584/2982/1805 1579/2975/2827 985/1872/1806
f 1103/2096/1787 1104/2097/1789 974/1842/1808
f 995/1887/1809 1619/3035/2874 1645/3074/1810
f 974/1842/1808 1104/2097/1789 1105/2098/1812
f 1019/1938/1708 957/1808/1938 977/1850/1813
f 1157/2171/1815 879/1639/1724 956/1804/1726
f 993/1884/1817 1617/3033/2875 1653/3082/1818
f 894/1677/1819 979/1860/2935 1111/2107/1820
f 994/1885/1822 995/1887/1809 1581/2978/1811
f 994/1885/1824 14/27/369 15/29/368
f 1623/3040/1826 1642/3071/2873 1319/2511/1827
f 1013/1925/1829 984/1870/1847 983/1869/1830
f 1070/2039/1821 1111/2107/1820 980/1863/1832
f 1134/2144/1834 1550/2923/1707 1555/2931/1835
f 1123/2124/1744 1124/2126/1743 1009/1916/1837
f 1151/2162/1816 956/1804/1726 1109/2104/1790
f 1113/2112/1840 1072/2042/1845 900/1691/1833
f 1114/2114/1842 1073/2044/1848 906/1702/1843
f 1072/2042/1845 1113/2112/1840 981/1865/1844
f 1624/3044/1846 1622/3038/2864 984/1870/1847
f 1073/2044/1848 1114/2114/1842 982/1867/1643
f 1615/3028/1849 1621/3037/2863 996/1888/1850
f 988/1876/1697 987/1874/1859 985/1871/1852
f 1106/2099/1854 1134/2144/1834 1017/1933/1836
f 938/1763/1856 1618/3034/2856 1612/3025/1857
f 993/1884/1858 992/1882/2730 987/1874/1859
f 1098/2090/1695 1626/3047/1706 1613/3026/1860
f 1551/2924/1776 1020/1939/1778 1018/1937/1861
f 936/1758/1863 1613/3026/2857 1655/3084/1864
f 1609/3022/1866 1647/3076/2858 1577/2970/1867
f 939/1766/1869 1620/3036/2860 801/1516/411
f 991/1881/1870 957/1806/1938 1106/2100/1854
f 1622/3038/1872 1616/3030/2862 937/1761/1873
f 1007/1912/1874 1122/2122/1903 1121/2121/1875
f 1008/1915/1838 1009/1916/1837 1112/2109/1877
f 967/1829/1769 1156/2170/1768 965/1825/1879
f 1587/2988/1880 1592/2995/2936 1322/2517/1881
f 1143/2154/1691 1150/2161/1720 960/1813/1883
f 331/638/427 1164/2184/2020 1165/2186/1885
f 1450/2748/1886 1275/2426/2264 1279/2434/1887
f 1118/2118/1889 1004/1905/1889 1003/1901/1890
f 996/1888/1850 1125/2128/2937 1126/2129/1891
f 1120/2120/1892 1119/2119/1895 998/1892/1893
f 1119/2119/1895 1120/2120/1892 997/1889/1896
f 999/1894/1898 1117/2117/1890 1121/2121/1875
f 1119/2119/1895 1002/1899/1897 1004/1905/1889
f 1118/2118/1889 1117/2117/1890 999/1894/1898
f 1117/2117/1890 1003/1901/1890 1001/1897/1876
f 1482/2813/1900 1479/2808/2733 1009/1917/1901
f 1122/2122/1903 1006/1911/1905 978/1855/1899
f 1483/2815/1904 1124/2127/1902 978/1856/1899
f 1081/2056/1639 904/1698/1613 903/1696/1614
f 1025/1949/1723 1136/2147/1722 1135/2146/1909
f 1110/2105/1878 1112/2109/1877 977/1851/1911
f 1126/2129/1891 1125/2128/2937 1010/1918/1913
f 1126/2129/1891 1110/2106/1920 957/1807/1918
f 1115/2115/1871 1106/2100/1854 989/1877/1855
f 996/1888/1922 1014/1927/1799 1129/2134/1923
f 1615/3029/1925 991/1881/1870 1115/2115/1871
f 1125/2128/1924 1129/2134/1923 1016/1932/1927
f 1016/1932/1927 1127/2130/2938 1116/2116/1929
f 1116/2116/1929 1127/2130/2938 1011/1922/1930
f 1128/2132/1931 1120/2120/1892 975/1846/1894
f 1120/2120/1892 1128/2132/1931 1015/1929/1932
f 1046/1992/1794 1096/2087/1794 932/1752/1933
f 1487/2823/1934 1498/2841/1946 1162/2182/1935
f 21/35/230 1143/2154/1691 959/1812/1884
f 957/1808/1938 1019/1938/1708 1134/2144/1834
f 989/1878/1939 1017/1933/2939 1600/3009/1940
f 1148/2159/1779 1146/2157/1971 958/1809/1942
f 1461/2764/1943 1541/2912/2027 1535/2903/1944
f 1498/2841/1946 1495/2838/1721 1025/1949/1723
f 1488/2825/1947 1503/2850/2713 1259/2394/1948
f 940/1768/1950 950/1792/1954 1493/2835/1794
f 1135/2146/1909 1136/2147/1722 1145/2156/1951
f 954/1801/1725 876/1632/1953 1161/2180/1953
f 950/1792/1954 940/1768/1950 877/1635/1690
f 1150/2161/1720 1149/2160/1702 961/1815/1782
f 898/1687/1598 1081/2056/1639 1083/2059/1906
f 1161/2181/1957 876/1633/2940 949/1790/1936
f 1119/2119/1895 1118/2118/1889 1000/1896/1889
f 1010/1918/1913 1116/2116/1710 1123/2125/1712
f 1468/2777/1960 1333/2543/2941 1028/1956/1961
f 879/1640/1963 1051/2002/1539 1050/2000/1541
f 1160/2179/1965 941/1772/1739 1131/2138/1752
f 1131/2138/1752 1140/2151/1751 1525/2886/1967
f 952/1796/1969 1147/2158/1759 1145/2156/1951
f 1147/2158/1759 955/1803/1761 1023/1946/1952
f 1147/2158/1759 952/1796/1969 1133/2142/1970
f 1146/2157/1971 1144/2155/1774 1133/2142/1970
f 1146/2157/1971 1148/2159/1779 974/1843/1780
f 1544/2916/1972 1157/2171/1815 1151/2162/1816
f 1176/2208/1973 1177/2210/2019 1174/2204/1974
f 943/1777/1758 947/1785/1757 946/1783/1979
f 1518/2876/1980 1527/2888/1749 1499/2842/1750
f 875/1629/1982 1160/2179/1965 1163/2183/1966
f 1024/1948/1910 1161/2181/1957 1162/2182/1935
f 1525/2886/1967 1140/2151/1751 1132/2139/1754
f 940/1769/1740 1490/2830/2708 1487/2824/1985
f 1166/2188/1987 1167/2190/1989 1354/2586/1574
f 1166/2188/1987 1335/2546/1990 1336/2548/1988
f 1335/2546/1990 1168/2192/1992 1169/2194/1991
f 1168/2192/1992 1338/2552/1994 1337/2550/1993
f 1338/2552/1994 1170/2196/1996 1181/2218/1995
f 1170/2196/1996 1339/2555/1998 1350/2578/1997
f 1339/2555/1998 1171/2198/2000 1180/2216/1999
f 1171/2198/2000 1340/2557/2002 1349/2575/2001
f 1340/2557/2002 1172/2200/2004 1179/2214/2003
f 1172/2200/2004 1341/2559/2006 1348/2573/2005
f 1341/2559/2006 1173/2202/2008 1178/2212/2007
f 1173/2202/2008 1342/2561/1653 1347/2571/2009
f 1345/2567/2010 1346/2569/1652 1343/2563/1654
f 1359/2596/2012 1360/2598/2066 1346/2570/2013
f 1200/2269/2015 1344/2565/2018 1367/2614/2016
f 1344/2565/2018 1174/2204/1974 1177/2210/2019
f 1164/2184/2020 1176/2208/1973 1175/2206/1975
f 1191/2248/2021 1194/2255/2049 1176/2209/2022
f 1203/2278/2024 1164/2185/2023 331/639/571
f 1435/2727/2026 1532/2898/2721 1541/2912/2027
f 1183/2225/2028 1182/2221/2942 1351/2580/2029
f 1188/2241/2031 1355/2588/2034 1352/2582/2032
f 1355/2588/2034 1184/2228/2230 1185/2231/2035
f 1475/2797/2036 1457/2755/2700 1399/2673/2037
f 1180/2217/2039 1349/2576/2055 1363/2605/2040
f 1188/2242/2042 1190/2245/2943 1356/2590/2043
f 1338/2553/2045 1392/2657/2170 1231/2330/2046
f 1202/2274/2048 1177/2211/2069 1176/2209/2022
f 333/646/598 346/664/650 1373/2624/2050
f 1167/2191/2052 1336/2549/2060 1357/2592/2053
f 1349/2577/2055 1179/2215/2080 1197/2263/2056
f 1343/2564/2057 1342/2562/2150 1396/2666/2058
f 1336/2549/2060 1169/2195/2078 1193/2253/2061
f 1181/2219/2062 1350/2579/2072 1364/2608/2063
f 1347/2572/2065 1346/2570/2013 1360/2598/2066
f 1178/2213/2070 1347/2572/2065 1361/2600/2067
f 1350/2579/2072 1180/2217/2039 1198/2265/2041
f 1370/2619/2073 1371/2621/2094 1194/2256/2074
f 1354/2587/2076 1167/2191/2052 1192/2251/2054
f 1169/2195/2078 1337/2551/2082 1358/2594/2079
f 1179/2215/2080 1348/2574/2083 1362/2602/2081
f 1337/2551/2082 1181/2219/2062 1199/2267/2064
f 1348/2574/2083 1178/2213/2070 1196/2261/2071
f 1201/2271/2084 1367/2615/2089 1368/2616/2085
f 1345/2568/2014 1201/2272/2084 979/1861/2086
f 1366/2613/2087 1343/2564/2057 1397/2669/2059
f 1367/2615/2089 1177/2211/2069 1195/2257/2068
f 1366/2612/2011 1200/2269/2015 1201/2273/2017
f 1251/2375/2090 1331/2538/2250 1332/2539/2091
f 1204/2280/2093 1205/2282/2096 1371/2621/2094
f 1371/2621/2094 1372/2622/2097 1202/2275/2095
f 1205/2282/2096 1208/2287/2146 1372/2622/2097
f 1216/2302/2098 1217/2304/2109 1380/2636/2099
f 334/647/649 1209/2289/2114 1373/2624/2050
f 1389/2651/2101 348/666/667 335/648/651
f 1442/2740/2104 1369/2618/2115 1207/2285/2106
f 1206/2283/2108 1369/2618/2115 1442/2740/2104
f 1217/2304/2109 1220/2309/2128 1381/2637/2110
f 1211/2293/2111 1210/2291/2380 1384/2643/2100
f 1382/2639/2112 347/665/683 336/649/664
f 1209/2289/2114 334/647/649 348/666/667
f 1369/2618/2115 1443/2741/2120 1377/2631/2116
f 1377/2631/2116 1443/2741/2120 1376/2630/2117
f 1212/2294/2119 1376/2630/2117 1443/2741/2120
f 1390/2653/2121 1443/2741/2120 1369/2618/2115
f 1378/2633/2122 1444/2742/2126 1379/2635/2123
f 1218/2305/2125 1379/2635/2123 1444/2742/2126
f 1383/2641/2127 1444/2742/2126 1376/2630/2117
f 1213/2296/2118 1376/2630/2117 1444/2742/2126
f 1220/2309/2128 1217/2304/2109 1223/2315/2129
f 1214/2298/2131 1211/2293/2111 1380/2636/2099
f 1221/2311/2113 336/649/664 337/650/667
f 1215/2300/2102 335/648/651 347/665/683
f 1219/2307/2124 1379/2635/2123 1385/2645/2133
f 1222/2313/2135 1223/2315/2129 1217/2304/2109
f 332/643/687 1165/2187/2147 1228/2324/2136
f 1211/2293/2111 1214/2298/2131 1387/2647/2137
f 1379/2635/2123 1218/2305/2125 1224/2316/2139
f 1219/2308/2140 1225/2319/2194 1288/2458/2141
f 1235/2338/2143 1236/2340/2148 1175/2207/2144
f 1208/2287/2146 1205/2282/2096 1386/2646/2138
f 1165/2187/2147 1175/2207/2144 1236/2340/2148
f 1173/2203/2149 1234/2336/2178 1396/2666/2058
f 1200/2270/2151 1366/2613/2087 1400/2675/2088
f 1055/2010/2153 1360/2599/2478 1359/2597/2154
f 1226/2320/2130 1223/2315/2129 1242/2352/2156
f 1174/2205/2145 1344/2566/2160 1398/2671/2158
f 1227/2322/2132 337/650/667 339/655/709
f 1344/2566/2160 1200/2270/2151 1238/2344/2152
f 1477/2804/2161 1188/2241/2031 1189/2243/2033
f 1189/2244/2163 1352/2583/2187 1402/2679/2164
f 1339/2556/2166 1393/2659/2174 1232/2332/2167
f 1168/2193/2169 1230/2328/2181 1392/2657/2170
f 1340/2558/2171 1394/2662/2177 1233/2334/2172
f 1170/2197/2047 1231/2330/2046 1393/2660/2174
f 1353/2585/2038 1399/2673/2037 1229/2326/2175
f 1171/2199/2168 1232/2332/2167 1394/2662/2177
f 1234/2336/2178 1173/2203/2149 1341/2560/2179
f 1230/2328/2181 1168/2193/2169 1335/2547/2182
f 1172/2201/2173 1233/2334/2172 1395/2664/2180
f 1166/2189/2176 1229/2326/2175 1391/2655/2183
f 1328/2529/2184 1440/2736/2233 1405/2684/2185
f 1352/2583/2187 1185/2232/2422 1240/2348/2188
f 1447/2745/2189 1276/2428/2212 341/658/744
f 1241/2350/2190 1242/2352/2156 1223/2315/2129
f 1225/2318/2134 1385/2645/2133 1403/2681/2191
f 1385/2645/2133 1224/2316/2139 1243/2353/2193
f 1225/2319/2194 1244/2356/2346 1289/2459/2195
f 1453/2751/2196 1278/2432/2266 1277/2430/2197
f 1244/2355/2192 1403/2681/2191 1643/3072/2199
f 1606/3017/2201 1295/2465/2211 1631/3052/2202
f 1281/2440/2204 1280/2437/2944 1421/2706/2205
f 1652/3081/2207 1628/3049/2869 1241/2350/2208
f 1603/3014/2210 1294/2464/2842 1295/2465/2211
f 1454/2752/2198 1277/2430/2197 1276/2428/2212
f 1441/2738/2216 1511/2864/2415 1508/2859/2217
f 1458/2759/2219 1248/2366/2945 1250/2372/2220
f 1528/2889/2226 1532/2897/2720 1435/2726/2030
f 1249/2370/2224 1182/2222/2223 1251/2375/2090
f 1404/2682/2227 1258/2389/2246 1260/2395/2228
f 1184/2228/2230 1256/2385/2946 1247/2364/2231
f 1329/2532/2232 1261/2398/2259 1405/2684/2185
f 1281/2441/2234 1428/2714/2309 1429/2716/2235
f 1538/2909/2237 1536/2905/2717 1437/2730/2238
f 1500/2843/2240 1256/2386/2736 1460/2763/2241
f 1510/2863/2243 1539/2910/2248 1534/2901/2244
f 1445/2743/2239 1404/2683/2227 1248/2367/2229
f 1445/2743/2239 1437/2730/2238 1258/2390/2246
f 1510/2863/2243 1502/2847/2712 1537/2908/2247
f 1250/2373/2249 1254/2381/2449 1332/2539/2091
f 1412/2691/2251 1448/2746/2265 1451/2749/2252
f 1262/2399/2186 1405/2684/2185 1446/2744/2254
f 1412/2692/2255 1446/2744/2254 1410/2689/2256
f 1413/2693/2258 1270/2415/2272 1410/2689/2256
f 1261/2398/2259 1413/2693/2258 1446/2744/2254
f 342/660/818 349/667/837 1406/2685/2260
f 1413/2693/2258 1261/2398/2259 1263/2401/2262
f 1275/2426/2264 1450/2748/1886 1448/2746/2265
f 1452/2750/1888 1279/2434/1887 1278/2432/2266
f 1453/2751/2196 1268/2411/2423 1269/2413/2267
f 1274/2424/2261 1406/2685/2260 1407/2686/2268
f 1272/2420/2270 1273/2421/2269 1407/2686/2268
f 1270/2415/2272 1271/2418/2283 1409/2688/2273
f 1533/2899/2274 1529/2892/2719 1504/2852/2275
f 1590/2991/2277 1291/2461/2299 1627/3048/2278
f 349/667/837 341/659/839 1276/2429/2280
f 1628/3049/2281 1629/3050/2330 1242/2352/2156
f 1406/2685/2260 1276/2429/2280 1277/2431/2282
f 1271/2418/2283 1272/2420/2270 1408/2687/2271
f 1407/2686/2268 1277/2431/2282 1278/2433/2284
f 1292/2462/2285 1290/2460/2327 1322/2517/2286
f 1408/2687/2271 1278/2433/2284 1279/2435/2288
f 1403/2681/2191 1243/2353/2193 1632/3053/2289
f 1409/2688/2273 1279/2435/2288 1275/2427/2257
f 1282/2442/2290 1264/2404/2345 1324/2521/2291
f 1298/2469/2296 1605/3016/2846 1658/3087/2297
f 1587/2988/1880 1290/2460/1882 1291/2461/2299
f 343/661/862 1299/2470/2440 1300/2471/2300
f 1577/2970/1867 1647/3076/2858 1646/3075/2301
f 1288/2458/2303 1289/2459/2320 1318/2509/2304
f 1375/2628/2306 1207/2286/2313 1285/2452/2307
f 1428/2714/2309 1313/2498/2351 1314/2500/2310
f 1456/2754/2311 1414/2694/2263 1263/2401/2262
f 1207/2286/2313 1377/2632/2319 1418/2701/2314
f 1213/2297/2316 1378/2634/2322 1419/2703/2317
f 1377/2632/2319 1213/2297/2316 1286/2454/2318
f 1289/2459/2320 1639/3063/2872 1641/3066/2321
f 1378/2634/2322 1219/2308/2140 1287/2456/2142
f 1634/3058/2323 1296/2467/2364 1301/2472/2324
f 1293/2463/2326 1291/2461/2342 1290/2460/2327
f 1297/2468/2328 1292/2462/2285 1326/2525/2287
f 1629/3050/2330 1635/3059/2867 1245/2357/2157
f 1298/2469/2331 1293/2463/2326 1292/2462/2285
f 1660/3089/2332 1632/3053/2868 1243/2353/2333
f 1604/3015/2335 1297/2468/2847 1327/2526/2336
f 1644/3073/2338 1631/3052/2866 1295/2465/2339
f 1630/3051/2341 1627/3048/2865 1291/2461/2342
f 820/1543/907 1637/3061/2870 1246/2362/2159
f 1296/2466/2343 1420/2705/2340 1411/2690/2344
f 1244/2356/2346 1633/3054/2871 1639/3063/2347
f 1426/2711/2348 1427/2712/2378 1312/2496/2349
f 1313/2498/2351 1415/2695/2383 1417/2699/2352
f 1585/2984/2353 1241/2351/2947 934/1756/2354
f 1447/2745/2189 1266/2407/2409 1267/2409/2356
f 338/654/925 1228/2325/2443 921/1730/2357
f 1601/3010/2358 1243/2354/2948 936/1759/2359
f 1308/2485/2361 1309/2487/2949 1423/2708/2362
f 1296/2467/2364 1431/2719/2385 1430/2718/2365
f 1303/2476/2366 1424/2709/2369 1425/2710/2367
f 1424/2709/2369 1307/2483/2372 1302/2473/2370
f 1304/2478/2371 1283/2447/2377 1426/2711/2348
f 1423/2708/2362 1309/2487/2949 1307/2483/2372
f 1304/2478/2371 1422/2707/2363 1423/2708/2362
f 1306/2481/2350 1308/2485/2361 1422/2707/2363
f 1283/2447/2377 1311/2493/2698 1427/2712/2378
f 1463/2766/2379 1334/2544/2950 1333/2542/2294
f 1210/2291/2380 1211/2293/2111 1386/2646/2138
f 1330/2535/2218 1329/2531/2453 1440/2737/2382
f 1415/2695/2383 1264/2402/2951 1282/2443/2384
f 1431/2719/2385 1313/2499/2392 1315/2502/2386
f 1264/2403/2390 1415/2696/2393 1431/2719/2385
f 1420/2705/2340 1295/2465/2339 1294/2464/2391
f 1301/2472/2395 1430/2718/2399 1434/2724/2396
f 1634/3057/2398 1644/3073/2338 1420/2705/2340
f 1430/2718/2399 1315/2502/2952 1321/2515/2400
f 1321/2515/2400 1315/2502/2952 1421/2706/2401
f 1421/2706/2401 1280/2437/2368 1316/2504/2403
f 1280/2438/2368 1425/2710/2367 1433/2722/2404
f 1425/2710/2367 1302/2473/2370 1320/2513/2405
f 1351/2581/2406 1182/2223/2223 1239/2346/2407
f 350/668/977 340/656/978 1266/2407/2409
f 1264/2404/2345 1411/2690/2344 1439/2735/2410
f 1411/2690/2344 1294/2464/2391 1323/2519/2411
f 1452/2750/1888 1269/2413/2267 1265/2405/2412
f 1574/2964/2413 1569/2956/2756 1439/2735/2410
f 1538/2909/2237 1445/2743/2239 1436/2728/1945
f 1513/2866/2242 1460/2763/2241 1330/2536/2218
f 1441/2738/2216 1259/2392/2436 1503/2849/2414
f 1247/2363/2416 1505/2853/2711 1506/2855/2417
f 1440/2737/2382 1328/2530/2437 1449/2747/2419
f 1261/2398/2259 1329/2532/2232 1459/2761/2420
f 1185/2232/2422 1247/2363/2416 1257/2387/2418
f 1454/2752/2198 1267/2409/2356 1268/2411/2423
f 1205/2282/2096 1204/2280/2093 1388/2649/2381
f 1303/2476/2366 1305/2480/2373 1423/2708/2362
f 1315/2502/2386 1313/2499/2392 1428/2715/2206
f 1355/2589/2044 1356/2590/2043 1187/2239/2431
f 1458/2760/2433 1461/2764/1943 1436/2729/1945
f 1540/2911/2435 1512/2865/2451 1509/2862/2245
f 1259/2393/2436 1441/2739/2216 1449/2747/2419
f 1328/2530/2437 1262/2400/2253 1451/2749/2252
f 1438/2732/2438 1259/2393/2436 1451/2749/2252
f 1450/2748/1886 1265/2405/2412 1438/2732/2438
f 1636/3060/2439 1630/3051/2341 1293/2463/2326
f 1299/2470/2440 343/661/862 345/663/1010
f 1558/2937/2442 1569/2956/2756 1456/2754/2311
f 1228/2325/2443 1236/2341/2558 929/1746/2444
f 1029/1958/2445 1334/2545/2684 1463/2767/2446
f 1186/2233/1977 1190/2245/2943 1188/2242/2042
f 1250/2373/2249 1248/2368/2229 1253/2379/2448
f 1533/2900/2450 1501/2845/2710 1512/2865/2451
f 1183/2226/2452 1435/2727/2026 1461/2764/1943
f 1329/2533/2453 1330/2536/2218 1460/2763/2241
f 1504/2851/2455 1529/2891/2718 1530/2893/2456
f 1247/2364/2231 1256/2385/2946 1500/2844/2458
f 882/1647/2460 1190/2246/2953 1186/2234/2461
f 879/1641/2462 1187/2240/2954 1356/2591/2463
f 1356/2591/2463 1190/2246/2953 882/1647/2460
f 884/1654/2465 1192/2252/2465 1357/2593/2466
f 1052/2004/2467 1357/2593/2466 1193/2254/2468
f 1193/2254/2468 1358/2595/2471 1053/2006/2470
f 1358/2595/2471 1199/2268/2494 891/1670/2472
f 1195/2258/2473 1202/2276/2955 895/1681/2474
f 1359/2597/2154 979/1862/2956 894/1678/2476
f 1056/2012/2477 1361/2601/2483 1360/2599/2478
f 1397/2670/2479 1396/2667/2574 1091/2077/2480
f 888/1664/2482 1196/2262/2485 1361/2601/2483
f 1057/2014/2484 1362/2603/2487 1196/2262/2485
f 889/1666/2486 1197/2264/2489 1362/2603/2487
f 1058/2017/2488 1363/2606/2491 1197/2264/2489
f 890/1668/2490 1198/2266/2493 1363/2607/2491
f 1059/2019/2492 1364/2609/2957 1198/2266/2493
f 1199/2268/2494 1364/2609/2957 1059/2019/2492
f 1186/2234/2461 1365/2610/2958 1060/2020/2495
f 1060/2020/2495 1365/2610/2958 1192/2252/2465
f 883/1651/2496 1191/2249/2959 1203/2279/2497
f 1204/2281/2499 1370/2620/2502 1065/2030/2500
f 1370/2620/2502 1191/2250/2960 883/1652/2503
f 895/1681/2504 1202/2276/2961 1372/2623/2505
f 1067/2033/2506 1372/2623/2505 1208/2288/2507
f 896/1684/2509 1203/2279/2962 1373/2625/2510
f 1068/2035/2510 1373/2625/2510 1209/2290/2511
f 899/1689/2512 1206/2284/2552 1374/2626/2513
f 1374/2626/2513 1195/2259/2963 887/1662/2515
f 1214/2299/2516 1381/2638/2519 1076/2048/2517
f 1381/2638/2519 1220/2310/2536 913/1715/2520
f 1215/2301/2521 1382/2640/2524 1077/2050/2522
f 1382/2640/2524 1221/2312/2964 914/1717/2525
f 911/1711/2526 1218/2306/2541 1383/2642/2527
f 1078/2052/2528 1383/2642/2527 1212/2295/2529
f 909/1708/2531 1216/2303/2965 1384/2644/2532
f 1079/2054/2533 1384/2644/2532 1210/2292/2534
f 1220/2310/2536 1226/2321/2597 919/1726/2537
f 914/1717/2525 1221/2312/2964 1227/2323/2538
f 917/1722/2540 1224/2317/2601 1218/2306/2541
f 1222/2314/2542 1216/2303/2965 909/1708/2531
f 901/1693/2508 1208/2288/2507 1387/2648/2544
f 1082/2058/2545 1387/2648/2544 1214/2299/2516
f 903/1697/2535 1210/2292/2534 1388/2650/2546
f 1083/2060/2547 1388/2650/2546 1204/2281/2499
f 1209/2290/2511 1389/2652/2549 1084/2062/2548
f 1389/2652/2549 1215/2301/2521 908/1706/2523
f 905/1700/2530 1212/2295/2529 1390/2654/2550
f 1085/2064/2551 1390/2654/2550 1206/2284/2552
f 1230/2329/2553 1391/2656/2556 1086/2066/2554
f 1391/2656/2556 1229/2327/2966 922/1732/2557
f 1236/2341/2558 1235/2339/2580 928/1744/2559
f 1392/2658/2560 1230/2329/2553 923/1734/2555
f 924/1736/2562 1231/2331/2967 1392/2658/2560
f 1393/2661/2563 1231/2331/2967 924/1736/2562
f 925/1738/2565 1232/2333/2567 1393/2661/2563
f 1089/2072/2566 1394/2663/2569 1232/2333/2567
f 926/1740/2568 1233/2335/2968 1394/2663/2569
f 1395/2665/2570 1233/2335/2968 926/1740/2568
f 1234/2337/2572 1395/2665/2570 1090/2074/2571
f 1396/2668/2574 1234/2337/2572 927/1742/2573
f 1400/2676/2575 1397/2670/2479 1092/2079/2481
f 1093/2081/2577 1398/2672/2969 1238/2345/2578
f 1235/2339/2580 1398/2672/2969 1093/2081/2577
f 922/1732/2557 1229/2327/2966 1399/2674/2581
f 1457/2756/2583 1237/2342/2970 930/1748/2584
f 931/1750/2579 1238/2345/2578 1400/2676/2575
f 961/1816/2586 1268/2412/2625 1267/2410/2587
f 1266/2408/2589 340/657/2905 10/22/1169
f 1094/2083/2582 1399/2674/2581 1457/2757/2583
f 1492/2834/1747 1507/2857/1747 1530/2894/1747
f 1096/2086/1748 1401/2677/1748 1239/2347/2591
f 930/1748/2584 1237/2342/2970 1402/2680/2593
f 1097/2089/2594 1402/2680/2593 1240/2349/2595
f 1226/2321/2597 1245/2358/2971 938/1764/2598
f 1227/2323/2538 1246/2360/2972 939/1767/2599
f 936/1759/2600 1243/2354/2973 1224/2317/2601
f 934/1756/2602 1241/2351/2974 1222/2314/2542
f 958/1810/2603 1265/2406/2679 1269/2414/2604
f 960/1814/2588 1267/2410/2587 1266/2408/2589
f 945/1781/2606 1252/2377/1192 1249/2371/2607
f 942/1775/2608 1249/2371/2607 1255/2384/2609
f 1332/2540/2611 1254/2382/2613 947/1786/2612
f 1254/2382/2613 1253/2380/2622 946/1784/2614
f 1239/2347/2591 1252/2378/2908 945/1782/2615
f 933/1754/2596 1240/2349/2595 1257/2388/1745
f 953/1799/2616 1260/2396/2975 1258/2391/2617
f 1528/2890/2619 1351/2581/2406 1401/2678/2408
f 1136/2147/1722 1496/2839/2709 1488/2826/2621
f 1253/2380/2622 1260/2397/2976 953/1800/2623
f 22/36/324 730/1402/1345 1553/2927/2624
f 962/1818/2605 1269/2414/2604 1268/2412/2625
f 1284/2450/2626 1416/2698/2629 1111/2108/2627
f 1416/2698/2629 1285/2453/2630 980/1864/2630
f 1418/2702/2631 1286/2455/2977 981/1866/2632
f 981/1866/2632 1286/2455/2977 1419/2704/2634
f 997/1890/2636 1302/2474/2668 1307/2484/2637
f 1308/2486/2638 1306/2482/2645 1001/1898/2639
f 1002/1900/2637 1307/2484/2637 1309/2488/1197
f 1309/2489/1197 1308/2486/2638 1003/1902/1197
f 1312/2497/2640 1427/2713/2978 1122/2123/2641
f 1122/2123/2641 1427/2713/2978 1311/2494/2643
f 1306/2482/2645 1312/2497/2640 1007/1913/2642
f 1482/2814/2646 1485/2820/2707 1480/2810/2647
f 1481/2811/2649 1467/2775/2696 1465/2771/2650
f 1317/2508/2652 1318/2510/2979 1013/1926/2653
f 1013/1926/2653 1318/2510/2979 1641/3067/2654
f 344/662/863 1300/2471/2300 1638/3062/2656
f 1321/2516/2657 1432/2721/2980 1127/2131/2658
f 1127/2131/2658 1432/2721/2980 1316/2505/2660
f 1316/2506/2660 1433/2723/2981 1128/2133/2662
f 1128/2133/2662 1433/2723/2981 1320/2514/2663
f 1014/1928/1828 1319/2511/1827 1434/2725/2665
f 1129/2135/2666 1434/2725/2665 1321/2516/2657
f 1015/1930/2667 1320/2514/2982 1302/2474/2668
f 1130/2137/1983 1163/2183/1966 1526/2887/2669
f 1437/2731/2671 1536/2906/2722 1523/2884/2672
f 1258/2391/2617 1437/2731/2671 1132/2140/2673
f 1537/2907/2674 1502/2848/2983 1489/2828/2675
f 952/1797/1949 1259/2394/1948 1438/2733/2677
f 1133/2143/2678 1438/2734/2677 1265/2406/2679
f 1287/2457/2680 1317/2508/2652 1012/1924/1831
f 948/1788/2610 1255/2384/2609 1332/2541/2611
f 1005/1906/2681 977/1852/2984 1547/2920/2682
f 1028/1956/1961 1333/2543/2941 1334/2545/2684
f 980/1864/2630 1285/2453/2630 1418/2702/2631
f 1419/2704/2634 1287/2457/2680 982/1868/1841
f 1462/2765/2105 1442/2740/2104 1375/2629/2107
f 1368/2617/2690 1462/2765/2105 1284/2451/2689
f 1195/2260/2692 1374/2627/2103 1462/2765/2105
f 1464/2769/1962 1466/2773/2695 1469/2779/2694
f 1466/2773/2695 1465/2771/2650 1467/2775/2696
f 1283/2448/2377 1429/2717/2705 1484/2817/2697
f 880/1644/1540 882/1648/2928 878/1637/1534
f 1237/2343/2165 1457/2758/2700 1474/2794/2699
f 1471/2786/1662 1472/2788/1661 1473/2792/2701
f 1474/2795/2162 1475/2798/2929 1476/2801/1572
f 1049/1997/2703 1048/1996/1477 1470/2783/2702
f 878/1638/1534 1060/2021/2931 1049/1998/1578
f 1354/2587/2076 1365/2611/2077 1186/2235/1977
f 1479/2807/2648 1480/2810/2647 1481/2811/2649
f 1483/2816/2706 1484/2818/2985 1485/2820/2707
f 1311/2495/2643 1484/2818/2985 1483/2816/2706
f 1498/2841/1946 1487/2823/1934 1486/2821/1981
f 1492/2833/1794 1491/2832/1793 1490/2829/1793
f 1486/2822/1523 1487/2824/1985 1490/2830/2708
f 1494/2837/1729 1497/2840/1728 1496/2839/2709
f 1489/2827/1756 1488/2826/2621 1496/2839/2709
f 1495/2838/1721 1498/2841/1946 1499/2842/1750
f 1513/2866/2242 1512/2865/2451 1501/2845/2710
f 1507/2858/2457 1506/2855/2417 1505/2853/2711
f 1501/2846/2276 1504/2852/2275 1505/2854/2459
f 1509/2861/2245 1508/2859/2217 1511/2864/2415
f 1502/2847/2712 1510/2863/2243 1511/2864/2415
f 1508/2860/2217 1509/2862/2245 1512/2865/2451
f 1489/2828/2675 1502/2848/2983 1503/2850/2713
f 1492/2834/1747 1493/2836/1746 1506/2856/2714
f 1163/2183/1966 1131/2138/1752 1520/2879/1968
f 1520/2879/1968 1525/2886/1967 1524/2885/2715
f 1524/2885/2715 1525/2886/1967 1523/2883/1984
f 1514/2867/1794 1517/2873/1794 1516/2872/1794
f 1526/2887/2669 1520/2879/1968 1521/2880/1727
f 1514/2868/2716 1515/2869/1737 1519/2877/1738
f 1519/2878/2670 1526/2887/2669 1527/2888/1749
f 1535/2904/1944 1534/2901/2244 1539/2910/2248
f 1539/2910/2248 1537/2908/2247 1536/2905/2717
f 1529/2891/2718 1528/2890/2619 1531/2896/2620
f 1541/2912/2027 1540/2911/2435 1534/2902/2244
f 1529/2892/2719 1533/2899/2274 1532/2897/2720
f 1532/2898/2721 1533/2900/2450 1540/2911/2435
f 1516/2871/1747 1517/2874/1747 1530/2894/1747
f 1522/2882/2676 1523/2884/2672 1536/2906/2722
f 1515/2870/1794 1516/2872/1794 1096/2087/1794
f 1310/2491/2292 1324/2521/2291 1558/2937/2442
f 879/1642/2724 1157/2172/2729 1542/2913/2686
f 1544/2915/2725 1005/1906/2681 1142/2153/2683
f 1546/2919/2726 1142/2153/2683 1466/2774/2727
f 1157/2172/2729 1544/2915/2725 1546/2919/2726
f 1005/1907/1814 1544/2916/1972 1543/2914/1709
f 1105/2098/1812 963/1820/1791 1108/2103/1770
f 1020/1939/1778 987/1875/1859 992/1883/2730
f 1542/2913/2686 1546/2919/2726 1464/2770/2728
f 1547/2920/2682 977/1852/2984 1112/2110/1908
f 1547/2920/2682 1548/2921/1907 1478/2806/2731
f 1142/2153/2683 1547/2920/2682 1465/2772/2732
f 1548/2921/1907 1009/1917/1901 1479/2808/2733
f 1314/2501/2375 1417/2700/2735 1481/2812/2734
f 1549/2922/2421 1184/2229/2214 1463/2768/2213
f 1417/2700/2735 1282/2444/2429 1467/2776/2428
f 1256/2386/2736 1184/2230/2986 1459/2762/2454
f 1/4/1336 2/8/2913 857/1590/1516
f 866/1608/1513 869/1614/1512 868/1612/2737
f 1037/1974/1501 1042/1984/1500 1041/1982/2738
f 1153/2165/1771 1551/2924/1776 1554/2929/1862
f 16/30/1341 14/28/369 994/1886/1824
f 1543/2914/1709 1151/2162/1816 1158/2173/1839
f 13/26/1343 969/1832/1784 964/1822/1803
f 1104/2097/1789 1545/2917/1788 963/1820/1791
f 1158/2173/1839 1109/2104/1790 1557/2935/1792
f 1550/2923/1707 1158/2173/1839 1556/2933/2740
f 730/1402/1345 16/30/1341 1022/1944/2739
f 1021/1941/2741 985/1872/1852 987/1875/1859
f 1272/2420/2270 1271/2418/2283 1561/2942/2742
f 1566/2951/2744 1567/2952/2747 1563/2945/2745
f 1570/2957/2746 1571/2958/2748 1567/2952/2747
f 1571/2958/2748 1570/2957/2746 1326/2525/2287
f 1565/2949/2749 1566/2951/2744 1562/2944/2743
f 748/1429/1356 747/1428/1364 1564/2947/2750
f 1270/2415/2272 1413/2693/2258 1414/2694/2263
f 1559/2939/2753 1469/2780/2987 1467/2776/2428
f 1570/2957/2746 1573/2962/2755 1327/2526/2329
f 1273/2421/2269 1272/2420/2270 1562/2944/2743
f 1572/2960/2754 759/1448/1366 748/1429/1356
f 1573/2962/2755 1570/2957/2746 1566/2951/2744
f 747/1428/1364 342/660/818 1274/2424/2261
f 1456/2754/2311 1575/2966/2757 1576/2968/2752
f 1324/2521/2291 1439/2735/2410 1569/2956/2756
f 759/1448/1366 1572/2960/2754 1325/2524/2441
f 1575/2966/2757 1456/2754/2311 1569/2956/2756
f 1468/2778/2295 1469/2780/2987 1559/2939/2753
f 1558/2937/2442 1455/2753/2312 1560/2941/2758
f 1560/2941/2758 1455/2753/2312 1263/2401/2262
f 1599/3006/2759 1607/3018/2834 1327/2527/2760
f 1555/2932/2762 1574/2965/2766 1323/2520/2763
f 1556/2934/2765 1575/2967/2768 1574/2965/2766
f 1557/2936/2767 1576/2969/2770 1575/2967/2768
f 963/1821/2769 1270/2416/2988 1576/2969/2770
f 1545/2918/2771 1271/2419/2771 1270/2417/2771
f 1561/2943/2772 1271/2419/2989 1545/2918/2773
f 966/1828/2774 1152/2164/2776 1565/2950/2775
f 1152/2164/2776 1554/2930/2779 1573/2963/2777
f 1327/2528/2778 1573/2963/2777 1554/2930/2779
f 1583/2980/2781 1591/2992/2805 1325/2522/2782
f 1552/2926/2784 1571/2959/2788 1322/2518/2785
f 1154/2167/2787 1567/2953/2790 1571/2959/2788
f 968/1831/2789 1563/2946/2792 1567/2953/2790
f 965/1826/2791 1273/2422/2990 1563/2946/2792
f 964/1823/1401 1274/2425/1401 1273/2423/1401
f 1564/2948/2793 1274/2425/2991 964/1823/2794
f 969/1833/2795 1155/2169/2797 1568/2955/2796
f 1155/2169/2797 1553/2928/2800 1572/2961/2798
f 1325/2523/2799 1572/2961/2798 1553/2928/2800
f 1322/2518/2802 1592/2994/2992 1584/2983/2803
f 1584/2983/2803 1592/2994/2992 1591/2992/2805
f 1246/2361/2806 1586/2986/2809 1578/2972/2807
f 1586/2986/2809 1585/2984/2353 1577/2971/2355
f 1649/3078/2810 1586/2987/2826 1246/2362/2811
f 1593/2996/1865 1655/3084/1864 1654/3083/2813
f 1299/2470/2815 1588/2989/2818 1589/2990/2816
f 1588/2989/2818 1587/2988/1880 1590/2991/2277
f 1640/3065/2819 1301/2472/2395 1319/2512/2397
f 1589/2990/2816 1590/2991/2277 1651/3080/2279
f 1325/2524/2822 1591/2993/2823 1588/2989/2818
f 1591/2993/2823 1592/2995/2936 1587/2988/1880
f 1578/2973/2302 1646/3075/2301 1620/3036/2824
f 1649/3078/2810 1652/3081/2207 1585/2985/2209
f 1579/2974/2827 1582/2979/1797 986/1873/1796
f 1580/2976/1823 1581/2978/1811 1582/2979/1797
f 1022/1944/2828 994/1886/1822 1580/2977/1823
f 1583/2981/2829 1580/2977/1823 1579/2975/2827
f 1611/3024/1698 988/1876/1697 986/1873/1853
f 1581/2978/1811 1645/3074/1810 1648/3077/1795
f 1017/1934/2831 1323/2520/2993 1608/3020/2832
f 1600/3008/2833 1608/3020/2832 1607/3018/2834
f 1245/2359/2835 1602/3012/2838 1594/2998/2836
f 1602/3012/2838 1601/3010/2358 1593/2997/2360
f 1635/3059/2839 1657/3086/2852 1602/3013/2840
f 1294/2464/2842 1603/3014/2210 1608/3021/2843
f 1603/3014/2210 1604/3015/2335 1607/3019/2337
f 1300/2471/2817 1589/2990/2816 1650/3079/2821
f 1605/3016/2846 1606/3017/2201 1659/3088/2203
f 1297/2468/2847 1604/3015/2335 1605/3016/2846
f 1604/3015/2335 1603/3014/2210 1606/3017/2201
f 1596/3002/1716 1599/3007/2849 1018/1937/2848
f 1595/3000/1941 1600/3009/1940 1599/3007/2849
f 1594/2999/2814 1654/3083/2813 1618/3034/2850
f 1657/3086/2852 1660/3089/2332 1601/3011/2334
f 1625/3046/1926 1115/2115/1871 990/1879/1919
f 1597/3004/1715 1653/3082/1818 1656/3085/2854
f 1595/3001/1941 1598/3005/1717 990/1879/1719
f 1596/3003/1716 1597/3004/1715 1598/3005/1717
f 1610/3023/2830 1609/3022/1713 1612/3025/1857
f 1614/3027/2853 1613/3026/1860 1626/3047/1706
f 1625/3046/1926 1626/3047/1706 1616/3031/2855
f 1611/3024/1698 1612/3025/1857 1618/3034/2856
f 1656/3085/2854 1655/3084/1864 1613/3026/2857
f 1647/3076/2858 1609/3022/1866 1610/3023/2859
f 800/1515/1468 801/1516/411 1620/3036/2860
f 1616/3032/2862 1622/3039/1872 1621/3037/2863
f 1623/3041/1801 1621/3037/1800 1622/3039/2864
f 1627/3048/2865 1630/3051/2341 1629/3050/2330
f 1631/3052/2866 1644/3073/2338 1643/3072/2199
f 1644/3073/2338 1634/3057/2398 1633/3055/2200
f 1630/3051/2341 1636/3060/2439 1635/3059/2867
f 1659/3088/2203 1631/3052/2202 1632/3053/2868
f 1651/3080/2279 1627/3048/2278 1628/3049/2869
f 821/1544/1246 1638/3062/2656 1637/3061/2870
f 1633/3056/2871 1634/3058/2323 1640/3065/2325
f 1642/3070/2820 1641/3068/2321 1639/3064/2872
f 1624/3045/2655 1641/3069/2654 1642/3071/2873
f 1619/3035/2874 1620/3036/2824 1646/3075/2301
f 1645/3074/1810 1646/3075/2301 1647/3076/2858
f 1637/3061/2812 1638/3062/2845 1650/3079/2821
f 1650/3079/2821 1651/3080/2279 1652/3081/2207
f 1617/3033/2875 1618/3034/2850 1654/3083/2813
f 1653/3082/1818 1654/3083/2813 1655/3084/1864
f 1636/3060/2298 1658/3087/2297 1657/3086/2852
f 1658/3087/2297 1659/3088/2203 1660/3089/2332
f 15/29/368 800/1515/1468 1619/3035/2861
