# Blender 4.1.1
# www.blender.org
mtllib assets/enemy_ship.mtl
o Mesh__2_
v -2.549820 -1.340162 -1.435451
v 15.699954 -0.347167 -0.278515
v -2.547348 1.508931 -1.445557
v 15.699957 0.513660 -0.278534
v -2.549409 0.081797 -2.535979
v 15.702057 0.083249 -0.607987
v 7.323622 -1.106656 -1.187109
v 7.323612 1.273169 -1.186981
v 7.321721 0.083250 -2.386507
v 1.163161 -1.351255 -1.441253
v 1.160557 1.519606 -1.433450
v 1.166894 0.083227 -2.563877
v 16.134993 -0.152477 -0.131115
v 16.134993 0.318974 -0.131115
v 16.135324 0.083248 -0.306749
v 16.190191 -0.053860 -0.055390
v 16.190191 0.220357 -0.055390
v 16.190273 0.083249 -0.155976
v -2.549966 -1.268802 -1.402034
v -2.547437 1.438173 -1.411616
v -2.548937 0.081601 -2.434944
v -0.033270 -1.087519 -1.315702
v -0.036168 1.256776 -1.308750
v -0.029287 0.083227 -2.150293
v 7.320286 -1.109916 -1.408028
v 7.330550 0.083846 -2.595581
v 5.023982 -0.660148 -2.559865
v 3.854765 1.742330 -1.370863
v 7.330329 -1.165012 -1.470753
v 7.328056 0.082441 -2.716540
v 5.029197 -0.716809 -2.625943
v 3.862046 1.793496 -1.442739
v 6.668883 1.309129 -1.291767
v 6.548882 1.389807 -1.205729
v 6.680552 1.365340 -1.353448
v 6.554767 1.452878 -1.265295
v 3.986758 0.260288 -2.774245
v 3.991857 0.293350 -2.862400
v 3.553412 1.542578 -1.799519
v 3.524299 1.599964 -1.830677
v 3.831969 0.248217 -2.796116
v 3.805080 0.275749 -2.855961
v 1.920886 1.369806 -2.220188
v 1.911867 1.581964 -2.192270
v 1.894992 1.577080 -2.667754
v 3.816585 0.261341 -2.844134
v 3.555116 1.526107 -1.916947
v 2.702848 1.502212 -4.056309
v 3.800703 0.335656 -2.856819
v 3.563873 1.490424 -1.969536
v 2.734406 1.462487 -3.955989
v 3.746674 0.327457 -2.858205
v 3.509580 1.481734 -1.970368
v 2.682766 1.469859 -3.897870
v 3.740958 0.357480 -2.863377
v 3.512992 1.466446 -1.995263
v 2.701303 1.438872 -3.893467
v 3.795230 0.366452 -2.861785
v 3.567331 1.475281 -1.994274
v 2.752449 1.445125 -3.912439
v 3.791693 0.401722 -2.869130
v 3.570679 1.456557 -2.028636
v 2.780218 1.424674 -3.861701
v 1.913040 1.442287 -2.326893
v 1.913747 1.461037 -2.318358
v 1.907209 1.461012 -2.354405
v 3.614039 -0.694819 -1.707834
v 3.614039 0.019568 -2.002554
v 4.051053 0.020601 -2.001083
v 4.051058 -0.695906 -1.706587
v 4.618474 -0.027053 -2.000163
v 4.618367 -0.648060 -1.705753
v 5.138454 -0.244976 -2.828496
v 5.188178 -0.360639 -2.781708
v 5.147815 -0.246907 -2.953453
v 5.349596 -0.268999 -2.954403
v 5.203413 -0.360097 -2.900819
v 5.140649 -0.305718 -2.001642
v 5.140781 -0.342119 -2.001628
v 3.615473 -0.698341 -2.894143
v 3.615591 -0.668458 -2.924861
v 3.615473 0.023090 -2.894143
v 3.615591 -0.006794 -2.924861
v 4.050994 -0.698354 -2.895539
v 4.051260 -0.669914 -2.925020
v 4.050988 0.023036 -2.895556
v 4.051255 -0.005395 -2.925021
v 4.620351 -0.649704 -2.896008
v 4.605880 -0.623308 -2.925113
v 4.620434 -0.025393 -2.895985
v 4.606009 -0.051758 -2.925112
v 5.141026 -0.341565 -2.894148
v 5.111355 -0.341752 -2.924862
v 5.112635 -0.313684 -2.924874
v 5.140972 -0.305936 -2.894139
v 1.838904 -0.358413 -1.025596
v 1.951262 -0.747325 -1.025332
v 2.264437 -1.050224 -1.025391
v 2.705584 -1.193332 -1.025367
v 3.173957 -1.144690 -1.025377
v 3.562239 -0.915428 -1.025410
v 3.781713 -0.555662 -1.025369
v 3.781701 -0.155089 -1.025570
v 3.562337 0.202809 -1.025423
v 3.173997 0.432084 -1.025400
v 2.705570 0.480731 -1.025393
v 2.264365 0.337615 -1.025412
v 1.951466 0.035501 -1.025434
v 1.955027 -0.357905 -1.721092
v 2.052172 -0.694937 -1.720723
v 2.326823 -0.960598 -1.720812
v 2.718518 -1.087658 -1.720779
v 3.135589 -1.044345 -1.720792
v 3.478493 -0.841885 -1.720839
v 3.669630 -0.528653 -1.720772
v 3.669379 -0.182301 -1.721059
v 3.478410 0.129103 -1.720855
v 3.135547 0.331523 -1.720823
v 2.718532 0.374831 -1.720814
v 2.326888 0.247793 -1.720838
v 2.052556 -0.017075 -1.720871
v 1.875860 -0.483567 -2.931645
v 1.951387 -0.748558 -2.868562
v 2.264522 -1.050197 -2.808119
v 2.705587 -1.193332 -2.777653
v 3.173949 -1.144692 -2.787955
v 3.561983 -0.915416 -2.836963
v 3.780838 -0.483266 -2.929567
v 3.478203 -0.841854 -2.852578
v 3.135579 -1.044347 -2.809238
v 2.718522 -1.087658 -2.800069
v 2.326935 -0.960555 -2.827146
v 2.053155 -0.695931 -2.880367
v 1.990203 -0.483435 -2.931017
v 3.670229 -0.482892 -2.929287
v 2.892122 -0.963536 -2.534370
v 2.643032 -0.948219 -2.543018
v 2.415099 -0.856547 -2.567917
v 2.235818 -0.699576 -2.606066
v 2.126810 -0.496240 -2.652863
v 2.101224 -0.271064 -2.702663
v 2.162146 -0.051207 -2.749460
v 2.302227 0.136813 -2.787609
v 2.504574 0.270317 -2.812509
v 2.744778 0.333204 -2.821157
v 2.993868 0.317888 -2.812509
v 3.221800 0.226215 -2.787609
v 3.401082 0.069245 -2.749460
v 3.510089 -0.134092 -2.702663
v 3.535675 -0.359268 -2.652863
v 3.474754 -0.579125 -2.606066
v 3.334671 -0.767145 -2.567917
v 3.132325 -0.900649 -2.543017
v 2.912142 -1.139736 -2.919114
v 2.624619 -1.122052 -2.929096
v 2.361515 -1.016240 -2.957838
v 2.154569 -0.835047 -3.001873
v 2.028733 -0.600335 -3.055893
v 1.999196 -0.340408 -3.113379
v 2.069513 -0.086619 -3.167401
v 2.231212 0.130419 -3.211439
v 2.464784 0.284532 -3.240185
v 2.742060 0.357123 -3.250166
v 3.029593 0.339443 -3.240185
v 3.292700 0.233619 -3.211439
v 3.499650 0.052421 -3.167401
v 3.625474 -0.182299 -3.113379
v 3.655007 -0.442226 -3.055893
v 3.584677 -0.696009 -3.001874
v 3.422979 -0.913043 -2.957838
v 3.189408 -1.067143 -2.929096
v 2.910231 -1.122917 -3.222449
v 2.649859 -1.106855 -3.231453
v 2.411587 -1.011073 -3.257513
v 2.224221 -0.846954 -3.297350
v 2.110252 -0.634434 -3.346293
v 2.083551 -0.399055 -3.398302
v 2.147207 -0.169255 -3.447236
v 2.293654 0.027263 -3.487067
v 2.505140 0.166815 -3.513114
v 2.756217 0.232531 -3.522122
v 3.016578 0.216537 -3.513114
v 3.254810 0.120708 -3.487067
v 3.442228 -0.043351 -3.447236
v 3.556145 -0.255887 -3.398302
v 3.582934 -0.491258 -3.346293
v 3.519223 -0.721052 -3.297351
v 3.372840 -0.917618 -3.257513
v 3.161304 -1.057131 -3.231453
v 2.875939 -0.821125 -3.703495
v 2.744379 -0.872995 -3.706692
v 2.654108 -0.771354 -3.719014
v 2.518078 -0.734837 -3.735881
v 2.520079 -0.603771 -3.758299
v 2.443263 -0.496714 -3.780609
v 2.536559 -0.396836 -3.802951
v 2.554960 -0.270037 -3.819952
v 2.695773 -0.247382 -3.832076
v 2.800920 -0.160885 -3.835493
v 2.923212 -0.225270 -3.832076
v 3.066039 -0.220350 -3.819952
v 3.112538 -0.340841 -3.802950
v 3.226244 -0.420593 -3.780608
v 3.175170 -0.540084 -3.758299
v 3.206586 -0.667901 -3.735881
v 3.081735 -0.729781 -3.719014
v 3.016283 -0.846561 -3.706692
v 2.898723 -1.021636 -3.517972
v 2.695141 -1.010250 -3.525081
v 2.509307 -0.934317 -3.542904
v 2.362119 -0.806894 -3.571926
v 2.273902 -0.640189 -3.606060
v 2.252062 -0.456448 -3.643696
v 2.302705 -0.276826 -3.677915
v 2.416450 -0.122895 -3.706809
v 2.582291 -0.014281 -3.724834
v 2.778354 0.037705 -3.731734
v 2.981818 0.024562 -3.724834
v 3.168448 -0.049785 -3.706809
v 3.314307 -0.178477 -3.677915
v 3.404216 -0.344434 -3.643696
v 3.424153 -0.528360 -3.606059
v 3.375333 -0.708388 -3.571926
v 3.260003 -0.861334 -3.542904
v 3.095298 -0.971347 -3.525081
v 2.874126 -0.805151 -3.676595
v 2.746030 -0.859243 -3.677184
v 2.660566 -0.757532 -3.691554
v 2.525147 -0.724218 -3.705958
v 2.530761 -0.596413 -3.729512
v 2.452551 -0.491822 -3.749926
v 2.545867 -0.396420 -3.772765
v 2.561825 -0.271157 -3.788417
v 2.699704 -0.251329 -3.801025
v 2.801380 -0.165069 -3.803566
v 2.920245 -0.229884 -3.801024
v 3.059552 -0.222748 -3.788417
v 3.103337 -0.342216 -3.772764
v 3.216055 -0.417568 -3.749926
v 3.163070 -0.534936 -3.729510
v 3.197298 -0.658852 -3.705958
v 3.072316 -0.717501 -3.691553
v 3.011601 -0.833417 -3.677184
v 2.902297 -1.034909 -3.469468
v 2.697658 -1.023934 -3.474951
v 2.510659 -0.947953 -3.487881
v 2.362218 -0.819860 -3.509695
v 2.273071 -0.652110 -3.534734
v 2.250268 -0.466948 -3.563031
v 2.300638 -0.285946 -3.588106
v 2.414069 -0.130387 -3.609997
v 2.580309 -0.020758 -3.623024
v 2.776896 0.032445 -3.628630
v 2.981233 0.019518 -3.623146
v 3.169071 -0.054552 -3.610224
v 3.315966 -0.183947 -3.588414
v 3.407202 -0.350740 -3.563381
v 3.427931 -0.536090 -3.535084
v 3.379815 -0.717645 -3.510003
v 3.264599 -0.872208 -3.488109
v 3.099592 -0.983561 -3.475073
v 3.117768 -0.916530 -3.040239
v 3.304558 -0.792211 -3.053999
v 2.895841 -0.975697 -3.035383
v 2.665352 -0.961987 -3.040116
v 2.454042 -0.877665 -3.053768
v 2.287691 -0.732337 -3.074764
v 2.185871 -0.543976 -3.100551
v 2.161488 -0.335014 -3.127976
v 2.216812 -0.130748 -3.153842
v 2.345818 0.044083 -3.174855
v 2.532406 0.168660 -3.188706
v 2.754445 0.227549 -3.193462
v 2.984982 0.214133 -3.188829
v 3.196151 0.129521 -3.175086
v 3.362757 -0.015610 -3.154153
v 3.464236 -0.204120 -3.128330
v 3.488961 -0.413049 -3.100905
v 3.433271 -0.617235 -3.075075
v 2.532114 0.171136 -1.838567
v 2.345389 0.046647 -1.824785
v 2.216486 -0.128279 -1.803712
v 2.160971 -0.332558 -1.777889
v 2.185519 -0.541545 -1.750431
v 2.287193 -0.730031 -1.724650
v 2.453708 -0.875291 -1.703655
v 2.664999 -0.959787 -1.689979
v 2.895570 -0.973347 -1.685272
v 3.117611 -0.914313 -1.690101
v 3.304345 -0.789829 -1.703884
v 3.433236 -0.614890 -1.724959
v 3.488760 -0.410611 -1.750782
v 3.464193 -0.201626 -1.778240
v 3.362527 -0.013139 -1.804020
v 3.196001 0.132107 -1.825014
v 2.984719 0.216609 -1.838689
v 2.754153 0.230156 -1.843396
v 1.857347 -0.356099 -3.199581
v 1.838290 -0.354332 -3.179862
v 3.781172 -0.154092 -3.179193
v 3.762703 -0.158978 -3.199599
v 3.548522 0.190689 -3.199560
v 3.562079 0.202600 -3.180593
v 3.167690 0.415566 -3.199550
v 3.173900 0.431822 -3.180538
v 2.707697 0.463330 -3.199551
v 2.705603 0.480457 -3.180542
v 2.274616 0.322869 -3.199549
v 2.264526 0.337379 -3.180528
v 1.968374 0.026810 -3.199587
v 1.951903 0.035345 -3.180825
v 1.935929 -0.356040 -3.199608
v 1.954094 -0.354798 -3.179947
v 3.686758 -0.177469 -3.199625
v 3.669310 -0.181579 -3.179538
v 3.492056 0.141126 -3.199582
v 3.478639 0.129315 -3.180540
v 3.141865 0.348050 -3.199574
v 3.135668 0.331830 -3.180519
v 2.716401 0.392252 -3.199574
v 2.718492 0.375154 -3.180526
v 2.316636 0.262528 -3.199573
v 2.326694 0.248065 -3.180506
v 2.036545 -0.008596 -3.199608
v 2.052411 -0.016938 -3.180753
v 1.893273 -0.481257 -3.199468
v 1.873819 -0.479600 -3.180814
v 3.782200 -0.479586 -3.181746
v 3.763277 -0.481199 -3.199456
v 3.689261 -0.481207 -3.199457
v 3.669244 -0.479774 -3.181391
v 1.990314 -0.479748 -3.180758
v 1.971158 -0.481346 -3.199452
v -0.311429 0.697885 -9.910939
v 1.668036 0.701442 -9.910968
v -0.311458 0.817905 -9.910875
v 1.667984 0.820879 -9.910756
v -2.505502 1.490373 -4.008980
v 2.701646 1.491944 -3.995062
v 2.701196 1.612249 -3.994829
v -2.445469 1.610690 -4.008953
v -2.170900 1.604111 -6.061500
v -2.170862 1.724339 -6.061568
v -2.612800 1.507055 -2.222350
v 3.543586 1.507950 -2.207327
v 3.498995 1.628450 -2.207522
v -2.552859 1.627801 -2.222355
v -0.237336 0.326709 -9.910896
v 1.593557 0.326507 -9.910094
v -0.237395 0.207020 -9.913301
v 1.593548 0.206847 -9.912482
v -1.625104 -1.418710 -5.126057
v 1.417863 -1.418544 -5.126245
v 1.417866 -1.539371 -5.129098
v -1.625045 -1.539602 -5.128894
v -2.251721 -1.274706 -2.245116
v 2.070591 -1.274674 -2.251279
v 2.070609 -1.394813 -2.253915
v -2.251722 -1.394728 -2.247742
v -1.807202 -1.400531 -3.475620
v -1.671272 1.515086 -3.768553
v 1.610360 -1.402709 -3.477685
v -1.807333 -1.332690 -1.363706
v -1.737769 1.495062 -1.341191
v 1.610425 -1.334760 -1.361296
v 3.210140 -0.394059 -2.614063
v -1.668940 -0.395227 -2.613543
v -1.667776 -0.340250 -2.150830
v 3.209900 -0.338187 -2.149943
v 3.479475 0.420412 -2.607862
v -1.668325 0.428598 -2.613301
v -1.668209 0.086499 -2.472976
v -1.669540 0.988285 -2.930213
v -1.671628 0.903585 -1.862584
v 2.400827 1.514767 -3.716086
v 2.760806 0.996317 -2.945009
v 3.144598 0.572120 -2.693614
v 3.479231 0.477179 -2.638564
v 3.481687 0.423602 -2.464784
v 2.615091 0.907029 -1.864158
v 2.333528 1.483985 -1.340557
v 3.188870 0.508447 -2.457926
v -0.930579 -0.548200 -10.462631
v -0.930579 -0.548200 -10.197369
v -0.930578 1.500960 -10.197622
v -0.930578 1.500960 -10.462376
v 2.339524 -0.545832 -10.460709
v 2.339524 -0.545832 -10.199291
v 2.339639 1.498588 -10.199282
v 2.339639 1.498588 -10.460718
v -0.930578 0.758330 -9.726303
v -0.930578 0.758330 -10.933697
v 1.801263 0.759666 -9.714506
v 1.801263 0.759666 -10.945494
v -0.930579 0.316934 -9.726418
v -0.930579 0.316934 -10.933582
v 1.801545 0.315060 -9.714558
v 1.801545 0.315060 -10.945442
v 2.419567 -0.449563 -10.460849
v 2.419567 -0.449563 -10.199150
v 2.419568 1.402491 -10.199091
v 2.419568 1.402491 -10.460908
v 1.881954 0.732745 -9.719866
v 1.881954 0.732745 -10.940134
v 1.881761 0.330563 -9.719661
v 1.881761 0.330563 -10.940337
v 2.405151 -0.428279 -10.443965
v 2.405151 -0.428279 -10.216033
v 2.403583 1.382275 -10.215174
v 2.403583 1.382275 -10.444826
v 1.879362 0.726805 -9.746959
v 1.879362 0.726805 -10.913040
v 1.879663 0.335913 -9.746760
v 1.879663 0.335913 -10.913239
v 2.269508 -0.508714 -10.443480
v 2.269508 -0.508714 -10.216520
v 2.274470 1.471108 -10.215800
v 2.274470 1.471108 -10.444200
v 1.719834 0.774716 -9.743767
v 1.719834 0.774716 -10.916232
v 1.720501 0.293614 -9.743825
v 1.720501 0.293614 -10.916175
v 0.800084 -0.508587 -10.446624
v 0.800084 -0.508587 -10.213374
v 0.799923 1.471104 -10.212846
v 0.799923 1.471104 -10.447153
v 0.794579 0.775103 -9.751857
v 0.794579 0.775102 -10.908141
v 0.794344 0.293492 -9.751914
v 0.794344 0.293492 -10.908085
v 2.819819 -0.410726 -10.432023
v 2.819819 -0.410725 -10.227976
v 2.824883 1.373186 -10.227329
v 2.824883 1.373186 -10.432669
v 1.999581 0.744995 -9.804415
v 1.999581 0.744995 -10.855585
v 2.000302 0.312914 -9.804458
v 2.000302 0.312914 -10.855541
v 0.798792 -0.408279 -10.433087
v 0.798792 -0.408279 -10.226912
v 0.798655 1.370750 -10.226151
v 0.798655 1.370750 -10.433849
v 0.795859 0.746719 -9.805911
v 0.795859 0.746719 -10.854089
v 0.795571 0.311110 -9.805770
v 0.795571 0.311110 -10.854230
v 2.819784 -0.371027 -10.253651
v 2.819784 -0.371027 -10.406349
v 0.798802 -0.368553 -10.407559
v 0.798802 -0.368553 -10.252440
v 2.000314 0.324386 -10.807076
v 0.795592 0.322453 -10.805826
v 1.999581 0.732165 -10.807528
v 0.795891 0.734016 -10.806108
v 2.824862 1.332765 -10.408302
v 0.798654 1.330325 -10.409644
v 2.824862 1.332765 -10.251697
v 0.798654 1.330325 -10.250356
v 1.999581 0.732165 -9.852472
v 0.795891 0.734016 -9.853892
v 2.000314 0.324386 -9.852924
v 0.795592 0.322453 -9.854174
v 0.775025 0.211785 -10.740255
v 0.774973 0.152422 -10.676005
v 0.774974 0.152422 -9.973994
v 0.775025 0.211785 -9.909744
v 0.775025 0.777964 -9.909744
v 0.774974 0.837327 -9.973994
v 0.775025 0.777964 -10.740255
v 0.774974 0.837327 -10.676005
v 1.994961 0.211821 -10.739762
v 1.995008 0.152859 -10.675987
v 1.995008 0.152859 -9.974012
v 1.994961 0.211821 -9.910237
v 1.994961 0.777927 -9.910237
v 1.995009 0.836890 -9.974012
v 1.995008 0.836890 -10.675987
v 1.994961 0.777927 -10.739762
v 1.994995 0.227370 -10.699264
v 1.995031 0.190335 -10.659172
v 1.995031 0.190335 -9.990828
v 1.994996 0.227370 -9.950736
v 1.994996 0.762379 -9.950736
v 1.995031 0.799414 -9.990828
v 1.995031 0.799414 -10.659172
v 1.994996 0.762379 -10.699264
v 1.020017 0.227696 -10.698763
v 1.019981 0.190774 -10.658821
v 1.019981 0.190774 -9.991178
v 1.020017 0.227696 -9.951237
v 1.020017 0.762052 -9.951237
v 1.019981 0.798975 -9.991178
v 1.019981 0.798975 -10.658821
v 1.020017 0.762052 -10.698763
v 0.999999 0.189249 -10.325000
v 0.999999 0.224786 -10.480871
v 0.999999 0.323257 -10.601034
v 0.999999 0.462103 -10.657961
v 0.999999 0.609516 -10.638610
v 0.999999 0.731726 -10.547415
v 0.999999 0.800735 -10.405268
v 0.999999 0.800735 -10.244732
v 0.999999 0.731726 -10.102585
v 0.999999 0.609516 -10.011390
v 0.999999 0.462103 -9.992039
v 0.999999 0.323257 -10.048965
v 0.999999 0.224786 -10.169128
v 1.849858 0.190274 -10.325000
v 1.849858 0.225694 -10.480356
v 1.849858 0.323839 -10.600121
v 1.849858 0.462226 -10.656859
v 1.849858 0.609152 -10.637574
v 1.849858 0.730958 -10.546680
v 1.849858 0.799739 -10.405002
v 1.849858 0.799739 -10.244997
v 1.849858 0.730958 -10.103319
v 1.849858 0.609152 -10.012424
v 1.849858 0.462226 -9.993139
v 1.849858 0.323839 -10.049878
v 1.849858 0.225694 -10.169642
v 2.010101 0.260325 -10.325000
v 2.010101 0.287721 -10.445162
v 2.010101 0.363633 -10.537796
v 2.010101 0.470670 -10.581681
v 2.010101 0.584312 -10.566763
v 2.010101 0.678524 -10.496461
v 2.010101 0.731723 -10.386878
v 2.010101 0.731723 -10.263122
v 2.010101 0.678524 -10.153538
v 2.010101 0.584312 -10.083236
v 2.010101 0.470670 -10.068318
v 2.010101 0.363633 -10.112204
v 2.010101 0.287721 -10.204837
v 2.010052 0.266300 -10.325000
v 2.010052 0.293011 -10.442160
v 2.010052 0.367027 -10.532478
v 2.010052 0.471390 -10.575269
v 2.010052 0.582193 -10.560724
v 2.010052 0.674052 -10.492178
v 2.010052 0.725923 -10.385331
v 2.010052 0.725923 -10.264668
v 2.010052 0.674052 -10.157822
v 2.010052 0.582193 -10.089274
v 2.010052 0.471390 -10.074730
v 2.010052 0.367027 -10.117520
v 2.010052 0.293011 -10.207839
v 2.095031 0.332156 -10.325000
v 2.095031 0.351254 -10.408763
v 2.095031 0.404170 -10.473335
v 2.095031 0.478784 -10.503927
v 2.095031 0.558001 -10.493529
v 2.095031 0.623675 -10.444522
v 2.095031 0.660759 -10.368134
v 2.095031 0.660759 -10.281864
v 2.095031 0.623675 -10.205478
v 2.095031 0.558001 -10.156470
v 2.095031 0.478784 -10.146072
v 2.095031 0.404170 -10.176664
v 2.095031 0.351254 -10.241236
v 2.094953 0.339695 -10.325000
v 2.094953 0.357928 -10.404975
v 2.094953 0.408452 -10.466629
v 2.094953 0.479692 -10.495835
v 2.094953 0.555328 -10.485909
v 2.094953 0.618032 -10.439118
v 2.094953 0.653440 -10.366183
v 2.094953 0.653440 -10.283816
v 2.094953 0.618032 -10.210880
v 2.094953 0.555328 -10.164090
v 2.094953 0.479692 -10.154163
v 2.094953 0.408452 -10.183371
v 2.094953 0.357928 -10.245025
v 1.069999 0.339829 -10.325000
v 1.069999 0.358047 -10.404908
v 1.069999 0.408529 -10.466510
v 1.069999 0.479709 -10.495692
v 1.069999 0.555280 -10.485773
v 1.069999 0.617932 -10.439021
v 1.069999 0.653310 -10.366149
v 1.069999 0.653310 -10.283851
v 1.069999 0.617932 -10.210978
v 1.069999 0.555281 -10.164226
v 1.069999 0.479709 -10.154306
v 1.069999 0.408529 -10.183490
v 1.069999 0.358047 -10.245090
v 0.262355 0.892153 -9.820981
v 0.262355 0.894882 -9.831614
v 1.057579 0.897807 -9.840577
v 1.057579 0.890392 -9.811671
v 0.709026 2.727468 -9.270731
v 0.709026 2.730196 -9.281367
v 1.141037 2.731966 -9.290586
v 1.141037 2.724592 -9.261845
v -2.519822 1.507470 -2.620176
v 7.057234 1.296337 -1.218821
v -2.529077 1.784498 -2.614063
v 7.057681 1.480491 -1.207087
v 3.962650 1.389447 -1.216247
v 3.951613 1.844379 -1.238408
v 3.761184 1.387041 -0.265762
v 2.196538 1.386554 -0.282849
v 3.778332 1.389088 -1.288987
v 2.302335 1.389588 -1.898729
v 3.771277 1.697059 -1.295260
v 2.309906 1.697623 -1.895065
v 2.190805 1.697672 -0.266643
v 3.771315 1.697100 -0.263060
v 7.541210 1.261389 -0.808664
v 7.540897 1.438769 -0.808703
v 8.700780 1.138636 -0.124407
v 8.700973 1.173953 -0.124348
v 3.624178 1.833298 -0.946112
v 6.939122 1.442072 -0.947158
v 3.629469 2.439621 -0.493240
v 4.637374 2.530146 -0.495025
v 7.382378 1.436702 -0.407859
v 3.624849 1.858854 -0.898091
v 3.627548 2.411817 -0.479915
v 3.609450 1.858932 -0.898087
v 3.611838 2.411861 -0.479930
v 3.609477 1.836996 -0.935492
v 3.611722 2.433891 -0.491064
v -0.457064 1.528760 -0.455965
v -0.453525 2.125212 -0.228269
v 0.650685 1.754857 -1.648290
v 0.622180 3.124708 -1.030707
v 3.177539 2.046389 -1.106866
v 3.174999 1.730660 -1.258715
v 0.639690 1.728728 -1.584844
v 0.611174 3.098562 -0.967220
v 3.166638 2.020494 -1.043992
v 3.164100 1.704782 -1.195879
v -2.461646 1.529938 -4.389560
v 0.560742 1.530877 -4.149992
v 0.560743 1.530877 -2.800009
v -2.461646 1.529938 -2.560440
v -2.452405 2.564354 -4.011985
v -2.453767 2.623226 -3.932546
v -0.403835 2.549556 -3.932562
v -0.356483 2.509758 -4.005690
v -0.403835 2.549556 -3.017439
v -0.356483 2.509758 -2.944310
v -2.453767 2.623226 -3.017454
v -2.452405 2.564354 -2.938016
v -0.061600 1.609435 -4.085023
v 0.996602 1.609566 -4.084979
v 0.996602 1.609566 -2.875021
v -0.061600 1.609435 -2.874977
v -0.061600 1.752939 -4.085023
v 0.996602 1.752808 -4.084979
v 0.996602 1.752808 -2.875021
v -0.061600 1.752939 -2.874977
v 0.996597 1.626070 -4.067133
v 0.996597 1.626070 -2.892867
v 0.996597 1.736304 -4.067133
v 0.996597 1.736305 -2.892867
v -0.046800 1.626228 -4.066864
v -0.046800 1.626228 -2.893135
v -0.046800 1.736147 -4.066864
v -0.046800 1.736147 -2.893135
v -0.140979 1.789930 -2.803589
v -0.154007 1.503555 -2.801867
v -2.486284 1.643734 -5.729170
v 0.754040 1.635268 -6.207871
v 0.754182 1.757573 -6.208152
v -2.486290 1.762889 -5.729194
v -2.531163 1.785710 -1.309774
v -2.533808 1.508023 -1.309839
v -0.893087 1.800610 -0.689858
v -0.892231 1.478204 -0.689861
v -0.890268 1.513728 -0.694653
v -2.547839 1.512711 -1.311070
v -2.547942 1.437368 -1.310815
v -0.888575 1.316443 -0.694922
v -0.892737 1.552294 -0.691102
v -2.734899 1.538699 -1.153764
v -2.734880 1.658420 -1.153740
v -0.892722 1.671819 -0.691083
v 6.928725 1.455191 -0.917632
v 4.668095 2.527022 -0.470869
v 7.357034 1.448111 -0.400073
v 6.902950 1.439456 -0.889930
v 4.679656 2.493952 -0.452605
v 7.318799 1.434974 -0.386153
v 4.933136 1.676720 -0.956190
v 6.839241 1.465762 -0.941475
v 4.668160 2.502112 -0.511606
v 4.950237 1.692783 -0.939741
v 6.769059 1.477141 -0.917075
v 4.689714 2.469781 -0.505565
v 4.959807 1.694683 -0.915652
v 3.650472 1.848248 -0.937720
v 3.652101 2.422101 -0.506454
v 4.619172 2.515056 -0.507003
v 4.898860 1.700201 -0.936527
v 3.664268 1.842216 -0.901949
v 3.665864 2.395914 -0.483627
v 4.608792 2.487137 -0.485367
v 4.879472 1.697296 -0.898939
v 3.656848 2.442143 -0.467953
v 4.608055 2.534581 -0.468081
v 3.676586 2.421629 -0.448396
v 4.593425 2.510766 -0.448396
v -2.460261 2.138125 -3.023758
v -2.459941 2.330964 -3.148437
v -2.460261 2.439491 -3.361134
v -2.460261 2.435558 -3.604693
v -2.459941 2.320231 -3.813167
v -2.460261 2.123486 -3.930493
v -2.460261 1.898193 -3.926241
v -2.459941 1.705356 -3.801564
v -2.460261 1.596829 -3.588866
v -2.460261 1.600761 -3.345307
v -2.459941 1.716088 -3.136833
v -2.460261 1.912834 -3.019506
v -2.879385 2.195822 -2.808775
v -2.878445 2.476579 -2.996416
v -2.879404 2.640233 -3.306272
v -2.879399 2.634410 -3.667095
v -2.878445 2.460850 -3.970589
v -2.879409 2.174296 -4.147511
v -2.879404 1.840408 -4.141213
v -2.878445 1.559740 -3.953585
v -2.879405 1.396087 -3.643753
v -2.879400 1.401911 -3.282880
v -2.878445 1.575470 -2.979412
v -2.879385 1.862113 -2.802477
v -2.920403 2.196012 -2.809482
v -2.918648 2.476413 -2.996590
v -2.920392 2.639604 -3.306054
v -2.920388 2.633774 -3.667289
v -2.918648 2.460690 -3.970409
v -2.920397 2.174496 -4.146832
v -2.920391 1.840232 -4.140527
v -2.918648 1.559906 -3.953412
v -2.920393 1.396716 -3.643970
v -2.920389 1.402546 -3.282687
v -2.918648 1.575630 -2.979591
v -2.920403 1.861900 -2.803177
v -3.124155 2.194708 -2.452563
v -3.124126 2.969598 -3.320077
v -3.124123 2.963960 -3.665725
v -3.124045 2.161180 -4.503585
v -3.124040 1.842024 -4.497481
v -3.124101 1.066721 -3.629815
v -3.124097 1.072362 -3.284384
v -3.124155 1.874728 -2.446520
v -3.147513 2.191247 -2.472153
v -3.147498 2.951222 -3.323086
v -3.147495 2.945695 -3.662030
v -3.147427 2.158419 -4.483698
v -3.147424 1.845418 -4.477715
v -3.147477 1.085103 -3.626814
v -3.147474 1.090633 -3.288070
v -3.147513 1.877553 -2.466229
v -3.467804 2.125787 -2.452414
v -3.463012 2.972171 -3.401408
v -3.463021 2.966614 -3.584492
v -3.463089 2.066309 -4.506356
v -3.463099 1.936803 -4.500367
v -3.463036 1.064151 -3.540836
v -3.463045 1.069703 -3.373264
v -3.467803 1.943743 -2.448771
v -3.482177 2.123816 -2.464504
v -3.487004 2.953574 -3.403046
v -3.487011 2.948124 -3.582484
v -3.487071 2.065129 -4.486271
v -3.487080 1.938246 -4.480398
v -3.487025 1.082742 -3.539328
v -3.487032 1.088186 -3.375111
v -3.482177 1.945345 -2.460933
v -2.919827 2.186435 -2.840697
v -2.919884 2.457213 -3.016634
v -2.919827 2.610405 -3.315328
v -2.919827 2.604890 -3.656919
v -2.919884 2.442148 -3.949653
v -2.919827 2.165856 -4.115265
v -2.919827 1.849884 -4.109303
v -2.919884 1.579107 -3.933366
v -2.919827 1.425915 -3.634672
v -2.919827 1.431430 -3.293081
v -2.919884 1.594171 -3.000348
v -2.919827 1.870464 -2.834734
v -2.475012 2.133596 -3.039778
v -2.475009 2.319426 -3.160482
v -2.475012 2.424525 -3.365470
v -2.475012 2.420741 -3.599796
v -2.475009 2.309089 -3.800693
v -2.475012 2.119475 -3.914313
v -2.475012 1.902724 -3.910223
v -2.475009 1.716894 -3.789518
v -2.475012 1.611795 -3.584530
v -2.475012 1.615578 -3.350204
v -2.475009 1.727230 -3.149306
v -2.475012 1.916844 -3.035687
v 7.323929 -1.107804 0.030000
v 15.699399 -0.344963 0.029998
v 15.699398 0.511455 0.029999
v 1.163441 -1.354944 0.030000
v 16.135044 0.320476 0.029999
v 16.135044 -0.153979 0.029999
v 16.190016 -0.053568 0.029999
v 16.190016 0.220065 0.029999
v 16.190649 0.083249 0.029998
v 3.631295 -1.288125 0.029999
v 3.633219 -1.408641 0.030000
v -0.033095 -1.082415 0.030000
v -0.006921 0.083213 0.030000
v -2.548949 -1.351346 0.030000
v -2.548834 -1.282526 0.030000
v -2.284518 -1.288283 0.030000
v -2.284557 -1.408515 0.030000
v 7.323924 1.274063 0.029999
v 1.168668 1.522486 0.030000
v 3.897633 1.692557 0.030000
v 3.942770 1.571775 0.029999
v 3.949989 1.849932 0.030000
v 7.062113 1.480634 0.030000
v 7.539636 1.441408 0.029999
v 8.699984 1.139424 0.029999
v 8.699971 1.173386 0.029999
v 7.382861 1.438216 0.029999
v 3.623588 2.441325 0.030000
v 3.627620 2.418348 0.029999
v 3.611885 2.418444 0.030000
v 3.610777 2.439497 0.030000
v 7.359625 1.449993 0.029999
v 4.634173 2.541137 0.030000
v 4.657054 2.530811 0.030000
v 7.319535 1.435571 0.029999
v 4.676930 2.493150 0.029999
v 4.617314 2.535292 0.030000
v 3.647670 2.440991 0.030000
v 4.595577 2.510985 0.029999
v 3.674433 2.421431 0.030000
v -0.024681 1.248918 0.030000
v -0.453491 2.121219 0.030000
v -0.457097 1.533067 0.030000
v -0.863274 1.478126 0.030000
v -0.860737 1.802400 0.030000
v -0.862812 1.514203 0.030000
v -0.866590 1.316972 0.030000
v -0.861009 1.573142 0.030000
v -0.861040 1.693840 0.030000
v -0.930579 -0.522300 -10.445381
v -0.930579 -0.522299 -10.214619
v -0.930578 1.475060 -10.213653
v -0.930578 1.475060 -10.446345
v -0.930578 0.751292 -9.754305
v -0.930578 0.751292 -10.905695
v -0.930579 0.323090 -9.754416
v -0.930578 0.323090 -10.905584
v -0.760579 -0.522300 -10.445381
v -0.760579 -0.522299 -10.214619
v -0.760578 1.475060 -10.213653
v -0.760578 1.475060 -10.446345
v -0.760578 0.751292 -9.754305
v -0.760578 0.751292 -10.905695
v -0.760579 0.323090 -9.754416
v -0.760579 0.323090 -10.905584
v -0.930579 -0.309111 -10.592784
v -0.795126 -0.257139 -10.625723
v -0.930579 0.103760 -10.817537
v -0.794978 0.045762 -10.797035
v -0.930579 -0.296396 -10.568355
v -0.930578 0.116474 -10.793109
v -0.795152 -0.242557 -10.598160
v -0.795010 0.063385 -10.763721
v -0.930578 0.925970 -10.827302
v -0.795139 0.972504 -10.797637
v -0.930579 1.322796 -10.575450
v -0.794996 1.276075 -10.604971
v -0.930578 0.911239 -10.804183
v -0.930578 1.308066 -10.552331
v -0.795162 0.957842 -10.774605
v -0.795019 1.261414 -10.581939
v -0.930578 0.945819 -9.845296
v -0.795182 0.996974 -9.867000
v -0.930578 1.342655 -10.097154
v -0.795032 1.297339 -10.064795
v -0.930578 0.931293 -9.868545
v -0.930578 1.328130 -10.120402
v -0.795150 0.977313 -9.898232
v -0.795007 1.281335 -10.090217
v -0.930578 -0.318294 -10.072215
v -0.795167 -0.265737 -10.043725
v -0.930579 0.095094 -9.847180
v -0.795044 0.042248 -9.876094
v -0.930579 -0.306422 -10.097102
v -0.930579 0.106966 -9.872066
v -0.795143 -0.253586 -10.068327
v -0.795021 0.054398 -9.900695
v -3.570000 -1.064236 -2.065692
v -3.570000 -1.044683 -2.016054
v -3.570000 -0.692985 -2.154592
v -3.570000 -0.712538 -2.204230
v -1.660000 -1.215804 -2.292897
v -1.660000 -1.175489 -2.190552
v -1.660000 -0.524196 -2.447102
v -1.660000 -0.564511 -2.549448
v -3.870589 -0.148266 -2.435028
v -3.870589 -0.147800 -2.381680
v -3.870589 0.230186 -2.384978
v -3.870589 0.229720 -2.438326
v -1.660589 -0.311601 -2.701937
v -1.660589 -0.310641 -2.591941
v -1.660589 0.389332 -2.598050
v -1.660589 0.388372 -2.708045
v -3.570000 0.783211 -2.156970
v -3.570000 0.759824 -2.109019
v -3.570000 1.099568 -1.943315
v -3.570000 1.122955 -1.991266
v -1.660000 0.659532 -2.512863
v -1.660000 0.611312 -2.413996
v -1.660000 1.240468 -2.107136
v -1.660000 1.288688 -2.206003
v 3.059410 -0.311601 -2.701937
v 3.059410 -0.310641 -2.591942
v 3.059410 0.389332 -2.598050
v 3.059410 0.388372 -2.708046
v 6.980000 -1.745001 -1.009501
v 6.528977 -1.745001 -0.906558
v 6.167286 -1.745001 -0.618118
v 5.966562 -1.745000 -0.201311
v 5.966562 -1.745000 0.261310
v 6.167286 -1.745001 0.678117
v 6.528977 -1.745001 0.966557
v 6.980000 -1.745001 1.069499
v 7.431022 -1.745001 0.966556
v 7.792714 -1.745001 0.678117
v 7.993437 -1.745001 0.261310
v 7.993437 -1.745001 -0.201311
v 7.792714 -1.745001 -0.618118
v 7.431022 -1.745001 -0.906558
v 6.980000 -1.275000 -1.070001
v 6.502728 -1.275000 -0.961066
v 6.119985 -1.275000 -0.655839
v 5.907579 -1.275000 -0.214773
v 5.907579 -1.275000 0.274773
v 6.119985 -1.275000 0.715838
v 6.502728 -1.275000 1.021065
v 6.980000 -1.275000 1.129999
v 7.457272 -1.275000 1.021065
v 7.840014 -1.275001 0.715838
v 8.052421 -1.275001 0.274772
v 8.052421 -1.275001 -0.214774
v 7.840014 -1.275001 -0.655839
v 7.457272 -1.275000 -0.961066
v 6.980000 -2.075001 -0.860000
v 6.593843 -2.075000 -0.771863
v 6.284170 -2.075000 -0.524906
v 6.112314 -2.075000 -0.168044
v 6.112314 -2.075000 0.228043
v 6.284170 -2.075000 0.584905
v 6.593843 -2.075000 0.831862
v 6.980000 -2.075001 0.919999
v 7.366157 -2.075001 0.831862
v 7.675830 -2.075001 0.584905
v 7.847685 -2.075001 0.228043
v 7.847685 -2.075001 -0.168044
v 7.675830 -2.075001 -0.524907
v 7.366157 -2.075001 -0.771863
v 6.980000 -2.035001 -0.860000
v 6.593843 -2.035000 -0.771863
v 6.284170 -2.035000 -0.524906
v 6.112314 -2.035000 -0.168044
v 6.112314 -2.035000 0.228043
v 6.284170 -2.035000 0.584905
v 6.593843 -2.035000 0.831862
v 6.980000 -2.035001 0.919999
v 7.366157 -2.035001 0.831862
v 7.675830 -2.035001 0.584905
v 7.847685 -2.035001 0.228043
v 7.847685 -2.035001 -0.168044
v 7.675830 -2.035001 -0.524907
v 7.366157 -2.035001 -0.771863
v 6.938833 -2.075001 -1.040362
v 6.552677 -2.075000 -0.952224
v 6.117491 -2.075000 -0.605175
v 5.945635 -2.075000 -0.248313
v 5.945635 -2.075000 0.308312
v 6.117491 -2.075000 0.665174
v 6.552677 -2.075000 1.012223
v 6.938833 -2.075001 1.100361
v 7.481502 -2.075001 0.976500
v 7.791175 -2.075001 0.729544
v 8.032686 -2.075001 0.228043
v 8.032686 -2.075001 -0.168044
v 7.791175 -2.075001 -0.669545
v 7.481502 -2.075001 -0.916502
v 6.938833 -2.035001 -1.040362
v 6.552677 -2.035000 -0.952224
v 6.117491 -2.035000 -0.605175
v 5.945635 -2.035000 -0.248313
v 5.945635 -2.035000 0.308312
v 6.117491 -2.035000 0.665174
v 6.552677 -2.035000 1.012223
v 6.938833 -2.035001 1.100361
v 7.481502 -2.035001 0.976500
v 7.791175 -2.035001 0.729544
v 8.032686 -2.035001 0.228043
v 8.032686 -2.035001 -0.168044
v 7.791175 -2.035001 -0.669545
v 7.481502 -2.035001 -0.916502
v 6.866900 -1.939451 -1.179362
v 6.555352 -1.939451 -1.108253
v 5.963606 -1.939450 -0.636351
v 5.824954 -1.939450 -0.348437
v 5.824954 -1.939450 0.408436
v 5.963606 -1.939450 0.696350
v 6.555352 -1.939451 1.168252
v 6.866900 -1.939451 1.239361
v 7.604016 -1.939451 1.071563
v 7.855420 -1.939451 0.871075
v 8.183033 -1.939451 0.190778
v 8.183033 -1.939451 -0.130780
v 7.855420 -1.939451 -0.811076
v 7.604016 -1.939451 -1.011564
v 6.866900 -1.910550 -1.179362
v 6.555352 -1.910550 -1.108253
v 5.963606 -1.910550 -0.636351
v 5.824954 -1.910550 -0.348437
v 5.824954 -1.910550 0.408436
v 5.963606 -1.910550 0.696350
v 6.555352 -1.910550 1.168252
v 6.866900 -1.910550 1.239361
v 7.604016 -1.910551 1.071563
v 7.855420 -1.910551 0.871075
v 8.183033 -1.910551 0.190778
v 8.183033 -1.910551 -0.130780
v 7.855420 -1.910551 -0.811076
v 7.604016 -1.910551 -1.011564
v 6.676811 -1.937634 -1.121089
v 6.762059 -1.937222 -1.141891
v 6.770870 -1.962006 -1.106276
v 6.685622 -1.962418 -1.085474
v 6.716906 -1.679927 -0.951677
v 6.802153 -1.679515 -0.972479
v 6.810964 -1.704298 -0.936864
v 6.725716 -1.704710 -0.916062
v 5.911118 -1.937634 -0.438853
v 5.947210 -1.937222 -0.518837
v 5.980699 -1.962006 -0.503853
v 5.944607 -1.962418 -0.423870
v 6.069301 -1.679927 -0.366148
v 6.105392 -1.679515 -0.446131
v 6.138882 -1.704298 -0.431147
v 6.102790 -1.704710 -0.351164
v 5.930337 -1.937634 0.576077
v 5.890892 -1.937222 0.497694
v 5.923612 -1.962006 0.481097
v 5.963057 -1.962418 0.559480
v 6.086388 -1.679927 0.498901
v 6.046943 -1.679515 0.420518
v 6.079663 -1.704298 0.403922
v 6.119108 -1.704710 0.482305
v 6.755980 -1.937634 1.187820
v 6.670945 -1.937222 1.166166
v 6.679886 -1.962006 1.130583
v 6.764921 -1.962418 1.152237
v 6.800113 -1.679927 1.019415
v 6.715078 -1.679515 0.997761
v 6.724019 -1.704298 0.962179
v 6.809054 -1.704710 0.983833
v 7.748743 -1.937634 0.930866
v 7.679325 -1.937222 0.984543
v 7.656791 -1.962006 0.955591
v 7.726207 -1.962418 0.901914
v 7.643209 -1.679927 0.792408
v 7.573792 -1.679515 0.846085
v 7.551257 -1.704298 0.817133
v 7.620674 -1.704711 0.763456
v 7.678146 -1.937634 -0.912711
v 7.745576 -1.937222 -0.856557
v 7.722188 -1.962006 -0.828290
v 7.654758 -1.962418 -0.884443
v 7.565812 -1.679927 -0.779711
v 7.633241 -1.679515 -0.723558
v 7.609853 -1.704298 -0.695290
v 7.542424 -1.704711 -0.751444
v 8.000000 -1.572896 -0.153631
v 8.000000 -1.572896 0.205629
v 8.000000 -1.211106 0.205629
v 8.000000 -1.211106 -0.153631
v 8.512000 -1.572896 -0.153631
v 8.512000 -1.572896 0.205629
v 8.512000 -1.211106 0.205629
v 8.512000 -1.211106 -0.153631
v 6.980000 -0.784751 -1.070001
v 6.502728 -0.784751 -0.961066
v 6.119985 -0.784750 -0.655839
v 5.907579 -0.784750 -0.214774
v 5.907579 -0.784750 0.274773
v 6.119985 -0.784750 0.715838
v 6.502728 -0.784750 1.021065
v 6.980000 -0.784750 1.129999
v 7.457272 -0.784750 1.021065
v 7.840014 -0.784751 0.715838
v 8.052421 -0.784751 0.274772
v 8.052421 -0.784751 -0.214774
v 7.840014 -0.784751 -0.655839
v 7.457272 -0.784751 -0.961066
v 8.510000 -1.539001 0.027999
v 8.510000 -1.464001 -0.110565
v 8.510000 -1.314001 -0.110565
v 8.510000 -1.239001 0.027999
v 8.510000 -1.314001 0.166563
v 8.510000 -1.464001 0.166563
v 9.781000 -1.539001 0.027999
v 9.781000 -1.464001 -0.110565
v 9.781000 -1.314001 -0.110565
v 9.781000 -1.239001 0.027999
v 9.781000 -1.314001 0.166563
v 9.781000 -1.464001 0.166563
v 9.781000 -1.482689 0.027999
v 9.781000 -1.455320 -0.022565
v 9.781000 -1.398681 -0.022565
v 9.781000 -1.371312 0.027999
v 9.781000 -1.398681 0.078563
v 9.781000 -1.455320 0.078563
v 10.999000 -1.482689 0.027999
v 10.999000 -1.455321 -0.022565
v 10.999000 -1.398681 -0.022565
v 10.999000 -1.371313 0.027999
v 10.999000 -1.398681 0.078563
v 10.999000 -1.455321 0.078563
v -1.335869 -0.017654 -10.262454
v -1.338742 -0.017101 -10.273035
v -0.962588 0.679521 -10.348508
v -0.954780 0.678017 -10.319745
v -2.709400 1.290988 -9.741361
v -2.712273 1.291541 -9.751945
v -2.508278 1.669764 -9.797280
v -2.500514 1.668270 -9.768681
v -0.711008 -0.126925 -10.366131
v -0.713136 -0.126956 -10.372828
v -0.703133 0.664314 -10.389585
v -0.695321 0.664430 -10.364994
v 1.885399 0.347495 -10.945807
v 1.885399 0.707496 -10.945886
v -0.944574 0.707499 -10.933600
v -0.944574 0.347499 -10.933521
v 1.973539 0.432072 -11.046207
v 1.973539 0.622873 -11.046250
v -1.053582 0.622877 -11.033110
v -1.053582 0.432077 -11.033067
v 1.903142 0.347505 -10.889656
v 1.903142 0.707505 -10.889734
v 1.995049 0.432101 -10.911720
v 1.995049 0.622901 -10.911763
v -0.799560 0.641937 -10.312272
v -0.799561 0.413337 -10.312222
v -0.944250 0.588213 -10.325506
v -0.944249 0.467054 -10.325478
v 1.258782 0.347496 -10.943087
v 1.258782 0.707496 -10.943166
v 1.252731 0.622842 -11.183122
v 1.252731 0.432042 -11.183081
v -0.297157 0.347498 -10.936331
v -0.297157 0.707498 -10.936411
v -0.311741 0.622844 -11.176330
v -0.311741 0.432045 -11.176289
v 0.783278 0.516981 -11.024821
v 0.783584 1.210408 -10.635998
v 0.273584 1.210792 -10.636282
v 0.273278 0.517365 -11.025106
v 0.783488 0.629274 -11.249620
v 0.783657 1.252469 -10.711010
v 0.273658 1.252854 -10.711294
v 0.273489 0.629659 -11.249907
v 0.663128 1.294233 -10.589113
v 0.663202 1.336295 -10.664125
v 0.662996 0.629365 -11.249689
v 0.396242 1.294435 -10.589262
v 0.396316 1.336496 -10.664274
v 0.396110 0.629567 -11.249838
v 0.783215 0.459620 -11.025241
v 0.273215 0.460005 -11.025525
v 0.783324 0.420498 -11.273465
v 0.273324 0.420883 -11.273750
v 0.662831 0.420589 -11.273532
v 0.395945 0.420791 -11.273681
v 0.782335 -0.217498 -10.549646
v 0.272336 -0.217113 -10.549931
v 0.782446 -0.256620 -10.797872
v 0.272445 -0.256235 -10.798156
v 0.661742 -0.302248 -10.488372
v 0.661852 -0.341371 -10.736595
v 0.394857 -0.302047 -10.488521
v 0.394966 -0.341169 -10.736745
v 0.783728 0.984960 -11.059554
v 0.273730 0.991577 -11.054453
v 0.663254 0.945689 -11.144307
v 0.396368 0.945758 -11.144565
v 0.272865 0.033976 -11.069204
v 0.395615 0.106070 -11.170568
v 0.662496 0.102059 -11.167732
v 0.782866 0.033591 -11.068920
v 0.766687 1.248211 -10.718290
v 0.290638 1.248481 -10.718574
v 0.657025 1.323925 -10.674950
v 0.402402 1.324109 -10.675080
v 0.766556 0.991848 -11.054817
v 0.290908 0.998139 -11.049934
v 0.657683 0.958428 -11.134005
v 0.402299 0.958502 -11.134261
v 0.738719 1.143737 -10.575752
v 0.317817 1.143932 -10.575947
v 0.644129 1.220467 -10.528860
v 0.414754 1.220636 -10.528975
v 0.755250 0.823548 -10.847795
v 0.301406 0.829820 -10.842891
v 0.650711 0.772066 -10.899945
v 0.408556 0.772127 -10.900195
v 0.768853 -0.251882 -10.801002
v 0.286050 -0.251464 -10.801312
v 0.656580 -0.330813 -10.744000
v 0.400197 -0.330620 -10.744144
v 0.286460 0.029657 -11.066104
v 0.401175 0.095454 -11.163068
v 0.656793 0.091612 -11.160352
v 0.769260 0.029224 -11.065784
v 0.772155 -0.106192 -10.558715
v 0.282791 -0.105769 -10.559029
v 0.658061 -0.184832 -10.501895
v 0.398726 -0.184637 -10.502042
v 0.285163 0.206779 -10.778666
v 0.400338 0.297090 -10.841520
v 0.657624 0.293247 -10.838803
v 0.770576 0.206344 -10.778344
v 0.753519 0.918121 -10.708742
v 0.711766 0.839560 -10.811563
v 0.601929 0.790931 -10.875267
v 0.465962 0.790806 -10.875521
v 0.355800 0.839235 -10.812228
v 0.313520 0.917718 -10.709563
v 0.355272 0.996279 -10.606743
v 0.465109 1.044908 -10.543037
v 0.601077 1.045033 -10.542785
v 0.711239 0.996604 -10.606078
v 0.753638 1.151713 -10.887267
v 0.711886 1.073152 -10.990088
v 0.602049 1.024522 -11.053792
v 0.466082 1.024398 -11.054045
v 0.355919 1.072826 -10.990751
v 0.313639 1.151310 -10.888087
v 0.355392 1.229870 -10.785267
v 0.465229 1.278500 -10.721563
v 0.601196 1.278624 -10.721308
v 0.711359 1.230196 -10.784601
v 0.733507 1.151695 -10.887302
v 0.695409 1.080010 -10.981125
v 0.595618 1.035828 -11.039002
v 0.472434 1.035716 -11.039231
v 0.372350 1.079714 -10.981728
v 0.333771 1.151328 -10.888052
v 0.371869 1.223012 -10.794230
v 0.471660 1.267194 -10.736353
v 0.594844 1.267306 -10.736122
v 0.694928 1.223308 -10.793625
v 0.733388 0.952030 -10.708958
v 0.695289 0.880345 -10.802780
v 0.595499 0.836163 -10.860658
v 0.472315 0.836050 -10.860887
v 0.372230 0.880048 -10.803383
v 0.333652 0.951662 -10.709707
v 0.371750 1.023346 -10.615885
v 0.471541 1.067528 -10.558008
v 0.594724 1.067641 -10.557777
v 0.694809 1.023643 -10.615280
v 0.753538 0.067912 -10.733897
v 0.711656 -0.026106 -10.645049
v 0.601739 -0.084304 -10.590111
v 0.465772 -0.084452 -10.590060
v 0.355689 -0.026495 -10.644922
v 0.313538 0.067432 -10.733740
v 0.355420 0.161450 -10.822586
v 0.465337 0.219648 -10.877526
v 0.601305 0.219797 -10.877575
v 0.711388 0.161838 -10.822713
v 0.753682 -0.134052 -10.947548
v 0.711800 -0.228069 -10.858702
v 0.601883 -0.286268 -10.803761
v 0.465916 -0.286415 -10.803713
v 0.355833 -0.228457 -10.858574
v 0.313683 -0.134532 -10.947391
v 0.355564 -0.040513 -11.036237
v 0.465481 0.017684 -11.091177
v 0.601449 0.017834 -11.091225
v 0.711532 -0.040125 -11.036364
v 0.733551 -0.134073 -10.947542
v 0.695334 -0.219862 -10.866471
v 0.595471 -0.272737 -10.816556
v 0.472287 -0.272870 -10.816512
v 0.372275 -0.220215 -10.866354
v 0.333814 -0.134511 -10.947397
v 0.372030 -0.048721 -11.028467
v 0.471894 0.004153 -11.078382
v 0.595078 0.004289 -11.078425
v 0.695090 -0.048367 -11.028584
v 0.733429 0.064166 -10.767612
v 0.695213 -0.021623 -10.686542
v 0.595349 -0.074498 -10.636626
v 0.472166 -0.074632 -10.636582
v 0.372154 -0.021976 -10.686425
v 0.333693 0.063728 -10.767467
v 0.371909 0.149517 -10.848536
v 0.471773 0.202392 -10.898453
v 0.594957 0.202527 -10.898497
v 0.694969 0.149871 -10.848654
v 0.959495 0.297501 -10.921776
v 0.959495 0.731501 -10.921872
v 0.085503 0.731502 -10.918077
v 0.085503 0.297502 -10.917980
v 0.958435 0.297447 -11.165773
v 0.958288 0.314090 -11.199776
v 0.958288 0.714790 -11.199865
v 0.958436 0.731447 -11.165870
v 0.084296 0.714791 -11.196070
v 0.084444 0.731448 -11.162074
v 0.084296 0.314091 -11.195982
v 0.084444 0.297448 -11.161978
v 1.876544 -0.488698 -1.025507
v 1.988542 -0.474181 -1.720965
v -2.549820 -1.340162 1.495449
v 15.699954 -0.347167 0.338514
v -2.547348 1.508931 1.505555
v 15.699957 0.513659 0.338532
v -2.549409 0.081797 2.595978
v 15.702057 0.083248 0.667985
v 7.323622 -1.106657 1.247108
v 7.323611 1.273169 1.246979
v 7.321721 0.083249 2.446505
v 1.163161 -1.351255 1.501252
v 1.160557 1.519606 1.493449
v 1.166894 0.083227 2.623876
v 16.134993 -0.152477 0.191113
v 16.134993 0.318974 0.191113
v 16.135324 0.083248 0.366747
v 16.190191 -0.053860 0.115388
v 16.190191 0.220357 0.115388
v 16.190273 0.083249 0.215974
v -2.549966 -1.268802 1.462032
v -2.547437 1.438173 1.471615
v -2.548937 0.081601 2.494943
v -0.033270 -1.087519 1.375700
v -0.036168 1.256776 1.368748
v -0.029287 0.083227 2.210291
v 7.320285 -1.109916 1.468027
v 7.330550 0.083846 2.655579
v 5.023981 -0.660148 2.619864
v 3.854764 1.742330 1.430861
v 7.330328 -1.165012 1.530752
v 7.328056 0.082441 2.776538
v 5.029197 -0.716809 2.685942
v 3.862046 1.793496 1.502737
v 6.668882 1.309129 1.351765
v 6.548882 1.389807 1.265728
v 6.680552 1.365340 1.413446
v 6.554766 1.452878 1.325294
v 3.986757 0.260288 2.834243
v 3.991857 0.293350 2.922398
v 3.553412 1.542578 1.859518
v 3.524299 1.599964 1.890675
v 3.831969 0.248217 2.856115
v 3.805080 0.275749 2.915959
v 1.920886 1.369806 2.280186
v 1.911867 1.581964 2.252268
v 1.894992 1.577080 2.727753
v 3.816585 0.261341 2.904133
v 3.555116 1.526107 1.976946
v 2.702849 1.502212 4.116307
v 3.800703 0.335656 2.916818
v 3.563873 1.490424 2.029534
v 2.734406 1.462487 4.015987
v 3.746674 0.327457 2.918204
v 3.509580 1.481734 2.030367
v 2.682766 1.469859 3.957869
v 3.740958 0.357480 2.923376
v 3.512992 1.466446 2.055261
v 2.701303 1.438872 3.953465
v 3.795231 0.366452 2.921784
v 3.567331 1.475281 2.054272
v 2.752449 1.445125 3.972437
v 3.791693 0.401722 2.929129
v 3.570679 1.456557 2.088634
v 2.780218 1.424674 3.921700
v 1.913040 1.442287 2.386892
v 1.913747 1.461037 2.378356
v 1.907209 1.461012 2.414404
v 3.614038 -0.694819 1.767833
v 3.614038 0.019568 2.062553
v 4.051052 0.020601 2.061082
v 4.051057 -0.695906 1.766585
v 4.618474 -0.027054 2.060161
v 4.618367 -0.648060 1.765751
v 5.138455 -0.244976 2.888494
v 5.188178 -0.360639 2.841706
v 5.147815 -0.246907 3.013451
v 5.349596 -0.268999 3.014402
v 5.203414 -0.360097 2.960817
v 5.140648 -0.305718 2.061640
v 5.140780 -0.342119 2.061626
v 3.615474 -0.698341 2.954142
v 3.615590 -0.668458 2.984859
v 3.615474 0.023090 2.954142
v 3.615590 -0.006794 2.984859
v 4.050995 -0.698354 2.955538
v 4.051260 -0.669914 2.985019
v 4.050988 0.023036 2.955555
v 4.051255 -0.005395 2.985020
v 4.620352 -0.649704 2.956007
v 4.605880 -0.623308 2.985112
v 4.620435 -0.025393 2.955983
v 4.606010 -0.051758 2.985110
v 5.141027 -0.341565 2.954146
v 5.111356 -0.341752 2.984861
v 5.112635 -0.313684 2.984872
v 5.140973 -0.305936 2.954137
v 1.838904 -0.358413 1.085594
v 1.951262 -0.747325 1.085330
v 2.264437 -1.050224 1.085389
v 2.705584 -1.193332 1.085365
v 3.173957 -1.144690 1.085376
v 3.562238 -0.915429 1.085408
v 3.781712 -0.555662 1.085368
v 3.781701 -0.155089 1.085568
v 3.562337 0.202809 1.085421
v 3.173997 0.432083 1.085398
v 2.705570 0.480731 1.085391
v 2.264365 0.337615 1.085410
v 1.951466 0.035501 1.085433
v 1.955027 -0.357905 1.781091
v 2.052172 -0.694937 1.780722
v 2.326823 -0.960598 1.780811
v 2.718518 -1.087658 1.780778
v 3.135589 -1.044345 1.780791
v 3.478493 -0.841885 1.780837
v 3.669630 -0.528653 1.780770
v 3.669379 -0.182301 1.781057
v 3.478410 0.129103 1.780853
v 3.135547 0.331523 1.780821
v 2.718533 0.374831 1.780813
v 2.326888 0.247793 1.780837
v 2.052556 -0.017075 1.780870
v 1.875860 -0.483567 2.991644
v 1.951387 -0.748558 2.928560
v 2.264522 -1.050197 2.868118
v 2.705587 -1.193332 2.837652
v 3.173949 -1.144692 2.847953
v 3.561983 -0.915416 2.896962
v 3.780838 -0.483266 2.989566
v 3.478202 -0.841854 2.912576
v 3.135579 -1.044347 2.869236
v 2.718523 -1.087658 2.860067
v 2.326935 -0.960555 2.887144
v 2.053155 -0.695931 2.940366
v 1.990203 -0.483435 2.991016
v 3.670229 -0.482892 2.989286
v 2.892122 -0.963536 2.594369
v 2.643032 -0.948219 2.603016
v 2.415100 -0.856547 2.627916
v 2.235818 -0.699576 2.666065
v 2.126810 -0.496240 2.712862
v 2.101224 -0.271064 2.762662
v 2.162146 -0.051207 2.809458
v 2.302227 0.136813 2.847607
v 2.504574 0.270317 2.872508
v 2.744778 0.333204 2.881155
v 2.993868 0.317888 2.872508
v 3.221800 0.226215 2.847608
v 3.401082 0.069245 2.809459
v 3.510090 -0.134092 2.762662
v 3.535676 -0.359268 2.712862
v 3.474754 -0.579125 2.666065
v 3.334671 -0.767145 2.627916
v 3.132326 -0.900649 2.603016
v 2.912142 -1.139736 2.979112
v 2.624619 -1.122052 2.989094
v 2.361515 -1.016240 3.017837
v 2.154568 -0.835047 3.061872
v 2.028732 -0.600335 3.115891
v 1.999196 -0.340408 3.173378
v 2.069513 -0.086619 3.227399
v 2.231212 0.130419 3.271437
v 2.464784 0.284532 3.300183
v 2.742059 0.357123 3.310165
v 3.029593 0.339443 3.300183
v 3.292700 0.233619 3.271437
v 3.499650 0.052421 3.227399
v 3.625474 -0.182299 3.173378
v 3.655007 -0.442226 3.115892
v 3.584676 -0.696009 3.061872
v 3.422979 -0.913043 3.017837
v 3.189408 -1.067143 2.989094
v 2.910231 -1.122917 3.282447
v 2.649859 -1.106855 3.291452
v 2.411587 -1.011073 3.317512
v 2.224220 -0.846954 3.357349
v 2.110252 -0.634434 3.406291
v 2.083551 -0.399054 3.458300
v 2.147206 -0.169255 3.507234
v 2.293654 0.027263 3.547066
v 2.505140 0.166815 3.573113
v 2.756217 0.232531 3.582121
v 3.016578 0.216537 3.573113
v 3.254809 0.120708 3.547066
v 3.442228 -0.043351 3.507234
v 3.556144 -0.255887 3.458300
v 3.582933 -0.491258 3.406291
v 3.519223 -0.721052 3.357349
v 3.372840 -0.917618 3.317512
v 3.161303 -1.057131 3.291451
v 2.875939 -0.821125 3.763493
v 2.744379 -0.872995 3.766690
v 2.654108 -0.771354 3.779013
v 2.518078 -0.734837 3.795879
v 2.520079 -0.603771 3.818298
v 2.443263 -0.496714 3.840607
v 2.536559 -0.396836 3.862949
v 2.554960 -0.270037 3.879951
v 2.695772 -0.247382 3.892075
v 2.800920 -0.160885 3.895492
v 2.923212 -0.225270 3.892074
v 3.066039 -0.220350 3.879951
v 3.112538 -0.340841 3.862948
v 3.226244 -0.420593 3.840607
v 3.175169 -0.540084 3.818298
v 3.206585 -0.667901 3.795879
v 3.081735 -0.729780 3.779012
v 3.016283 -0.846561 3.766690
v 2.898723 -1.021636 3.577971
v 2.695141 -1.010250 3.585080
v 2.509307 -0.934317 3.602902
v 2.362119 -0.806894 3.631925
v 2.273902 -0.640188 3.666058
v 2.252062 -0.456448 3.703694
v 2.302705 -0.276826 3.737913
v 2.416449 -0.122895 3.766807
v 2.582290 -0.014281 3.784833
v 2.778354 0.037705 3.791732
v 2.981818 0.024562 3.784833
v 3.168448 -0.049785 3.766807
v 3.314306 -0.178476 3.737913
v 3.404216 -0.344434 3.703694
v 3.424153 -0.528360 3.666058
v 3.375333 -0.708388 3.631925
v 3.260003 -0.861334 3.602903
v 3.095297 -0.971346 3.585080
v 2.874125 -0.805151 3.736593
v 2.746030 -0.859243 3.737182
v 2.660566 -0.757532 3.751552
v 2.525147 -0.724218 3.765957
v 2.530761 -0.596413 3.789511
v 2.452551 -0.491822 3.809925
v 2.545867 -0.396420 3.832764
v 2.561825 -0.271157 3.848415
v 2.699703 -0.251329 3.861023
v 2.801380 -0.165069 3.863565
v 2.920245 -0.229884 3.861023
v 3.059551 -0.222748 3.848415
v 3.103337 -0.342215 3.832762
v 3.216054 -0.417568 3.809925
v 3.163070 -0.534936 3.789509
v 3.197298 -0.658852 3.765957
v 3.072316 -0.717501 3.751551
v 3.011600 -0.833417 3.737182
v 2.902297 -1.034909 3.529467
v 2.697657 -1.023934 3.534950
v 2.510659 -0.947952 3.547879
v 2.362218 -0.819860 3.569694
v 2.273071 -0.652110 3.594732
v 2.250268 -0.466948 3.623030
v 2.300638 -0.285946 3.648105
v 2.414069 -0.130386 3.669995
v 2.580309 -0.020758 3.683023
v 2.776896 0.032445 3.688628
v 2.981233 0.019518 3.683145
v 3.169071 -0.054552 3.670223
v 3.315966 -0.183947 3.648412
v 3.407202 -0.350740 3.623380
v 3.427930 -0.536090 3.595082
v 3.379815 -0.717645 3.570001
v 3.264598 -0.872208 3.548108
v 3.099591 -0.983561 3.535071
v 3.117768 -0.916530 3.100237
v 3.304558 -0.792211 3.113998
v 2.895841 -0.975697 3.095381
v 2.665351 -0.961986 3.100114
v 2.454042 -0.877665 3.113767
v 2.287690 -0.732337 3.134763
v 2.185871 -0.543976 3.160550
v 2.161488 -0.335014 3.187974
v 2.216812 -0.130748 3.213840
v 2.345817 0.044083 3.234854
v 2.532405 0.168660 3.248704
v 2.754444 0.227549 3.253461
v 2.984982 0.214133 3.248827
v 3.196151 0.129521 3.235085
v 3.362756 -0.015610 3.214151
v 3.464236 -0.204120 3.188329
v 3.488961 -0.413049 3.160903
v 3.433271 -0.617235 3.135073
v 2.532114 0.171136 1.898566
v 2.345389 0.046647 1.884783
v 2.216486 -0.128280 1.863710
v 2.160971 -0.332558 1.837888
v 2.185518 -0.541545 1.810430
v 2.287193 -0.730031 1.784648
v 2.453708 -0.875291 1.763654
v 2.664999 -0.959787 1.749977
v 2.895571 -0.973347 1.745271
v 3.117611 -0.914314 1.750100
v 3.304346 -0.789829 1.763883
v 3.433236 -0.614890 1.784957
v 3.488760 -0.410611 1.810781
v 3.464193 -0.201626 1.838239
v 3.362527 -0.013139 1.864019
v 3.196001 0.132107 1.885013
v 2.984719 0.216609 1.898688
v 2.754153 0.230156 1.903395
v 1.857347 -0.356099 3.259579
v 1.838289 -0.354331 3.239861
v 3.781172 -0.154092 3.239192
v 3.762703 -0.158977 3.259598
v 3.548522 0.190689 3.259558
v 3.562079 0.202600 3.240591
v 3.167690 0.415566 3.259549
v 3.173900 0.431822 3.240537
v 2.707697 0.463330 3.259549
v 2.705602 0.480458 3.240541
v 2.274616 0.322869 3.259547
v 2.264525 0.337379 3.240527
v 1.968374 0.026810 3.259585
v 1.951902 0.035345 3.240823
v 1.935929 -0.356040 3.259607
v 1.954094 -0.354798 3.239945
v 3.686757 -0.177469 3.259624
v 3.669310 -0.181579 3.239537
v 3.492055 0.141126 3.259581
v 3.478639 0.129315 3.240539
v 3.141865 0.348050 3.259572
v 3.135668 0.331830 3.240518
v 2.716401 0.392252 3.259573
v 2.718491 0.375154 3.240525
v 2.316636 0.262528 3.259572
v 2.326694 0.248065 3.240504
v 2.036545 -0.008596 3.259606
v 2.052411 -0.016938 3.240752
v 1.893273 -0.481257 3.259466
v 1.873819 -0.479599 3.240813
v 3.782200 -0.479586 3.241745
v 3.763277 -0.481199 3.259454
v 3.689261 -0.481207 3.259455
v 3.669244 -0.479774 3.241389
v 1.990314 -0.479748 3.240757
v 1.971158 -0.481346 3.259451
v -0.311429 0.697886 9.970939
v 1.668036 0.701443 9.970967
v -0.311458 0.817906 9.970875
v 1.667984 0.820879 9.970756
v -2.505503 1.490372 4.068978
v 2.701646 1.491944 4.055060
v 2.701195 1.612249 4.054828
v -2.445469 1.610690 4.068951
v -2.170900 1.604111 6.121498
v -2.170862 1.724339 6.121566
v -2.612800 1.507055 2.282349
v 3.543586 1.507950 2.267325
v 3.498995 1.628450 2.267520
v -2.552859 1.627802 2.282354
v -0.237336 0.326710 9.970896
v 1.593557 0.326508 9.970094
v -0.237395 0.207021 9.973301
v 1.593548 0.206848 9.972482
v -1.625103 -1.418710 5.186056
v 1.417863 -1.418543 5.186244
v 1.417866 -1.539371 5.189097
v -1.625045 -1.539602 5.188892
v -2.251721 -1.274706 2.305115
v 2.070591 -1.274674 2.311278
v 2.070609 -1.394813 2.313914
v -2.251722 -1.394728 2.307741
v -1.807202 -1.400531 3.535618
v -1.671272 1.515086 3.828552
v 1.610360 -1.402709 3.537684
v -1.807333 -1.332690 1.423705
v -1.737769 1.495061 1.401189
v 1.610425 -1.334760 1.421295
v 3.210140 -0.394059 2.674062
v -1.668940 -0.395227 2.673542
v -1.667776 -0.340250 2.210829
v 3.209899 -0.338187 2.209942
v 3.479475 0.420412 2.667861
v -1.668326 0.428598 2.673299
v -1.668209 0.086499 2.532975
v -1.669540 0.988285 2.990211
v -1.671628 0.903585 1.922583
v 2.400826 1.514767 3.776084
v 2.760806 0.996317 3.005008
v 3.144598 0.572120 2.753612
v 3.479231 0.477179 2.698562
v 3.481687 0.423602 2.524782
v 2.615091 0.907029 1.924156
v 2.333527 1.483985 1.400555
v 3.188870 0.508447 2.517925
v -0.930578 -0.548199 10.522631
v -0.930578 -0.548199 10.257368
v -0.930578 1.500960 10.257623
v -0.930578 1.500960 10.522376
v 2.339525 -0.545832 10.520708
v 2.339525 -0.545832 10.259291
v 2.339639 1.498588 10.259281
v 2.339639 1.498588 10.520718
v -0.930578 0.758331 9.786302
v -0.930578 0.758331 10.993696
v 1.801263 0.759666 9.774506
v 1.801263 0.759666 11.005493
v -0.930578 0.316935 9.786417
v -0.930578 0.316935 10.993582
v 1.801546 0.315061 9.774557
v 1.801545 0.315061 11.005441
v 2.419567 -0.449562 10.520848
v 2.419567 -0.449562 10.259150
v 2.419568 1.402491 10.259091
v 2.419568 1.402491 10.520907
v 1.881954 0.732745 9.779865
v 1.881954 0.732745 11.000134
v 1.881761 0.330564 9.779661
v 1.881761 0.330564 11.000337
v 2.405152 -0.428278 10.503965
v 2.405152 -0.428278 10.276032
v 2.403584 1.382276 10.275173
v 2.403584 1.382276 10.504826
v 1.879362 0.726806 9.806959
v 1.879362 0.726806 10.973040
v 1.879663 0.335914 9.806760
v 1.879663 0.335914 10.973239
v 2.269508 -0.508714 10.503479
v 2.269508 -0.508714 10.276520
v 2.274470 1.471108 10.275800
v 2.274470 1.471108 10.504199
v 1.719834 0.774716 9.803766
v 1.719834 0.774716 10.976232
v 1.720501 0.293614 9.803824
v 1.720501 0.293615 10.976174
v 0.800084 -0.508586 10.506623
v 0.800084 -0.508586 10.273375
v 0.799923 1.471105 10.272846
v 0.799923 1.471105 10.507153
v 0.794579 0.775103 9.811857
v 0.794579 0.775103 10.968141
v 0.794344 0.293493 9.811913
v 0.794344 0.293493 10.968085
v 2.819819 -0.410725 10.492024
v 2.819819 -0.410725 10.287976
v 2.824883 1.373187 10.287331
v 2.824883 1.373187 10.492670
v 1.999581 0.744996 9.864414
v 1.999581 0.744996 10.915585
v 2.000302 0.312915 9.864457
v 2.000302 0.312915 10.915541
v 0.798792 -0.408278 10.493086
v 0.798792 -0.408278 10.286912
v 0.798655 1.370751 10.286149
v 0.798655 1.370751 10.493849
v 0.795860 0.746720 9.865911
v 0.795860 0.746720 10.914088
v 0.795572 0.311110 9.865769
v 0.795571 0.311110 10.914228
v 2.819784 -0.371026 10.313651
v 2.819784 -0.371026 10.466349
v 0.798802 -0.368552 10.467559
v 0.798802 -0.368552 10.312439
v 2.000315 0.324387 10.867074
v 0.795593 0.322454 10.865826
v 1.999581 0.732165 10.867527
v 0.795891 0.734017 10.866106
v 2.824863 1.332766 10.468304
v 0.798655 1.330326 10.469644
v 2.824863 1.332766 10.311697
v 0.798655 1.330326 10.310355
v 1.999581 0.732165 9.912472
v 0.795891 0.734017 9.913892
v 2.000315 0.324387 9.912924
v 0.795593 0.322454 9.914173
v 0.775025 0.211786 10.800254
v 0.774974 0.152423 10.736005
v 0.774974 0.152423 10.033994
v 0.775025 0.211786 9.969743
v 0.775025 0.777964 9.969743
v 0.774974 0.837327 10.033994
v 0.775025 0.777964 10.800254
v 0.774974 0.837327 10.736005
v 1.994961 0.211822 10.799761
v 1.995009 0.152860 10.735987
v 1.995008 0.152860 10.034012
v 1.994961 0.211822 9.970237
v 1.994961 0.777928 9.970237
v 1.995009 0.836890 10.034012
v 1.995009 0.836891 10.735987
v 1.994961 0.777928 10.799761
v 1.994996 0.227371 10.759263
v 1.995031 0.190336 10.719172
v 1.995031 0.190336 10.050827
v 1.994996 0.227371 10.010736
v 1.994996 0.762379 10.010736
v 1.995031 0.799414 10.050827
v 1.995031 0.799414 10.719172
v 1.994996 0.762379 10.759263
v 1.020017 0.227697 10.758762
v 1.019981 0.190775 10.718821
v 1.019981 0.190775 10.051177
v 1.020017 0.227697 10.011236
v 1.020017 0.762053 10.011236
v 1.019981 0.798975 10.051177
v 1.019982 0.798975 10.718821
v 1.020018 0.762053 10.758762
v 0.999999 0.189249 10.384999
v 0.999999 0.224787 10.540871
v 0.999999 0.323258 10.661033
v 0.999999 0.462104 10.717960
v 0.999999 0.609517 10.698608
v 0.999999 0.731726 10.607413
v 0.999999 0.800736 10.465267
v 0.999999 0.800736 10.304731
v 1.000000 0.731726 10.162583
v 1.000000 0.609517 10.071389
v 1.000000 0.462104 10.052038
v 1.000000 0.323258 10.108964
v 0.999999 0.224787 10.229127
v 1.849858 0.190275 10.384999
v 1.849858 0.225694 10.540356
v 1.849858 0.323840 10.660121
v 1.849858 0.462227 10.716859
v 1.849858 0.609153 10.697574
v 1.849858 0.730959 10.606680
v 1.849858 0.799740 10.465001
v 1.849858 0.799740 10.304996
v 1.849858 0.730959 10.163319
v 1.849858 0.609153 10.072425
v 1.849858 0.462227 10.053139
v 1.849858 0.323840 10.109878
v 1.849858 0.225694 10.229643
v 2.010102 0.260326 10.384999
v 2.010102 0.287722 10.505161
v 2.010102 0.363634 10.597795
v 2.010102 0.470671 10.641680
v 2.010102 0.584312 10.626763
v 2.010102 0.678524 10.556460
v 2.010102 0.731724 10.446877
v 2.010102 0.731724 10.323120
v 2.010102 0.678524 10.213538
v 2.010102 0.584312 10.143235
v 2.010102 0.470671 10.128318
v 2.010102 0.363634 10.172203
v 2.010102 0.287722 10.264837
v 2.010052 0.266300 10.384999
v 2.010052 0.293012 10.502160
v 2.010052 0.367027 10.592478
v 2.010052 0.471391 10.635269
v 2.010052 0.582194 10.620724
v 2.010052 0.674052 10.552176
v 2.010052 0.725923 10.445331
v 2.010052 0.725923 10.324667
v 2.010052 0.674052 10.217820
v 2.010052 0.582193 10.149274
v 2.010052 0.471391 10.134729
v 2.010052 0.367027 10.177520
v 2.010052 0.293012 10.267838
v 2.095031 0.332157 10.384999
v 2.095031 0.351254 10.468762
v 2.095031 0.404171 10.533334
v 2.095031 0.478785 10.563926
v 2.095031 0.558002 10.553528
v 2.095031 0.623675 10.504521
v 2.095031 0.660760 10.428134
v 2.095031 0.660760 10.341865
v 2.095031 0.623675 10.265477
v 2.095031 0.558002 10.216470
v 2.095031 0.478785 10.206071
v 2.095031 0.404171 10.236664
v 2.095031 0.351254 10.301235
v 2.094953 0.339695 10.384999
v 2.094953 0.357929 10.464974
v 2.094953 0.408453 10.526628
v 2.094953 0.479693 10.555835
v 2.094953 0.555328 10.545908
v 2.094953 0.618033 10.499118
v 2.094953 0.653441 10.426183
v 2.094953 0.653441 10.343816
v 2.094953 0.618033 10.270881
v 2.094953 0.555328 10.224090
v 2.094953 0.479693 10.214163
v 2.094953 0.408453 10.243370
v 2.094953 0.357929 10.305023
v 1.069999 0.339829 10.384999
v 1.069999 0.358048 10.464908
v 1.069999 0.408529 10.526509
v 1.069999 0.479709 10.555693
v 1.069999 0.555281 10.545773
v 1.069999 0.617932 10.499022
v 1.069999 0.653311 10.426147
v 1.069999 0.653311 10.343850
v 1.069999 0.617932 10.270977
v 1.069999 0.555281 10.224225
v 1.069999 0.479709 10.214306
v 1.069999 0.408529 10.243489
v 1.069999 0.358048 10.305091
v 0.262355 0.892154 9.880980
v 0.262355 0.894882 9.891615
v 1.057579 0.897808 9.900577
v 1.057579 0.890392 9.871671
v 0.709026 2.727468 9.330730
v 0.709026 2.730197 9.341367
v 1.141037 2.731966 9.350586
v 1.141037 2.724593 9.321844
v -2.519822 1.507470 2.680174
v 7.057234 1.296336 1.278820
v -2.529077 1.784497 2.674062
v 7.057681 1.480491 1.267085
v 3.962650 1.389447 1.276245
v 3.951613 1.844378 1.298406
v 3.761184 1.387041 0.325761
v 2.196538 1.386554 0.342847
v 3.778331 1.389087 1.348985
v 2.302335 1.389588 1.958727
v 3.771276 1.697058 1.355259
v 2.309906 1.697623 1.955063
v 2.190805 1.697672 0.326642
v 3.771315 1.697099 0.323059
v 7.541209 1.261389 0.868662
v 7.540896 1.438769 0.868702
v 8.700780 1.138636 0.184406
v 8.700973 1.173953 0.184347
v 3.624178 1.833298 1.006110
v 6.939121 1.442072 1.007156
v 3.629469 2.439620 0.553238
v 4.637374 2.530145 0.555023
v 7.382378 1.436702 0.467857
v 3.624849 1.858854 0.958089
v 3.627548 2.411817 0.539914
v 3.609450 1.858932 0.958085
v 3.611838 2.411860 0.539928
v 3.609477 1.836996 0.995491
v 3.611722 2.433891 0.551062
v -0.457064 1.528759 0.515964
v -0.453525 2.125212 0.288267
v 0.650685 1.754857 1.708289
v 0.622180 3.124707 1.090705
v 3.177539 2.046389 1.166865
v 3.174999 1.730660 1.318714
v 0.639690 1.728728 1.644842
v 0.611174 3.098562 1.027218
v 3.166638 2.020494 1.103990
v 3.164100 1.704782 1.255877
v -2.461646 1.529938 4.449558
v 0.560742 1.530877 4.209990
v 0.560742 1.530877 2.860008
v -2.461646 1.529938 2.620439
v -2.452405 2.564354 4.071983
v -2.453767 2.623227 3.992544
v -0.403835 2.549557 3.992561
v -0.356483 2.509758 4.065688
v -0.403835 2.549557 3.077437
v -0.356483 2.509758 3.004309
v -2.453767 2.623227 3.077452
v -2.452405 2.564354 2.998014
v -0.061600 1.609435 4.145021
v 0.996602 1.609566 4.144978
v 0.996602 1.609566 2.935019
v -0.061600 1.609435 2.934975
v -0.061600 1.752939 4.145022
v 0.996602 1.752808 4.144978
v 0.996602 1.752808 2.935020
v -0.061600 1.752939 2.934975
v 0.996597 1.626070 4.127131
v 0.996597 1.626070 2.952865
v 0.996597 1.736304 4.127131
v 0.996597 1.736305 2.952865
v -0.046800 1.626228 4.126863
v -0.046800 1.626228 2.953133
v -0.046800 1.736147 4.126863
v -0.046800 1.736147 2.953133
v -0.140979 1.789930 2.863588
v -0.154007 1.503554 2.861865
v -2.486283 1.643734 5.789168
v 0.754040 1.635268 6.267869
v 0.754182 1.757574 6.268150
v -2.486290 1.762890 5.789192
v -2.531163 1.785710 1.369772
v -2.533808 1.508023 1.369837
v -0.893087 1.800610 0.749857
v -0.892231 1.478204 0.749860
v -0.890268 1.513728 0.754651
v -2.547839 1.512711 1.371069
v -2.547942 1.437367 1.370814
v -0.888575 1.316443 0.754921
v -0.892737 1.552294 0.751101
v -2.734899 1.538699 1.213763
v -2.734881 1.658420 1.213739
v -0.892722 1.671819 0.751082
v 6.928725 1.455191 0.977631
v 4.668094 2.527022 0.530868
v 7.357034 1.448111 0.460071
v 6.902949 1.439456 0.949928
v 4.679655 2.493952 0.512604
v 7.318799 1.434973 0.446151
v 4.933135 1.676720 1.016188
v 6.839241 1.465762 1.001473
v 4.668159 2.502112 0.571605
v 4.950236 1.692783 0.999739
v 6.769058 1.477141 0.977073
v 4.689713 2.469780 0.565563
v 4.959807 1.694683 0.975650
v 3.650472 1.848248 0.997719
v 3.652101 2.422101 0.566453
v 4.619171 2.515056 0.567002
v 4.898860 1.700201 0.996526
v 3.664267 1.842215 0.961947
v 3.665864 2.395914 0.543626
v 4.608791 2.487136 0.545366
v 4.879472 1.697296 0.958937
v 3.656848 2.442143 0.527951
v 4.608055 2.534581 0.528079
v 3.676586 2.421629 0.508394
v 4.593425 2.510766 0.508394
v -2.460261 2.138126 3.083757
v -2.459941 2.330964 3.208435
v -2.460261 2.439491 3.421133
v -2.460261 2.435558 3.664691
v -2.459941 2.320231 3.873165
v -2.460261 2.123487 3.990492
v -2.460261 1.898193 3.986240
v -2.459941 1.705356 3.861562
v -2.460261 1.596829 3.648865
v -2.460261 1.600761 3.405306
v -2.459941 1.716088 3.196832
v -2.460261 1.912834 3.079505
v -2.879385 2.195822 2.868774
v -2.878445 2.476579 3.056415
v -2.879404 2.640233 3.366271
v -2.879399 2.634410 3.727094
v -2.878445 2.460850 4.030587
v -2.879409 2.174297 4.207509
v -2.879403 1.840409 4.201211
v -2.878445 1.559740 4.013583
v -2.879405 1.396087 3.703751
v -2.879401 1.401911 3.342879
v -2.878445 1.575470 3.039411
v -2.879385 1.862113 2.862476
v -2.920403 2.196012 2.869480
v -2.918648 2.476413 3.056589
v -2.920392 2.639605 3.366053
v -2.920388 2.633774 3.727287
v -2.918648 2.460690 4.030408
v -2.920397 2.174496 4.206830
v -2.920391 1.840232 4.200525
v -2.918648 1.559906 4.013410
v -2.920394 1.396716 3.703969
v -2.920389 1.402546 3.342686
v -2.918648 1.575630 3.039590
v -2.920403 1.861900 2.863176
v -3.124154 2.194707 2.512561
v -3.124126 2.969598 3.380075
v -3.124123 2.963960 3.725723
v -3.124044 2.161180 4.563583
v -3.124040 1.842024 4.557479
v -3.124101 1.066721 3.689813
v -3.124098 1.072362 3.344383
v -3.124155 1.874728 2.506518
v -3.147513 2.191247 2.532152
v -3.147499 2.951222 3.383085
v -3.147496 2.945695 3.722028
v -3.147427 2.158419 4.543696
v -3.147424 1.845418 4.537713
v -3.147477 1.085103 3.686813
v -3.147474 1.090633 3.348068
v -3.147513 1.877553 2.526228
v -3.467804 2.125787 2.512412
v -3.463012 2.972171 3.461406
v -3.463021 2.966614 3.644491
v -3.463089 2.066310 4.566354
v -3.463099 1.936803 4.560365
v -3.463036 1.064151 3.600834
v -3.463045 1.069703 3.433262
v -3.467803 1.943743 2.508770
v -3.482177 2.123816 2.524502
v -3.487004 2.953574 3.463044
v -3.487011 2.948124 3.642482
v -3.487070 2.065129 4.546269
v -3.487079 1.938247 4.540396
v -3.487025 1.082742 3.599327
v -3.487032 1.088186 3.435110
v -3.482177 1.945345 2.520931
v -2.919827 2.186435 2.900696
v -2.919884 2.457213 3.076633
v -2.919827 2.610406 3.375327
v -2.919827 2.604890 3.716918
v -2.919884 2.442149 4.009651
v -2.919827 2.165856 4.175263
v -2.919827 1.849884 4.169301
v -2.919884 1.579107 3.993365
v -2.919827 1.425915 3.694670
v -2.919827 1.431430 3.353079
v -2.919884 1.594171 3.060346
v -2.919827 1.870464 2.894733
v -2.475012 2.133596 3.099776
v -2.475009 2.319427 3.220480
v -2.475012 2.424525 3.425468
v -2.475012 2.420741 3.659794
v -2.475009 2.309090 3.860692
v -2.475012 2.119475 3.974312
v -2.475012 1.902724 3.970222
v -2.475009 1.716894 3.849517
v -2.475012 1.611795 3.644529
v -2.475012 1.615578 3.410203
v -2.475009 1.727230 3.209305
v -2.475012 1.916844 3.095686
v -0.930579 -0.522299 10.505380
v -0.930579 -0.522299 10.274618
v -0.930578 1.475060 10.273652
v -0.930578 1.475060 10.506346
v -0.930578 0.751293 9.814304
v -0.930578 0.751293 10.965694
v -0.930578 0.323091 9.814415
v -0.930578 0.323091 10.965584
v -0.760579 -0.522299 10.505380
v -0.760579 -0.522299 10.274618
v -0.760578 1.475060 10.273652
v -0.760578 1.475060 10.506346
v -0.760578 0.751293 9.814304
v -0.760578 0.751293 10.965694
v -0.760578 0.323091 9.814415
v -0.760578 0.323091 10.965584
v -0.930578 -0.309110 10.652783
v -0.795126 -0.257138 10.685723
v -0.930578 0.103760 10.877537
v -0.794978 0.045763 10.857034
v -0.930578 -0.296396 10.628355
v -0.930578 0.116475 10.853108
v -0.795152 -0.242557 10.658159
v -0.795010 0.063386 10.823721
v -0.930578 0.925970 10.887301
v -0.795139 0.972504 10.857636
v -0.930578 1.322797 10.635449
v -0.794996 1.276076 10.664969
v -0.930578 0.911240 10.864182
v -0.930578 1.308067 10.612330
v -0.795162 0.957843 10.834604
v -0.795019 1.261415 10.641938
v -0.930578 0.945820 9.905295
v -0.795182 0.996975 9.926999
v -0.930578 1.342656 10.157153
v -0.795032 1.297340 10.124794
v -0.930578 0.931294 9.928544
v -0.930578 1.328130 10.180402
v -0.795150 0.977314 9.958231
v -0.795006 1.281336 10.150216
v -0.930578 -0.318293 10.132215
v -0.795167 -0.265736 10.103724
v -0.930578 0.095095 9.907180
v -0.795044 0.042248 9.936093
v -0.930578 -0.306421 10.157102
v -0.930578 0.106967 9.932066
v -0.795143 -0.253586 10.128326
v -0.795021 0.054399 9.960694
v -3.570000 -1.064236 2.125691
v -3.570000 -1.044683 2.076053
v -3.570000 -0.692985 2.214591
v -3.570000 -0.712538 2.264228
v -1.660000 -1.215804 2.352896
v -1.660000 -1.175488 2.250550
v -1.660000 -0.524196 2.507101
v -1.660000 -0.564511 2.609447
v -3.870589 -0.148266 2.495026
v -3.870589 -0.147800 2.441678
v -3.870589 0.230186 2.444977
v -3.870589 0.229720 2.498325
v -1.660589 -0.311601 2.761935
v -1.660589 -0.310641 2.651940
v -1.660589 0.389332 2.658049
v -1.660589 0.388372 2.768044
v -3.570000 0.783211 2.216969
v -3.570000 0.759824 2.169018
v -3.570000 1.099568 2.003313
v -3.570000 1.122955 2.051264
v -1.660000 0.659532 2.572862
v -1.660000 0.611312 2.473994
v -1.660000 1.240468 2.167135
v -1.660000 1.288688 2.266002
v 3.059411 -0.311601 2.761936
v 3.059411 -0.310641 2.651940
v 3.059411 0.389332 2.658049
v 3.059411 0.388372 2.768044
v -1.335869 -0.017654 10.322453
v -1.338742 -0.017101 10.333035
v -0.962588 0.679521 10.408507
v -0.954779 0.678018 10.379745
v -2.709399 1.290989 9.801360
v -2.712273 1.291542 9.811944
v -2.508278 1.669765 9.857279
v -2.500513 1.668270 9.828680
v -0.711008 -0.126924 10.426130
v -0.713136 -0.126956 10.432827
v -0.703133 0.664314 10.449584
v -0.695321 0.664431 10.424994
v 1.885399 0.347496 11.005806
v 1.885399 0.707496 11.005885
v -0.944574 0.707500 10.993600
v -0.944574 0.347500 10.993521
v 1.973539 0.432073 11.106208
v 1.973539 0.622873 11.106250
v -1.053582 0.622877 11.093109
v -1.053582 0.432077 11.093066
v 1.903142 0.347506 10.949655
v 1.903142 0.707506 10.949734
v 1.995049 0.432101 10.971720
v 1.995049 0.622901 10.971763
v -0.799560 0.641938 10.372272
v -0.799561 0.413338 10.372222
v -0.944249 0.588213 10.385506
v -0.944249 0.467055 10.385477
v 1.258782 0.347497 11.003086
v 1.258782 0.707497 11.003165
v 1.252731 0.622843 11.243121
v 1.252731 0.432043 11.243080
v -0.297157 0.347499 10.996331
v -0.297157 0.707499 10.996410
v -0.311741 0.622845 11.236329
v -0.311741 0.432045 11.236288
v 0.783278 0.516981 11.084821
v 0.783584 1.210408 10.695997
v 0.273584 1.210793 10.696282
v 0.273278 0.517366 11.085105
v 0.783489 0.629275 11.309621
v 0.783658 1.252470 10.771009
v 0.273658 1.252855 10.771295
v 0.273489 0.629660 11.309906
v 0.663128 1.294234 10.649113
v 0.663202 1.336295 10.724125
v 0.662996 0.629366 11.309689
v 0.396242 1.294435 10.649261
v 0.396316 1.336497 10.724274
v 0.396110 0.629567 11.309836
v 0.783215 0.459621 11.085240
v 0.273215 0.460006 11.085526
v 0.783324 0.420499 11.333465
v 0.273324 0.420884 11.333749
v 0.662831 0.420590 11.333531
v 0.395945 0.420792 11.333680
v 0.782335 -0.217497 10.609646
v 0.272336 -0.217112 10.609931
v 0.782446 -0.256619 10.857871
v 0.272445 -0.256234 10.858154
v 0.661742 -0.302248 10.548370
v 0.661852 -0.341370 10.796595
v 0.394857 -0.302046 10.548521
v 0.394966 -0.341168 10.796744
v 0.783728 0.984961 11.119554
v 0.273730 0.991578 11.114452
v 0.663254 0.945689 11.204307
v 0.396368 0.945759 11.204564
v 0.272865 0.033976 11.129203
v 0.395616 0.106071 11.230568
v 0.662497 0.102059 11.227732
v 0.782866 0.033591 11.128920
v 0.766688 1.248212 10.778290
v 0.290638 1.248482 10.778573
v 0.657025 1.323926 10.734949
v 0.402402 1.324110 10.735080
v 0.766556 0.991849 11.114817
v 0.290908 0.998139 11.109934
v 0.657683 0.958429 11.194004
v 0.402299 0.958502 11.194261
v 0.738719 1.143738 10.635751
v 0.317817 1.143933 10.635946
v 0.644129 1.220468 10.588859
v 0.414754 1.220636 10.588975
v 0.755250 0.823548 10.907794
v 0.301406 0.829821 10.902891
v 0.650711 0.772066 10.959944
v 0.408556 0.772128 10.960195
v 0.768853 -0.251881 10.861001
v 0.286050 -0.251463 10.861311
v 0.656580 -0.330813 10.803999
v 0.400197 -0.330619 10.804145
v 0.286460 0.029658 11.126103
v 0.401175 0.095455 11.223068
v 0.656793 0.091613 11.220352
v 0.769260 0.029224 11.125784
v 0.772155 -0.106191 10.618713
v 0.282791 -0.105768 10.619027
v 0.658061 -0.184832 10.561894
v 0.398726 -0.184636 10.562041
v 0.285163 0.206780 10.838665
v 0.400339 0.297091 10.901520
v 0.657624 0.293248 10.898803
v 0.770576 0.206345 10.838344
v 0.753519 0.918121 10.768742
v 0.711767 0.839561 10.871563
v 0.601930 0.790931 10.935266
v 0.465962 0.790807 10.935520
v 0.355800 0.839236 10.872228
v 0.313520 0.917719 10.769562
v 0.355273 0.996279 10.666742
v 0.465109 1.044909 10.603037
v 0.601077 1.045033 10.602783
v 0.711239 0.996605 10.666077
v 0.753639 1.151713 10.947266
v 0.711886 1.073153 11.050087
v 0.602049 1.024523 11.113791
v 0.466082 1.024398 11.114044
v 0.355919 1.072827 11.050751
v 0.313640 1.151311 10.948088
v 0.355392 1.229871 10.845266
v 0.465229 1.278501 10.781563
v 0.601196 1.278625 10.781307
v 0.711359 1.230197 10.844601
v 0.733507 1.151696 10.947303
v 0.695409 1.080011 11.041124
v 0.595618 1.035829 11.099002
v 0.472434 1.035716 11.099231
v 0.372350 1.079715 11.041727
v 0.333771 1.151328 10.948050
v 0.371869 1.223013 10.854229
v 0.471660 1.267195 10.796352
v 0.594844 1.267307 10.796121
v 0.694928 1.223309 10.853624
v 0.733388 0.952030 10.768958
v 0.695290 0.880346 10.862780
v 0.595499 0.836163 10.920657
v 0.472315 0.836051 10.920886
v 0.372231 0.880049 10.863382
v 0.333652 0.951663 10.769706
v 0.371750 1.023347 10.675884
v 0.471541 1.067529 10.618008
v 0.594724 1.067641 10.617776
v 0.694809 1.023643 10.675280
v 0.753538 0.067913 10.793897
v 0.711656 -0.026105 10.705049
v 0.601739 -0.084303 10.650110
v 0.465772 -0.084451 10.650060
v 0.355689 -0.026494 10.704922
v 0.313539 0.067433 10.793739
v 0.355421 0.161450 10.882586
v 0.465338 0.219649 10.937526
v 0.601305 0.219797 10.937574
v 0.711388 0.161839 10.882712
v 0.753682 -0.134051 11.007546
v 0.711800 -0.228068 10.918701
v 0.601883 -0.286267 10.863761
v 0.465916 -0.286415 10.863712
v 0.355833 -0.228456 10.918573
v 0.313683 -0.134531 11.007390
v 0.355565 -0.040513 11.096237
v 0.465482 0.017685 11.151177
v 0.601449 0.017834 11.151224
v 0.711532 -0.040124 11.096364
v 0.733551 -0.134072 11.007542
v 0.695335 -0.219861 10.926470
v 0.595471 -0.272736 10.876555
v 0.472287 -0.272869 10.876512
v 0.372275 -0.220214 10.926354
v 0.333814 -0.134510 11.007397
v 0.372031 -0.048720 11.088467
v 0.471894 0.004154 11.138382
v 0.595078 0.004289 11.138426
v 0.695090 -0.048366 11.088583
v 0.733430 0.064167 10.827611
v 0.695213 -0.021622 10.746541
v 0.595350 -0.074498 10.696625
v 0.472166 -0.074631 10.696582
v 0.372154 -0.021975 10.746425
v 0.333693 0.063728 10.827467
v 0.371909 0.149518 10.908537
v 0.471773 0.202393 10.958452
v 0.594957 0.202528 10.958496
v 0.694969 0.149872 10.908652
v 0.959495 0.297502 10.981775
v 0.959495 0.731502 10.981872
v 0.085503 0.731503 10.978076
v 0.085503 0.297503 10.977980
v 0.958435 0.297448 11.225773
v 0.958288 0.314090 11.259775
v 0.958288 0.714790 11.259865
v 0.958436 0.731448 11.225869
v 0.084296 0.714791 11.256069
v 0.084444 0.731449 11.222075
v 0.084296 0.314091 11.255981
v 0.084444 0.297449 11.221977
v 1.876544 -0.488698 1.085506
v 1.988542 -0.474181 1.780964
vn 0.2035 -0.6816 -0.7029
vn 0.0687 -0.5615 -0.8246
vn 0.2140 -0.6917 -0.6897
vn 0.1080 0.7066 -0.6993
vn 0.0043 0.7257 -0.6880
vn 0.1594 0.6303 -0.7598
vn 0.9579 -0.2869 -0.0072
vn 0.9651 -0.2617 -0.0122
vn 0.9616 0.2746 0.0009
vn -0.9615 -0.2749 0.0006
vn -0.9647 0.2631 0.0129
vn -0.9594 0.2819 0.0073
vn -0.0050 -0.9998 -0.0190
vn -0.0178 -0.9998 -0.0063
vn 0.0074 -0.9999 0.0099
vn 0.0015 -0.9998 -0.0186
vn -0.0195 -0.9998 -0.0078
vn 0.0109 -0.9999 0.0090
vn 0.0015 -0.6963 -0.7177
vn 0.0009 -0.4889 -0.8724
vn 0.0050 -0.2432 -0.9700
vn 1.0000 0.0007 -0.0000
vn 1.0000 0.0009 0.0002
vn 1.0000 0.0013 -0.0000
vn 0.7312 0.6821 0.0007
vn 0.7297 0.6833 0.0273
vn 0.7082 0.7060 -0.0027
vn -1.0000 0.0019 0.0005
vn -0.9999 0.0101 -0.0056
vn -1.0000 0.0096 -0.0004
vn 0.1844 -0.0974 -0.9780
vn 0.1866 0.7259 -0.6621
vn 0.1448 -0.0473 -0.9883
vn -1.0000 -0.0000 -0.0000
vn -0.0720 -0.9974 -0.0047
vn -0.0678 -0.9977 -0.0025
vn -0.0682 -0.9976 -0.0094
vn -0.0000 -1.0000 -0.0000
vn -0.0002 -0.9996 0.0291
vn 0.0001 -0.9998 0.0193
vn -0.0001 0.9998 -0.0190
vn -0.0000 0.9996 -0.0290
vn -0.0000 1.0000 -0.0000
vn 0.0533 0.9986 -0.0048
vn -0.0095 0.9999 -0.0035
vn -0.0106 0.9999 0.0001
vn -0.0034 -0.4935 -0.8697
vn -0.0121 -0.4778 -0.8784
vn 0.0656 -0.2975 -0.9525
vn -0.0001 0.4779 0.8784
vn 0.0001 0.2488 0.9686
vn -0.0077 0.4779 0.8784
vn 0.0773 0.2353 -0.9689
vn -0.0068 0.5241 -0.8516
vn -0.0023 0.5394 -0.8420
vn -0.0000 -0.2818 0.9595
vn -0.0000 -0.5359 0.8443
vn -0.0019 0.5514 0.8343
vn -0.0114 0.5355 0.8444
vn 0.0908 0.3330 0.9385
vn -0.0002 -0.5360 -0.8442
vn 0.0001 -0.2821 -0.9594
vn -0.0071 -0.5359 -0.8443
vn 0.0680 -0.2104 0.9752
vn -0.0071 -0.4663 0.8846
vn -0.0024 -0.4815 0.8764
vn -0.0000 0.2489 -0.9685
vn -0.0000 0.4781 -0.8783
vn 0.0002 0.4781 -0.8783
vn 1.0000 -0.0000 -0.0000
vn 1.0000 -0.0008 0.0006
vn 1.0000 -0.0006 0.0004
vn 1.0000 -0.0005 0.0003
vn -1.0000 0.0007 -0.0007
vn -1.0000 0.0012 -0.0010
vn -1.0000 0.0008 -0.0006
vn -1.0000 0.0010 -0.0006
vn -1.0000 0.0009 -0.0006
vn 1.0000 -0.0009 0.0006
vn 1.0000 -0.0010 0.0006
vn 1.0000 -0.0000 -0.0043
vn -1.0000 -0.0000 0.0043
vn 0.0001 -0.0003 -1.0000
vn 0.0002 -0.0002 -1.0000
vn -0.0002 0.0001 -1.0000
vn -1.0000 0.0012 0.0008
vn -0.9613 -0.2757 -0.0002
vn -0.9611 -0.2762 -0.0003
vn 0.0002 -0.0006 -1.0000
vn -0.0000 -0.0003 -1.0000
vn -0.0002 -0.0004 -1.0000
vn 1.0000 0.0046 -0.0007
vn 0.9675 0.2528 0.0019
vn 0.9599 0.2803 0.0002
vn 0.0013 -0.2075 -0.9782
vn 0.0016 -0.2077 -0.9782
vn -0.0047 -0.1907 -0.9816
vn 0.9999 0.0008 0.0114
vn 0.9999 -0.0064 0.0133
vn 0.9999 -0.0022 0.0152
vn 0.2135 -0.6918 0.6898
vn 0.0771 -0.5686 0.8190
vn 0.2082 -0.6770 0.7060
vn 0.1738 0.6451 0.7441
vn 0.1450 0.6175 0.7731
vn 0.0909 0.7315 0.6757
vn 0.9616 0.2746 -0.0009
vn 0.9651 -0.2617 0.0122
vn 0.9579 -0.2869 0.0072
vn -0.9594 0.2819 -0.0073
vn -0.9647 0.2631 -0.0129
vn -0.9616 -0.2744 -0.0006
vn 0.0074 -0.9999 -0.0099
vn -0.0178 -0.9998 0.0063
vn -0.0050 -0.9998 0.0190
vn 0.0109 -0.9999 -0.0090
vn -0.0195 -0.9998 0.0078
vn 0.0015 -0.9998 0.0186
vn 0.0050 -0.2432 0.9700
vn 0.0009 -0.4889 0.8724
vn 0.0015 -0.6963 0.7177
vn 1.0000 0.0010 -0.0003
vn 1.0000 0.0007 0.0001
vn 1.0000 0.0010 0.0003
vn 0.7082 0.7060 0.0027
vn 0.7297 0.6833 -0.0273
vn 0.7312 0.6821 -0.0007
vn -1.0000 0.0095 0.0004
vn -0.9999 0.0100 0.0056
vn -1.0000 0.0019 -0.0005
vn 0.1826 -0.1016 0.9779
vn 0.1866 0.7259 0.6620
vn 0.3628 -0.1359 0.9219
vn -0.0708 -0.9975 0.0067
vn -0.0720 -0.9974 0.0047
vn -0.0766 -0.9971 -0.0018
vn 0.0001 -0.9998 -0.0193
vn -0.0002 -0.9996 -0.0291
vn -0.0000 0.9996 0.0290
vn -0.0001 0.9998 0.0190
vn -0.0106 0.9999 -0.0001
vn -0.0095 0.9999 0.0035
vn 0.0533 0.9986 0.0048
vn 0.0680 -0.2106 0.9752
vn 0.0235 -0.5676 0.8230
vn 0.0003 -0.4941 0.8694
vn -0.0001 0.4780 -0.8783
vn 0.0076 0.4781 -0.8783
vn 0.0001 0.2488 -0.9686
vn -0.0015 0.5400 0.8417
vn -0.0010 0.5423 0.8402
vn 0.0902 0.3337 0.9383
vn -0.0000 -0.2818 -0.9595
vn -0.0000 -0.5359 -0.8443
vn 0.0767 0.2352 -0.9689
vn 0.0199 0.6130 -0.7899
vn -0.0005 0.5488 -0.8359
vn -0.0002 -0.5358 0.8443
vn 0.0070 -0.5357 0.8444
vn 0.0001 -0.2818 0.9595
vn -0.0015 -0.4824 -0.8760
vn -0.0011 -0.4843 -0.8749
vn 0.0655 -0.2978 -0.9524
vn -0.0000 0.2489 0.9685
vn -0.0002 0.4781 0.8783
vn -0.0000 0.4781 0.8783
vn 1.0000 -0.0005 -0.0004
vn 1.0000 -0.0009 -0.0007
vn 1.0000 -0.0008 -0.0006
vn -1.0000 0.0008 0.0006
vn -1.0000 0.0006 0.0004
vn -1.0000 0.0005 0.0003
vn -1.0000 0.0009 0.0006
vn -1.0000 0.0010 0.0006
vn 1.0000 -0.0010 -0.0006
vn 1.0000 -0.0009 -0.0006
vn 1.0000 -0.0000 0.0043
vn -1.0000 -0.0000 -0.0043
vn 0.0001 -0.0002 1.0000
vn -0.0003 -0.0014 1.0000
vn -0.0001 -0.0001 1.0000
vn -0.9611 -0.2762 0.0003
vn -0.9617 -0.2743 0.0001
vn -1.0000 0.0023 0.0004
vn -0.0003 -0.0004 1.0000
vn -0.0000 -0.0003 1.0000
vn 0.0002 -0.0006 1.0000
vn 0.9599 0.2803 0.0001
vn 0.9606 0.2779 0.0002
vn 1.0000 0.0048 0.0003
vn 0.0017 -0.2077 0.9782
vn -0.0935 -0.3517 0.9314
vn 0.0013 -0.2075 0.9782
vn 0.9999 -0.0034 -0.0129
vn 1.0000 -0.0009 -0.0043
vn 0.9999 0.0025 -0.0136
vn 0.3156 -0.5935 -0.7404
vn 0.1125 -0.6936 -0.7115
vn 0.1095 -0.6878 -0.7176
vn 0.1119 0.6943 -0.7110
vn 0.3155 0.5938 -0.7402
vn 0.1090 0.6885 -0.7170
vn 0.0200 -0.6017 -0.7985
vn -0.0051 -0.6154 -0.7882
vn 0.0166 -0.5931 -0.8050
vn -0.0047 0.6162 -0.7876
vn 0.0236 0.6205 -0.7838
vn 0.0214 0.6239 -0.7812
vn 0.0148 0.5894 -0.8077
vn 0.0081 0.5696 -0.8219
vn 0.3134 -0.5886 -0.7452
vn 0.7286 -0.4141 -0.5455
vn 0.7241 -0.4118 -0.5533
vn 0.3134 0.5886 -0.7453
vn 0.7286 0.4141 -0.5455
vn 0.9852 -0.0000 -0.1714
vn 0.8094 -0.4542 -0.3722
vn 0.8433 -0.1993 -0.4991
vn 0.8094 0.4542 -0.3722
vn 0.8433 0.1993 -0.4991
vn -1.0000 0.0012 0.0072
vn -1.0000 0.0013 -0.0019
vn -1.0000 0.0012 0.0073
vn -1.0000 -0.0014 0.0010
vn -0.0873 -0.5970 0.7975
vn -0.0910 -0.6018 0.7935
vn -0.0960 -0.6080 0.7881
vn -0.0920 0.6080 0.7886
vn -0.0867 0.6012 0.7944
vn -0.0990 0.6167 0.7809
vn 0.9926 0.1146 0.0404
vn 0.9990 0.0305 0.0340
vn 0.9929 0.1126 0.0376
vn -0.4221 -0.7088 0.5652
vn -0.4247 -0.6992 0.5752
vn -0.4247 -0.6990 0.5753
vn 0.7010 0.4535 0.5504
vn 0.8248 0.2153 0.5229
vn 0.8251 0.2175 0.5214
vn 0.0350 0.6143 0.7883
vn 0.0546 0.7499 0.6592
vn 0.0339 0.6062 0.7946
vn -0.1649 -0.9494 -0.2674
vn 0.0629 -0.9256 -0.3733
vn 0.0476 -0.9159 -0.3986
vn -0.6993 0.7072 0.1039
vn -0.8155 0.3271 0.4774
vn -0.7013 0.7036 0.1147
vn 0.1834 0.6446 -0.7422
vn 0.4737 0.6437 -0.6010
vn 0.3247 0.6798 -0.6576
vn -0.8917 -0.3801 0.2456
vn -0.9064 -0.3611 0.2194
vn -0.9066 -0.3608 0.2190
vn -0.0866 -0.6150 0.7838
vn -0.1350 -0.3640 0.9216
vn -0.0788 -0.6475 0.7580
vn 0.0381 0.9989 -0.0257
vn 0.0367 0.9991 -0.0227
vn 0.0323 0.9994 -0.0131
vn -0.5527 -0.7812 -0.2904
vn -0.5512 -0.7773 -0.3035
vn -0.5537 -0.7838 -0.2814
vn 0.9282 0.3416 -0.1478
vn 0.9683 0.1968 -0.1538
vn 0.9485 0.2752 -0.1568
vn 0.4436 0.7949 0.4140
vn 0.4775 0.7974 0.3690
vn 0.7520 -0.5924 -0.2890
vn 0.7705 -0.5611 -0.3025
vn -0.0893 0.5954 -0.7984
vn -0.0770 0.5973 -0.7983
vn -0.0897 0.5954 -0.7984
vn -0.5413 0.2288 0.8091
vn 0.0883 0.7058 0.7029
vn 0.1788 0.7406 0.6477
vn 0.0470 -0.9988 -0.0101
vn -0.1864 -0.9778 0.0955
vn -0.1824 -0.9788 0.0935
vn 0.8559 0.3610 -0.3704
vn 0.9048 0.3944 -0.1607
vn 0.8582 0.3545 -0.3712
vn 0.9816 0.1907 0.0142
vn 0.8918 0.4252 -0.1545
vn 0.1673 0.6539 0.7379
vn -0.6285 -0.6650 -0.4034
vn -0.2165 -0.6920 -0.6887
vn 0.0870 -0.6028 0.7931
vn 0.0804 -0.6042 0.7928
vn 0.0872 -0.6028 0.7931
vn 0.2553 -0.5309 -0.8080
vn -0.0100 -0.6910 -0.7227
vn 0.2730 -0.5170 -0.8113
vn -0.0855 0.9961 0.0214
vn -0.1359 0.9899 0.0414
vn -0.1371 0.9897 0.0419
vn 0.9235 0.3510 -0.1545
vn 0.9291 0.1860 -0.3197
vn 0.9273 0.1877 -0.3239
vn 0.9430 0.3328 -0.0103
vn 0.9261 0.3361 -0.1712
vn 0.5927 0.7589 0.2697
vn 0.9501 0.0784 -0.3020
vn 0.7487 0.6617 0.0411
vn -0.0062 -0.9998 0.0201
vn -0.0044 -0.9999 0.0111
vn -0.0063 -0.9998 0.0205
vn 0.1507 0.4864 -0.8607
vn 0.1314 0.6359 -0.7605
vn 0.1311 0.6375 -0.7592
vn 0.6922 0.7202 0.0456
vn 0.5759 0.7537 0.3167
vn 0.6909 0.7215 0.0456
vn 0.9830 0.0441 -0.1783
vn -0.9073 -0.4165 -0.0585
vn -0.9084 -0.4130 -0.0650
vn -0.9120 -0.3998 -0.0913
vn -0.0526 -0.4422 -0.8954
vn 0.0228 -0.5432 -0.8393
vn -0.9247 0.3278 -0.1936
vn -0.9198 0.3894 -0.0481
vn -0.9181 0.3947 -0.0349
vn -0.4251 -0.8976 0.1162
vn -0.4248 -0.8977 0.1166
vn 0.0288 -0.7175 -0.6959
vn 0.2683 -0.7697 -0.5793
vn 0.2688 -0.7700 -0.5787
vn 0.0287 0.7173 -0.6962
vn 0.1784 0.6432 -0.7446
vn 0.0286 0.7171 -0.6963
vn 0.1775 0.6418 -0.7460
vn 0.3732 0.6745 -0.6370
vn 0.2698 -0.8564 -0.4403
vn 0.4966 -0.8202 -0.2840
vn 0.5156 -0.8566 -0.0175
vn -0.0025 -0.7155 -0.6986
vn -0.0025 -0.7153 -0.6988
vn -0.0024 0.7155 -0.6986
vn 0.7357 0.0028 -0.6773
vn 0.7335 -0.0021 -0.6797
vn 0.7419 0.0167 -0.6703
vn 0.0406 0.9992 0.0026
vn -0.0019 1.0000 0.0025
vn -0.0037 1.0000 0.0033
vn 0.0407 -0.9992 0.0020
vn -0.0019 -1.0000 0.0018
vn 0.0421 -0.9991 0.0015
vn 0.0418 0.9991 0.0020
vn 0.2809 0.9597 0.0031
vn 0.2823 0.9593 0.0021
vn 0.2999 -0.9540 0.0023
vn 0.3643 -0.9192 -0.1493
vn 1.0000 0.0028 0.0003
vn 1.0000 0.0048 0.0002
vn 1.0000 0.0049 0.0002
vn 0.4704 0.8825 0.0030
vn 0.5058 -0.8627 0.0024
vn -0.8552 -0.5183 0.0001
vn -0.5120 -0.8590 0.0003
vn -0.5126 -0.8586 0.0001
vn -0.1042 -0.9946 -0.0000
vn 0.3109 -0.9504 -0.0000
vn 0.3111 -0.9504 -0.0001
vn 0.6846 -0.7289 -0.0053
vn 0.7082 -0.7059 -0.0133
vn -0.7036 0.7105 0.0125
vn -0.6885 0.7252 0.0051
vn -0.3109 0.9504 0.0001
vn -0.3109 0.9504 -0.0000
vn 0.1042 0.9946 -0.0000
vn 0.5121 0.8589 0.0001
vn 0.5119 0.8591 -0.0000
vn 0.8557 0.5175 -0.0000
vn 0.8536 0.5209 -0.0008
vn 0.0879 -0.9039 0.4185
vn -0.2272 -0.9581 0.1745
vn 0.0951 -0.9781 0.1852
vn -0.5319 -0.8343 0.1449
vn -0.2270 -0.8839 0.4088
vn -0.5238 -0.7606 0.3835
vn -0.7882 -0.6078 0.0970
vn -0.9309 -0.2280 0.2854
vn -0.9557 -0.2924 0.0345
vn -0.9677 0.1244 0.2194
vn -0.9968 0.0716 -0.0346
vn -0.8731 0.4624 0.1543
vn -0.9006 0.4233 -0.0984
vn -0.6710 0.7345 0.1013
vn -0.6913 0.7074 -0.1471
vn -0.4004 0.9138 0.0676
vn -0.4104 0.8947 -0.1762
vn -0.0966 0.9937 0.0560
vn -0.0951 0.9781 -0.1851
vn 0.2272 0.9581 -0.1745
vn 0.2139 0.9746 0.0670
vn 0.5319 0.8343 -0.1449
vn 0.5072 0.8560 0.0998
vn 0.7882 0.6078 -0.0970
vn 0.7539 0.6391 0.1521
vn 0.9557 0.2924 -0.0344
vn 0.9160 0.3368 0.2178
vn 0.9968 -0.0716 0.0347
vn 0.9580 -0.0139 0.2865
vn 0.9006 -0.4233 0.0984
vn 0.6677 -0.6349 0.3888
vn 0.6913 -0.7074 0.1472
vn 0.3955 -0.8207 0.4124
vn 0.4104 -0.8947 0.1762
vn -0.2008 -0.9587 -0.2015
vn 0.0950 -0.9769 -0.1915
vn -0.7127 -0.6387 -0.2899
vn -0.4760 -0.8490 -0.2293
vn -0.9031 -0.0224 -0.4288
vn -0.8662 -0.3567 -0.3500
vn -0.6310 0.5670 -0.5295
vn -0.8259 0.2983 -0.4784
vn -0.0804 0.8266 -0.5570
vn -0.3820 0.7469 -0.5442
vn 0.5023 0.6883 -0.5234
vn 0.2119 0.8130 -0.5424
vn 0.8856 0.1807 -0.4278
vn 0.7318 0.4844 -0.4795
vn 0.8316 -0.4712 -0.2940
vn 0.9223 -0.1446 -0.3583
vn 0.3842 -0.9006 -0.2033
vn 0.6461 -0.7259 -0.2359
vn 0.1315 -0.8474 -0.5145
vn -0.0912 -0.6286 -0.7723
vn 0.0581 -0.5979 -0.7995
vn -0.3435 -0.7512 -0.5637
vn -0.2047 -0.8538 -0.4787
vn -0.3522 -0.4594 -0.8154
vn -0.2165 -0.5322 -0.8185
vn -0.5570 -0.6204 -0.5521
vn -0.6513 -0.3729 -0.6608
vn -0.4574 -0.1410 -0.8780
vn -0.3997 -0.2951 -0.8678
vn -0.7283 -0.1197 -0.6747
vn -0.6328 0.1355 -0.7624
vn -0.3347 0.1874 -0.9235
vn -0.3969 0.0287 -0.9174
vn -0.5268 0.3726 -0.7640
vn -0.3015 0.4991 -0.8124
vn -0.0340 0.3493 -0.9364
vn -0.1861 0.2786 -0.9422
vn -0.0893 0.6063 -0.7902
vn 0.1606 0.5616 -0.8117
vn 0.2907 0.2580 -0.9214
vn 0.1282 0.3138 -0.9408
vn 0.5616 0.3095 -0.7673
vn 0.4406 0.4796 -0.7588
vn 0.4751 -0.0352 -0.8792
vn 0.3823 0.1172 -0.9166
vn 0.7161 -0.1668 -0.6777
vn 0.7361 0.0467 -0.6753
vn 0.4352 -0.3722 -0.8198
vn 0.4493 -0.1995 -0.8708
vn 0.5255 -0.6231 -0.5793
vn 0.6716 -0.4871 -0.5583
vn 0.2107 -0.5962 -0.7747
vn 0.3155 -0.4739 -0.8221
vn 0.2888 -0.8314 -0.4748
vn 0.9194 0.2302 -0.3190
vn 0.9849 -0.0325 -0.1703
vn 0.9871 -0.0271 -0.1580
vn 0.8098 0.5101 -0.2898
vn 0.8128 0.5112 -0.2793
vn 0.8670 -0.4570 -0.1988
vn 0.7270 -0.6829 -0.0717
vn 0.7305 -0.6802 -0.0610
vn 0.9668 -0.1726 -0.1884
vn 0.9683 -0.1739 -0.1792
vn 0.3986 -0.9095 -0.1177
vn 0.1614 -0.9860 -0.0417
vn 0.1642 -0.9859 -0.0330
vn 0.6268 -0.7744 -0.0860
vn 0.6259 -0.7761 -0.0777
vn -0.2129 -0.9701 -0.1165
vn -0.4574 -0.8852 -0.0854
vn -0.4562 -0.8865 -0.0774
vn 0.0316 -0.9987 -0.0409
vn 0.0288 -0.9991 -0.0322
vn -0.7492 -0.6327 -0.1958
vn -0.9046 -0.3828 -0.1874
vn -0.9058 -0.3844 -0.1783
vn -0.5707 -0.8182 -0.0698
vn -0.5746 -0.8163 -0.0593
vn -0.9472 0.0185 -0.3201
vn -0.9005 0.3206 -0.2937
vn -0.9038 0.3209 -0.2832
vn -0.9529 -0.2519 -0.1689
vn -0.9563 -0.2471 -0.1565
vn -0.4395 0.8308 -0.3415
vn -0.6595 0.6307 -0.4089
vn -0.6551 0.6228 -0.4277
vn -0.8608 0.4301 -0.2721
vn -0.8611 0.4372 -0.2595
vn -0.0870 0.8950 -0.4376
vn 0.1496 0.9293 -0.3376
vn 0.1477 0.9340 -0.3252
vn -0.3274 0.8818 -0.3395
vn -0.3258 0.8871 -0.3271
vn 0.7488 0.6057 -0.2690
vn 0.5283 0.7470 -0.4036
vn 0.5251 0.7389 -0.4222
vn 0.2923 0.8938 -0.3403
vn 0.2940 0.8975 -0.3286
vn 0.2902 0.6002 0.7453
vn 0.1012 0.6151 0.7819
vn 0.2339 0.5445 0.8055
vn 0.3944 0.4423 0.8055
vn 0.4983 0.4937 0.7127
vn 0.5515 0.2900 0.7822
vn 0.4696 0.2974 0.8313
vn 0.5384 0.1324 0.8322
vn 0.6503 -0.0534 0.7578
vn 0.7441 -0.1567 0.6495
vn 0.5433 0.0310 0.8390
vn 0.4453 -0.2633 0.8558
vn 0.6523 -0.3464 0.6742
vn 0.4108 -0.3199 0.8537
vn 0.5863 -0.5501 0.5946
vn 0.3173 -0.7278 0.6079
vn 0.2513 -0.4446 0.8597
vn 0.0519 -0.5218 0.8515
vn 0.0798 -0.7876 0.6109
vn -0.2376 -0.7562 0.6096
vn -0.1577 -0.4907 0.8570
vn -0.3371 -0.4051 0.8499
vn -0.4574 -0.6663 0.5889
vn -0.5624 -0.4862 0.6688
vn -0.5497 -0.0844 0.8311
vn -0.7005 -0.4294 0.5701
vn -0.5369 -0.0949 0.8383
vn -0.7826 -0.1315 0.6085
vn -0.5987 0.1549 0.7859
vn -0.5524 0.0056 0.8336
vn -0.5195 0.1836 0.8345
vn -0.4748 0.3441 0.8100
vn -0.5897 0.3683 0.7188
vn -0.4056 0.5218 0.7505
vn -0.3371 0.4810 0.8094
vn -0.2198 0.5800 0.7844
vn -0.2763 0.6781 0.6810
vn -0.0683 0.6777 0.7322
vn -0.0595 0.6002 0.7976
vn 0.1338 0.7232 0.6776
vn -0.6904 0.7200 -0.0702
vn -0.4113 0.9094 -0.0612
vn -0.6897 0.7232 -0.0357
vn -0.4124 0.9030 -0.1209
vn -0.0997 0.9925 -0.0703
vn 0.2211 0.9678 -0.1204
vn 0.2188 0.9739 -0.0610
vn 0.5228 0.8495 -0.0704
vn 0.5213 0.8526 -0.0357
vn 0.7793 0.6265 0.0086
vn 0.7794 0.6265 0.0038
vn 0.9425 0.3160 0.1090
vn 0.9494 0.3092 0.0544
vn 0.9760 -0.0419 0.2139
vn 0.9924 -0.0605 0.1074
vn 0.8180 -0.2889 0.4974
vn 0.8962 -0.4162 0.1538
vn 0.6868 -0.7025 0.1865
vn 0.4088 -0.8892 0.2053
vn 0.0977 -0.9730 0.2092
vn -0.2206 -0.9539 0.2036
vn -0.5227 -0.8324 0.1842
vn -0.7811 -0.6056 0.1524
vn -0.7337 -0.4671 0.4934
vn -0.9516 -0.2877 0.1078
vn -0.9398 -0.2659 0.2148
vn -0.9951 0.0822 0.0558
vn -0.9896 0.0906 0.1119
vn -0.8992 0.4374 0.0048
vn -0.8991 0.4377 0.0106
vn 0.4096 -0.9123 0.0018
vn 0.6886 -0.7252 0.0015
vn 0.8994 -0.4370 0.0010
vn 0.9972 -0.0747 0.0004
vn 0.9532 0.3022 -0.0003
vn 0.7800 0.6258 -0.0008
vn 0.5199 0.8542 -0.0013
vn 0.2167 0.9762 -0.0015
vn -0.4097 0.9122 -0.0015
vn -0.0999 0.9950 -0.0018
vn -0.6887 0.7250 -0.0013
vn -0.8998 0.4363 -0.0009
vn -0.9972 0.0742 -0.0003
vn -0.9532 -0.3023 0.0004
vn -0.7798 -0.6261 0.0010
vn -0.5197 -0.8543 0.0015
vn -0.2170 -0.9762 0.0017
vn 0.0997 -0.9950 0.0018
vn 0.2296 0.7018 -0.6744
vn -0.0771 0.7365 -0.6721
vn 0.2295 0.7015 -0.6748
vn 0.3761 -0.6307 -0.6788
vn 0.6246 -0.3782 -0.6833
vn 0.6253 -0.3784 -0.6826
vn 0.5107 0.5210 -0.6839
vn 0.7468 -0.0064 -0.6650
vn 0.7495 -0.0063 -0.6619
vn -0.2298 -0.7025 -0.6736
vn 0.0772 -0.7378 -0.6706
vn -0.7130 0.0064 -0.7011
vn -0.6083 0.3693 -0.7025
vn -0.7121 0.0065 -0.7021
vn 0.7139 0.0044 -0.7002
vn 0.7170 0.2064 -0.6658
vn 0.7179 0.2064 -0.6649
vn -0.5034 -0.5187 -0.6910
vn -0.7285 -0.2051 -0.6536
vn -0.5028 -0.5183 -0.6918
vn 0.3760 -0.6306 -0.6790
vn -0.6771 -0.1900 -0.7109
vn -0.6740 -0.1899 -0.7139
vn 0.6992 0.2001 -0.6864
vn -0.3739 0.6285 -0.6820
vn -0.6082 0.3693 -0.7027
vn 0.5104 0.5208 -0.6843
vn -0.3740 0.6286 -0.6819
vn -0.7185 -0.0016 -0.6955
vn -0.7310 -0.2056 -0.6506
vn 0.6983 0.7158 -0.0002
vn 0.6979 0.7162 -0.0002
vn 0.3110 0.9504 -0.0001
vn 0.3109 0.9504 -0.0001
vn -0.1042 0.9946 -0.0001
vn -0.5117 0.8592 -0.0001
vn -0.8555 0.5178 -0.0000
vn -0.5119 0.8591 -0.0002
vn -0.8544 0.5196 -0.0005
vn -1.0000 -0.0025 -0.0001
vn 0.0001 0.0003 -1.0000
vn -0.0000 0.0003 -1.0000
vn 0.0002 0.0003 -1.0000
vn 0.0003 -0.0001 -1.0000
vn 0.0004 -0.0001 -1.0000
vn -0.0002 0.0002 -1.0000
vn -0.0003 -0.0005 -1.0000
vn -0.0006 -0.0007 -1.0000
vn -0.0001 0.0003 -1.0000
vn 0.8554 -0.5179 -0.0003
vn 1.0000 0.0036 0.0001
vn 0.8545 -0.5194 0.0002
vn 0.5118 -0.8591 -0.0002
vn 0.1042 -0.9946 -0.0002
vn 0.5117 -0.8592 -0.0002
vn -0.3109 -0.9504 -0.0002
vn -0.6979 -0.7162 -0.0002
vn -0.9616 -0.2746 -0.0001
vn 0.0004 -0.0005 -1.0000
vn -0.0000 -0.0011 -1.0000
vn -0.0000 0.0001 -1.0000
vn -0.0000 0.0012 -1.0000
vn -0.0000 -0.0000 -1.0000
vn -0.8228 -0.0000 -0.5684
vn -0.9004 -0.0000 -0.4350
vn 0.0018 -0.9997 -0.0256
vn 0.0002 -0.9998 0.0186
vn 0.8335 0.0884 -0.5454
vn 0.8692 0.4026 -0.2871
vn 0.8707 0.3992 -0.2873
vn -0.8485 0.5201 -0.0977
vn -0.8458 0.5335 0.0023
vn -0.8409 0.5329 -0.0945
vn -0.0017 0.9997 0.0262
vn 0.0018 0.9995 0.0312
vn 0.0004 0.0201 -0.9998
vn 0.0004 0.0200 -0.9998
vn 0.0005 0.0201 -0.9998
vn -0.0000 0.9998 -0.0220
vn -0.0001 0.9889 0.1483
vn -0.0000 0.9889 0.1484
vn 0.9956 0.0023 -0.0933
vn 0.9164 0.0092 -0.4001
vn 0.9956 0.0023 -0.0934
vn -0.9935 0.0025 -0.1142
vn -0.9696 0.0052 -0.2448
vn -0.0000 -0.9998 0.0221
vn -0.0000 -0.9889 -0.1484
vn 0.0001 -0.9394 -0.3429
vn 0.0001 -0.9889 -0.1483
vn -0.9610 0.0060 -0.2765
vn 0.9993 -0.0008 0.0364
vn -0.0000 0.9394 0.3427
vn -0.0006 -0.9995 0.0321
vn 0.2649 -0.9639 0.0251
vn 0.2681 -0.9629 0.0301
vn 0.0007 -0.2546 -0.9671
vn 0.0007 0.3576 -0.9339
vn 0.0002 0.3507 -0.9365
vn -0.9977 0.0675 -0.0018
vn -1.0000 -0.0006 0.0002
vn -1.0000 -0.0007 -0.0001
vn 0.9846 -0.1719 -0.0307
vn 0.7768 -0.6292 0.0286
vn 0.9847 -0.1718 -0.0275
vn -0.9946 -0.1014 -0.0232
vn -0.9992 -0.0373 -0.0174
vn -0.9976 -0.0689 -0.0074
vn -0.9908 0.1351 -0.0050
vn -0.9904 0.1380 -0.0028
vn -0.0004 0.6503 -0.7597
vn -0.0029 -0.8407 -0.5415
vn -0.0023 -0.6964 -0.7176
vn 0.9999 -0.0040 -0.0154
vn 0.4656 0.8675 0.1751
vn 0.2420 0.9437 0.2256
vn 0.4977 0.8587 0.1221
vn 0.7851 0.6144 0.0785
vn 0.8749 0.4573 0.1595
vn 0.0007 -1.0000 -0.0000
vn 0.0007 1.0000 -0.0000
vn -0.0032 -0.2518 0.9678
vn -0.0126 -0.2407 -0.9705
vn 0.2156 -0.3800 -0.8995
vn 0.1459 -0.1828 -0.9723
vn 0.4295 -0.2314 -0.8729
vn 0.1767 0.1884 -0.9661
vn 0.2233 0.4227 -0.8784
vn 0.7688 0.6395 -0.0000
vn 0.2229 0.4228 0.8784
vn 0.1767 0.1884 0.9661
vn 0.4383 0.2551 0.8619
vn 0.2161 -0.3799 0.8994
vn 0.1459 -0.1828 0.9723
vn 0.7689 -0.6393 -0.0000
vn 0.9488 -0.3155 0.0122
vn 0.7872 -0.6164 -0.0158
vn 0.9490 -0.3152 0.0112
vn 0.7872 -0.6166 -0.0156
vn 0.7873 -0.6164 0.0158
vn 0.9488 -0.3155 -0.0122
vn 0.7872 -0.6166 0.0156
vn 0.9583 0.2855 -0.0126
vn 0.9490 -0.3152 -0.0112
vn 0.8291 0.5589 0.0130
vn 0.9584 0.2852 -0.0116
vn 0.8291 0.5590 -0.0128
vn 0.8291 0.5590 0.0128
vn 0.9583 0.2855 0.0126
vn 0.8291 0.5589 -0.0130
vn -0.1642 -0.4682 -0.8682
vn -0.1220 -0.2146 -0.9691
vn -0.0599 -0.2563 -0.9647
vn -0.0497 0.2357 -0.9706
vn -0.1375 0.4375 -0.8887
vn -0.1030 0.2045 -0.9734
vn -0.2687 0.3548 -0.8955
vn -0.5101 0.8601 -0.0000
vn -0.2616 0.9652 -0.0000
vn -0.1375 0.4375 0.8887
vn -0.1030 0.2045 0.9734
vn -0.0499 0.2358 0.9705
vn -0.1220 -0.2146 0.9691
vn -0.0596 -0.2561 0.9648
vn -0.1642 -0.4682 0.8682
vn -0.3205 -0.3559 0.8779
vn -0.5668 -0.8238 -0.0000
vn -0.2927 -0.9562 -0.0000
vn 0.0001 1.0000 -0.0000
vn -0.0009 0.5060 0.8626
vn 0.0065 0.2623 0.9650
vn 0.0065 -0.2934 0.9560
vn -0.0005 -0.5591 0.8291
vn -0.0005 -0.5592 -0.8291
vn 0.0065 0.2623 -0.9650
vn -0.0009 0.5060 -0.8626
vn 1.0000 0.0009 -0.0000
vn -0.0012 -1.0000 -0.0000
vn 0.0012 1.0000 -0.0000
vn 0.6398 0.7673 0.0442
vn 0.7196 0.5567 -0.4151
vn 0.7246 0.5720 -0.3845
vn -0.0002 -0.5052 -0.8630
vn -0.0006 -0.2644 -0.9644
vn 0.0005 0.2610 0.9653
vn 0.0001 0.4994 0.8664
vn 1.0000 0.0017 -0.0012
vn 1.0000 0.0016 -0.0002
vn 1.0000 0.0017 -0.0013
vn -0.0006 -0.2638 -0.9646
vn -0.0005 0.2961 -0.9552
vn 0.0006 0.2609 0.9654
vn 0.0006 -0.2914 0.9566
vn 0.0007 -0.2921 0.9564
vn 0.5641 -0.1846 -0.8048
vn 0.6681 -0.5997 -0.4405
vn 0.5390 -0.1262 -0.8328
vn -0.0002 0.5586 -0.8294
vn 0.0001 -0.5537 0.8327
vn 1.0000 -0.0005 -0.0000
vn -0.0012 1.0000 -0.0000
vn 0.0012 -1.0000 -0.0000
vn 0.5881 -0.8085 -0.0222
vn 0.6826 -0.5755 0.4504
vn 0.6876 -0.5946 0.4167
vn -0.0002 0.5586 0.8294
vn -0.0006 0.2961 0.9551
vn 0.0006 -0.2914 -0.9566
vn 0.0001 -0.5537 -0.8327
vn 1.0000 0.0017 0.0013
vn 1.0000 0.0016 0.0003
vn 1.0000 0.0016 0.0002
vn -0.0006 -0.2638 0.9646
vn -0.0007 0.2958 0.9553
vn 0.0006 0.2613 -0.9653
vn 0.0005 0.2610 -0.9653
vn 0.6397 0.7673 -0.0442
vn 0.7196 0.5567 0.4151
vn 0.6234 0.7756 -0.0990
vn -0.0006 -0.2644 0.9644
vn -0.0002 -0.5052 0.8630
vn 0.0001 0.4994 -0.8664
vn 0.0003 0.7345 0.6786
vn 0.0003 0.7343 0.6788
vn 0.0003 -0.7343 0.6788
vn 0.0003 -0.7345 0.6786
vn 0.0003 -0.7345 -0.6786
vn 0.0003 -0.7343 -0.6788
vn 0.0003 0.7346 -0.6785
vn 0.0002 0.7348 -0.6783
vn 0.0004 -1.0000 -0.0000
vn 0.0004 -0.0000 1.0000
vn 0.0004 1.0000 -0.0000
vn 0.0004 -0.0000 -1.0000
vn 1.0000 -0.0000 -0.0008
vn 1.0000 -0.0000 -0.0009
vn 1.0000 0.0004 -0.0005
vn 1.0000 0.0004 0.0005
vn 1.0000 -0.0000 0.0009
vn 1.0000 -0.0000 0.0008
vn 1.0000 -0.0004 0.0005
vn 1.0000 -0.0001 0.0009
vn 1.0000 -0.0004 -0.0005
vn 0.0006 -0.7345 -0.6786
vn 0.0006 -0.7343 -0.6788
vn 0.0005 -0.0000 -1.0000
vn 0.0006 0.7345 -0.6786
vn 0.0006 0.7343 -0.6788
vn 0.0006 0.7346 -0.6786
vn 0.0005 1.0000 -0.0000
vn 0.0006 0.7349 0.6782
vn 0.0005 0.7346 0.6784
vn 0.0005 0.7346 0.6785
vn 0.0005 -0.0000 1.0000
vn 0.0006 -0.7345 0.6786
vn 0.0006 -0.7343 0.6788
vn 0.0006 -0.7346 0.6786
vn 0.0005 -1.0000 -0.0000
vn 0.2075 -0.8800 -0.4272
vn 0.2045 -0.9789 -0.0000
vn 0.0012 -0.8996 -0.4367
vn 0.2148 -0.5841 -0.7828
vn 0.0013 -0.5981 -0.8015
vn 0.2200 -0.1270 -0.9672
vn 0.0013 0.3794 -0.9253
vn 0.0013 -0.1301 -0.9915
vn 0.2109 0.7561 -0.6196
vn 0.2104 0.3634 -0.9076
vn 0.0012 0.9750 -0.2223
vn 0.0012 0.7735 -0.6338
vn 0.0012 0.9750 0.2223
vn 0.1979 0.9541 -0.2249
vn 0.0012 0.7735 0.6338
vn 0.1978 0.9573 0.2109
vn 0.0013 0.3794 0.9253
vn 0.2033 0.7621 0.6147
vn 0.2200 -0.1270 0.9672
vn 0.2102 0.3783 0.9015
vn 0.0013 -0.5981 0.8015
vn 0.0013 -0.1301 0.9915
vn 0.0012 -0.8996 0.4367
vn 0.2072 -0.5788 0.7887
vn 0.2002 -0.8782 0.4344
vn 0.4117 0.7049 -0.5776
vn 0.4020 0.8928 0.2035
vn 0.4020 0.8928 -0.2035
vn 0.4117 0.7049 0.5776
vn 0.4236 0.3436 0.8381
vn 0.4181 -0.5433 0.7281
vn 0.4269 -0.1177 0.8966
vn 0.4059 -0.8222 0.3991
vn 0.4059 -0.8222 -0.3991
vn 0.4006 -0.9163 -0.0000
vn 0.4181 -0.5433 -0.7281
vn 0.4269 -0.1177 -0.8966
vn 0.4236 0.3436 -0.8381
vn 1.0000 0.0073 -0.0035
vn 1.0000 0.0047 -0.0063
vn 1.0000 0.0082 -0.0000
vn 1.0000 0.0073 0.0035
vn 1.0000 0.0047 0.0063
vn 1.0000 0.0010 0.0076
vn 1.0000 -0.0029 0.0071
vn 1.0000 -0.0062 0.0051
vn 1.0000 -0.0080 0.0018
vn 1.0000 -0.0080 -0.0018
vn 1.0000 -0.0062 -0.0051
vn 1.0000 -0.0029 -0.0071
vn 1.0000 0.0010 -0.0076
vn 0.6313 0.5998 -0.4916
vn 0.6430 0.2904 -0.7086
vn 0.6212 0.7640 -0.1744
vn 0.6212 0.7640 0.1744
vn 0.6313 0.5998 0.4916
vn 0.6430 0.2904 0.7086
vn 0.6313 0.5997 0.4917
vn 0.6449 -0.0997 0.7578
vn 0.6430 0.2902 0.7087
vn 0.6337 -0.4627 0.6199
vn 0.6449 -0.0996 0.7578
vn 0.6190 -0.7064 0.3433
vn 0.6337 -0.4629 0.6198
vn 0.6126 -0.7904 -0.0000
vn 0.6190 -0.7065 0.3430
vn 0.6190 -0.7065 -0.3430
vn 0.6190 -0.7065 -0.3429
vn 0.6337 -0.4628 -0.6199
vn 0.6337 -0.4627 -0.6199
vn 0.6448 -0.0996 -0.7578
vn 0.6449 -0.0997 -0.7578
vn 0.6430 0.2904 -0.7087
vn 1.0000 -0.0036 0.0089
vn 0.9999 -0.0078 0.0063
vn 0.9999 -0.0101 0.0023
vn 0.9999 -0.0101 -0.0023
vn 0.9999 -0.0078 -0.0063
vn 1.0000 -0.0037 -0.0089
vn 1.0000 0.0012 -0.0095
vn 1.0000 0.0059 -0.0079
vn 0.9999 0.0092 -0.0044
vn 0.9999 0.0103 -0.0000
vn 0.9999 0.0092 0.0044
vn 1.0000 0.0059 0.0079
vn 1.0000 0.0013 0.0095
vn 0.0001 0.1302 0.9915
vn 0.0001 0.5981 0.8015
vn 0.0001 -0.3793 0.9253
vn 0.0001 -0.7735 0.6338
vn 0.0001 -0.3794 0.9253
vn 0.0001 -0.9750 0.2223
vn 0.0001 -0.9750 -0.2223
vn 0.0001 -0.7735 -0.6338
vn 0.0001 -0.3793 -0.9253
vn 0.0001 0.1302 -0.9915
vn 0.0001 0.5981 -0.8015
vn 0.0001 0.8996 -0.4367
vn 0.0001 0.8996 0.4367
vn 0.0008 -0.9686 -0.2485
vn -0.9738 0.2201 0.0565
vn -0.9739 0.2201 0.0564
vn -0.0097 0.2881 -0.9576
vn -0.0161 0.2869 -0.9578
vn -0.0182 0.2866 -0.9579
vn 0.9990 -0.0422 -0.0108
vn -0.0097 -0.2841 0.9587
vn -0.0161 -0.2852 0.9583
vn -0.0084 -0.2839 0.9588
vn 0.0013 0.9686 0.2485
vn 0.0024 0.0202 -0.9998
vn 0.1920 -0.0907 -0.9772
vn 0.9967 0.0293 0.0757
vn 0.9975 -0.0004 0.0701
vn 0.9965 0.0345 0.0767
vn -0.0004 -1.0000 -0.0000
vn -0.9988 0.0495 -0.0049
vn -0.9999 0.0161 0.0051
vn -0.9982 0.0602 -0.0084
vn 0.0054 0.0681 -0.9977
vn -0.0009 0.0362 -0.9993
vn 0.0066 0.0737 -0.9973
vn 0.6448 0.0610 -0.7619
vn 0.5819 0.0158 -0.8131
vn 0.5825 0.0128 -0.8127
vn 0.5081 -0.0007 -0.8613
vn -0.9913 0.1223 -0.0481
vn -0.9996 0.0218 -0.0152
vn -0.9922 0.1143 -0.0497
vn 0.0028 0.6032 -0.7976
vn 0.0024 0.6032 -0.7976
vn 1.0000 -0.0060 -0.0047
vn 1.0000 -0.0033 -0.0003
vn 1.0000 -0.0034 -0.0002
vn -0.1217 0.6646 -0.7372
vn -0.1549 0.4928 -0.8563
vn -0.1188 0.6919 -0.7122
vn 0.1438 0.4188 -0.8966
vn 0.1462 0.4073 -0.9015
vn 0.1465 0.4056 -0.9022
vn -0.9873 0.0477 -0.1514
vn -0.9873 0.0478 -0.1515
vn 0.3653 0.8368 0.4079
vn 0.9873 -0.0753 0.1401
vn 0.9873 -0.0754 0.1402
vn 0.0487 -0.9265 -0.3731
vn -0.1459 -0.4073 0.9015
vn -0.1435 -0.4189 0.8966
vn -0.1463 -0.4055 0.9023
vn 0.0311 0.6029 0.7972
vn 0.0293 0.9634 0.2665
vn 0.0323 0.9399 0.3400
vn 0.0311 0.6029 -0.7972
vn 0.0293 0.9634 -0.2666
vn 0.0602 0.6054 -0.7937
vn 0.0564 0.3732 -0.9261
vn 0.1031 0.2891 -0.9517
vn 0.0564 0.3731 0.9261
vn 0.0602 0.6054 0.7937
vn -0.0000 -0.0000 1.0000
vn 1.0000 -0.0002 -0.0001
vn 1.0000 -0.0001 0.0001
vn 1.0000 0.0002 -0.0001
vn 1.0000 0.0001 0.0001
vn 0.0002 -1.0000 -0.0000
vn 0.0003 -0.0000 -1.0000
vn 0.0002 1.0000 -0.0000
vn 0.0003 -0.0000 1.0000
vn -0.0780 0.0069 -0.9969
vn 0.1455 -0.0526 -0.9880
vn -0.0020 -0.9995 -0.0312
vn 0.0156 -0.9944 0.1044
vn 0.8344 0.0813 -0.5451
vn 0.7507 -0.0054 -0.6606
vn 0.7507 -0.0056 -0.6606
vn -0.8451 0.5346 0.0029
vn -0.9650 0.2551 0.0612
vn -0.8227 -0.0000 -0.5685
vn -0.7254 -0.0002 -0.6884
vn -0.0162 0.9945 -0.1038
vn 0.9708 -0.0009 0.2398
vn 0.9708 -0.0004 0.2397
vn -0.0177 0.9703 -0.2412
vn -0.0232 0.9824 -0.1852
vn -0.0019 0.9997 -0.0224
vn 0.0173 -0.9704 0.2407
vn 0.0224 -0.9822 0.1864
vn 0.0011 -0.9997 0.0234
vn 0.9376 0.3419 0.0628
vn 0.8650 0.5016 -0.0102
vn -0.9997 0.0247 -0.0074
vn -0.9999 -0.0058 -0.0139
vn -0.9998 -0.0116 -0.0152
vn -0.3531 -0.0024 0.9356
vn -0.3536 0.0008 0.9354
vn -0.3530 -0.0028 0.9356
vn -1.0000 0.0017 -0.0038
vn -1.0000 -0.0006 0.0006
vn -1.0000 0.0025 -0.0044
vn -0.3482 -0.0063 0.9374
vn -0.3484 0.0008 0.9373
vn -0.3481 -0.0065 0.9374
vn -0.9454 0.2637 -0.1913
vn -0.9608 0.1985 -0.1934
vn -0.2436 -0.0001 0.9699
vn -0.2436 -0.0002 0.9699
vn 0.3561 0.8813 -0.3107
vn 0.3666 0.9203 -0.1362
vn 0.2776 0.8379 -0.4700
vn 0.2296 0.9506 -0.2090
vn 0.2840 0.8578 -0.4284
vn 0.1550 0.9314 -0.3293
vn -0.2683 0.9348 0.2325
vn -0.2801 0.9548 0.0997
vn -0.2787 0.9553 0.0989
vn 0.4150 0.5858 0.6962
vn 0.4082 0.5596 0.7213
vn 0.4151 0.5860 0.6959
vn 0.3709 0.9171 -0.1461
vn 0.3625 0.8852 -0.2914
vn 0.3717 0.9173 -0.1427
vn 0.1311 0.6426 -0.7549
vn -0.0061 0.4848 -0.8746
vn 0.2616 0.6486 -0.7148
vn 0.0526 0.5544 -0.8306
vn 0.0555 0.5736 -0.8172
vn 0.0526 0.5538 -0.8310
vn 0.0622 0.4517 -0.8900
vn 0.2199 0.6818 -0.6977
vn 0.8061 0.4707 -0.3587
vn 0.8065 0.4705 -0.3580
vn -0.3590 -0.4028 -0.8420
vn -0.3573 -0.3981 -0.8449
vn -0.3590 -0.4028 -0.8419
vn 0.1184 0.9854 -0.1220
vn 0.1184 0.9861 -0.1166
vn 0.0573 0.4824 -0.8741
vn -0.1608 0.6012 -0.7827
vn 0.1302 0.5582 -0.8194
vn -0.0273 0.6345 -0.7725
vn -0.0226 0.4986 -0.8665
vn -0.0382 0.6563 -0.7536
vn -0.0267 0.5774 -0.8160
vn -0.0416 0.6552 -0.7543
vn -0.0649 0.5297 -0.8457
vn -0.0512 0.5447 -0.8370
vn -0.0650 0.5263 -0.8478
vn -0.8896 -0.0666 -0.4518
vn -0.8803 -0.0544 -0.4712
vn -0.8897 -0.0668 -0.4516
vn 0.1169 0.9848 0.1287
vn 0.1162 0.9828 0.1432
vn 0.1162 0.9828 0.1434
vn 0.9299 0.2197 -0.2951
vn 0.9233 0.2287 -0.3085
vn 0.9232 0.2289 -0.3088
vn 0.0611 -0.6433 -0.7632
vn 0.0605 -0.6315 -0.7730
vn 0.0611 -0.6437 -0.7628
vn 0.0430 0.4969 -0.8667
vn 0.0621 0.4758 -0.8773
vn 0.1067 0.4245 -0.8991
vn 0.1396 0.9691 -0.2034
vn -0.0852 0.9964 0.0001
vn 0.1037 0.9728 -0.2071
vn -0.0634 0.6544 0.7535
vn -0.0638 0.6573 0.7509
vn 0.4672 0.2644 0.8437
vn 0.2307 0.7257 0.6482
vn 0.4720 0.3034 0.8277
vn 0.4430 0.8731 0.2039
vn 0.4491 0.8608 0.2393
vn 0.4445 0.8718 0.2059
vn 0.5810 0.7975 -0.1627
vn 0.5803 0.8027 0.1376
vn 0.4434 0.8657 -0.2322
vn 0.2314 0.7026 -0.6729
vn 0.4497 0.8523 -0.2673
vn 0.4677 0.2327 -0.8527
vn 0.4728 0.2724 -0.8380
vn 0.4692 0.2350 -0.8512
vn 0.6083 -0.1841 -0.7721
vn 0.6083 0.1560 -0.7782
vn 0.4672 -0.2645 -0.8437
vn 0.2308 -0.7257 -0.6482
vn 0.4722 -0.3034 -0.8276
vn 0.4430 -0.8730 -0.2039
vn 0.4492 -0.8608 -0.2393
vn 0.4445 -0.8718 -0.2059
vn 0.5811 -0.7974 0.1627
vn 0.5803 -0.8027 -0.1376
vn 0.4434 -0.8657 0.2322
vn 0.2313 -0.7026 0.6730
vn 0.4497 -0.8522 0.2673
vn 0.4677 -0.2327 0.8527
vn 0.4727 -0.2723 0.8381
vn 0.4692 -0.2350 0.8512
vn 0.6082 0.1841 0.7722
vn 0.6082 -0.1559 0.7783
vn -0.0134 -0.8840 -0.4673
vn 0.2344 -0.7250 -0.6476
vn 0.2142 -0.8639 -0.4560
vn 0.2350 -0.7019 0.6724
vn -0.0134 -0.8678 0.4967
vn 0.2146 -0.8480 0.4846
vn -0.0142 -0.5255 0.8507
vn 0.2221 -0.5119 0.8298
vn 0.2343 0.7250 0.6476
vn -0.0143 0.5559 0.8311
vn 0.2216 0.5416 0.8109
vn -0.0133 0.8840 0.4672
vn 0.2141 0.8639 0.4559
vn 0.2350 0.7020 -0.6723
vn -0.0134 0.8678 -0.4967
vn 0.2146 0.8480 -0.4846
vn -0.0139 0.5256 -0.8506
vn 0.2224 0.5119 -0.8298
vn -0.0139 -0.5560 -0.8311
vn 0.2218 -0.5417 -0.8108
vn -0.9772 0.0029 -0.2123
vn -0.8294 -0.0105 -0.5585
vn -0.9773 -0.0110 -0.2117
vn -0.1316 -0.9903 0.0443
vn 0.0486 -0.9968 0.0637
vn 0.0539 -0.9963 0.0667
vn 0.8241 0.0107 0.5663
vn 0.0486 0.9983 0.0314
vn -0.1315 0.9912 0.0119
vn 0.0539 0.9980 0.0345
vn -0.1487 0.0904 0.9847
vn 0.0517 0.0743 0.9959
vn 0.0574 0.0777 0.9953
vn 0.8028 0.5961 -0.0097
vn 0.0516 0.0366 -0.9980
vn -0.1489 0.0593 -0.9871
vn 0.0573 0.0401 -0.9976
vn -0.9736 -0.2284 -0.0026
vn -0.8083 -0.5886 0.0095
vn -0.9737 -0.2276 0.0100
vn -0.9736 0.2284 0.0026
vn -0.8084 0.5886 -0.0095
vn -0.9737 0.2276 -0.0100
vn -0.1582 -0.1057 -0.9817
vn 0.0517 -0.0747 -0.9959
vn 0.0573 -0.0781 -0.9953
vn 0.8028 -0.5961 0.0097
vn 0.8029 -0.5961 0.0097
vn 0.0516 -0.0370 0.9980
vn -0.1585 -0.0753 0.9845
vn 0.0572 -0.0405 0.9975
vn -0.1621 0.9802 -0.1133
vn 0.0477 0.9968 -0.0645
vn 0.0530 0.9963 -0.0675
vn 0.8243 -0.0107 -0.5660
vn 0.8244 -0.0108 -0.5660
vn 0.0476 -0.9983 -0.0322
vn -0.1624 -0.9828 -0.0883
vn 0.0528 -0.9980 -0.0352
vn -0.9772 -0.0029 0.2121
vn -0.8294 0.0106 0.5585
vn -0.9773 0.0109 0.2114
vn -0.1199 0.9926 0.0177
vn -0.1957 0.9783 0.0681
vn -0.0192 -0.0190 -0.9996
vn -0.0190 -0.0192 -0.9996
vn -0.0186 -0.0197 -0.9996
vn -0.1962 -0.9755 0.0991
vn -0.1201 -0.9915 0.0504
vn -0.0034 0.0188 0.9998
vn -0.3450 0.0183 0.9384
vn -0.0031 0.0184 0.9998
vn -0.2355 -0.2603 0.9364
vn -0.1475 -0.0728 0.9864
vn -0.2353 -0.2617 0.9360
vn -0.0034 0.9999 -0.0157
vn -0.0007 0.9998 -0.0194
vn 0.0053 0.9996 -0.0277
vn -0.1472 -0.1052 -0.9835
vn -0.2366 -0.2687 -0.9337
vn -0.2364 -0.2700 -0.9334
vn 0.0058 -0.9998 0.0193
vn 0.0032 -0.9999 0.0158
vn -0.0006 -0.9999 0.0109
vn 0.0071 -0.0251 -0.9997
vn 0.0026 -0.0182 -0.9998
vn -0.0020 -0.0113 -0.9999
vn -0.2486 -0.9277 -0.2787
vn -0.1524 -0.9846 -0.0851
vn -0.2484 -0.9273 -0.2799
vn -0.0033 0.0181 0.9998
vn 0.0013 0.0253 0.9997
vn 0.0098 0.0385 0.9992
vn -0.1522 0.9820 -0.1121
vn -0.2500 0.9262 -0.2822
vn -0.2498 0.9259 -0.2834
vn -0.0037 -0.9999 0.0159
vn -0.0016 -0.9998 0.0186
vn 0.0036 -0.9997 0.0255
vn -0.1374 0.0905 0.9864
vn -0.2193 0.2359 0.9467
vn -0.2192 0.2372 0.9464
vn 0.0056 0.9998 -0.0185
vn 0.0036 0.9999 -0.0159
vn 0.0002 0.9999 -0.0115
vn -0.2184 0.2250 -0.9496
vn -0.1376 0.0575 -0.9888
vn -0.2183 0.2264 -0.9493
vn -0.6114 -0.7909 0.0262
vn -0.6113 -0.7909 0.0262
vn -0.6113 -0.7910 0.0262
vn -0.3442 0.0186 0.9387
vn -0.6448 0.0153 0.7642
vn -0.6115 0.7909 -0.0240
vn -0.6114 0.7909 -0.0240
vn -0.6407 -0.0355 -0.7669
vn -0.6406 -0.0354 -0.7670
vn -0.9999 0.0103 -0.0098
vn -0.9995 -0.0308 0.0107
vn -0.9999 0.0123 -0.0117
vn -0.9995 -0.0106 0.0292
vn -0.9999 -0.0107 -0.0095
vn -0.9995 0.0116 0.0286
vn -0.9999 -0.0127 -0.0114
vn -0.9995 0.0314 0.0098
vn -0.9999 -0.0103 0.0098
vn -0.9995 0.0309 -0.0107
vn -0.9999 -0.0123 0.0117
vn -0.9995 0.0107 -0.0295
vn -0.9999 0.0106 0.0094
vn -0.9995 -0.0118 -0.0291
vn -0.9999 0.0127 0.0113
vn -0.9995 -0.0314 -0.0098
vn -0.4086 -0.6591 0.6313
vn -0.3974 -0.8870 0.2353
vn -0.4085 -0.6591 0.6314
vn -0.4204 -0.2362 0.8761
vn -0.4199 0.2688 0.8669
vn -0.4204 -0.2361 0.8761
vn -0.4077 0.6810 0.6083
vn -0.4076 0.6810 0.6083
vn -0.3970 0.8943 0.2063
vn -0.3974 0.8870 -0.2352
vn -0.3970 0.8944 0.2062
vn -0.4086 0.6591 -0.6313
vn -0.3974 0.8870 -0.2353
vn -0.4085 0.6591 -0.6314
vn -0.4204 0.2362 -0.8761
vn -0.4199 -0.2688 -0.8669
vn -0.4204 0.2361 -0.8761
vn -0.4077 -0.6810 -0.6083
vn -0.4076 -0.6810 -0.6083
vn -0.3970 -0.8943 -0.2063
vn -0.3974 -0.8870 0.2352
vn -0.3970 -0.8944 -0.2062
vn 0.2491 -0.9684 0.0090
vn 0.0653 -0.9979 -0.0000
vn 0.0653 -0.9979 -0.0022
vn 0.0654 0.9979 -0.0000
vn 0.2491 0.9684 0.0090
vn 0.0653 0.9979 -0.0020
vn 0.0182 -0.9998 -0.0002
vn -0.0025 -1.0000 -0.0038
vn 0.0180 -0.9998 -0.0016
vn 0.0401 0.9992 -0.0000
vn 0.0399 0.9992 -0.0028
vn 0.2498 0.9683 -0.0018
vn 0.6685 0.7437 -0.0035
vn 0.2521 -0.9677 -0.0006
vn 0.6685 -0.7437 -0.0035
vn 0.6664 -0.7456 -0.0000
vn 0.6699 -0.7425 -0.0000
vn 0.9602 -0.2533 -0.1174
vn 0.9683 -0.2498 -0.0000
vn 0.6698 0.7425 -0.0000
vn 0.9602 0.2533 -0.1174
vn 0.7862 0.6064 -0.1194
vn -1.0000 -0.0004 -0.0000
vn -1.0000 -0.0015 0.0006
vn -0.0710 0.9975 -0.0000
vn -0.0735 0.9973 0.0071
vn -0.0687 0.9975 0.0161
vn -0.9999 0.0103 0.0106
vn -1.0000 -0.0006 -0.0000
vn -0.9999 -0.0031 0.0125
vn -0.9999 -0.0132 0.0103
vn 0.9362 0.3516 -0.0000
vn -0.0001 0.9998 -0.0220
vn 0.8253 0.0137 -0.5646
vn -1.0000 0.0003 -0.0000
vn 0.0533 0.9986 -0.0003
vn 0.1030 0.9947 -0.0013
vn 0.1017 0.9948 0.0007
vn 0.1559 0.9878 -0.0017
vn 0.1533 0.9882 0.0009
vn 0.2246 0.9745 0.0014
vn 1.0000 -0.0075 0.0047
vn 1.0000 -0.0034 -0.0000
vn 1.0000 -0.0083 0.0045
vn -0.9981 -0.0614 -0.0000
vn 0.0077 1.0000 -0.0000
vn 0.0045 0.9999 -0.0130
vn 0.9996 0.0287 -0.0000
vn 1.0000 -0.0045 -0.0051
vn -0.0774 0.9970 0.0047
vn -0.0759 0.9971 -0.0000
vn -0.0758 0.9969 -0.0196
vn -1.0000 0.0100 -0.0000
vn -0.9992 0.0056 0.0392
vn -0.9993 0.0026 0.0378
vn -0.9995 -0.0174 0.0279
vn -0.9994 -0.0225 0.0265
vn -1.0000 -0.0002 -0.0000
vn -0.9990 0.0001 0.0439
vn -0.9990 0.0001 0.0440
vn 0.3673 0.9201 -0.1358
vn 0.4299 0.9029 -0.0000
vn 0.0461 0.9988 -0.0177
vn 0.1138 0.9770 -0.1804
vn -0.3440 0.9390 -0.0000
vn -0.3448 0.9387 -0.0000
vn 0.8558 0.5174 -0.0000
vn 0.9134 0.4065 0.0222
vn 0.9171 0.3980 0.0226
vn 0.3718 0.9283 -0.0000
vn -0.0351 0.9994 -0.0000
vn -0.1310 0.9827 -0.1309
vn -0.1342 0.9818 -0.1343
vn -0.6944 0.7196 -0.0000
vn -0.7963 0.6046 0.0190
vn -0.6916 0.7222 -0.0000
vn 0.6625 0.7491 -0.0000
vn 0.7694 0.6384 0.0207
vn 0.7702 0.6374 0.0206
vn -0.0968 0.9953 -0.0000
vn -0.0000 -0.2815 -0.9596
vn -1.0000 -0.0000 -0.0009
vn -0.4098 -0.8057 0.4278
vn -0.4090 -0.8079 0.4242
vn -0.4099 -0.8053 0.4284
vn -0.4130 0.8038 -0.4282
vn -0.4120 0.8065 -0.4241
vn -0.4131 0.8034 -0.4288
vn -1.0000 0.0008 -0.0005
vn -0.3774 -0.7810 -0.4975
vn -0.3774 -0.7810 -0.4976
vn -0.3775 -0.7810 -0.4976
vn -0.3774 0.7810 0.4975
vn -0.3774 0.7813 0.4971
vn -0.3773 0.7814 0.4970
vn -1.0000 -0.0001 -0.0009
vn -0.3801 -0.7824 0.4934
vn -0.3797 -0.7836 0.4917
vn -0.3802 -0.7822 0.4936
vn -0.3750 0.7838 -0.4950
vn -0.3746 0.7852 -0.4930
vn -0.3751 0.7835 -0.4954
vn -1.0000 0.0007 -0.0006
vn -0.4044 -0.8233 -0.3982
vn -0.4025 -0.8283 -0.3897
vn -0.4022 -0.8290 -0.3885
vn -0.4046 0.8274 0.3895
vn -0.4064 0.8227 0.3976
vn -0.4066 0.8219 0.3988
vn -0.0302 -0.9300 0.3663
vn 0.1094 0.3643 0.9248
vn -0.1370 0.9216 -0.3630
vn -0.1384 -0.3630 -0.9215
vn -0.0363 -0.9993 0.0087
vn -0.0727 -0.9973 0.0087
vn 0.0953 0.0087 0.9954
vn -0.0363 0.9993 -0.0087
vn -0.0727 0.9973 -0.0087
vn -0.0604 -0.0087 -0.9981
vn -0.1205 -0.0087 -0.9927
vn -0.1385 -0.8901 -0.4341
vn 0.1088 -0.4358 0.8935
vn -0.0287 0.8984 0.4382
vn -0.1378 0.4342 -0.8902
vn -0.0000 1.0000 -0.0087
vn -0.0364 -0.9993 0.0087
vn -0.0000 -1.0000 0.0087
vn -0.0000 -0.0087 -1.0000
vn -0.0000 -0.1277 -0.9918
vn -0.4330 -0.0642 -0.8991
vn -0.0000 -0.0641 -0.9979
vn -0.4303 -0.1277 -0.8936
vn -0.7802 -0.0640 -0.6222
vn -0.9669 -0.1277 -0.2207
vn -0.9729 -0.0640 -0.2221
vn -0.9669 -0.1277 0.2207
vn -0.9729 -0.0640 0.2221
vn -0.7802 -0.0639 0.6222
vn -0.4303 -0.1277 0.8936
vn -0.4330 -0.0639 0.8991
vn -0.0000 -0.1277 0.9918
vn -0.0000 -0.0641 0.9979
vn 0.4330 -0.0640 0.8991
vn 0.7754 -0.1277 0.6184
vn 0.7802 -0.0640 0.6222
vn 0.9669 -0.1277 0.2207
vn 0.9729 -0.0640 0.2221
vn 0.9670 -0.1277 -0.2207
vn 0.9729 -0.0640 -0.2221
vn 0.7754 -0.1277 -0.6184
vn 0.7802 -0.0640 -0.6222
vn 0.4330 -0.0640 -0.8991
vn 0.4303 -0.1277 -0.8936
vn -0.6235 -0.0000 -0.7818
vn -0.6235 -0.0000 0.7818
vn 0.2225 -0.0000 0.9749
vn 0.9010 -0.0000 0.4339
vn 0.9010 -0.0000 -0.4339
vn 0.2225 -0.0000 -0.9749
vn 0.1213 -0.0000 -0.9926
vn 0.1210 -0.0000 0.9927
vn 0.7818 -0.0000 -0.6235
vn 0.8527 -0.0000 -0.5223
vn -0.7818 -0.0000 0.6235
vn -0.7025 -0.0000 0.7117
vn -0.4339 -0.0000 -0.9010
vn -0.5400 -0.0000 -0.8416
vn 0.4339 -0.0000 0.9010
vn 0.3186 -0.0000 0.9479
vn -0.9749 -0.0000 0.2225
vn -0.9946 -0.0000 0.1033
vn 0.9749 -0.0000 -0.2225
vn 0.9391 -0.0000 -0.3436
vn 0.7818 -0.0000 0.6235
vn 0.8526 -0.0000 0.5225
vn -0.7818 -0.0000 -0.6235
vn -0.7023 -0.0000 -0.7118
vn -0.4339 -0.0000 0.9010
vn -0.5403 -0.0000 0.8415
vn 0.4339 -0.0000 -0.9010
vn 0.3189 -0.0000 -0.9478
vn -0.9749 -0.0000 -0.2225
vn -0.9946 -0.0000 -0.1037
vn 0.9749 -0.0000 0.2225
vn 0.9390 -0.0000 0.3439
vn 0.1212 -0.0000 -0.9926
vn 0.2406 -0.0000 -0.9706
vn -0.6376 0.7703 -0.0000
vn 0.2406 -0.0000 0.9706
vn 0.6696 -0.7427 -0.0000
vn 0.3187 -0.0000 0.9479
vn 0.1986 -0.0000 0.9801
vn 0.5704 0.7741 -0.2747
vn -0.6385 -0.0000 -0.7696
vn -0.5993 -0.7467 0.2886
vn 0.4169 -0.7435 -0.5228
vn -0.7024 -0.0000 -0.7118
vn -0.6130 -0.0000 -0.7901
vn -0.3970 0.7711 0.4978
vn 0.9106 -0.0000 0.4133
vn -0.1484 -0.7453 0.6500
vn 0.9391 -0.0000 0.3438
vn 0.8881 -0.0000 0.4596
vn 0.1412 0.7728 -0.6188
vn -0.9999 -0.0000 0.0171
vn -0.1484 -0.7453 -0.6500
vn -0.9946 -0.0000 0.1035
vn -0.9999 -0.0000 -0.0171
vn 0.1412 0.7728 0.6188
vn 0.8881 -0.0000 -0.4596
vn 0.4169 -0.7435 0.5228
vn 0.8527 -0.0000 -0.5224
vn 0.9106 -0.0000 -0.4133
vn -0.3970 0.7711 -0.4978
vn -0.6130 -0.0000 0.7901
vn -0.5993 -0.7467 -0.2886
vn -0.5402 -0.0000 0.8415
vn -0.6385 -0.0000 0.7696
vn 0.5704 0.7741 0.2747
vn 0.1986 -0.0000 -0.9801
vn -0.2225 -0.0000 -0.9749
vn -0.9010 -0.0000 -0.4339
vn -0.9010 -0.0000 0.4339
vn -0.2225 -0.0000 0.9749
vn 0.6235 -0.0000 0.7818
vn 0.6235 -0.0000 -0.7818
vn -0.1990 0.5598 -0.8044
vn 0.9715 0.0047 -0.2371
vn 0.1990 -0.5598 0.8044
vn -0.9715 -0.0047 0.2371
vn -0.7564 0.5598 -0.3384
vn 0.4113 0.0047 -0.9115
vn 0.7564 -0.5598 0.3384
vn -0.4113 -0.0047 0.9115
vn -0.7390 0.5598 0.3748
vn -0.4495 0.0047 -0.8933
vn 0.7390 -0.5598 -0.3748
vn 0.4495 -0.0047 0.8933
vn 0.4495 -0.0047 0.8932
vn -0.2019 0.5598 0.8037
vn -0.9691 0.0047 -0.2468
vn 0.2019 -0.5598 -0.8037
vn 0.9691 -0.0047 0.2468
vn 0.5090 0.5598 0.6539
vn -0.7911 0.0047 0.6117
vn -0.5090 -0.5598 -0.6539
vn 0.7911 -0.0047 -0.6117
vn 0.5283 0.5598 -0.6384
vn 0.7684 0.0047 0.6399
vn -0.5283 -0.5598 0.6384
vn -0.7684 -0.0047 -0.6399
vn -0.0000 -0.8794 -0.4760
vn -0.0000 0.8794 -0.4760
vn -0.0000 0.8794 0.4760
vn -0.0000 -0.8794 0.4760
vn -0.6549 -0.7428 0.1390
vn -0.4292 -0.9015 0.0559
vn -0.2309 0.0215 -0.9727
vn -0.3026 0.0556 -0.9515
vn -0.3033 0.0535 -0.9514
vn 0.2954 0.9552 -0.0179
vn 0.5129 0.8532 -0.0947
vn 0.2276 -0.0404 0.9729
vn 0.2858 -0.0827 0.9547
vn 0.2248 -0.0406 0.9735
vn -0.8386 0.4826 0.2528
vn -0.8386 0.4826 0.2529
vn -0.1666 -0.9855 0.0323
vn -0.1610 -0.0190 -0.9868
vn -0.1583 -0.0181 -0.9872
vn 0.0515 0.9986 0.0106
vn 0.2958 0.9551 -0.0165
vn 0.1621 -0.0049 0.9868
vn 0.9529 -0.0185 -0.3027
vn 0.9875 -0.0000 -0.1579
vn 0.3916 0.8701 -0.2994
vn 0.6266 0.7733 -0.0963
vn 0.4051 0.8648 -0.2968
vn 0.6266 -0.7734 -0.0960
vn 0.3916 -0.8702 -0.2990
vn 0.4051 -0.8649 -0.2964
vn 0.2333 0.0002 0.9724
vn -0.7863 -0.6060 0.1203
vn -0.5601 -0.8130 0.1590
vn -0.8265 -0.5521 0.1102
vn -0.5601 0.8131 0.1587
vn -0.7863 0.6060 0.1201
vn -0.8265 0.5521 0.1099
vn -0.9883 -0.0000 0.1527
vn -0.0912 0.0002 0.9958
vn 0.0180 0.9525 -0.3040
vn 0.0180 -0.9526 -0.3035
vn 0.0085 -0.9604 -0.2783
vn 0.0915 -0.0002 -0.9958
vn 0.1866 -0.0002 -0.9824
vn -0.0188 0.9537 -0.3002
vn -0.1093 0.8929 -0.4368
vn -0.0114 0.9597 -0.2809
vn 0.0085 0.9603 -0.2788
vn -0.0188 -0.9538 -0.2998
vn -0.1093 -0.8931 -0.4364
vn -0.1306 -0.8756 -0.4650
vn -0.0114 -0.9598 -0.2804
vn -0.1896 -0.0002 -0.9819
vn -0.0974 -0.0002 -0.9952
vn 0.6234 0.6817 0.3829
vn -0.6161 0.6873 0.3848
vn -0.3219 0.8259 0.4628
vn -0.3220 0.8259 0.4628
vn 0.0004 0.8722 0.4891
vn -0.0337 0.2520 -0.9671
vn -0.1404 -0.1449 -0.9794
vn -0.1428 0.2622 -0.9544
vn 0.0277 -0.0606 -0.9978
vn -0.0627 0.2367 -0.9696
vn -0.0663 -0.1244 -0.9900
vn -0.0747 0.2716 -0.9595
vn -0.0810 -0.1601 -0.9838
vn 0.6118 -0.7813 0.1234
vn 0.3182 -0.9364 0.1477
vn -0.3158 -0.9373 0.1476
vn -0.6064 -0.7855 0.1235
vn 0.3180 -0.9365 0.1478
vn 0.0927 0.5709 -0.8158
vn 0.1540 0.7331 -0.6624
vn -0.2131 0.5424 -0.8127
vn -0.3256 0.6738 -0.6633
vn -0.1840 -0.5383 -0.8224
vn -0.2260 -0.6688 -0.7083
vn 0.1568 -0.4191 -0.8943
vn 0.1459 0.8079 -0.5710
vn -0.1618 0.6272 -0.7619
vn -0.1939 0.7555 -0.6258
vn -0.1199 0.7152 -0.6885
vn -0.0531 0.6326 -0.7726
vn -0.1206 0.7159 -0.6877
vn 0.0538 0.6312 -0.7737
vn -0.0513 0.6313 -0.7739
vn 0.0556 0.6326 -0.7725
vn 0.1250 0.7133 -0.6896
vn 0.1258 0.7140 -0.6887
vn 0.3107 0.7472 0.5875
vn -0.2950 0.7520 0.5894
vn -0.2935 0.7518 0.5905
vn 0.5961 0.6355 0.4908
vn 0.3123 0.7475 0.5863
vn 0.9992 -0.0107 -0.0385
vn 0.9965 0.0024 -0.0835
vn 0.9921 0.0163 -0.1241
vn 0.6828 -0.5638 -0.4646
vn 0.6727 -0.5794 -0.4603
vn 0.6468 -0.6152 -0.4508
vn -0.0003 -0.8161 -0.5779
vn -0.6918 -0.5549 -0.4620
vn -0.6810 -0.5717 -0.4576
vn -0.7149 -0.5148 -0.4732
vn -0.9992 -0.0087 -0.0399
vn -0.9962 0.0052 -0.0864
vn -0.9998 -0.0163 -0.0101
vn -0.5654 0.6531 0.5038
vn 0.0250 0.6391 -0.7687
vn 0.0971 0.6313 -0.7695
vn 0.0282 0.6438 -0.7647
vn -0.0239 0.6391 -0.7688
vn -0.0944 0.6315 -0.7696
vn -0.0447 0.6357 -0.7707
vn 0.0466 0.6356 -0.7706
vn 0.0104 -0.6291 -0.7773
vn 0.0118 -0.6290 -0.7773
vn -0.0672 -0.7413 -0.6678
vn -0.0860 -0.6443 -0.7599
vn 0.0791 -0.6931 -0.7165
vn 0.1569 -0.5825 -0.7975
vn -0.0706 -0.6274 -0.7755
vn 0.0957 -0.6419 -0.7608
vn -0.0716 -0.6273 -0.7755
vn -0.0052 -0.5751 -0.8181
vn 0.0052 -0.5751 -0.8181
vn -0.0050 -0.5752 -0.8180
vn 0.0009 0.8564 -0.5164
vn 0.6499 0.6531 -0.3887
vn 0.6473 0.6540 -0.3915
vn 0.6451 0.6548 -0.3938
vn 1.0000 -0.0031 0.0059
vn 1.0000 -0.0031 0.0073
vn 1.0000 -0.0029 0.0022
vn 0.6921 -0.6113 0.3838
vn 0.6888 -0.6128 0.3873
vn 0.6870 -0.6136 0.3891
vn -0.0183 -0.8471 0.5312
vn -0.0183 -0.8471 0.5311
vn -0.6853 -0.6168 0.3872
vn -0.6817 -0.6184 0.3909
vn -0.6873 -0.6159 0.3851
vn -1.0000 -0.0013 0.0048
vn -1.0000 -0.0013 0.0063
vn -0.9999 -0.0015 0.0105
vn -0.6551 0.6493 -0.3864
vn -0.6524 0.6503 -0.3893
vn -0.6573 0.6485 -0.3840
vn 0.0056 -0.5759 -0.8175
vn 0.0083 -0.5764 -0.8172
vn 0.0042 -0.5762 -0.8173
vn -0.0043 -0.5762 -0.8173
vn -0.0056 -0.5759 -0.8175
vn -0.0084 -0.5764 -0.8172
vn -0.0134 -0.5754 -0.8178
vn 1.0000 0.0008 0.0017
vn 0.8088 -0.3573 -0.4670
vn 1.0000 0.0010 0.0020
vn 0.8087 -0.3575 -0.4672
vn 0.3095 -0.5775 -0.7554
vn -0.3057 -0.5781 -0.7566
vn 0.3094 -0.5775 -0.7555
vn -0.3056 -0.5781 -0.7566
vn -0.8063 -0.3589 -0.4702
vn -0.8065 -0.3588 -0.4700
vn -1.0000 -0.0010 -0.0020
vn -1.0000 -0.0008 -0.0017
vn -0.8088 0.3573 0.4670
vn -0.8087 0.3575 0.4672
vn -0.3095 0.5775 0.7554
vn 0.3057 0.5781 0.7566
vn -0.3094 0.5775 0.7555
vn 0.8063 0.3589 0.4702
vn 0.3056 0.5781 0.7566
vn 0.8064 0.3588 0.4700
vn 0.0004 0.7945 -0.6072
vn 0.0003 0.7945 -0.6072
vn 0.8054 0.3946 0.4423
vn 1.0000 0.0010 0.0018
vn 0.8078 -0.3930 -0.4394
vn 0.3085 -0.6338 -0.7093
vn -0.3047 -0.6344 -0.7104
vn -0.8054 -0.3946 -0.4423
vn -1.0000 -0.0010 -0.0018
vn -0.8078 0.3930 0.4394
vn -0.3085 0.6338 0.7093
vn 0.3047 0.6344 0.7104
vn 0.8076 -0.4283 0.4054
vn 1.0000 0.0012 -0.0005
vn 0.8074 -0.4284 0.4056
vn 0.3079 -0.6913 0.6537
vn 0.3077 -0.6913 0.6537
vn -0.3060 -0.6920 0.6539
vn -0.8062 -0.4302 0.4061
vn -0.3059 -0.6920 0.6539
vn -1.0000 -0.0012 0.0005
vn -0.8064 -0.4301 0.4060
vn -1.0000 -0.0010 0.0003
vn -0.8076 0.4283 -0.4054
vn -0.3079 0.6913 -0.6537
vn -0.8074 0.4284 -0.4056
vn -0.3078 0.6913 -0.6537
vn 0.3060 0.6920 -0.6539
vn 0.8062 0.4302 -0.4061
vn 0.3059 0.6920 -0.6539
vn 0.8064 0.4300 -0.4060
vn 0.0005 -0.6870 -0.7267
vn 0.0005 -0.6869 -0.7267
vn 0.0006 -0.6870 -0.7267
vn 1.0000 0.0007 -0.0001
vn 0.8058 0.3983 -0.4383
vn 0.8062 0.3979 -0.4379
vn 1.0000 0.0013 -0.0008
vn 0.8069 -0.3967 0.4376
vn 0.8074 -0.3963 0.4372
vn 0.3073 -0.6395 0.7047
vn 0.3077 -0.6394 0.7047
vn -0.3054 -0.6401 0.7050
vn -0.8062 -0.3979 0.4378
vn -0.3056 -0.6400 0.7050
vn -1.0000 -0.0007 0.0001
vn -0.8058 -0.3983 0.4383
vn -1.0000 -0.0013 0.0008
vn -0.8069 0.3967 -0.4376
vn -0.8074 0.3963 -0.4371
vn -0.3073 0.6395 -0.7047
vn 0.3054 0.6401 -0.7050
vn -0.3076 0.6394 -0.7047
vn 0.3056 0.6400 -0.7050
vn -0.0019 -0.8982 -0.4396
vn -0.0010 -0.9747 -0.2237
vn -0.0010 0.9746 -0.2241
vn -0.0019 0.8980 -0.4400
vn -0.0000 1.0000 -0.0002
vn -0.0000 -1.0000 0.0002
vn -0.0043 -0.0002 -1.0000
vn -1.0000 0.0060 -0.0000
vn -1.0000 0.0061 0.0001
vn -1.0000 0.0060 -0.0001
vn -0.8559 -0.5172 -0.0000
vn 0.9605 0.2782 -0.0006
vn 0.0001 -1.0000 -0.0000
vn 0.1125 -0.6936 0.7115
vn 0.3155 -0.5938 0.7402
vn 0.1095 -0.6878 0.7176
vn 0.3156 0.5934 0.7404
vn 0.1119 0.6943 0.7110
vn 0.1090 0.6885 0.7170
vn -0.0051 -0.6154 0.7882
vn 0.0200 -0.6017 0.7985
vn 0.0166 -0.5931 0.8050
vn 0.0191 0.6049 0.7960
vn -0.0047 0.6162 0.7876
vn 0.0151 0.5977 0.8016
vn 0.3134 -0.5886 0.7452
vn 0.7286 -0.4141 0.5455
vn 0.3134 0.5886 0.7453
vn 0.7286 0.4141 0.5455
vn 0.7241 0.4118 0.5532
vn 0.8094 -0.4542 0.3722
vn 0.9852 -0.0000 0.1714
vn 0.8433 -0.1993 0.4991
vn 0.8094 0.4542 0.3722
vn 0.8433 0.1993 0.4991
vn -1.0000 -0.0000 0.0004
vn -1.0000 0.0012 -0.0072
vn -1.0000 0.0012 -0.0073
vn -1.0000 -0.0014 -0.0010
vn -0.0910 -0.6018 -0.7935
vn -0.0873 -0.5970 -0.7975
vn -0.0960 -0.6080 -0.7881
vn -0.0867 0.6012 -0.7944
vn -0.0920 0.6080 -0.7886
vn -0.0990 0.6167 -0.7809
vn 0.9990 0.0305 -0.0340
vn 0.9926 0.1146 -0.0404
vn 0.9929 0.1126 -0.0376
vn -0.4247 -0.6992 -0.5752
vn -0.4221 -0.7088 -0.5652
vn -0.4247 -0.6990 -0.5753
vn 0.7010 0.4536 -0.5503
vn 0.8248 0.2153 -0.5229
vn 0.7007 0.4533 -0.5510
vn 0.0546 0.7499 -0.6592
vn 0.0350 0.6143 -0.7883
vn 0.0339 0.6062 -0.7946
vn 0.8251 0.2175 -0.5214
vn -0.1649 -0.9494 0.2674
vn 0.0628 -0.9256 0.3733
vn -0.1556 -0.9508 0.2678
vn -0.8156 0.3270 -0.4774
vn -0.6993 0.7072 -0.1039
vn -0.7013 0.7036 -0.1147
vn 0.4737 0.6437 0.6010
vn 0.3247 0.6798 0.6576
vn -0.8917 -0.3801 -0.2456
vn -0.9064 -0.3611 -0.2194
vn -0.8912 -0.3807 -0.2465
vn -0.1350 -0.3640 -0.9216
vn -0.0866 -0.6150 -0.7838
vn -0.0788 -0.6475 -0.7580
vn 0.0381 0.9989 0.0257
vn 0.0367 0.9991 0.0227
vn 0.0400 0.9987 0.0300
vn -0.5527 -0.7812 0.2904
vn -0.5512 -0.7773 0.3035
vn -0.5491 -0.7717 0.3210
vn 0.9281 0.3416 0.1478
vn 0.9683 0.1968 0.1538
vn 0.9340 0.3016 0.1913
vn 0.4436 0.7949 -0.4140
vn 0.4775 0.7974 -0.3690
vn 0.7520 -0.5924 0.2890
vn 0.9485 0.2752 0.1569
vn 0.7704 -0.5612 0.3025
vn -0.0893 0.5955 0.7984
vn -0.0770 0.5973 0.7983
vn -0.0767 0.5973 0.7983
vn -0.5413 0.2288 -0.8091
vn 0.0883 0.7058 -0.7029
vn -0.4449 0.3294 -0.8328
vn -0.1864 -0.9778 -0.0955
vn 0.0470 -0.9988 0.0101
vn -0.1824 -0.9788 -0.0935
vn 0.8559 0.3610 0.3704
vn 0.9049 0.3942 0.1603
vn 0.8918 0.4252 0.1545
vn 0.9815 0.1907 -0.0142
vn 0.9815 0.1907 -0.0141
vn 0.1673 0.6539 -0.7378
vn -0.6286 -0.6649 0.4033
vn -0.1341 0.3778 -0.9161
vn 0.0870 -0.6028 -0.7931
vn 0.0804 -0.6042 -0.7928
vn 0.0803 -0.6042 -0.7927
vn 0.2553 -0.5309 0.8080
vn -0.0100 -0.6910 0.7227
vn -0.0000 -0.6851 0.7284
vn -0.0855 0.9961 -0.0213
vn -0.1359 0.9899 -0.0414
vn -0.0852 0.9961 -0.0213
vn 0.9291 0.1860 0.3197
vn 0.9235 0.3510 0.1545
vn 0.9273 0.1877 0.3239
vn 0.9429 0.3328 0.0103
vn 0.9261 0.3361 0.1712
vn 0.9453 0.3262 0.0053
vn 0.9501 0.0784 0.3021
vn 0.5927 0.7589 -0.2697
vn 0.7487 0.6617 -0.0411
vn -0.0061 -0.9998 -0.0201
vn -0.0043 -0.9999 -0.0112
vn -0.0025 -1.0000 -0.0015
vn 0.1314 0.6359 0.7605
vn 0.1507 0.4863 0.8607
vn 0.1311 0.6375 0.7592
vn 0.5759 0.7537 -0.3167
vn 0.6923 0.7202 -0.0456
vn 0.6909 0.7215 -0.0456
vn 0.9830 0.0441 0.1783
vn -0.9073 -0.4165 0.0585
vn -0.9084 -0.4130 0.0650
vn -0.9020 -0.4303 0.0340
vn -0.0526 -0.4422 0.8954
vn 0.0822 -0.6136 0.7853
vn -0.9198 0.3894 0.0481
vn -0.9247 0.3278 0.1936
vn -0.9181 0.3947 0.0349
vn -0.4251 -0.8976 -0.1162
vn -0.4248 -0.8977 -0.1166
vn 0.0288 -0.7175 0.6960
vn 0.2683 -0.7697 0.5793
vn 0.0287 -0.7174 0.6960
vn 0.0287 0.7173 0.6962
vn 0.1784 0.6432 0.7446
vn 0.1775 0.6418 0.7460
vn 0.3732 0.6745 0.6370
vn 0.3745 0.6744 0.6364
vn 0.4966 -0.8202 0.2840
vn 0.2698 -0.8564 0.4403
vn 0.5157 -0.8566 0.0175
vn -0.0025 -0.7155 0.6986
vn -0.0024 0.7156 0.6985
vn -0.0024 0.7154 0.6987
vn 0.7335 -0.0021 0.6797
vn 0.7357 0.0028 0.6773
vn 0.7419 0.0168 0.6703
vn 0.0406 0.9992 -0.0026
vn -0.0018 1.0000 -0.0025
vn 0.0418 0.9991 -0.0020
vn 0.0407 -0.9992 -0.0020
vn -0.0019 -1.0000 -0.0018
vn -0.0038 -1.0000 -0.0025
vn 0.2808 0.9598 -0.0031
vn 0.2823 0.9593 -0.0021
vn 0.0421 -0.9991 -0.0016
vn 0.2999 -0.9540 -0.0023
vn 0.3643 -0.9192 0.1493
vn 1.0000 0.0047 -0.0002
vn 1.0000 0.0027 -0.0003
vn 1.0000 0.0048 -0.0002
vn 0.4704 0.8825 -0.0030
vn 0.5059 -0.8626 -0.0023
vn -0.8552 -0.5183 -0.0001
vn -0.5120 -0.8590 -0.0003
vn -0.5125 -0.8587 -0.0001
vn 0.6846 -0.7289 0.0053
vn 0.3111 -0.9504 0.0001
vn 0.7082 -0.7059 0.0133
vn -0.7035 0.7105 -0.0125
vn -0.6885 0.7252 -0.0051
vn -0.3109 0.9504 -0.0001
vn 0.1041 0.9946 -0.0000
vn 0.5121 0.8589 -0.0001
vn -0.2272 -0.9581 -0.1745
vn 0.0879 -0.9039 -0.4185
vn 0.0951 -0.9781 -0.1852
vn -0.5319 -0.8343 -0.1449
vn -0.2270 -0.8839 -0.4088
vn -0.7882 -0.6078 -0.0970
vn -0.5238 -0.7606 -0.3835
vn -0.9309 -0.2281 -0.2854
vn -0.9557 -0.2924 -0.0345
vn -0.9677 0.1244 -0.2194
vn -0.9968 0.0716 0.0346
vn -0.8731 0.4624 -0.1543
vn -0.9006 0.4233 0.0984
vn -0.6710 0.7345 -0.1013
vn -0.6913 0.7074 0.1471
vn -0.4004 0.9138 -0.0676
vn -0.4104 0.8947 0.1762
vn -0.0951 0.9781 0.1851
vn 0.2272 0.9581 0.1745
vn -0.0966 0.9937 -0.0560
vn 0.5319 0.8343 0.1449
vn 0.2139 0.9746 -0.0670
vn 0.7882 0.6078 0.0970
vn 0.5072 0.8560 -0.0998
vn 0.9557 0.2924 0.0344
vn 0.7539 0.6391 -0.1521
vn 0.9968 -0.0716 -0.0347
vn 0.9160 0.3368 -0.2178
vn 0.9006 -0.4233 -0.0984
vn 0.9580 -0.0139 -0.2865
vn 0.6677 -0.6349 -0.3888
vn 0.6913 -0.7074 -0.1472
vn 0.3955 -0.8207 -0.4124
vn 0.4104 -0.8947 -0.1762
vn -0.2008 -0.9587 0.2015
vn -0.4785 -0.8456 0.2365
vn -0.7127 -0.6387 0.2899
vn -0.8642 -0.3539 0.3577
vn -0.9031 -0.0224 0.4288
vn -0.8192 0.3001 0.4887
vn -0.6310 0.5670 0.5295
vn -0.3735 0.7448 0.5530
vn -0.0804 0.8266 0.5570
vn 0.2204 0.8063 0.5488
vn 0.5023 0.6883 0.5234
vn 0.7363 0.4730 0.4839
vn 0.8856 0.1807 0.4278
vn 0.9202 -0.1531 0.3603
vn 0.8316 -0.4712 0.2940
vn 0.6398 -0.7301 0.2400
vn 0.3842 -0.9006 0.2033
vn 0.0899 -0.9784 0.1859
vn 0.0537 -0.8462 0.5301
vn -0.0912 -0.6286 0.7723
vn -0.1569 -0.8461 0.5094
vn -0.4135 -0.7162 0.5623
vn -0.2165 -0.5322 0.8185
vn -0.3522 -0.4594 0.8154
vn -0.5641 -0.5779 0.5898
vn -0.6801 -0.3042 0.6671
vn -0.3997 -0.2951 0.8678
vn -0.4574 -0.1410 0.8780
vn -0.7032 -0.0844 0.7060
vn -0.6126 0.1995 0.7648
vn -0.3969 0.0287 0.9174
vn -0.3347 0.1874 0.9235
vn -0.4891 0.3797 0.7852
vn -0.2567 0.5306 0.8078
vn -0.1861 0.2786 0.9422
vn -0.0340 0.3493 0.9364
vn -0.0572 0.5875 0.8072
vn 0.2128 0.5607 0.8002
vn 0.1282 0.3138 0.9408
vn 0.2907 0.2580 0.9214
vn 0.4027 0.4785 0.7803
vn 0.6079 0.2697 0.7468
vn 0.3823 0.1172 0.9166
vn 0.4751 -0.0352 0.8792
vn 0.7040 0.0759 0.7061
vn 0.7236 -0.2366 0.6484
vn 0.4493 -0.1995 0.8708
vn 0.4352 -0.3722 0.8198
vn 0.6701 -0.4425 0.5960
vn 0.4789 -0.6843 0.5499
vn 0.3155 -0.4739 0.8221
vn 0.2107 -0.5962 0.7747
vn 0.3187 -0.7972 0.5127
vn 0.0581 -0.5979 0.7995
vn 0.9849 -0.0325 0.1703
vn 0.9194 0.2302 0.3190
vn 0.9871 -0.0271 0.1579
vn 0.8098 0.5101 0.2898
vn 0.8128 0.5112 0.2792
vn 0.7270 -0.6829 0.0717
vn 0.8670 -0.4570 0.1988
vn 0.7305 -0.6802 0.0610
vn 0.9668 -0.1726 0.1884
vn 0.9683 -0.1739 0.1792
vn 0.1614 -0.9860 0.0417
vn 0.3986 -0.9096 0.1177
vn 0.1642 -0.9859 0.0330
vn 0.6268 -0.7744 0.0860
vn 0.6259 -0.7761 0.0777
vn -0.4574 -0.8852 0.0854
vn -0.2129 -0.9701 0.1165
vn -0.4562 -0.8865 0.0774
vn 0.0315 -0.9987 0.0409
vn 0.0288 -0.9991 0.0322
vn -0.9046 -0.3828 0.1874
vn -0.7492 -0.6327 0.1959
vn -0.9058 -0.3845 0.1783
vn -0.5707 -0.8182 0.0698
vn -0.5746 -0.8163 0.0593
vn -0.9005 0.3206 0.2937
vn -0.9472 0.0185 0.3201
vn -0.9038 0.3210 0.2832
vn -0.9529 -0.2519 0.1689
vn -0.9563 -0.2471 0.1565
vn -0.4395 0.8308 0.3415
vn -0.6595 0.6307 0.4089
vn -0.4435 0.8333 0.3300
vn -0.8608 0.4301 0.2721
vn -0.6551 0.6229 0.4277
vn 0.1496 0.9293 0.3376
vn -0.0870 0.8950 0.4376
vn 0.1471 0.9341 0.3253
vn -0.3274 0.8818 0.3395
vn -0.3264 0.8869 0.3270
vn 0.7488 0.6057 0.2691
vn 0.5283 0.7470 0.4036
vn 0.7477 0.6125 0.2566
vn 0.2923 0.8938 0.3403
vn 0.2947 0.8973 0.3287
vn 0.2902 0.6002 -0.7453
vn 0.1012 0.6151 -0.7819
vn 0.1338 0.7232 -0.6776
vn 0.3944 0.4423 -0.8055
vn 0.2339 0.5445 -0.8055
vn 0.5515 0.2900 -0.7822
vn 0.4983 0.4937 -0.7127
vn 0.5384 0.1324 -0.8322
vn 0.4696 0.2974 -0.8313
vn 0.7441 -0.1567 -0.6495
vn 0.5433 0.0310 -0.8390
vn 0.7920 0.0549 -0.6081
vn 0.6523 -0.3464 -0.6742
vn 0.4108 -0.3199 -0.8537
vn 0.5532 0.0423 -0.8320
vn 0.3635 -0.6894 -0.6266
vn 0.5863 -0.5501 -0.5946
vn 0.0519 -0.5218 -0.8515
vn 0.2513 -0.4446 -0.8597
vn -0.1793 -0.7635 -0.6205
vn 0.0487 -0.8090 -0.5858
vn -0.3370 -0.4051 -0.8499
vn -0.1577 -0.4907 -0.8570
vn -0.5624 -0.4862 -0.6688
vn -0.4574 -0.6663 -0.5889
vn -0.7005 -0.4294 -0.5701
vn -0.5369 -0.0949 -0.8383
vn -0.3825 -0.3567 -0.8523
vn -0.5987 0.1549 -0.7859
vn -0.5524 0.0056 -0.8336
vn -0.6222 -0.2045 -0.7557
vn -0.4748 0.3441 -0.8100
vn -0.5195 0.1836 -0.8345
vn -0.4056 0.5217 -0.7505
vn -0.5897 0.3683 -0.7188
vn -0.2198 0.5800 -0.7844
vn -0.3371 0.4810 -0.8094
vn -0.0683 0.6776 -0.7322
vn -0.2763 0.6781 -0.6810
vn -0.0595 0.6002 -0.7976
vn -0.4116 0.9095 0.0586
vn -0.6904 0.7200 0.0702
vn -0.6897 0.7232 0.0357
vn -0.0994 0.9926 0.0702
vn -0.4124 0.9030 0.1209
vn 0.2211 0.9678 0.1204
vn 0.2188 0.9739 0.0610
vn 0.5228 0.8495 0.0704
vn 0.5213 0.8526 0.0357
vn 0.7793 0.6265 -0.0086
vn 0.7794 0.6265 -0.0038
vn 0.9425 0.3160 -0.1090
vn 0.9494 0.3092 -0.0544
vn 0.9760 -0.0419 -0.2139
vn 0.9924 -0.0606 -0.1074
vn 0.8180 -0.2889 -0.4974
vn 0.8962 -0.4162 -0.1538
vn 0.6868 -0.7025 -0.1865
vn 0.4088 -0.8892 -0.2053
vn 0.0977 -0.9730 -0.2092
vn -0.2194 -0.9538 -0.2053
vn -0.5214 -0.8324 -0.1878
vn -0.7811 -0.6056 -0.1524
vn -0.9516 -0.2877 -0.1078
vn -0.7337 -0.4671 -0.4935
vn -0.9947 0.0817 -0.0629
vn -0.9398 -0.2659 -0.2148
vn -0.8994 0.4371 -0.0112
vn -0.9896 0.0906 -0.1119
vn -0.8991 0.4377 -0.0106
vn 0.4096 -0.9123 -0.0018
vn 0.6886 -0.7252 -0.0015
vn 0.8994 -0.4370 -0.0010
vn 0.9972 -0.0747 -0.0004
vn 0.9532 0.3022 0.0003
vn 0.7800 0.6258 0.0008
vn 0.5198 0.8543 0.0013
vn 0.2167 0.9762 0.0015
vn -0.0999 0.9950 0.0018
vn -0.4097 0.9122 0.0015
vn -0.6887 0.7250 0.0013
vn -0.8998 0.4363 0.0009
vn -0.9972 0.0742 0.0003
vn -0.9532 -0.3023 -0.0004
vn -0.7798 -0.6261 -0.0010
vn -0.5197 -0.8543 -0.0015
vn -0.2170 -0.9762 -0.0017
vn 0.0995 -0.9950 -0.0018
vn -0.0771 0.7365 0.6721
vn 0.2295 0.7014 0.6748
vn 0.2296 0.7018 0.6744
vn 0.3761 -0.6307 0.6788
vn 0.6246 -0.3782 0.6833
vn 0.3760 -0.6306 0.6789
vn 0.5106 0.5210 0.6839
vn 0.5103 0.5208 0.6843
vn 0.7468 -0.0064 0.6650
vn 0.6252 -0.3784 0.6826
vn 0.7495 -0.0063 0.6619
vn 0.0772 -0.7378 0.6706
vn -0.2298 -0.7025 0.6736
vn -0.7130 0.0064 0.7011
vn -0.6083 0.3694 0.7025
vn -0.6082 0.3693 0.7027
vn 0.7170 0.2064 0.6658
vn 0.7139 0.0044 0.7002
vn 0.7179 0.2064 0.6648
vn -0.5034 -0.5187 0.6910
vn -0.7285 -0.2051 0.6536
vn -0.7310 -0.2056 0.6506
vn 0.0773 -0.7377 0.6707
vn -0.6771 -0.1900 0.7109
vn -0.7121 0.0065 0.7021
vn 0.6991 0.2001 0.6864
vn -0.3739 0.6285 0.6820
vn -0.3740 0.6286 0.6819
vn -0.7185 -0.0016 0.6955
vn -0.5028 -0.5183 0.6918
vn 0.6983 0.7158 0.0002
vn 0.9617 0.2741 0.0001
vn 0.3110 0.9504 0.0001
vn 0.6978 0.7163 0.0002
vn -0.1042 0.9946 0.0001
vn 0.3109 0.9504 0.0001
vn -0.5117 0.8592 0.0001
vn -0.5119 0.8591 0.0002
vn -0.8544 0.5196 0.0005
vn -0.0000 0.0003 1.0000
vn 0.0001 0.0003 1.0000
vn 0.0002 0.0003 1.0000
vn 0.0003 -0.0001 1.0000
vn 0.0004 -0.0001 1.0000
vn -0.0003 -0.0005 1.0000
vn -0.0002 0.0002 1.0000
vn -0.0006 -0.0007 1.0000
vn -0.0001 0.0003 1.0000
vn 0.8554 -0.5179 0.0003
vn 1.0000 0.0036 -0.0001
vn 0.5118 -0.8591 0.0002
vn 0.8546 -0.5193 -0.0002
vn 0.1042 -0.9946 0.0002
vn 0.5117 -0.8592 0.0002
vn -0.3109 -0.9504 0.0002
vn -0.6979 -0.7162 0.0002
vn -0.6982 -0.7159 0.0002
vn 0.0004 -0.0005 1.0000
vn -0.0002 -0.0014 1.0000
vn -0.0001 -0.0014 1.0000
vn -0.0000 0.0011 1.0000
vn -0.8228 -0.0000 0.5684
vn -0.9004 -0.0000 0.4350
vn -0.8227 -0.0000 0.5685
vn 0.0018 -0.9997 0.0256
vn -0.0020 -0.9995 0.0312
vn 0.8692 0.4026 0.2871
vn 0.8335 0.0884 0.5454
vn 0.8707 0.3992 0.2873
vn -0.8458 0.5335 -0.0023
vn -0.8485 0.5202 0.0977
vn -0.8409 0.5329 0.0945
vn -0.0017 0.9997 -0.0262
vn -0.0001 0.9998 0.0188
vn 0.0004 0.0200 0.9998
vn 0.0004 0.0201 0.9998
vn 0.0005 0.0201 0.9998
vn -0.0000 0.9998 0.0220
vn -0.0001 0.9889 -0.1483
vn -0.0001 0.9998 0.0220
vn 0.9164 0.0092 0.4001
vn 0.9956 0.0023 0.0933
vn 0.9956 0.0023 0.0934
vn -0.9696 0.0052 0.2448
vn -0.9935 0.0025 0.1142
vn -0.0000 -0.9998 -0.0221
vn -0.0000 -0.9889 0.1484
vn 0.0001 -0.9889 0.1483
vn 0.0001 -0.9394 0.3429
vn -0.9610 0.0060 0.2765
vn 0.9993 -0.0008 -0.0364
vn -0.0000 0.9394 -0.3427
vn -0.0000 0.9889 -0.1484
vn 0.2649 -0.9639 -0.0251
vn -0.0006 -0.9995 -0.0321
vn 0.2681 -0.9629 -0.0301
vn 0.0007 -0.2546 0.9671
vn 0.0008 0.3576 0.9339
vn -0.9977 0.0675 0.0018
vn -1.0000 -0.0006 -0.0002
vn -0.9980 0.0628 0.0054
vn 0.9846 -0.1714 0.0340
vn 0.7768 -0.6292 -0.0286
vn 0.7854 -0.6168 -0.0529
vn -0.9946 -0.1014 0.0232
vn -0.9992 -0.0373 0.0174
vn -0.9971 -0.0676 0.0342
vn -0.9976 -0.0689 0.0074
vn -0.9908 0.1351 0.0050
vn 0.0002 0.3507 0.9365
vn -0.0002 0.6507 0.7594
vn -0.0029 -0.8407 0.5415
vn 0.0034 -0.8548 0.5189
vn 0.9846 -0.1745 0.0113
vn 0.9999 -0.0040 0.0154
vn 0.2420 0.9437 -0.2256
vn 0.4656 0.8675 -0.1751
vn 0.4977 0.8587 -0.1221
vn 0.7850 0.6145 -0.0785
vn 0.8749 0.4573 -0.1595
vn -0.0025 -0.2527 -0.9675
vn -0.0037 -0.2519 0.9677
vn 0.2156 -0.3800 0.8995
vn 0.2233 0.4227 0.8784
vn 0.2229 0.4228 -0.8784
vn 0.2161 -0.3799 -0.8994
vn 0.1458 -0.1828 -0.9723
vn 0.9489 -0.3155 -0.0122
vn 0.7872 -0.6164 0.0158
vn 0.7871 -0.6166 0.0155
vn 0.7871 -0.6166 -0.0156
vn 0.9489 -0.3155 0.0122
vn 0.7872 -0.6165 -0.0158
vn 0.9584 0.2853 -0.0117
vn -0.0153 0.2330 0.9724
vn -0.0023 -0.2629 0.9648
vn -0.2686 0.3548 -0.8955
vn -0.0046 0.2401 -0.9707
vn -0.0597 -0.2562 -0.9648
vn -0.2930 -0.9561 -0.0000
vn -0.0005 -0.5591 -0.8291
vn -0.0005 -0.5592 0.8291
vn -0.0009 0.5059 0.8626
vn 0.6398 0.7673 -0.0442
vn -0.0006 -0.2637 0.9646
vn -0.0006 0.2961 0.9552
vn 0.0006 -0.2913 -0.9566
vn 0.6680 -0.5997 0.4405
vn 0.5641 -0.1846 0.8048
vn 0.5389 -0.1262 0.8329
vn 0.5881 -0.8085 0.0222
vn 0.6826 -0.5755 -0.4504
vn 0.5692 -0.8180 0.0833
vn 1.0000 0.0016 -0.0003
vn 1.0000 0.0017 -0.0014
vn -0.0007 -0.2641 -0.9645
vn 0.7246 0.5719 -0.3845
vn 0.0006 0.2610 0.9653
vn 0.0003 0.7343 -0.6788
vn 0.0003 0.7345 -0.6786
vn 0.0002 -0.7347 -0.6784
vn 0.0003 -0.7343 0.6789
vn 0.0003 0.7343 0.6789
vn 1.0000 0.0001 0.0009
vn 0.0006 0.7345 0.6786
vn 0.0006 0.7343 0.6788
vn 0.0006 -0.7348 -0.6783
vn 0.1984 -0.9801 0.0071
vn 0.2074 -0.8806 0.4260
vn 0.2146 -0.5853 0.7819
vn 0.2199 -0.1285 0.9670
vn 0.0013 0.3794 0.9252
vn 0.2110 0.7561 0.6196
vn 0.2052 0.9539 0.2189
vn 0.2051 0.9545 -0.2163
vn 0.2108 0.7570 -0.6185
vn 0.2178 0.3716 -0.9025
vn 0.0013 -0.1302 -0.9915
vn 0.2199 -0.1254 -0.9674
vn 0.2146 -0.5830 -0.7836
vn 0.2075 -0.8794 -0.4285
vn 0.4019 0.8928 0.2035
vn 0.4020 0.8927 -0.2035
vn 0.4181 -0.5433 -0.7280
vn 0.4181 -0.5433 0.7280
vn 1.0000 0.0083 -0.0000
vn 1.0000 -0.0061 -0.0051
vn 0.6313 0.5999 0.4915
vn 0.6430 0.2902 -0.7087
vn 0.6449 -0.0999 -0.7578
vn 0.6190 -0.7067 -0.3427
vn 0.6190 -0.7065 0.3431
vn 0.6190 -0.7066 0.3428
vn 0.6337 -0.4628 0.6199
vn 0.9999 -0.0077 -0.0063
vn 0.9999 -0.0077 0.0063
vn 1.0000 -0.0037 0.0089
vn 1.0000 0.0012 0.0095
vn 0.9999 0.0091 0.0044
vn 0.9999 0.0104 -0.0000
vn 0.0001 0.5980 -0.8015
vn 0.0001 0.1301 -0.9915
vn 0.0001 0.5980 0.8015
vn 0.0008 -0.9686 0.2485
vn -0.9738 0.2201 -0.0565
vn -0.0097 0.2881 0.9576
vn -0.0161 0.2870 0.9578
vn -0.0084 0.2883 0.9575
vn 0.9990 -0.0422 0.0108
vn -0.0161 -0.2852 -0.9583
vn -0.0097 -0.2841 -0.9587
vn -0.0084 -0.2839 -0.9588
vn 0.0013 0.9687 -0.2484
vn 0.0013 0.9686 -0.2485
vn 0.1857 -0.0829 0.9791
vn 0.0024 0.0202 0.9998
vn 0.9975 -0.0004 -0.0701
vn 0.9967 0.0292 -0.0757
vn 0.9965 0.0345 -0.0767
vn -0.9988 0.0495 0.0049
vn -0.9999 0.0161 -0.0051
vn -1.0000 0.0045 -0.0083
vn 0.0054 0.0681 0.9977
vn -0.0009 0.0362 0.9993
vn -0.0020 0.0302 0.9995
vn 0.6448 0.0610 0.7619
vn 0.5819 0.0158 0.8131
vn 0.6430 0.0699 0.7626
vn 0.5825 0.0128 0.8127
vn 0.5081 -0.0008 0.8613
vn -0.9913 0.1223 0.0481
vn -0.9996 0.0218 0.0152
vn -0.9997 0.0208 0.0139
vn 0.0024 0.6032 0.7976
vn 0.0028 0.6032 0.7976
vn 1.0000 -0.0060 0.0047
vn 1.0000 -0.0033 0.0003
vn 1.0000 -0.0045 0.0051
vn -0.1217 0.6646 0.7372
vn -0.1549 0.4928 0.8563
vn -0.1618 0.4746 0.8652
vn 0.1462 0.4073 0.9015
vn 0.1438 0.4188 0.8966
vn 0.1465 0.4055 0.9023
vn -0.9873 0.0478 0.1515
vn -0.9873 0.0477 0.1514
vn 0.3653 0.8368 -0.4079
vn 0.9873 -0.0754 -0.1402
vn 0.9873 -0.0753 -0.1401
vn 0.0487 -0.9265 0.3731
vn -0.1435 -0.4189 -0.8966
vn -0.1459 -0.4074 -0.9015
vn -0.1463 -0.4056 -0.9023
vn 0.0293 0.9634 -0.2665
vn 0.0293 0.9634 0.2666
vn 0.0323 0.9397 0.3404
vn 0.0564 0.3732 0.9261
vn 0.0323 0.9399 -0.3400
vn 1.0000 0.0002 0.0001
vn 1.0000 0.0001 -0.0001
vn -0.0780 0.0069 0.9969
vn 0.1448 -0.0473 0.9883
vn 0.1455 -0.0525 0.9880
vn 0.0156 -0.9944 -0.1044
vn 0.7507 -0.0054 0.6606
vn 0.8344 0.0813 0.5451
vn 0.7507 -0.0056 0.6606
vn -0.8451 0.5346 -0.0029
vn -0.9650 0.2551 -0.0612
vn -0.9776 0.2026 -0.0564
vn -0.7254 -0.0002 0.6884
vn 0.0018 0.9995 -0.0312
vn -0.0162 0.9945 0.1038
vn 0.9708 -0.0011 -0.2399
vn 0.9708 -0.0005 -0.2398
vn -0.0177 0.9703 0.2412
vn -0.0232 0.9824 0.1852
vn -0.0019 0.9997 0.0224
vn 0.0173 -0.9704 -0.2407
vn 0.0224 -0.9822 -0.1864
vn 0.0011 -0.9997 -0.0234
vn 0.9376 0.3419 -0.0628
vn -0.9997 0.0247 0.0074
vn -0.9999 -0.0058 0.0139
vn -0.9995 0.0310 0.0062
vn -0.3536 0.0008 -0.9354
vn -0.3531 -0.0023 -0.9356
vn -0.3530 -0.0028 -0.9356
vn -1.0000 0.0017 0.0039
vn -1.0000 0.0005 0.0009
vn -0.3485 0.0009 -0.9373
vn -0.3482 -0.0062 -0.9374
vn -0.3481 -0.0064 -0.9374
vn -0.9454 0.2637 0.1913
vn -0.2436 -0.0002 -0.9699
vn -0.2436 -0.0001 -0.9699
vn 0.3667 0.9203 0.1362
vn 0.3577 0.8880 0.2890
vn 0.2807 0.8476 0.4504
vn 0.2296 0.9506 0.2090
vn 0.1550 0.9314 0.3293
vn -0.2801 0.9548 -0.0997
vn -0.2683 0.9349 -0.2325
vn -0.2787 0.9553 -0.0989
vn 0.4150 0.5858 -0.6962
vn 0.4082 0.5596 -0.7212
vn 0.4081 0.5593 -0.7215
vn 0.3709 0.9171 0.1461
vn 0.3717 0.9173 0.1427
vn 0.3625 0.8852 0.2914
vn 0.1311 0.6426 0.7549
vn -0.0061 0.4848 0.8746
vn -0.0918 0.5753 0.8128
vn 0.0555 0.5736 0.8172
vn 0.0526 0.5544 0.8306
vn 0.0526 0.5538 0.8310
vn 0.0622 0.4517 0.8900
vn 0.2617 0.6486 0.7147
vn 0.8065 0.4705 0.3580
vn 0.8061 0.4707 0.3587
vn -0.3573 -0.3981 0.8449
vn -0.3590 -0.4028 0.8420
vn 0.1184 0.9861 0.1166
vn 0.1184 0.9854 0.1220
vn 0.0573 0.4824 0.8741
vn 0.1302 0.5582 0.8194
vn -0.1608 0.6012 0.7827
vn -0.0273 0.6345 0.7725
vn -0.0312 0.5929 0.8047
vn -0.0267 0.5774 0.8160
vn -0.0374 0.7497 0.6608
vn -0.0649 0.5297 0.8457
vn -0.0512 0.5448 0.8370
vn -0.8803 -0.0544 0.4712
vn -0.8896 -0.0666 0.4518
vn -0.8897 -0.0668 0.4516
vn 0.1162 0.9828 -0.1432
vn 0.1169 0.9848 -0.1287
vn 0.1162 0.9828 -0.1434
vn 0.9299 0.2197 0.2951
vn 0.9233 0.2287 0.3085
vn 0.9301 0.2193 0.2946
vn 0.0611 -0.6433 0.7632
vn 0.0605 -0.6315 0.7730
vn 0.0605 -0.6313 0.7732
vn 0.0621 0.4758 0.8773
vn 0.0430 0.4969 0.8667
vn 0.1067 0.4245 0.8991
vn 0.1396 0.9691 0.2034
vn -0.0852 0.9964 -0.0001
vn -0.0931 0.9673 0.2359
vn -0.0638 0.6573 -0.7509
vn -0.0634 0.6544 -0.7534
vn -0.0634 0.6544 -0.7535
vn 0.2307 0.7257 -0.6482
vn 0.4672 0.2644 -0.8437
vn 0.4720 0.3034 -0.8277
vn 0.4430 0.8730 -0.2039
vn 0.4492 0.8608 -0.2393
vn 0.5810 0.7975 0.1627
vn 0.4445 0.8718 -0.2059
vn 0.5803 0.8027 -0.1376
vn 0.2314 0.7026 0.6729
vn 0.4434 0.8657 0.2322
vn 0.4497 0.8523 0.2673
vn 0.4677 0.2327 0.8527
vn 0.4728 0.2724 0.8380
vn 0.6083 -0.1841 0.7721
vn 0.4692 0.2350 0.8512
vn 0.6083 0.1560 0.7782
vn 0.2308 -0.7257 0.6482
vn 0.4672 -0.2645 0.8437
vn 0.4722 -0.3034 0.8276
vn 0.4430 -0.8730 0.2039
vn 0.4492 -0.8608 0.2393
vn 0.5811 -0.7974 -0.1627
vn 0.4445 -0.8718 0.2059
vn 0.5803 -0.8027 0.1376
vn 0.2313 -0.7026 -0.6730
vn 0.4434 -0.8657 -0.2322
vn 0.4497 -0.8522 -0.2673
vn 0.4677 -0.2327 -0.8527
vn 0.4727 -0.2723 -0.8381
vn 0.6082 0.1841 -0.7722
vn 0.4692 -0.2350 -0.8512
vn 0.6082 -0.1559 -0.7783
vn 0.2344 -0.7250 0.6476
vn -0.0134 -0.8840 0.4673
vn 0.2141 -0.8639 0.4560
vn -0.0134 -0.8678 -0.4967
vn 0.2350 -0.7019 -0.6724
vn 0.2146 -0.8480 -0.4846
vn -0.0143 -0.5255 -0.8507
vn 0.2221 -0.5119 -0.8298
vn -0.0142 0.5559 -0.8311
vn 0.2344 0.7250 -0.6476
vn 0.2216 0.5416 -0.8109
vn -0.0133 0.8840 -0.4673
vn 0.2142 0.8639 -0.4559
vn -0.0134 0.8678 0.4966
vn 0.2350 0.7020 0.6723
vn 0.2146 0.8480 0.4846
vn -0.0139 0.5256 0.8506
vn 0.2224 0.5119 0.8298
vn -0.0139 -0.5560 0.8311
vn 0.2218 -0.5417 0.8108
vn -0.9772 0.0029 0.2123
vn -0.8294 -0.0105 0.5585
vn 0.0486 -0.9968 -0.0636
vn -0.1316 -0.9903 -0.0443
vn 0.0539 -0.9963 -0.0667
vn 0.8241 0.0107 -0.5663
vn -0.1315 0.9912 -0.0118
vn 0.0486 0.9983 -0.0314
vn 0.0539 0.9980 -0.0345
vn 0.0517 0.0743 -0.9959
vn -0.1487 0.0904 -0.9847
vn 0.0574 0.0778 -0.9953
vn 0.8028 0.5961 0.0097
vn -0.1489 0.0593 0.9871
vn 0.0516 0.0366 0.9980
vn 0.0573 0.0401 0.9976
vn -0.9736 -0.2284 0.0026
vn -0.8083 -0.5886 -0.0095
vn -0.8084 -0.5886 -0.0096
vn -0.9736 0.2284 -0.0026
vn -0.8084 0.5886 0.0095
vn -0.8084 0.5886 0.0096
vn 0.0517 -0.0747 0.9959
vn -0.1582 -0.1057 0.9817
vn 0.0573 -0.0781 0.9953
vn 0.8028 -0.5961 -0.0097
vn -0.1585 -0.0753 -0.9845
vn 0.0516 -0.0370 -0.9980
vn 0.0572 -0.0405 -0.9975
vn 0.0477 0.9968 0.0645
vn -0.1621 0.9802 0.1133
vn 0.0530 0.9963 0.0675
vn 0.8243 -0.0107 0.5660
vn -0.1624 -0.9828 0.0883
vn 0.0476 -0.9983 0.0322
vn 0.0528 -0.9980 0.0352
vn -0.9772 -0.0029 -0.2121
vn -0.8294 0.0106 -0.5585
vn -0.8294 0.0107 -0.5585
vn -0.1957 0.9783 -0.0681
vn -0.1200 0.9926 -0.0178
vn -0.0191 -0.0189 0.9996
vn -0.0189 -0.0190 0.9996
vn -0.0193 -0.0185 0.9996
vn -0.1201 -0.9915 -0.0504
vn -0.1962 -0.9755 -0.0990
vn -0.0033 0.0189 -0.9998
vn -0.3450 0.0183 -0.9384
vn -0.3442 0.0186 -0.9387
vn -0.1474 -0.0728 -0.9864
vn -0.2355 -0.2603 -0.9364
vn -0.2354 -0.2617 -0.9360
vn -0.0034 0.9999 0.0157
vn -0.0007 0.9998 0.0194
vn -0.0071 0.9999 0.0108
vn -0.2366 -0.2687 0.9337
vn -0.1472 -0.1052 0.9835
vn -0.2364 -0.2700 0.9334
vn 0.0032 -0.9999 -0.0159
vn 0.0058 -0.9998 -0.0193
vn -0.0006 -0.9999 -0.0109
vn 0.0026 -0.0182 0.9998
vn 0.0071 -0.0251 0.9997
vn -0.0020 -0.0113 0.9999
vn -0.1525 -0.9846 0.0851
vn -0.2486 -0.9277 0.2787
vn -0.2484 -0.9273 0.2799
vn -0.0033 0.0181 -0.9998
vn 0.0013 0.0253 -0.9997
vn -0.0078 0.0113 -0.9999
vn -0.2500 0.9262 0.2822
vn -0.1522 0.9820 0.1121
vn -0.2498 0.9259 0.2834
vn -0.0037 -0.9999 -0.0159
vn -0.0016 -0.9998 -0.0186
vn -0.0071 -0.9999 -0.0115
vn -0.2193 0.2359 -0.9467
vn -0.1374 0.0905 -0.9864
vn -0.2192 0.2371 -0.9464
vn 0.0036 0.9999 0.0159
vn 0.0056 0.9998 0.0185
vn 0.0001 0.9999 0.0114
vn -0.1376 0.0575 0.9888
vn -0.2184 0.2250 0.9496
vn -0.2183 0.2264 0.9493
vn -0.6113 -0.7909 -0.0262
vn -0.6114 -0.7909 -0.0262
vn -0.6113 -0.7910 -0.0262
vn -0.6449 0.0153 -0.7642
vn -0.6114 0.7909 0.0240
vn -0.6115 0.7909 0.0240
vn -0.6406 -0.0354 0.7670
vn -0.6407 -0.0355 0.7669
vn -0.9737 -0.2276 -0.0100
vn -0.9999 0.0103 0.0098
vn -0.9999 0.0123 0.0117
vn -0.9995 -0.0106 -0.0292
vn -0.9773 0.0109 -0.2114
vn -0.9995 0.0116 -0.0286
vn -0.9999 -0.0107 0.0095
vn -0.9999 -0.0127 0.0114
vn -0.9995 0.0314 -0.0098
vn -0.9737 0.2276 0.0100
vn -0.9995 0.0308 0.0107
vn -0.9999 -0.0103 -0.0098
vn -0.9999 -0.0123 -0.0117
vn -0.9995 0.0107 0.0295
vn -0.9773 -0.0110 0.2117
vn -0.9995 -0.0118 0.0291
vn -0.9999 0.0106 -0.0094
vn -0.9999 0.0127 -0.0113
vn -0.9995 -0.0314 0.0098
vn -0.9995 -0.0308 -0.0107
vn -0.3974 -0.8870 -0.2353
vn -0.4086 -0.6591 -0.6313
vn -0.4085 -0.6591 -0.6314
vn -0.4204 -0.2362 -0.8761
vn -0.4204 -0.2361 -0.8761
vn -0.4199 0.2688 -0.8669
vn -0.4077 0.6810 -0.6083
vn -0.4076 0.6810 -0.6083
vn -0.3970 0.8943 -0.2063
vn -0.3970 0.8944 -0.2062
vn -0.3974 0.8870 0.2353
vn -0.4086 0.6591 0.6313
vn -0.4085 0.6591 0.6314
vn -0.4204 0.2362 0.8761
vn -0.4204 0.2361 0.8761
vn -0.4199 -0.2688 0.8669
vn -0.4077 -0.6810 0.6083
vn -0.4076 -0.6810 0.6083
vn -0.3970 -0.8943 0.2063
vn -0.3970 -0.8944 0.2062
vn 0.2491 -0.9684 -0.0090
vn 0.0653 -0.9979 0.0022
vn 0.2491 0.9684 -0.0090
vn 0.0653 0.9979 0.0020
vn -0.0025 -1.0000 0.0038
vn 0.0180 -0.9998 0.0016
vn 0.0399 0.9992 0.0029
vn 0.6685 0.7437 0.0036
vn 0.6664 0.7456 -0.0000
vn 0.6685 -0.7437 0.0035
vn 0.9602 -0.2533 0.1174
vn 0.7862 -0.6063 0.1194
vn 0.9602 0.2533 0.1174
vn 0.9678 0.2517 -0.0018
vn -1.0000 -0.0015 -0.0006
vn -0.0735 0.9973 -0.0071
vn -0.0687 0.9975 -0.0161
vn -0.9999 0.0103 -0.0106
vn -0.9999 -0.0031 -0.0125
vn -0.9999 -0.0131 -0.0104
vn 0.9361 0.3516 -0.0000
vn 0.8253 0.0135 0.5646
vn 0.1030 0.9947 0.0013
vn 0.1559 0.9878 0.0017
vn 0.2246 0.9745 -0.0014
vn 1.0000 -0.0074 -0.0047
vn 1.0000 -0.0083 -0.0045
vn -0.9922 0.1143 0.0497
vn 0.0045 0.9999 0.0130
vn 0.0078 1.0000 -0.0000
vn -0.0774 0.9970 -0.0047
vn -0.0758 0.9969 0.0196
vn -0.9992 0.0056 -0.0392
vn -0.9999 0.0131 -0.0000
vn -0.9995 -0.0174 -0.0279
vn -0.9994 -0.0225 -0.0265
vn -0.9990 0.0001 -0.0439
vn -1.0000 -0.0003 -0.0000
vn 0.3673 0.9201 0.1358
vn 0.1138 0.9770 0.1804
vn 0.9134 0.4065 -0.0222
vn 0.8531 0.5218 -0.0000
vn 0.3711 0.9286 -0.0000
vn 0.1037 0.9728 0.2071
vn -0.1310 0.9827 0.1309
vn -0.1342 0.9818 0.1343
vn -0.7963 0.6046 -0.0190
vn -0.8019 0.5971 -0.0191
vn 0.7694 0.6385 -0.0206
vn 0.7702 0.6375 -0.0206
vn -0.0000 -0.2815 0.9596
vn -1.0000 -0.0000 0.0009
vn -0.4090 -0.8079 -0.4242
vn -0.4098 -0.8057 -0.4278
vn -0.4099 -0.8053 -0.4284
vn -0.4130 0.8038 0.4282
vn -0.4120 0.8065 0.4241
vn -0.4119 0.8069 0.4234
vn -1.0000 0.0008 0.0005
vn -0.3775 -0.7810 0.4976
vn -0.3774 0.7808 -0.4979
vn -0.3773 0.7811 -0.4975
vn -0.3774 0.7807 -0.4980
vn -1.0000 -0.0001 0.0009
vn -0.3797 -0.7836 -0.4917
vn -0.3801 -0.7824 -0.4934
vn -0.3802 -0.7822 -0.4936
vn -0.3751 0.7838 0.4950
vn -0.3746 0.7853 0.4930
vn -0.3745 0.7856 0.4925
vn -1.0000 0.0007 0.0006
vn -0.4025 -0.8283 0.3897
vn -0.4044 -0.8233 0.3982
vn -0.4022 -0.8290 0.3885
vn -0.4046 0.8274 -0.3895
vn -0.4064 0.8227 -0.3976
vn -0.4043 0.8281 -0.3883
vn -0.0302 -0.9300 -0.3663
vn 0.1094 0.3643 -0.9248
vn -0.1370 0.9216 0.3630
vn -0.1384 -0.3630 0.9215
vn -0.0727 -0.9973 -0.0087
vn -0.0363 -0.9993 -0.0087
vn 0.0953 0.0087 -0.9954
vn -0.0363 0.9993 0.0087
vn -0.0727 0.9973 0.0087
vn -0.0604 -0.0087 0.9981
vn -0.1205 -0.0087 0.9927
vn -0.1385 -0.8901 0.4341
vn 0.1088 -0.4358 -0.8935
vn -0.0287 0.8984 -0.4382
vn -0.1378 0.4342 0.8902
vn -0.0000 1.0000 0.0087
vn -0.0364 0.9993 0.0087
vn -0.0000 -1.0000 -0.0087
vn -0.0000 -0.0087 1.0000
vn -0.4293 -0.9015 -0.0559
vn -0.6549 -0.7428 -0.1390
vn -0.2309 0.0215 0.9727
vn -0.3026 0.0556 0.9515
vn -0.2317 0.0219 0.9725
vn 0.2954 0.9552 0.0179
vn 0.5129 0.8532 0.0947
vn 0.2958 0.9551 0.0165
vn 0.2858 -0.0827 -0.9547
vn 0.2276 -0.0404 -0.9729
vn 0.2248 -0.0406 -0.9735
vn -0.8386 0.4826 -0.2529
vn -0.8385 0.4826 -0.2529
vn -0.1666 -0.9855 -0.0323
vn -0.4290 -0.9015 -0.0565
vn -0.1610 -0.0190 0.9868
vn 0.0515 0.9986 -0.0106
vn 0.0504 0.9987 -0.0064
vn 0.1621 -0.0049 -0.9868
vn 0.1693 -0.0026 -0.9856
vn 0.9529 -0.0185 0.3027
vn 0.9529 -0.0184 0.3026
vn 0.9875 -0.0000 0.1579
vn 0.6266 0.7734 0.0963
vn 0.3916 0.8701 0.2994
vn 0.4051 0.8648 0.2968
vn 0.3916 -0.8702 0.2990
vn 0.6266 -0.7734 0.0960
vn 0.4051 -0.8649 0.2964
vn 0.2333 0.0002 -0.9724
vn -0.5601 -0.8130 -0.1590
vn -0.7863 -0.6060 -0.1203
vn -0.8265 -0.5521 -0.1102
vn -0.7863 0.6060 -0.1201
vn -0.5601 0.8131 -0.1587
vn -0.8265 0.5521 -0.1099
vn -0.9883 -0.0000 -0.1527
vn -0.0912 0.0002 -0.9958
vn 0.0180 0.9525 0.3040
vn 0.0085 0.9603 0.2788
vn 0.0180 -0.9526 0.3035
vn 0.1866 -0.0002 0.9824
vn 0.0915 -0.0002 0.9958
vn -0.0188 0.9537 0.3002
vn -0.1093 0.8929 0.4368
vn -0.1306 0.8754 0.4654
vn -0.0114 0.9597 0.2809
vn -0.0188 -0.9538 0.2998
vn -0.1093 -0.8931 0.4364
vn -0.0114 -0.9598 0.2804
vn 0.0085 -0.9604 0.2783
vn -0.0974 -0.0002 0.9952
vn -0.1896 -0.0002 0.9819
vn 0.6234 0.6817 -0.3829
vn -0.3219 0.8259 -0.4628
vn -0.6161 0.6873 -0.3848
vn 0.0004 0.8722 -0.4891
vn -0.1404 -0.1449 0.9794
vn -0.0459 0.2308 0.9719
vn -0.1428 0.2622 0.9544
vn -0.0604 0.1881 0.9803
vn -0.0109 -0.0528 0.9985
vn -0.0660 -0.1254 0.9899
vn -0.0747 0.2716 0.9595
vn 0.3182 -0.9365 -0.1477
vn 0.6118 -0.7813 -0.1234
vn -0.6064 -0.7855 -0.1235
vn -0.3158 -0.9373 -0.1476
vn 0.3180 -0.9365 -0.1477
vn 0.0917 0.5696 0.8168
vn -0.2257 0.5287 0.8183
vn -0.3256 0.6738 0.6633
vn -0.1611 -0.5390 0.8268
vn -0.2261 -0.6687 0.7083
vn 0.1150 -0.5103 0.8523
vn -0.0810 -0.1601 0.9838
vn 0.0957 -0.6419 0.7608
vn 0.1459 0.8079 0.5710
vn 0.1540 0.7331 0.6624
vn -0.1619 0.6272 0.7619
vn -0.1938 0.7556 0.6258
vn -0.1199 0.7152 0.6886
vn -0.1206 0.7159 0.6877
vn -0.0531 0.6326 0.7726
vn -0.0513 0.6313 0.7739
vn 0.0537 0.6312 0.7737
vn 0.0556 0.6326 0.7725
vn 0.1251 0.7133 0.6896
vn 0.1259 0.7140 0.6887
vn -0.2951 0.7519 -0.5895
vn 0.3107 0.7473 -0.5874
vn -0.2935 0.7518 -0.5905
vn 0.3123 0.7474 -0.5864
vn 0.5961 0.6355 -0.4908
vn 0.9992 -0.0107 0.0385
vn 0.9965 0.0024 0.0835
vn 0.9998 -0.0181 0.0084
vn 0.6828 -0.5638 0.4646
vn 0.6727 -0.5794 0.4603
vn 0.7058 -0.5248 0.4758
vn -0.0003 -0.8161 0.5779
vn -0.0003 -0.8161 0.5780
vn -0.6918 -0.5549 0.4620
vn -0.6810 -0.5717 0.4576
vn -0.6547 -0.6085 0.4484
vn -0.9992 -0.0087 0.0399
vn -0.9962 0.0052 0.0864
vn -0.9918 0.0194 0.1266
vn -0.5654 0.6531 -0.5039
vn 0.0250 0.6391 0.7687
vn 0.0971 0.6313 0.7695
vn 0.0466 0.6356 0.7706
vn -0.0239 0.6391 0.7688
vn -0.0944 0.6315 0.7696
vn -0.0271 0.6439 0.7646
vn -0.0447 0.6357 0.7707
vn 0.0104 -0.6291 0.7773
vn -0.0674 -0.7413 0.6678
vn -0.0860 -0.6443 0.7599
vn 0.0791 -0.6931 0.7165
vn -0.0706 -0.6274 0.7755
vn -0.0715 -0.6273 0.7755
vn -0.0052 -0.5751 0.8181
vn -0.0051 -0.5751 0.8180
vn 0.0052 -0.5751 0.8181
vn 0.0118 -0.6290 0.7773
vn 0.0009 0.8564 0.5164
vn 0.6499 0.6531 0.3887
vn 0.6473 0.6540 0.3915
vn 0.6521 0.6523 0.3864
vn 1.0000 -0.0031 -0.0059
vn 1.0000 -0.0031 -0.0073
vn 0.9999 -0.0033 -0.0114
vn 0.6921 -0.6113 -0.3838
vn 0.6888 -0.6128 -0.3873
vn 0.6940 -0.6104 -0.3817
vn -0.0183 -0.8471 -0.5312
vn -0.0183 -0.8471 -0.5311
vn -0.6853 -0.6168 -0.3872
vn -0.6817 -0.6185 -0.3909
vn -0.6800 -0.6192 -0.3926
vn -1.0000 -0.0013 -0.0048
vn -1.0000 -0.0013 -0.0063
vn -1.0000 -0.0011 -0.0011
vn -0.6551 0.6493 0.3864
vn -0.6524 0.6503 0.3893
vn -0.6502 0.6511 0.3916
vn 0.0056 -0.5759 0.8175
vn 0.0083 -0.5764 0.8172
vn 0.0131 -0.5754 0.8178
vn -0.0043 -0.5762 0.8173
vn 0.0043 -0.5762 0.8173
vn -0.0056 -0.5759 0.8175
vn -0.0084 -0.5763 0.8172
vn 1.0000 0.0008 -0.0017
vn 0.8088 -0.3573 0.4670
vn 0.8087 -0.3575 0.4672
vn 0.3095 -0.5775 0.7554
vn 0.3094 -0.5775 0.7555
vn -0.3057 -0.5781 0.7566
vn -0.3056 -0.5781 0.7566
vn -0.8063 -0.3589 0.4702
vn -1.0000 -0.0010 0.0020
vn -0.8064 -0.3588 0.4700
vn -1.0000 -0.0008 0.0017
vn -0.8088 0.3573 -0.4670
vn -0.3095 0.5775 -0.7554
vn -0.8087 0.3575 -0.4672
vn -0.3094 0.5775 -0.7555
vn 0.3057 0.5781 -0.7566
vn 0.3056 0.5781 -0.7566
vn 0.8063 0.3589 -0.4702
vn 1.0000 0.0010 -0.0020
vn 0.8064 0.3588 -0.4700
vn 0.0004 0.7945 0.6072
vn 0.0005 0.7945 0.6072
vn 0.0003 0.7945 0.6072
vn 1.0000 0.0010 -0.0018
vn 0.8054 0.3946 -0.4423
vn 0.8078 -0.3930 0.4394
vn 0.3085 -0.6338 0.7093
vn -0.3047 -0.6344 0.7104
vn -0.8054 -0.3946 0.4423
vn -1.0000 -0.0010 0.0018
vn -0.8078 0.3930 -0.4394
vn -0.3084 0.6338 -0.7093
vn -0.3085 0.6338 -0.7093
vn 0.3047 0.6344 -0.7104
vn 0.8076 -0.4283 -0.4054
vn 0.8074 -0.4285 -0.4056
vn 0.3079 -0.6913 -0.6537
vn 0.3078 -0.6913 -0.6537
vn -0.3060 -0.6920 -0.6539
vn -0.8062 -0.4302 -0.4061
vn -0.8064 -0.4300 -0.4060
vn -1.0000 -0.0012 -0.0005
vn -1.0000 -0.0010 -0.0003
vn -0.8076 0.4283 0.4054
vn -0.8074 0.4284 0.4056
vn -0.3079 0.6913 0.6537
vn -0.3078 0.6913 0.6537
vn 0.3060 0.6920 0.6539
vn 0.8062 0.4302 0.4061
vn 0.8064 0.4301 0.4060
vn 1.0000 0.0012 0.0005
vn 0.0005 -0.6869 0.7267
vn 0.0004 -0.6870 0.7267
vn 0.0005 -0.6870 0.7267
vn 0.8058 0.3983 0.4383
vn 0.8062 0.3979 0.4379
vn 0.8070 -0.3967 -0.4376
vn 1.0000 0.0013 0.0008
vn 0.8074 -0.3963 -0.4371
vn 0.3073 -0.6395 -0.7047
vn 0.3076 -0.6394 -0.7047
vn -0.3054 -0.6401 -0.7050
vn -0.8062 -0.3979 -0.4379
vn -0.8058 -0.3983 -0.4383
vn -1.0000 -0.0013 -0.0008
vn -0.8070 0.3967 0.4376
vn -0.8074 0.3963 0.4372
vn -0.3073 0.6395 0.7047
vn -0.3076 0.6394 0.7047
vn 0.3054 0.6401 0.7050
vn 0.3056 0.6400 0.7050
vn -0.0019 -0.8982 0.4396
vn -0.0010 -0.9747 0.2237
vn -0.0019 0.8980 0.4400
vn -0.0010 0.9746 0.2241
vn -0.0000 1.0000 0.0002
vn -0.0000 -1.0000 -0.0002
vn -0.0043 -0.0002 1.0000
vn -1.0000 0.0061 -0.0001
vn -1.0000 0.0060 0.0001
vn -0.8978 -0.4404 0.0011
vn 0.8536 0.5209 0.0008
vn 0.2151 -0.6948 -0.6863
vn 0.0761 0.7480 -0.6593
vn 0.0779 0.4161 -0.9060
vn 0.9617 0.2742 -0.0004
vn 1.0000 0.0034 0.0053
vn -1.0000 0.0012 0.0039
vn -0.0061 -0.9998 -0.0212
vn -0.0849 -0.9962 -0.0188
vn -0.0025 -0.9965 0.0841
vn 0.0026 -0.9998 -0.0202
vn -0.0978 -0.9950 -0.0207
vn 0.0002 -0.9967 0.0810
vn 0.0104 -0.4691 -0.8831
vn 1.0000 0.0020 -0.0000
vn 1.0000 0.0011 -0.0002
vn 1.0000 0.0010 -0.0009
vn 1.0000 0.0010 0.0009
vn 0.7326 0.6806 -0.0000
vn 0.7362 0.6679 0.1097
vn 0.6467 0.7627 -0.0000
vn -0.9999 0.0102 -0.0000
vn -0.9998 -0.0218 -0.0000
vn -0.9992 0.0221 -0.0326
vn 0.3587 -0.0983 -0.9283
vn 0.3500 -0.1269 -0.9281
vn 0.3512 -0.0646 -0.9341
vn -0.0762 -0.9971 -0.0027
vn -0.0676 -0.9977 -0.0107
vn -0.0003 -1.0000 -0.0000
vn 0.0001 -0.9996 0.0291
vn -0.0001 0.9998 -0.0188
vn -0.0001 0.9996 -0.0283
vn 0.0003 1.0000 -0.0000
vn -0.0108 0.9999 -0.0000
vn -0.0056 0.9997 -0.0226
vn -0.0102 0.9999 0.0004
vn -0.0053 -0.4922 -0.8704
vn -0.0288 -0.4835 -0.8749
vn -0.0701 -0.4826 -0.8730
vn -0.0000 0.2485 0.9686
vn -0.0017 0.4786 0.8780
vn 0.0234 0.4762 0.8790
vn 0.0018 0.4785 0.8781
vn -0.0000 0.4775 0.8786
vn -0.0007 0.5439 -0.8392
vn -0.0031 0.2851 -0.9585
vn -0.0015 0.5433 -0.8395
vn -0.0014 0.5463 -0.8376
vn -0.0055 0.5491 0.8358
vn -0.0212 0.5414 0.8405
vn -0.0657 0.5404 0.8389
vn -0.0128 0.2740 0.9616
vn -0.0015 -0.5364 -0.8440
vn 0.0198 -0.5344 -0.8450
vn 0.0014 -0.5365 -0.8439
vn -0.0000 -0.5353 -0.8446
vn -0.0006 -0.4863 0.8738
vn -0.0016 -0.4857 0.8741
vn -0.0014 -0.4884 0.8726
vn -0.0006 0.4781 -0.8783
vn 1.0000 -0.0011 0.0010
vn -1.0000 0.0006 -0.0007
vn -0.0004 -0.0000 -1.0000
vn -0.0003 -0.0000 -1.0000
vn -0.0004 -0.0024 -1.0000
vn 0.0003 -0.0004 -1.0000
vn -0.0003 0.0014 -1.0000
vn -0.9623 -0.2720 0.0034
vn -0.0000 -0.0004 -1.0000
vn -0.0000 -0.0006 -1.0000
vn -0.0002 -0.0008 -1.0000
vn -0.0019 -0.0020 -1.0000
vn 0.0030 -0.0006 -1.0000
vn 0.0001 -0.0002 -1.0000
vn -0.0000 -0.0002 -1.0000
vn -0.0003 -0.0006 -1.0000
vn -0.0024 -0.0012 -1.0000
vn -0.0004 0.0001 -1.0000
vn 0.0006 -0.2084 -0.9780
vn 0.0017 -0.2096 -0.9778
vn 0.0075 -0.1906 -0.9816
vn 0.0010 -0.2176 -0.9760
vn 0.0071 -0.2302 -0.9731
vn 0.0072 -0.2302 -0.9731
vn 0.0008 -0.2177 -0.9760
vn -0.0014 -0.2082 -0.9781
vn -0.0017 -0.2081 -0.9781
vn 0.0007 -0.2086 -0.9780
vn -0.0935 -0.3517 -0.9314
vn 0.9996 -0.0010 0.0266
vn 0.9999 0.0051 0.0132
vn 0.9999 0.0067 0.0133
vn 1.0000 -0.0010 0.0025
vn 0.9999 -0.0082 0.0133
vn 0.2151 -0.6947 0.6863
vn 0.1234 0.7449 0.6556
vn 0.0581 0.2216 0.9734
vn -0.0099 0.7298 0.6836
vn 1.0000 0.0034 -0.0053
vn -0.9616 -0.2746 0.0001
vn -1.0000 0.0012 -0.0039
vn -0.0061 -0.9998 0.0212
vn -0.0025 -0.9965 -0.0841
vn -0.0849 -0.9962 0.0188
vn 0.0026 -0.9998 0.0202
vn 0.0002 -0.9967 -0.0810
vn -0.0978 -0.9950 0.0207
vn 0.0104 -0.4691 0.8831
vn -0.0022 -0.6964 0.7176
vn 1.0000 0.0012 -0.0001
vn 0.7362 0.6679 -0.1097
vn -0.9992 0.0221 0.0326
vn -0.9998 -0.0219 -0.0000
vn 0.3512 -0.0646 0.9341
vn 0.3726 -0.0778 0.9247
vn -0.0697 -0.9975 0.0107
vn -0.0697 -0.9975 0.0096
vn 0.0002 -0.9998 -0.0185
vn 0.0001 -0.9996 -0.0291
vn -0.0001 0.9996 0.0283
vn -0.0102 0.9999 -0.0004
vn -0.0056 0.9997 0.0226
vn -0.0016 -0.4864 0.8737
vn -0.0058 -0.4540 0.8910
vn -0.0074 -0.4227 0.9062
vn -0.0000 0.4777 -0.8785
vn 0.0018 0.4787 -0.8780
vn -0.0244 0.4764 -0.8789
vn -0.0017 0.4787 -0.8780
vn -0.0000 0.2484 -0.9687
vn 0.0002 0.5426 0.8400
vn 0.0030 0.5413 0.8408
vn -0.0024 0.2860 0.9582
vn -0.0017 0.5440 -0.8391
vn -0.0037 0.2852 -0.9585
vn -0.0054 0.5141 -0.8577
vn -0.0071 0.4801 -0.8772
vn -0.0000 -0.5353 0.8447
vn 0.0014 -0.5364 0.8440
vn -0.0182 -0.5344 0.8450
vn -0.0015 -0.5363 0.8440
vn 0.0001 -0.4852 -0.8744
vn 0.0031 -0.4835 -0.8753
vn 0.0033 -0.4835 -0.8753
vn 0.0006 0.4781 0.8783
vn 1.0000 -0.0004 -0.0004
vn -1.0000 0.0011 0.0010
vn -0.0004 -0.0000 1.0000
vn -0.0003 0.0014 1.0000
vn 0.0003 -0.0004 1.0000
vn -0.0004 -0.0024 1.0000
vn -1.0000 -0.0025 0.0001
vn -0.0001 -0.0007 1.0000
vn -0.0000 -0.0006 1.0000
vn -0.0004 0.0001 1.0000
vn -0.0024 -0.0012 1.0000
vn -0.0003 -0.0006 1.0000
vn -0.0000 -0.0002 1.0000
vn 0.0030 -0.0006 1.0000
vn -0.0019 -0.0020 1.0000
vn 0.9930 0.1185 -0.0001
vn 0.0006 -0.2085 0.9780
vn -0.0017 -0.2081 0.9781
vn -0.0014 -0.2082 0.9781
vn 0.0008 -0.2086 0.9780
vn 0.0018 -0.2096 0.9778
vn 0.0011 -0.2176 0.9760
vn 0.0075 -0.1906 0.9816
vn 0.0072 -0.2302 0.9731
vn 0.0071 -0.2302 0.9731
vn 0.0008 -0.2177 0.9760
vn -0.0046 -0.1907 0.9816
vn 0.9996 -0.0010 -0.0266
vn 0.9998 -0.0002 -0.0220
vn 0.9999 -0.0082 -0.0133
vn 1.0000 -0.0010 -0.0025
vn 0.9999 0.0067 -0.0133
vn -0.0044 -0.6142 -0.7892
vn -0.0026 0.6127 -0.7903
vn 0.7241 0.4118 -0.5532
vn -1.0000 0.0014 -0.0021
vn -0.0818 -0.5899 0.8033
vn -0.0789 0.5913 0.8026
vn 0.9989 0.0315 0.0351
vn -0.4220 -0.7091 0.5649
vn 0.7007 0.4532 0.5511
vn 0.0544 0.7486 0.6608
vn -0.1556 -0.9508 -0.2678
vn -0.8081 0.2221 0.5456
vn 0.0666 0.6343 -0.7702
vn -0.8912 -0.3807 0.2465
vn -0.1589 -0.2068 0.9654
vn 0.0400 0.9987 -0.0300
vn -0.5491 -0.7717 -0.3210
vn 0.9340 0.3016 -0.1913
vn -0.0768 0.5973 -0.7983
vn -0.4449 0.3294 0.8328
vn 0.0636 -0.9978 -0.0182
vn 0.9815 0.1907 0.0142
vn -0.1342 0.3779 0.9161
vn 0.0803 -0.6042 0.7927
vn -0.0000 -0.6851 -0.7284
vn -0.0852 0.9961 0.0213
vn 0.9453 0.3262 -0.0053
vn 0.9145 0.2634 -0.3070
vn -0.0025 -1.0000 0.0014
vn 0.1583 0.4076 -0.8993
vn 0.6230 0.7025 0.3439
vn -0.9020 -0.4303 -0.0340
vn -0.9224 0.3121 -0.2277
vn 0.0287 -0.7174 -0.6960
vn 0.3745 0.6744 -0.6364
vn 0.1993 -0.6879 -0.6979
vn -0.0024 0.7154 -0.6987
vn 0.7263 -0.0176 -0.6871
vn -0.0038 -1.0000 0.0025
vn 1.0000 0.0027 0.0003
vn 0.4726 0.8813 0.0013
vn 0.4970 -0.8382 -0.2244
vn -0.7714 -0.5366 0.3420
vn 0.8681 -0.3557 0.3461
vn 0.9145 0.2251 -0.3361
vn 0.8630 -0.4580 -0.2131
vn 0.3972 -0.9085 -0.1295
vn -0.2118 -0.9689 -0.1282
vn -0.7453 -0.6329 -0.2100
vn -0.9413 0.0146 -0.3372
vn -0.4434 0.8333 -0.3300
vn -0.0861 0.8855 -0.4565
vn 0.7477 0.6125 -0.2566
vn 0.7920 0.0550 0.6081
vn 0.5532 0.0423 0.8320
vn -0.3825 -0.3567 0.8523
vn -0.6222 -0.2045 0.7557
vn -0.0991 0.9856 -0.1370
vn 0.8968 -0.0514 0.4394
vn 0.7893 -0.3527 0.5026
vn -0.6740 -0.4436 0.5907
vn -0.8612 -0.2570 0.4385
vn 0.0771 -0.7375 -0.6709
vn 0.7119 0.0042 -0.7023
vn 0.6946 0.2002 -0.6910
vn -0.7123 -0.0008 -0.7018
vn -0.6980 -0.7161 -0.0002
vn 0.0003 -0.0005 -1.0000
vn 0.0002 -0.0012 -1.0000
vn -0.0000 0.0013 -1.0000
vn 0.9164 0.0091 -0.4002
vn -0.9980 0.0628 -0.0054
vn 0.7854 -0.6168 0.0529
vn -0.9971 -0.0676 -0.0342
vn -0.0002 0.6506 -0.7594
vn 0.0034 -0.8548 -0.5189
vn 0.2571 0.9330 0.2518
vn 0.4383 0.2551 -0.8619
vn 0.4295 -0.2314 0.8729
vn 0.9584 0.2853 0.0116
vn -0.3205 -0.3559 -0.8779
vn -0.2686 0.3548 0.8955
vn 0.0064 -0.2934 -0.9560
vn 0.6234 0.7757 0.0990
vn 1.0000 0.0016 -0.0001
vn -0.0008 0.2955 -0.9553
vn 0.6686 -0.5768 -0.4694
vn 0.5692 -0.8180 -0.0833
vn 0.0007 -0.2921 -0.9564
vn 1.0000 0.0017 0.0014
vn 0.7246 0.5719 0.3845
vn 0.0003 -0.7343 -0.6789
vn 0.0006 -0.7346 -0.6786
vn 1.0000 -0.0079 -0.0018
vn -0.0084 0.2883 -0.9575
vn -0.0182 -0.2856 0.9582
vn 0.0020 0.0321 -0.9995
vn 0.9976 -0.0054 0.0691
vn -1.0000 0.0045 0.0083
vn -0.0020 0.0302 -0.9995
vn 0.6430 0.0699 -0.7626
vn 0.5081 -0.0008 -0.8613
vn -0.9997 0.0208 -0.0139
vn -0.1618 0.4746 -0.8652
vn 0.1426 0.4246 -0.8941
vn -0.1423 -0.4247 0.8941
vn 0.0323 0.9397 -0.3404
vn 0.1031 0.2891 0.9517
vn -0.0778 0.0088 -0.9969
vn -0.9776 0.2026 0.0563
vn -0.0102 0.9699 -0.2432
vn 0.0099 -0.9700 0.2427
vn -0.9995 0.0310 -0.0062
vn -0.3537 0.0013 0.9354
vn -1.0000 -0.0012 0.0011
vn -0.3485 0.0014 0.9373
vn 0.3588 0.8939 -0.2687
vn -0.2699 0.9341 0.2336
vn 0.4081 0.5594 0.7215
vn -0.0918 0.5753 -0.8128
vn 0.2146 0.5852 -0.7820
vn 0.1184 0.9854 -0.1221
vn -0.0177 0.4842 -0.8748
vn -0.0374 0.7497 -0.6608
vn -0.8800 -0.0539 -0.4719
vn 0.1169 0.9848 0.1282
vn 0.9301 0.2193 -0.2946
vn 0.0605 -0.6313 -0.7732
vn -0.0122 0.5552 -0.8316
vn -0.0931 0.9673 -0.2359
vn -0.0639 0.6574 0.7508
vn 0.4506 0.6658 0.5947
vn 0.4450 0.8644 -0.2342
vn 0.4516 0.6443 -0.6172
vn 0.4687 -0.2667 -0.8422
vn 0.4506 -0.6658 -0.5947
vn 0.4450 -0.8644 0.2341
vn 0.4516 -0.6443 0.6172
vn 0.4687 0.2666 0.8422
vn -0.0088 -0.7458 -0.6661
vn -0.0089 -0.7221 0.6917
vn -0.0088 0.7457 0.6662
vn -0.0088 0.7222 -0.6917
vn -0.8084 -0.5886 0.0096
vn -0.8084 0.5886 -0.0096
vn -0.8294 0.0107 0.5585
vn -0.1957 0.9783 0.0684
vn -0.0194 -0.0186 -0.9996
vn -0.1962 -0.9755 0.0993
vn -0.0071 0.9999 -0.0108
vn 0.0121 -0.9995 0.0277
vn 0.0160 -0.0384 -0.9991
vn -0.0078 0.0113 0.9999
vn -0.0071 -0.9999 0.0115
vn 0.0111 0.9996 -0.0255
vn -0.6449 0.0153 0.7641
vn -0.6408 -0.0355 -0.7669
vn -0.4199 0.2687 0.8669
vn -0.4199 -0.2687 -0.8669
vn -0.0020 -1.0000 -0.0000
vn 0.7862 -0.6064 -0.1194
vn -0.0758 0.9971 -0.0000
vn -0.9998 0.0180 -0.0000
vn -0.9999 -0.0145 -0.0000
vn 0.2251 0.9743 -0.0000
vn 1.0000 -0.0025 -0.0000
vn -0.9979 -0.0647 -0.0000
vn 0.9995 0.0303 -0.0000
vn -0.0775 0.9970 -0.0000
vn -1.0000 0.0052 -0.0000
vn 0.4319 0.9019 -0.0000
vn 0.2796 0.9601 -0.0000
vn -0.1506 0.9886 -0.0000
vn -0.0327 0.9995 -0.0000
vn -0.8019 0.5972 0.0191
vn 0.6554 0.7553 -0.0000
vn -0.4089 -0.8084 0.4235
vn -0.4119 0.8069 -0.4234
vn -0.3774 0.7810 0.4976
vn -0.3796 -0.7838 0.4914
vn -0.3745 0.7856 -0.4926
vn -0.4047 -0.8226 -0.3995
vn -0.4043 0.8281 0.3883
vn -0.7754 -0.1277 -0.6184
vn -0.7754 -0.1277 0.6184
vn 0.4303 -0.1277 0.8936
vn 0.1212 -0.0000 0.9926
vn -0.7024 -0.0000 0.7118
vn -0.5402 -0.0000 -0.8415
vn 0.9390 -0.0000 -0.3438
vn 0.8527 -0.0000 0.5224
vn 0.3187 -0.0000 -0.9479
vn -0.9946 -0.0000 -0.1034
vn -0.7390 0.5598 0.3749
vn -0.4290 -0.9015 0.0565
vn -0.2317 0.0219 -0.9725
vn 0.2851 -0.0848 0.9547
vn 0.0504 0.9987 0.0064
vn 0.1693 -0.0026 0.9856
vn 0.9874 -0.0000 -0.1579
vn 0.6348 0.7531 -0.1729
vn 0.6348 -0.7531 -0.1727
vn -0.5431 -0.8241 0.1610
vn -0.5431 0.8239 0.1619
vn 0.1865 -0.0002 -0.9824
vn -0.1306 0.8754 -0.4654
vn 0.1140 0.6893 -0.7155
vn 0.5993 0.6350 0.4875
vn 0.9998 -0.0181 -0.0084
vn 0.7058 -0.5248 -0.4758
vn -0.0003 -0.8161 -0.5780
vn -0.6547 -0.6085 -0.4484
vn -0.9918 0.0194 -0.1266
vn -0.5685 0.6526 0.5009
vn -0.0271 0.6439 -0.7646
vn 0.6520 0.6523 -0.3864
vn 0.9999 -0.0033 0.0114
vn 0.6940 -0.6104 0.3817
vn -0.0184 -0.8470 0.5312
vn -0.6800 -0.6192 0.3926
vn -1.0000 -0.0011 0.0011
vn -0.6502 0.6511 -0.3916
vn 0.0132 -0.5754 -0.8178
vn -1.0000 0.0061 -0.0000
vn -0.0044 -0.6142 0.7892
vn -0.0026 0.6127 0.7903
vn 0.7241 -0.4119 0.5532
vn -0.0818 -0.5899 -0.8033
vn -0.0789 0.5913 -0.8026
vn 0.9989 0.0315 -0.0351
vn -0.4220 -0.7091 -0.5649
vn 0.0544 0.7486 -0.6608
vn 0.0476 -0.9159 0.3986
vn -0.8081 0.2221 -0.5456
vn 0.0666 0.6343 0.7702
vn -0.9066 -0.3608 -0.2190
vn -0.1589 -0.2068 -0.9654
vn 0.0323 0.9994 0.0131
vn -0.5537 -0.7838 0.2814
vn -0.0896 0.5954 0.7984
vn 0.1788 0.7406 -0.6477
vn 0.0636 -0.9978 0.0182
vn 0.8582 0.3545 0.3712
vn -0.2165 -0.6921 0.6885
vn 0.0872 -0.6028 -0.7931
vn 0.2730 -0.5170 0.8113
vn -0.1371 0.9897 -0.0419
vn 0.9145 0.2634 0.3070
vn -0.0062 -0.9998 -0.0205
vn 0.1583 0.4076 0.8993
vn 0.6230 0.7025 -0.3439
vn -0.9120 -0.3998 0.0913
vn -0.9224 0.3121 0.2277
vn 0.2688 -0.7699 0.5787
vn 0.0286 0.7172 0.6963
vn 0.1993 -0.6879 0.6979
vn -0.0025 -0.7153 0.6988
vn 0.7263 -0.0176 0.6871
vn -0.0036 1.0000 -0.0033
vn 1.0000 0.0026 -0.0003
vn 0.4726 0.8813 -0.0013
vn 0.4970 -0.8382 0.2244
vn -0.7714 -0.5366 -0.3420
vn 0.8681 -0.3557 -0.3461
vn 0.9145 0.2251 0.3361
vn 0.8630 -0.4580 0.2131
vn 0.3972 -0.9085 0.1295
vn -0.2118 -0.9689 0.1282
vn -0.7453 -0.6328 0.2100
vn -0.9413 0.0146 0.3372
vn -0.8611 0.4372 0.2595
vn -0.0861 0.8855 0.4565
vn 0.5251 0.7389 0.4222
vn 0.6503 -0.0534 -0.7578
vn 0.4452 -0.2633 -0.8558
vn -0.5497 -0.0844 -0.8311
vn -0.7826 -0.1315 -0.6085
vn -0.0991 0.9856 0.1371
vn 0.8968 -0.0514 -0.4394
vn 0.7893 -0.3527 -0.5027
vn -0.6740 -0.4436 -0.5907
vn -0.8612 -0.2570 -0.4385
vn 0.7119 0.0038 0.7023
vn -0.6740 -0.1899 0.7139
vn 0.6946 0.2002 0.6910
vn -0.7124 -0.0008 0.7018
vn 0.0003 -0.0005 1.0000
vn -0.0000 0.0012 1.0000
vn 0.9164 0.0091 0.4002
vn 0.9850 -0.1661 0.0474
vn -0.9904 0.1380 0.0028
vn -0.0000 0.6510 0.7591
vn 0.2571 0.9330 -0.2518
vn 0.9584 0.2852 0.0116
vn 0.0065 -0.2934 -0.9560
vn 0.7246 0.5719 0.3846
vn 0.6686 -0.5768 0.4694
vn 0.6876 -0.5946 -0.4168
vn 0.6233 0.7757 0.0990
vn 0.0003 0.7343 -0.6789
vn 0.0006 0.7346 0.6786
vn 0.0001 -0.3794 -0.9253
vn -0.0182 0.2866 0.9579
vn -0.0182 -0.2856 -0.9582
vn 0.0020 0.0321 0.9995
vn 0.9976 -0.0054 -0.0691
vn -0.9982 0.0602 0.0084
vn 0.0066 0.0737 0.9973
vn 0.5081 -0.0010 0.8613
vn 1.0000 -0.0034 0.0002
vn -0.1188 0.6919 0.7122
vn 0.1426 0.4246 0.8941
vn 0.9872 -0.0754 -0.1402
vn -0.1423 -0.4247 -0.8941
vn -0.0778 0.0088 0.9969
vn -0.0102 0.9699 0.2432
vn 0.0099 -0.9700 -0.2427
vn 0.8651 0.5016 0.0102
vn -0.9998 -0.0116 0.0152
vn -0.3537 0.0013 -0.9354
vn -1.0000 0.0024 0.0044
vn -0.3485 0.0015 -0.9373
vn -0.9608 0.1985 0.1934
vn -0.2699 0.9341 -0.2336
vn 0.4151 0.5860 -0.6960
vn 0.2146 0.5852 0.7820
vn 0.2199 0.6818 0.6977
vn 0.1184 0.9854 0.1221
vn -0.0309 0.5706 0.8207
vn -0.0650 0.5263 0.8478
vn -0.8800 -0.0539 0.4719
vn 0.1169 0.9848 -0.1282
vn 0.9232 0.2289 0.3088
vn 0.0611 -0.6437 0.7628
vn -0.0122 0.5552 0.8316
vn -0.0639 0.6574 -0.7508
vn 0.4506 0.6658 -0.5947
vn 0.4450 0.8644 0.2342
vn 0.4515 0.6444 0.6172
vn 0.4687 -0.2667 0.8422
vn 0.4506 -0.6658 0.5947
vn 0.4450 -0.8644 -0.2341
vn 0.4515 -0.6443 -0.6172
vn 0.4687 0.2666 -0.8422
vn -0.0088 -0.7458 0.6661
vn -0.0088 -0.7221 -0.6917
vn -0.0088 0.7458 -0.6662
vn -0.0088 0.7222 0.6917
vn 0.8029 -0.5961 -0.0097
vn 0.8244 -0.0108 0.5660
vn -0.1957 0.9783 -0.0684
vn -0.0185 -0.0196 0.9996
vn -0.1962 -0.9755 -0.0993
vn -0.0031 0.0185 -0.9998
vn 0.0053 0.9996 0.0277
vn 0.0121 -0.9995 -0.0277
vn 0.0160 -0.0384 0.9991
vn 0.0098 0.0385 -0.9992
vn 0.0036 -0.9997 -0.0255
vn 0.0111 0.9996 0.0255
vn -0.6449 0.0153 -0.7641
vn -0.6408 -0.0355 0.7669
vn -0.3974 -0.8870 -0.2352
vn -0.4199 0.2687 -0.8669
vn -0.3974 0.8870 0.2352
vn -0.4199 -0.2687 0.8669
vn 0.7862 0.6064 0.1194
vn -0.9993 0.0026 -0.0378
vn -0.9990 0.0001 -0.0440
vn 0.9171 0.3980 -0.0226
vn -0.4089 -0.8084 -0.4235
vn -0.4131 0.8034 0.4288
vn -0.3772 0.7812 -0.4974
vn -0.3797 -0.7838 -0.4914
vn -0.3751 0.7835 0.4953
vn -0.4047 -0.8226 0.3995
vn -0.4066 0.8219 -0.3988
vn -0.3033 0.0535 0.9514
vn 0.2851 -0.0848 -0.9547
vn -0.1583 -0.0181 0.9872
vn 0.9874 -0.0000 0.1579
vn 0.6348 0.7531 0.1729
vn 0.6348 -0.7532 0.1727
vn 0.2332 0.0002 -0.9724
vn -0.5431 -0.8238 -0.1623
vn -0.5431 0.8242 -0.1607
vn -0.0911 0.0002 -0.9958
vn -0.1306 -0.8756 0.4650
vn -0.6162 0.6873 -0.3848
vn 0.1140 0.6893 0.7155
vn 0.5993 0.6350 -0.4875
vn 0.9921 0.0163 0.1241
vn 0.6468 -0.6152 0.4508
vn -0.7149 -0.5148 0.4732
vn -0.9998 -0.0163 0.0101
vn -0.5684 0.6526 -0.5010
vn 0.0282 0.6438 0.7647
vn 0.1568 -0.5825 0.7976
vn 0.6451 0.6548 0.3938
vn 1.0000 -0.0029 -0.0022
vn 0.6871 -0.6136 -0.3891
vn -0.0184 -0.8470 -0.5312
vn -0.6873 -0.6159 -0.3852
vn -0.9999 -0.0015 -0.0105
vn -0.6573 0.6485 0.3840
vn -0.0133 -0.5754 0.8178
vn -0.3059 -0.6920 -0.6539
vn 0.3059 0.6920 0.6539
vn -0.3056 -0.6400 -0.7050
vt 0.780167 0.685188
vt 0.794855 0.695728
vt 0.786586 0.749849
vt 0.844894 0.752397
vt 0.797387 0.690422
vt 0.587116 0.670284
vt 0.633898 0.674999
vt 0.638032 0.683617
vt 0.641109 0.684329
vt 0.648567 0.678308
vt 0.675854 0.679723
vt 0.654576 0.748962
vt 0.648995 0.759016
vt 0.645738 0.756665
vt 0.635729 0.752813
vt 0.630964 0.763166
vt 0.627404 0.760946
vt 0.105143 0.318423
vt 0.133487 0.182926
vt 0.139469 0.173932
vt 0.486630 0.846960
vt 0.484367 0.813224
vt 0.511370 0.811040
vt 0.761831 0.364865
vt 0.744585 0.317849
vt 0.775278 0.303003
vt 0.739747 0.238012
vt 0.709947 0.255495
vt 0.677282 0.230197
vt 0.098259 0.688502
vt 0.072681 0.605455
vt 0.035311 0.477861
vt 0.407235 0.509834
vt 0.405992 0.531154
vt 0.389094 0.519099
vt 0.914620 0.796398
vt 0.912555 0.815335
vt 0.872165 0.823336
vt 0.367014 0.615027
vt 0.491498 0.584922
vt 0.535196 0.610974
vt 0.758104 0.760874
vt 0.793896 0.788125
vt 0.811987 0.895850
vt 0.055004 0.342982
vt 0.169228 0.448651
vt 0.623234 0.465132
vt 0.636267 0.458293
vt 0.697792 0.548333
vt 0.751574 0.661041
vt 0.713154 0.671920
vt 0.738382 0.663131
vt 0.714318 0.539676
vt 0.687197 0.431684
vt 0.687246 0.425631
vt 0.701010 0.683800
vt 0.692978 0.716018
vt 0.697280 0.692664
vt 0.716113 0.416662
vt 0.729622 0.409638
vt 0.789669 0.500701
vt 0.698541 0.722176
vt 0.731371 0.717198
vt 0.707443 0.722334
vt 0.806323 0.492217
vt 0.781679 0.382751
vt 0.781862 0.376783
vt 0.744343 0.706272
vt 0.758891 0.669095
vt 0.750393 0.695050
vt 0.867822 0.187564
vt 0.819100 0.171667
vt 0.845441 0.127704
vt 0.893143 0.394585
vt 0.917970 0.445900
vt 0.862184 0.458574
vt 0.951660 0.472565
vt 0.967844 0.529799
vt 0.908512 0.532534
vt 0.932962 0.076229
vt 0.922899 0.097407
vt 0.910338 0.078458
vt 0.458799 0.928558
vt 0.406516 0.930394
vt 0.403794 0.925160
vt 0.392696 0.976657
vt 0.428927 0.959589
vt 0.460237 0.962268
vt 0.488495 0.988003
vt 0.517470 0.962531
vt 0.542856 0.964146
vt 0.543065 0.942576
vt 0.490426 0.933030
vt 0.491309 0.912797
vt 0.737660 0.995645
vt 0.738553 0.976406
vt 0.767444 0.978369
vt 0.766345 0.896355
vt 0.765452 0.915596
vt 0.736557 0.913632
vt 0.011918 0.777349
vt 0.035697 0.736355
vt 0.062462 0.822974
vt 0.638883 0.742892
vt 0.633922 0.746761
vt 0.588240 0.751716
vt 0.596304 0.754073
vt 0.610690 0.771251
vt 0.589753 0.787087
vt 0.676037 0.737805
vt 0.648681 0.744369
vt 0.642984 0.745334
vt 0.684935 0.885085
vt 0.687166 0.886580
vt 0.681239 0.895911
vt 0.942651 0.731779
vt 0.961268 0.682993
vt 0.989352 0.711827
vt 0.792725 0.691113
vt 0.823042 0.663569
vt 0.840293 0.754246
vt 0.513633 0.844776
vt 0.088461 0.679182
vt 0.394222 0.530404
vt 0.412298 0.520921
vt 0.395618 0.509206
vt 0.938406 0.805762
vt 0.618043 0.461825
vt 0.724512 0.667099
vt 0.673704 0.438716
vt 0.693885 0.706252
vt 0.711103 0.413248
vt 0.721300 0.720214
vt 0.768452 0.389576
vt 0.755730 0.681526
vt 0.435445 0.930167
vt 0.396875 0.971049
vt 0.487458 0.964965
vt 0.526612 0.941334
vt 0.007668 0.858736
vt 0.639878 0.745642
vt 0.676248 0.739956
vt 0.693538 0.877691
vt 0.970711 0.765007
vt 0.321213 0.446311
vt 0.315215 0.687184
vt 0.363932 0.686786
vt 0.213195 0.681458
vt 0.244913 0.440088
vt 0.262279 0.686253
vt 0.316498 0.865544
vt 0.362034 0.970283
vt 0.367759 0.866428
vt 0.234263 0.982575
vt 0.192595 0.861403
vt 0.247534 0.867370
vt 0.305862 0.448796
vt 0.312830 0.433363
vt 0.305165 0.435734
vt 0.229226 0.440951
vt 0.237855 0.426184
vt 0.309117 0.430456
vt 0.229906 0.427762
vt 0.234420 0.422871
vt 0.231035 0.984413
vt 0.182810 0.960986
vt 0.314397 0.960479
vt 0.359607 0.972350
vt 0.904112 0.779417
vt 0.859332 0.782991
vt 0.866351 0.741952
vt 0.786463 0.752120
vt 0.741600 0.743005
vt 0.779325 0.681648
vt 0.840550 0.756627
vt 0.881441 0.683056
vt 0.846984 0.753745
vt 0.823533 0.655373
vt 0.824864 0.658867
vt 0.879035 0.682169
vt 0.873462 0.666279
vt 0.872052 0.668570
vt 0.897464 0.302813
vt 0.946474 0.297949
vt 0.888963 0.344802
vt 0.934114 0.277645
vt 0.940897 0.289253
vt 0.901302 0.225768
vt 0.900102 0.265118
vt 0.896567 0.303337
vt 0.899281 0.265255
vt 0.885285 0.342436
vt 0.895342 0.302884
vt 0.898401 0.227340
vt 0.897979 0.265523
vt 0.894892 0.303073
vt 0.897552 0.265164
vt 0.897801 0.227795
vt 0.882580 0.341194
vt 0.893599 0.303123
vt 0.896593 0.264989
vt 0.896299 0.227146
vt 0.896132 0.264981
vt 0.892981 0.303260
vt 0.850547 0.273667
vt 0.849614 0.273695
vt 0.881736 0.340319
vt 0.895536 0.227636
vt 0.850145 0.273897
vt 0.795205 0.687485
vt 0.791736 0.687595
vt 0.065837 0.822945
vt 0.058593 0.777516
vt 0.061688 0.776051
vt 0.004411 0.822750
vt 0.007784 0.822800
vt 0.008825 0.775880
vt 0.033523 0.736236
vt 0.036868 0.733087
vt 0.062353 0.858901
vt 0.065892 0.858913
vt 0.031897 0.733185
vt 0.091638 0.946102
vt 0.066499 0.999246
vt 0.065351 0.946707
vt 0.997914 0.398816
vt 0.933254 0.430265
vt 0.933441 0.398217
vt 0.092700 0.998812
vt 0.125891 0.945363
vt 0.127080 0.998150
vt 0.998371 0.356923
vt 0.933794 0.356168
vt 0.934386 0.311649
vt 0.998746 0.309696
vt 0.998720 0.312374
vt 0.161497 0.944705
vt 0.662045 0.844684
vt 0.691421 0.875988
vt 0.656331 0.853650
vt 0.650379 0.863127
vt 0.644466 0.872728
vt 0.678888 0.894646
vt 0.638858 0.881911
vt 0.673827 0.903623
vt 0.633619 0.890688
vt 0.670075 0.913754
vt 0.696505 0.923247
vt 0.676091 0.904611
vt 0.699691 0.916558
vt 0.703734 0.909462
vt 0.708728 0.902245
vt 0.714175 0.895403
vt 0.719726 0.889460
vt 0.699855 0.869734
vt 0.461461 0.434224
vt 0.467811 0.416790
vt 0.473627 0.424847
vt 0.461899 0.408170
vt 0.455653 0.426508
vt 0.449678 0.419046
vt 0.623881 0.448156
vt 0.637529 0.430614
vt 0.642431 0.441778
vt 0.616594 0.427332
vt 0.633233 0.420473
vt 0.612883 0.417296
vt 0.629744 0.410854
vt 0.609288 0.407081
vt 0.626430 0.401250
vt 0.605880 0.396443
vt 0.623666 0.391279
vt 0.602694 0.385230
vt 0.621059 0.380823
vt 0.600362 0.373580
vt 0.618794 0.369789
vt 0.616687 0.358227
vt 0.598151 0.362050
vt 0.614859 0.345457
vt 0.506123 0.483033
vt 0.510706 0.463944
vt 0.519218 0.470720
vt 0.499038 0.475786
vt 0.503610 0.457812
vt 0.492286 0.468938
vt 0.497101 0.451938
vt 0.485889 0.462269
vt 0.491084 0.445815
vt 0.473509 0.448921
vt 0.485215 0.439314
vt 0.467549 0.441602
vt 0.479386 0.432331
vt 0.476968 0.410963
vt 0.482117 0.418726
vt 0.648971 0.424755
vt 0.655008 0.434798
vt 0.640609 0.406448
vt 0.644331 0.415536
vt 0.634812 0.387942
vt 0.637348 0.397358
vt 0.630708 0.367773
vt 0.632434 0.378046
vt 0.629078 0.345354
vt 0.629318 0.356904
vt 0.526055 0.460393
vt 0.510402 0.450194
vt 0.517527 0.455487
vt 0.498369 0.439099
vt 0.504120 0.444860
vt 0.487396 0.426074
vt 0.492797 0.432826
vt 0.491947 0.412026
vt 0.497488 0.398876
vt 0.502637 0.404203
vt 0.483457 0.397816
vt 0.487706 0.405008
vt 0.667290 0.425382
vt 0.673982 0.410008
vt 0.678767 0.416552
vt 0.661491 0.417116
vt 0.656529 0.409316
vt 0.666415 0.394928
vt 0.671361 0.401889
vt 0.652826 0.401129
vt 0.649457 0.392777
vt 0.660173 0.379079
vt 0.664330 0.386045
vt 0.646976 0.384144
vt 0.644600 0.375035
vt 0.655514 0.363201
vt 0.658651 0.370197
vt 0.643139 0.366018
vt 0.641935 0.356627
vt 0.652741 0.350313
vt 0.654328 0.356225
vt 0.523844 0.446159
vt 0.534213 0.440427
vt 0.530960 0.449447
vt 0.525336 0.432968
vt 0.530928 0.436845
vt 0.511847 0.436834
vt 0.517464 0.441535
vt 0.515853 0.422658
vt 0.521681 0.427322
vt 0.501679 0.425273
vt 0.506789 0.431144
vt 0.506714 0.410816
vt 0.511858 0.416037
vt 0.497075 0.418641
vt 0.676026 0.409086
vt 0.668704 0.394024
vt 0.662436 0.378311
vt 0.657516 0.362594
vt 0.654187 0.350136
vt 0.534994 0.439446
vt 0.526630 0.431592
vt 0.517321 0.421231
vt 0.512821 0.415215
vt 0.508266 0.409553
vt 0.498923 0.397746
vt 0.493966 0.393613
vt 0.494690 0.392887
vt 0.503403 0.382309
vt 0.694750 0.409938
vt 0.690976 0.401624
vt 0.688190 0.394681
vt 0.672718 0.401275
vt 0.684480 0.386825
vt 0.681480 0.380077
vt 0.665722 0.385478
vt 0.677603 0.372172
vt 0.674392 0.365124
vt 0.660007 0.369741
vt 0.670567 0.357353
vt 0.666810 0.349267
vt 0.655555 0.355933
vt 0.662356 0.342269
vt 0.540689 0.429048
vt 0.531718 0.436024
vt 0.537454 0.423767
vt 0.533404 0.417635
vt 0.522595 0.426477
vt 0.529518 0.412709
vt 0.524841 0.406485
vt 0.519527 0.400738
vt 0.514503 0.394449
vt 0.503625 0.403414
vt 0.508935 0.388593
vt 0.533297 0.390410
vt 0.538753 0.397340
vt 0.527500 0.383333
vt 0.521536 0.376280
vt 0.515619 0.369438
vt 0.710710 0.400967
vt 0.707136 0.392750
vt 0.703761 0.385041
vt 0.700465 0.377684
vt 0.697230 0.370562
vt 0.693932 0.363397
vt 0.690576 0.356142
vt 0.687080 0.348641
vt 0.683279 0.340863
vt 0.679220 0.332845
vt 0.543719 0.435683
vt 0.556308 0.423311
vt 0.560177 0.430369
vt 0.552350 0.416750
vt 0.548190 0.410379
vt 0.543703 0.403998
vt 0.737566 0.336953
vt 0.741324 0.344961
vt 0.745159 0.352645
vt 0.749022 0.360082
vt 0.752879 0.367462
vt 0.756696 0.374996
vt 0.556745 0.336967
vt 0.562599 0.343538
vt 0.573613 0.357436
vt 0.568266 0.350410
vt 0.578557 0.364480
vt 0.583104 0.371461
vt 0.587365 0.378379
vt 0.591527 0.385307
vt 0.595792 0.392328
vt 0.600322 0.399474
vt 0.730514 0.320185
vt 0.727456 0.311844
vt 0.733945 0.328648
vt 0.637417 0.703132
vt 0.636846 0.713790
vt 0.636815 0.703106
vt 0.639348 0.724043
vt 0.640596 0.733449
vt 0.640000 0.733541
vt 0.637735 0.693074
vt 0.641964 0.742183
vt 0.641327 0.742372
vt 0.639697 0.703261
vt 0.639075 0.713726
vt 0.639088 0.703230
vt 0.638263 0.733825
vt 0.639499 0.742785
vt 0.640227 0.676410
vt 0.638669 0.683748
vt 0.639448 0.693312
vt 0.640050 0.693387
vt 0.639958 0.723982
vt 0.640522 0.745583
vt 0.642367 0.745445
vt 0.637062 0.724277
vt 0.637674 0.733911
vt 0.637141 0.693005
vt 0.637663 0.724225
vt 0.642503 0.677042
vt 0.640472 0.684181
vt 0.585961 0.691068
vt 0.585752 0.702689
vt 0.585878 0.714786
vt 0.586254 0.726680
vt 0.586924 0.737858
vt 0.587899 0.748465
vt 0.637457 0.713776
vt 0.675181 0.730215
vt 0.639693 0.713711
vt 0.674593 0.721965
vt 0.674264 0.703994
vt 0.674210 0.713073
vt 0.674558 0.695363
vt 0.675146 0.687516
vt 0.640838 0.676551
vt 0.569621 0.812111
vt 0.525171 0.830867
vt 0.567273 0.811603
vt 0.572664 0.703755
vt 0.436520 0.700125
vt 0.398871 0.665076
vt 0.396500 0.667390
vt 0.537986 0.609420
vt 0.558820 0.652047
vt 0.718509 0.868837
vt 0.716691 0.754470
vt 0.659019 0.671580
vt 0.690771 0.643804
vt 0.659172 0.669117
vt 0.253496 0.412795
vt 0.347451 0.321993
vt 0.336216 0.405616
vt 0.618905 0.555068
vt 0.586715 0.494686
vt 0.616405 0.556210
vt 0.508865 0.557758
vt 0.561224 0.602210
vt 0.562417 0.599785
vt 0.693617 0.644163
vt 0.483312 0.385206
vt 0.254737 0.158715
vt 0.314015 0.089999
vt 0.328675 0.135483
vt 0.123445 0.320356
vt 0.161814 0.184093
vt 0.146880 0.322900
vt 0.224955 0.139249
vt 0.215725 0.145852
vt 0.207341 0.145440
vt 0.380603 0.095089
vt 0.360796 0.096453
vt 0.379737 0.091978
vt 0.194183 0.180505
vt 0.192958 0.142913
vt 0.202909 0.164950
vt 0.240113 0.113326
vt 0.194689 0.233673
vt 0.090745 0.199721
vt 0.118284 0.192337
vt 0.380817 0.090997
vt 0.387525 0.094959
vt 0.388663 0.089486
vt 0.400938 0.082456
vt 0.404577 0.106857
vt 0.608229 0.466770
vt 0.661888 0.592353
vt 0.598397 0.471894
vt 0.704461 0.416438
vt 0.757363 0.542109
vt 0.694586 0.421571
vt 0.754125 0.390723
vt 0.645080 0.447425
vt 0.671391 0.587113
vt 0.699831 0.551114
vt 0.675908 0.589226
vt 0.715100 0.543202
vt 0.757058 0.547083
vt 0.766791 0.537232
vt 0.771025 0.539857
vt 0.792095 0.503377
vt 0.853603 0.493265
vt 0.807391 0.495479
vt 0.665688 0.597207
vt 0.845204 0.627217
vt 0.810525 0.646318
vt 0.844684 0.626360
vt 0.810726 0.647551
vt 0.798142 0.646295
vt 0.763796 0.627245
vt 0.797937 0.647519
vt 0.749155 0.627421
vt 0.764334 0.626417
vt 0.713345 0.647669
vt 0.748615 0.626608
vt 0.902938 0.652993
vt 0.914699 0.653237
vt 0.915345 0.654526
vt 0.861124 0.628298
vt 0.903156 0.651649
vt 0.800049 0.640595
vt 0.765929 0.619988
vt 0.746938 0.620384
vt 0.710385 0.642308
vt 0.916252 0.645750
vt 0.905918 0.645223
vt 0.861767 0.627364
vt 0.863673 0.620306
vt 0.843073 0.619673
vt 0.808610 0.640583
vt 0.918260 0.578993
vt 0.905552 0.578993
vt 0.863444 0.580295
vt 0.842648 0.581372
vt 0.808238 0.582707
vt 0.798760 0.582954
vt 0.745992 0.584359
vt 0.709250 0.585362
vt 0.882356 0.346808
vt 0.880260 0.347470
vt 0.879915 0.347026
vt 0.810707 0.321339
vt 0.853601 0.304512
vt 0.812846 0.325498
vt 0.880099 0.370997
vt 0.882104 0.347331
vt 0.881878 0.371009
vt 0.893918 0.356525
vt 0.826251 0.292004
vt 0.851485 0.300396
vt 0.893597 0.357103
vt 0.899099 0.359086
vt 0.801983 0.304566
vt 0.821744 0.283300
vt 0.889309 0.372132
vt 0.893132 0.373378
vt 0.912287 0.358476
vt 0.899214 0.358517
vt 0.912374 0.357946
vt 0.789686 0.280588
vt 0.830499 0.259446
vt 0.898553 0.376378
vt 0.914218 0.359352
vt 0.787521 0.276403
vt 0.913726 0.359569
vt 0.899956 0.377456
vt 0.917020 0.372215
vt 0.803835 0.248670
vt 0.828359 0.255309
vt 0.916500 0.372469
vt 0.920259 0.376822
vt 0.775051 0.252510
vt 0.779611 0.261280
vt 0.906454 0.385291
vt 0.919780 0.377268
vt 0.931593 0.386009
vt 0.799338 0.239959
vt 0.766399 0.235686
vt 0.807079 0.214502
vt 0.909505 0.392192
vt 0.464432 0.797541
vt 0.460146 0.754740
vt 0.467916 0.796945
vt 0.437010 0.756523
vt 0.439795 0.799666
vt 0.436224 0.799636
vt 0.401015 0.796025
vt 0.412067 0.753382
vt 0.404588 0.796713
vt 0.390031 0.743619
vt 0.376701 0.788906
vt 0.373538 0.787726
vt 0.457395 0.755421
vt 0.486460 0.741579
vt 0.496462 0.791190
vt 0.409393 0.752849
vt 0.392614 0.745608
vt 0.410040 0.751486
vt 0.393255 0.744344
vt 0.484944 0.740334
vt 0.457342 0.753910
vt 0.459583 0.753172
vt 0.439663 0.756612
vt 0.439474 0.755252
vt 0.437173 0.754912
vt 0.412317 0.751874
vt 0.453138 0.846738
vt 0.450612 0.808962
vt 0.452722 0.808942
vt 0.430272 0.846925
vt 0.451021 0.846755
vt 0.428155 0.846943
vt 0.429888 0.809132
vt 0.401885 0.809336
vt 0.427779 0.809147
vt 0.402234 0.847132
vt 0.399776 0.809352
vt 0.379368 0.847279
vt 0.400118 0.847146
vt 0.377251 0.847293
vt 0.379051 0.809485
vt 0.478615 0.808707
vt 0.479058 0.846503
vt 0.004793 0.566820
vt 0.033059 0.561996
vt 0.032499 0.566501
vt 0.004765 0.560810
vt 0.034071 0.557427
vt 0.005021 0.554927
vt 0.035707 0.552717
vt 0.006140 0.543467
vt 0.005497 0.549199
vt 0.017566 0.616533
vt 0.042817 0.599577
vt 0.046522 0.604033
vt 0.013144 0.605721
vt 0.015347 0.611227
vt 0.011099 0.600137
vt 0.039679 0.595106
vt 0.009319 0.594612
vt 0.037201 0.590783
vt 0.007855 0.589232
vt 0.035291 0.586658
vt 0.032992 0.578927
vt 0.033909 0.582741
vt 0.005779 0.578484
vt 0.006686 0.583922
vt 0.005136 0.572772
vt 0.032471 0.575008
vt 0.032312 0.570868
vt 0.047403 0.594843
vt 0.041942 0.588050
vt 0.044335 0.591503
vt 0.040056 0.584603
vt 0.038699 0.581239
vt 0.037399 0.574443
vt 0.037835 0.577926
vt 0.037350 0.570785
vt 0.038254 0.563113
vt 0.037615 0.566969
vt 0.039375 0.559328
vt 0.038304 0.547481
vt 0.041252 0.555727
vt 0.051503 0.597556
vt 0.037595 0.574415
vt 0.037528 0.570778
vt 0.038433 0.563168
vt 0.037807 0.566991
vt 0.039572 0.559426
vt 0.041434 0.555866
vt 0.044444 0.552759
vt 0.047546 0.594644
vt 0.044495 0.591365
vt 0.040245 0.584531
vt 0.038877 0.581191
vt 0.038023 0.577885
vt 0.050112 0.591013
vt 0.051576 0.597302
vt 0.047637 0.588619
vt 0.042107 0.587956
vt 0.045548 0.585856
vt 0.043890 0.582997
vt 0.042672 0.580107
vt 0.041867 0.577135
vt 0.041452 0.574047
vt 0.041376 0.570805
vt 0.042177 0.564203
vt 0.043161 0.561186
vt 0.044706 0.558559
vt 0.047106 0.556534
vt 0.053177 0.592573
vt 0.050275 0.590741
vt 0.053235 0.592227
vt 0.045805 0.585699
vt 0.047863 0.588404
vt 0.044166 0.582886
vt 0.042971 0.580021
vt 0.042182 0.577065
vt 0.041752 0.573999
vt 0.041577 0.567463
vt 0.041683 0.570791
vt 0.042464 0.564296
vt 0.044943 0.558767
vt 0.047258 0.556816
vt 0.029548 0.691264
vt 0.046344 0.718116
vt 0.027636 0.692670
vt 0.031442 0.689872
vt 0.048254 0.716712
vt 0.005851 0.708698
vt 0.026516 0.732703
vt 0.024577 0.734131
vt 0.009804 0.705788
vt 0.007792 0.707269
vt 0.011848 0.704283
vt 0.028527 0.731223
vt 0.013860 0.702802
vt 0.030569 0.729720
vt 0.015802 0.701374
vt 0.032579 0.728240
vt 0.017695 0.699981
vt 0.034520 0.726812
vt 0.019606 0.698575
vt 0.036411 0.725421
vt 0.040298 0.722562
vt 0.038321 0.724016
vt 0.023621 0.695622
vt 0.021585 0.697119
vt 0.025658 0.694124
vt 0.042332 0.721066
vt 0.044367 0.719569
vt 0.684704 0.249357
vt 0.706649 0.299553
vt 0.701323 0.298439
vt 0.571351 0.318603
vt 0.575255 0.319962
vt 0.596544 0.296927
vt 0.686708 0.165073
vt 0.711857 0.190052
vt 0.584379 0.350099
vt 0.584852 0.346408
vt 0.075797 0.835644
vt 0.078900 0.698198
vt 0.021778 0.647859
vt 0.029170 0.648379
vt 0.057259 0.692633
vt 0.085511 0.687362
vt 0.053521 0.701213
vt 0.067423 0.836060
vt 0.088345 0.861730
vt 0.080737 0.866067
vt 0.108893 0.925085
vt 0.210681 0.233854
vt 0.200201 0.189628
vt 0.212136 0.232506
vt 0.213104 0.232243
vt 0.214660 0.232540
vt 0.201158 0.189353
vt 0.201496 0.186588
vt 0.465030 0.153938
vt 0.066803 0.940380
vt 0.073988 0.867096
vt 0.029411 0.870339
vt 0.026023 0.868318
vt 0.066197 0.942986
vt 0.076341 0.939386
vt 0.078977 0.941181
vt 0.075756 0.865014
vt 0.002531 0.944789
vt 0.019205 0.865341
vt 0.049469 0.946806
vt 0.771986 0.302660
vt 0.737463 0.240243
vt 0.706845 0.256250
vt 0.743131 0.320822
vt 0.856180 0.308534
vt 0.819975 0.371466
vt 0.778809 0.362101
vt 0.806221 0.383475
vt 0.870993 0.375984
vt 0.822980 0.409099
vt 0.587852 0.163401
vt 0.576084 0.131917
vt 0.591832 0.161266
vt 0.625391 0.143257
vt 0.613612 0.111778
vt 0.629370 0.141120
vt 0.554287 0.181399
vt 0.572111 0.134049
vt 0.577433 0.086604
vt 0.535782 0.093772
vt 0.535382 0.088395
vt 0.491701 0.095364
vt 0.487716 0.090353
vt 0.491320 0.089975
vt 0.532121 0.093942
vt 0.532788 0.088532
vt 0.576677 0.092040
vt 0.537162 0.129954
vt 0.489125 0.131396
vt 0.488018 0.095595
vt 0.492897 0.131280
vt 0.763004 0.244852
vt 0.772996 0.281148
vt 0.759826 0.246125
vt 0.050195 0.477371
vt 0.504780 0.735845
vt 0.434903 0.702735
vt 0.502445 0.737059
vt 0.561652 0.650743
vt 0.576920 0.692692
vt 0.575664 0.703422
vt 0.579782 0.692078
vt 0.666627 0.825000
vt 0.524274 0.834057
vt 0.578013 0.800692
vt 0.669062 0.759230
vt 0.676713 0.752150
vt 0.420697 0.116522
vt 0.413007 0.063495
vt 0.165182 0.334403
vt 0.044971 0.330883
vt 0.184724 0.441067
vt 0.180130 0.960906
vt 0.182246 0.963172
vt 0.179110 0.962474
vt 0.161938 0.919995
vt 0.157986 0.924025
vt 0.524541 0.586095
vt 0.525789 0.583899
vt 0.425468 0.322218
vt 0.461993 0.288227
vt 0.426207 0.324549
vt 0.252269 0.264882
vt 0.249899 0.266415
vt 0.457301 0.285992
vt 0.460076 0.287381
vt 0.254525 0.263199
vt 0.424595 0.319460
vt 0.412900 0.183788
vt 0.454609 0.242732
vt 0.412255 0.185786
vt 0.277906 0.221215
vt 0.457538 0.244212
vt 0.270462 0.222174
vt 0.452319 0.241101
vt 0.283320 0.220803
vt 0.411790 0.187606
vt 0.463939 0.309420
vt 0.521108 0.354518
vt 0.460507 0.309126
vt 0.544348 0.259076
vt 0.576360 0.304834
vt 0.543552 0.261280
vt 0.578752 0.305137
vt 0.521357 0.352550
vt 0.466670 0.309835
vt 0.543378 0.264008
vt 0.521311 0.349988
vt 0.573901 0.304479
vt 0.439432 0.178301
vt 0.517868 0.148002
vt 0.442369 0.179549
vt 0.516732 0.151398
vt 0.405887 0.486246
vt 0.392270 0.464691
vt 0.409149 0.462535
vt 0.383558 0.489553
vt 0.374745 0.467169
vt 0.357495 0.477349
vt 0.374064 0.495710
vt 0.346238 0.492370
vt 0.437871 0.564036
vt 0.432021 0.542178
vt 0.449751 0.554453
vt 0.456828 0.539817
vt 0.435786 0.533810
vt 0.457054 0.524260
vt 0.435674 0.513163
vt 0.457056 0.508084
vt 0.450014 0.491193
vt 0.431338 0.503771
vt 0.437998 0.479376
vt 0.415525 0.489035
vt 0.426125 0.468058
vt 0.458982 0.508413
vt 0.451264 0.489542
vt 0.427788 0.466841
vt 0.408585 0.460451
vt 0.374811 0.465034
vt 0.355535 0.476253
vt 0.450648 0.556088
vt 0.458788 0.539576
vt 0.364717 0.521973
vt 0.349623 0.510847
vt 0.364279 0.509913
vt 0.427894 0.452375
vt 0.418623 0.448489
vt 0.363894 0.455910
vt 0.353610 0.460896
vt 0.417297 0.550925
vt 0.410271 0.567313
vt 0.405624 0.554966
vt 0.395556 0.553910
vt 0.379642 0.561956
vt 0.384011 0.549505
vt 0.468604 0.499662
vt 0.465432 0.489756
vt 0.463622 0.557824
vt 0.468220 0.550150
vt 0.372440 0.539526
vt 0.354892 0.532953
vt 0.368724 0.528041
vt 0.418112 0.447500
vt 0.425097 0.436776
vt 0.337865 0.520166
vt 0.337632 0.513724
vt 0.432048 0.439799
vt 0.428927 0.452054
vt 0.478569 0.487456
vt 0.465901 0.488803
vt 0.479360 0.485515
vt 0.383532 0.575871
vt 0.378283 0.573867
vt 0.469517 0.500139
vt 0.480499 0.494074
vt 0.482368 0.495188
vt 0.477830 0.558182
vt 0.469184 0.549821
vt 0.480057 0.557063
vt 0.345663 0.544280
vt 0.344254 0.539916
vt 0.463800 0.558801
vt 0.475062 0.562484
vt 0.475220 0.565044
vt 0.422438 0.575387
vt 0.416638 0.577393
vt 0.364278 0.454855
vt 0.356343 0.443929
vt 0.357101 0.441837
vt 0.348992 0.447282
vt 0.352509 0.460540
vt 0.346958 0.446666
vt 0.433954 0.438243
vt 0.370258 0.517780
vt 0.376744 0.503368
vt 0.371675 0.517986
vt 0.386830 0.492074
vt 0.375778 0.502631
vt 0.402173 0.488655
vt 0.387530 0.493373
vt 0.416094 0.495161
vt 0.402081 0.490167
vt 0.427487 0.505700
vt 0.416687 0.494109
vt 0.431313 0.522085
vt 0.426322 0.506440
vt 0.425052 0.536769
vt 0.429888 0.521902
vt 0.414933 0.548361
vt 0.426043 0.537501
vt 0.399340 0.551858
vt 0.414216 0.547042
vt 0.385196 0.545143
vt 0.399433 0.550312
vt 0.373781 0.534313
vt 0.384584 0.546207
vt 0.374969 0.533584
vt 0.390974 0.513152
vt 0.411213 0.514700
vt 0.410683 0.527153
vt 0.390223 0.525413
vt 0.279292 0.685158
vt 0.177420 0.675568
vt 0.272241 0.865589
vt 0.150970 0.855022
vt 0.220729 0.438376
vt 0.297226 0.447142
vt 0.301085 0.434105
vt 0.304651 0.432210
vt 0.302525 0.431100
vt 0.225982 0.425697
vt 0.229754 0.424174
vt 0.304481 0.427650
vt 0.230036 0.419587
vt 0.277557 0.969936
vt 0.314487 0.962407
vt 0.885577 0.710770
vt 0.911352 0.761167
vt 0.944668 0.776104
vt 0.364218 0.616955
vt 0.269619 0.294036
vt 0.189955 0.405777
vt 0.211786 0.243205
vt 0.583950 0.430420
vt 0.581182 0.430616
vt 0.474564 0.517241
vt 0.506864 0.559705
vt 0.159018 0.698496
vt 0.132271 0.846217
vt 0.127732 0.869305
vt 0.114875 0.930371
vt 0.106898 0.928764
vt 0.471359 0.242682
vt 0.495262 0.281724
vt 0.468661 0.243134
vt 0.498181 0.279745
vt 0.472491 0.241879
vt 0.499795 0.278708
vt 0.473558 0.239945
vt 0.745488 0.088393
vt 0.206498 0.448156
vt 0.141721 0.915956
vt 0.483365 0.567596
vt 0.492637 0.582380
vt 0.466289 0.257040
vt 0.253945 0.228289
vt 0.464426 0.256784
vt 0.461377 0.256381
vt 0.255767 0.228505
vt 0.258879 0.228879
vt 0.452035 0.220892
vt 0.540981 0.187564
vt 0.519159 0.145060
vt 0.453403 0.220496
vt 0.445166 0.180999
vt 0.456247 0.219689
vt 0.539141 0.188488
vt 0.536268 0.189950
vt 0.737022 0.398255
vt 0.737514 0.399317
vt 0.703781 0.415526
vt 0.661022 0.437771
vt 0.661622 0.438777
vt 0.607623 0.465845
vt 0.734756 0.722880
vt 0.749464 0.710667
vt 0.687797 0.718584
vt 0.695270 0.726989
vt 0.695709 0.679816
vt 0.768774 0.668441
vt 0.753074 0.651307
vt 0.636478 0.452219
vt 0.644566 0.446374
vt 0.617907 0.460867
vt 0.623018 0.463974
vt 0.635221 0.457300
vt 0.694198 0.420507
vt 0.668785 0.435327
vt 0.686456 0.430969
vt 0.686491 0.425073
vt 0.673538 0.437705
vt 0.729695 0.403659
vt 0.715914 0.415554
vt 0.728613 0.408656
vt 0.711096 0.412313
vt 0.753562 0.389692
vt 0.763401 0.386204
vt 0.790215 0.370793
vt 0.791224 0.371547
vt 0.780969 0.382008
vt 0.768328 0.388542
vt 0.763371 0.385244
vt 0.781176 0.376162
vt 0.048471 0.324867
vt 0.017221 0.317817
vt 0.045332 0.319357
vt 0.069844 0.166599
vt 0.063300 0.171031
vt 0.090716 0.147981
vt 0.061281 0.006019
vt 0.089054 0.006278
vt 0.010156 0.159133
vt 0.013577 0.323019
vt 0.015439 0.164013
vt 0.280767 0.052551
vt 0.275143 0.011392
vt 0.281170 0.016379
vt 0.274363 0.056382
vt 0.501777 0.072511
vt 0.501199 0.082093
vt 0.052817 0.005463
vt 0.007832 0.147924
vt 0.007183 0.002449
vt 0.502474 0.011461
vt 0.502130 0.001907
vt 0.190804 0.131591
vt 0.215792 0.126734
vt 0.218372 0.133050
vt 0.235769 0.000950
vt 0.230383 0.005955
vt 0.098483 0.147231
vt 0.121671 0.005417
vt 0.149322 0.144979
vt 0.188231 0.001826
vt 0.193575 0.125607
vt 0.192164 0.007477
vt 0.897637 0.009006
vt 0.889404 0.070826
vt 0.890032 0.016355
vt 0.754199 0.168799
vt 0.786726 0.153504
vt 0.780830 0.177192
vt 0.763006 0.141532
vt 0.797704 0.132725
vt 0.804767 0.091196
vt 0.816418 0.116604
vt 0.841747 0.079612
vt 0.845478 0.106912
vt 0.869549 0.109478
vt 0.905575 0.103601
vt 0.888369 0.121524
vt 0.922567 0.130907
vt 0.900043 0.139914
vt 0.903391 0.161226
vt 0.920200 0.191146
vt 0.898409 0.182125
vt 0.903569 0.215482
vt 0.886213 0.199801
vt 0.880798 0.232485
vt 0.868676 0.212436
vt 0.855644 0.242389
vt 0.847715 0.219640
vt 0.823986 0.222954
vt 0.746223 0.195857
vt 0.773739 0.204744
vt 0.905095 0.483851
vt 0.918642 0.474088
vt 0.905630 0.485240
vt 0.935427 0.468321
vt 0.934776 0.469639
vt 0.966782 0.481847
vt 0.973858 0.497062
vt 0.965357 0.482182
vt 0.975889 0.515327
vt 0.974821 0.514265
vt 0.955207 0.542089
vt 0.938823 0.545153
vt 0.955233 0.540629
vt 0.921301 0.543224
vt 0.922443 0.542315
vt 0.898859 0.517792
vt 0.898935 0.501116
vt 0.900279 0.518093
vt 0.876857 0.394585
vt 0.893143 0.387013
vt 0.920922 0.549095
vt 0.922251 0.549474
vt 0.939593 0.546393
vt 0.936596 0.551959
vt 0.917970 0.414292
vt 0.913763 0.396897
vt 0.923917 0.409571
vt 0.959498 0.546119
vt 0.960634 0.545332
vt 0.969283 0.529994
vt 0.971679 0.535844
vt 0.956609 0.467319
vt 0.968610 0.475748
vt 0.951490 0.471105
vt 0.896443 0.472429
vt 0.907816 0.458574
vt 0.911116 0.465396
vt 0.969663 0.476661
vt 0.848406 0.430096
vt 0.844615 0.447585
vt 0.840991 0.431781
vt 0.898924 0.480971
vt 0.897955 0.482312
vt 0.890986 0.497570
vt 0.897572 0.501757
vt 0.908045 0.533918
vt 0.901843 0.535146
vt 0.852030 0.414292
vt 0.856237 0.396897
vt 0.862184 0.401618
vt 0.894083 0.521228
vt 0.894633 0.522495
vt 0.933254 0.462806
vt 0.917743 0.466934
vt 0.931880 0.463035
vt 0.917412 0.473293
vt 0.876857 0.465608
vt 0.858884 0.465396
vt 0.983500 0.513599
vt 0.974829 0.495934
vt 0.982070 0.496887
vt 0.929009 0.431781
vt 0.925385 0.447585
vt 0.983220 0.515395
vt 0.922203 0.557466
vt 0.923318 0.555830
vt 0.934053 0.559518
vt 0.933453 0.557586
vt 0.876857 0.387013
vt 0.891611 0.378728
vt 0.972096 0.468354
vt 0.970361 0.469429
vt 0.962235 0.461430
vt 0.961938 0.463513
vt 0.913319 0.473597
vt 0.901481 0.479272
vt 0.846083 0.409571
vt 0.848747 0.392941
vt 0.888509 0.527025
vt 0.895480 0.536283
vt 0.894622 0.537759
vt 0.936800 0.435197
vt 0.993825 0.511458
vt 0.991732 0.510718
vt 0.991581 0.497076
vt 0.989871 0.498318
vt 0.833200 0.435197
vt 0.889256 0.479079
vt 0.884203 0.492086
vt 0.882175 0.492105
vt 0.921253 0.392941
vt 0.929497 0.403231
vt 0.966531 0.550255
vt 0.966244 0.548542
vt 0.975899 0.542204
vt 0.974043 0.541843
vt 0.873557 0.472429
vt 0.856681 0.473597
vt 0.928410 0.455707
vt 0.918220 0.460395
vt 0.928143 0.457658
vt 0.917271 0.458777
vt 0.890127 0.481035
vt 0.890390 0.527349
vt 0.997750 0.999250
vt 0.992875 0.992750
vt 0.997750 0.992750
vt 0.988000 0.999250
vt 0.992875 0.999250
vt 0.983125 0.999250
vt 0.988000 0.992750
vt 0.978250 0.992750
vt 0.983125 0.992750
vt 0.978250 0.999250
vt 0.658504 0.082879
vt 0.638269 0.113791
vt 0.637277 0.083548
vt 0.679881 0.082204
vt 0.659496 0.113121
vt 0.701108 0.081535
vt 0.680873 0.112447
vt 0.616892 0.114466
vt 0.615900 0.084223
vt 0.657027 0.133824
vt 0.625973 0.126176
vt 0.645215 0.114447
vt 0.808800 0.181884
vt 0.805661 0.162728
vt 0.809610 0.146792
vt 0.818081 0.135928
vt 0.854087 0.122466
vt 0.866630 0.125052
vt 0.878002 0.133396
vt 0.885466 0.146137
vt 0.887463 0.161180
vt 0.883492 0.176179
vt 0.873936 0.188919
vt 0.859805 0.197537
vt 0.842422 0.200526
vt 0.802717 0.210771
vt 0.943432 0.007458
vt 0.943778 0.080851
vt 0.952906 0.079437
vt 0.990878 0.006018
vt 0.982169 0.076103
vt 0.989777 0.076825
vt 0.982527 0.005902
vt 0.974867 0.075977
vt 0.963549 0.006004
vt 0.973742 0.005804
vt 0.961176 0.077888
vt 0.967818 0.076576
vt 0.953718 0.006534
vt 0.973612 0.082763
vt 0.979918 0.082829
vt 0.967203 0.082762
vt 0.960709 0.082820
vt 0.948915 0.083240
vt 0.954713 0.083035
vt 0.985960 0.083046
vt 0.979905 0.214117
vt 0.973722 0.214130
vt 0.967539 0.214144
vt 0.961451 0.214159
vt 0.955272 0.214177
vt 0.985996 0.214106
vt 0.754171 0.578268
vt 0.850714 0.569904
vt 0.752559 0.581998
vt 0.837078 0.530634
vt 0.747458 0.558578
vt 0.836299 0.528066
vt 0.743700 0.556247
vt 0.906934 0.679397
vt 0.977143 0.600027
vt 0.943947 0.701856
vt 0.874155 0.548121
vt 0.876300 0.548325
vt 0.846501 0.522064
vt 0.916971 0.724141
vt 0.847941 0.518002
vt 0.403697 0.878744
vt 0.400201 0.872003
vt 0.404685 0.872127
vt 0.399577 0.887566
vt 0.398996 0.878321
vt 0.401301 0.863125
vt 0.394944 0.885264
vt 0.576867 0.871001
vt 0.607181 0.881914
vt 0.574882 0.879355
vt 0.607862 0.888590
vt 0.576212 0.896907
vt 0.575005 0.888369
vt 0.617056 0.875774
vt 0.615824 0.895918
vt 0.440916 0.883528
vt 0.441499 0.871228
vt 0.439999 0.855855
vt 0.536033 0.888376
vt 0.536171 0.904145
vt 0.437864 0.898788
vt 0.536610 0.875637
vt 0.538227 0.860074
vt 0.394335 0.935840
vt 0.401119 0.938885
vt 0.385793 0.959711
vt 0.393304 0.959685
vt 0.462171 0.984223
vt 0.460058 0.953715
vt 0.488428 0.956884
vt 0.459022 0.936307
vt 0.490085 0.940129
vt 0.462482 0.909242
vt 0.558029 0.922828
vt 0.553661 0.944761
vt 0.554280 0.959205
vt 0.558526 0.982395
vt 0.569468 0.940991
vt 0.439142 0.936014
vt 0.437041 0.952900
vt 0.506634 0.959636
vt 0.512000 0.944301
vt 0.663426 0.934706
vt 0.658886 0.943516
vt 0.657572 0.943371
vt 0.679834 0.929053
vt 0.679794 0.927923
vt 0.689773 0.931910
vt 0.690591 0.930989
vt 0.701094 0.958643
vt 0.696122 0.968828
vt 0.702428 0.958733
vt 0.678532 0.974753
vt 0.695269 0.967929
vt 0.678527 0.976077
vt 0.667667 0.971559
vt 0.666795 0.972481
vt 0.670950 0.944169
vt 0.664123 0.935516
vt 0.680893 0.941161
vt 0.686707 0.942500
vt 0.693031 0.958441
vt 0.690269 0.964288
vt 0.679604 0.967381
vt 0.673761 0.965011
vt 0.667627 0.948775
vt 0.633684 0.970922
vt 0.640203 0.941600
vt 0.641347 0.941426
vt 0.622715 0.977643
vt 0.632882 0.970354
vt 0.604171 0.973339
vt 0.622506 0.976639
vt 0.597556 0.964126
vt 0.604698 0.972564
vt 0.598231 0.934150
vt 0.596653 0.964413
vt 0.597148 0.933631
vt 0.609131 0.924357
vt 0.633108 0.929663
vt 0.609476 0.925580
vt 0.623951 0.940798
vt 0.632379 0.930696
vt 0.628145 0.944991
vt 0.626428 0.958425
vt 0.621198 0.961573
vt 0.611036 0.960288
vt 0.606981 0.955695
vt 0.609307 0.942416
vt 0.614296 0.939871
vt 0.816051 0.802822
vt 0.855562 0.779714
vt 0.857405 0.798839
vt 0.814209 0.783697
vt 0.853720 0.760589
vt 0.870300 0.932718
vt 0.830786 0.955826
vt 0.828945 0.936700
vt 0.827104 0.917574
vt 0.868459 0.913591
vt 0.825262 0.898449
vt 0.866617 0.894466
vt 0.823419 0.879323
vt 0.864774 0.875340
vt 0.821577 0.860198
vt 0.819735 0.841072
vt 0.862932 0.856215
vt 0.859247 0.817964
vt 0.861090 0.837089
vt 0.817893 0.821947
vt 0.919143 0.974884
vt 0.931221 0.964677
vt 0.932463 0.966533
vt 0.905083 0.981716
vt 0.918202 0.973039
vt 0.890082 0.985039
vt 0.904165 0.979567
vt 0.876193 0.985913
vt 0.890576 0.987081
vt 0.875691 0.988015
vt 0.980701 0.903165
vt 0.984924 0.887829
vt 0.982945 0.903843
vt 0.976247 0.918637
vt 0.967170 0.932092
vt 0.974401 0.917523
vt 0.955399 0.943379
vt 0.965199 0.930643
vt 0.943492 0.954129
vt 0.957026 0.944785
vt 0.945133 0.955909
vt 0.938940 0.914091
vt 0.945595 0.903669
vt 0.922430 0.931675
vt 0.931002 0.923173
vt 0.913106 0.939188
vt 0.893524 0.951857
vt 0.903540 0.946095
vt 0.882424 0.956272
vt 0.871076 0.959444
vt 0.954980 0.879985
vt 0.982804 0.888263
vt 0.950982 0.892101
vt 0.858561 0.817357
vt 0.815326 0.802663
vt 0.856541 0.798296
vt 0.817345 0.821725
vt 0.860582 0.836418
vt 0.819365 0.840787
vt 0.862602 0.855480
vt 0.823407 0.878912
vt 0.821385 0.859849
vt 0.825428 0.897974
vt 0.864623 0.874541
vt 0.866645 0.893603
vt 0.827450 0.917037
vt 0.829472 0.936099
vt 0.868668 0.912664
vt 0.870690 0.931727
vt 0.831495 0.955161
vt 0.854522 0.779235
vt 0.811288 0.764541
vt 0.852502 0.760174
vt 0.813307 0.783602
vt 0.982741 0.786472
vt 0.978490 0.774769
vt 0.979977 0.773946
vt 0.982381 0.799839
vt 0.980815 0.786588
vt 0.978508 0.812071
vt 0.980543 0.799616
vt 0.974658 0.823867
vt 0.980160 0.812417
vt 0.976335 0.824455
vt 0.969133 0.835193
vt 0.970727 0.836080
vt 0.963567 0.847325
vt 0.954723 0.857468
vt 0.962017 0.846089
vt 0.943796 0.864695
vt 0.953418 0.856108
vt 0.932983 0.871740
vt 0.944897 0.866037
vt 0.933896 0.873399
vt 0.921875 0.876355
vt 0.941828 0.831422
vt 0.934920 0.838477
vt 0.927158 0.844602
vt 0.918674 0.850092
vt 0.955131 0.785702
vt 0.954662 0.774717
vt 0.955201 0.795819
vt 0.954110 0.805554
vt 0.951566 0.814837
vt 0.947517 0.823563
vt 0.737741 0.915968
vt 0.735935 0.976442
vt 0.735121 0.916004
vt 0.768070 0.915560
vt 0.766261 0.976034
vt 0.785753 0.975774
vt 0.784947 0.915333
vt 0.719063 0.976670
vt 0.486069 0.118170
vt 0.455113 0.114146
vt 0.697778 0.867783
vt 0.665676 0.839120
vt 0.702567 0.863267
vt 0.723265 0.886028
vt 0.703858 0.865760
vt 0.609640 0.113910
vt 0.820967 0.661622
vt 0.942834 0.269414
vt 0.887265 0.342941
vt 0.899868 0.226912
vt 0.884601 0.341671
vt 0.004108 0.858726
vt 0.997520 0.430973
vt 0.672328 0.913528
vt 0.472170 0.402378
vt 0.642521 0.347558
vt 0.679920 0.416123
vt 0.760423 0.382856
vt 0.586504 0.680149
vt 0.760090 0.886825
vt 0.227306 0.149492
vt 0.364505 0.106334
vt 0.175303 0.129066
vt 0.076970 0.315432
vt 0.851973 0.498265
vt 0.713380 0.648855
vt 0.765166 0.583812
vt 0.797460 0.295781
vt 0.904255 0.381921
vt 0.932085 0.385672
vt 0.391656 0.742708
vt 0.376942 0.809496
vt 0.044308 0.552558
vt 0.043422 0.561328
vt 0.686133 0.245901
vt 0.550143 0.251071
vt 0.197931 0.186980
vt 0.875191 0.336934
vt 0.877779 0.338901
vt 0.538549 0.152045
vt 0.578284 0.128384
vt 0.776174 0.279875
vt 0.149619 0.346344
vt 0.350034 0.522170
vt 0.421224 0.563523
vt 0.390466 0.566088
vt 0.358369 0.543709
vt 0.227739 0.422842
vt 0.472383 0.519049
vt 0.496979 0.280530
vt 0.203243 0.458205
vt 0.485934 0.565943
vt 0.598553 0.470533
vt 0.635744 0.451609
vt 0.668778 0.434403
vt 0.728967 0.403073
vt 0.039284 0.147502
vt 0.849882 0.567256
vt 0.894857 0.687159
vt 0.396627 0.865214
vt 0.921957 0.878054
vt 0.768879 0.975998
vt 0.718247 0.916232
vt 0.643093 0.677242
vt 0.650316 0.746987
vt 0.650090 0.758678
vt 0.646147 0.757688
vt 0.631207 0.751049
vt 0.632020 0.762720
vt 0.627878 0.761980
vt 0.137632 0.173741
vt 0.513146 0.812927
vt 0.511915 0.846700
vt 0.484854 0.845073
vt 0.486085 0.811300
vt 0.802718 0.342201
vt 0.733319 0.199135
vt 0.059868 0.604271
vt 0.401550 0.508025
vt 0.400050 0.532130
vt 0.928174 0.823653
vt 0.873455 0.825230
vt 0.782834 0.760859
vt 0.810593 0.788858
vt 0.709260 0.666410
vt 0.719676 0.662065
vt 0.739219 0.655286
vt 0.687226 0.708968
vt 0.692217 0.688123
vt 0.725169 0.725684
vt 0.703759 0.728693
vt 0.763714 0.681473
vt 0.754956 0.700274
vt 0.872480 0.136526
vt 0.880500 0.148710
vt 0.882440 0.163167
vt 0.877915 0.177034
vt 0.854159 0.192673
vt 0.839633 0.191347
vt 0.827121 0.183850
vt 0.817160 0.157210
vt 0.821685 0.143343
vt 0.831778 0.132812
vt 0.859967 0.129030
vt 0.907816 0.401618
vt 0.921594 0.430096
vt 0.893143 0.465608
vt 0.852030 0.445900
vt 0.921101 0.070593
vt 0.933662 0.089541
vt 0.911038 0.091771
vt 0.767671 0.995242
vt 0.737433 0.978773
vt 0.736331 0.896758
vt 0.766572 0.913229
vt 0.581310 0.774864
vt 0.581814 0.766488
vt 0.585598 0.759168
vt 0.591738 0.754610
vt 0.598709 0.753790
vt 0.605120 0.756825
vt 0.609457 0.763104
vt 0.608477 0.779344
vt 0.603363 0.785454
vt 0.596593 0.788210
vt 0.584191 0.782293
vt 0.989350 0.731779
vt 0.961290 0.765007
vt 0.942648 0.711827
vt 0.970732 0.682993
vt 0.738559 0.744198
vt 0.934413 0.309027
vt 0.162649 0.997297
vt 0.620366 0.437503
vt 0.595577 0.350839
vt 0.479784 0.455588
vt 0.589310 0.493838
vt 0.490045 0.334888
vt 0.184133 0.330891
vt 0.041863 0.567498
vt 0.050146 0.715321
vt 0.008256 0.865194
vt 0.533309 0.130051
vt 0.578484 0.845197
vt 0.394769 0.486668
vt 0.366286 0.504853
vt 0.425205 0.548967
vt 0.436838 0.523688
vt 0.424067 0.495398
vt 0.458876 0.524271
vt 0.439328 0.478001
vt 0.392001 0.462717
vt 0.344538 0.491091
vt 0.438995 0.565422
vt 0.424534 0.434607
vt 0.278020 0.971683
vt 0.934083 0.747305
vt 0.116060 0.926593
vt 0.758512 0.107607
vt 0.143502 0.912054
vt 0.032475 0.149551
vt 0.094218 0.006634
vt 0.896831 0.078891
vt 0.778398 0.114252
vt 0.877521 0.084850
vt 0.927260 0.161671
vt 0.830695 0.248265
vt 0.937975 0.552049
vt 0.972624 0.534836
vt 0.955393 0.466641
vt 0.890645 0.499355
vt 0.902648 0.536270
vt 0.916444 0.467440
vt 0.981609 0.495298
vt 0.878389 0.378728
vt 0.840504 0.403231
vt 0.933876 0.447947
vt 0.836124 0.447947
vt 0.868519 0.479272
vt 0.702100 0.111777
vt 0.637785 0.145553
vt 0.823215 0.196347
vt 0.933122 0.008724
vt 0.949094 0.214196
vt 0.957011 0.587859
vt 0.568926 0.967682
vt 0.812367 0.764572
vt 0.872141 0.951845
vt 0.872712 0.950789
vt 0.909259 0.855895
vt 0.481530 0.155677
s 1
usemtl enemy
f 31/1/1 76/2/2 30/3/3
f 36/4/4 30/3/5 75/5/6
f 102/6/7 128/7/8 300/8/9
f 315/9/10 135/10/11 115/11/12
f 135/12/13 330/13/14 328/14/15
f 122/15/16 326/16/17 332/17/18
f 373/18/19 377/19/20 370/20/21
f 490/21/22 488/22/23 494/23/24
f 634/24/25 639/25/26 642/26/27
f 644/27/28 638/28/29 633/29/30
f 599/30/31 605/31/32 662/32/33
f 791/33/34 795/34/34 787/35/34
f 23/36/35 674/37/36 20/38/37
f 816/39/38 675/40/39 344/41/40
f 347/42/41 678/43/42 815/44/43
f 599/30/44 596/45/45 669/46/46
f 862/47/47 864/48/48 398/49/49
f 853/50/50 860/51/51 867/52/52
f 394/53/53 872/54/54 871/55/55
f 858/56/56 856/57/57 875/58/57
f 880/59/58 878/60/59 393/61/60
f 855/62/61 857/63/62 884/64/63
f 397/65/64 886/66/65 885/67/66
f 859/68/67 854/69/68 892/70/69
f 925/71/38 921/72/38 931/73/38
f 959/74/38 955/75/38 951/76/38
f 967/77/43 971/78/43 975/79/43
f 1123/80/70 1125/81/70 1121/82/70
f 1167/83/71 1168/84/72 1164/85/73
f 1165/86/74 1192/87/75 1170/88/76
f 1178/89/77 1195/90/78 1186/91/78
f 1185/92/79 1179/93/79 1177/94/80
f 1311/95/81 1316/96/81 1318/97/81
f 1313/98/82 1319/99/82 1322/100/82
f 91/101/83 93/102/84 85/103/85
f 299/104/86 122/105/87 1323/106/88
f 1324/107/89 119/108/90 115/109/91
f 109/110/92 134/111/93 332/112/94
f 125/113/95 131/114/96 130/115/97
f 430/116/98 426/117/99 427/118/100
f 1354/3/101 1401/119/102 1355/1/103
f 1362/120/104 1400/2/105 1359/121/106
f 1624/8/107 1452/7/108 1426/6/109
f 1439/11/110 1459/10/111 1639/9/112
f 1652/14/113 1654/13/114 1459/12/115
f 1656/17/116 1650/16/117 1446/15/118
f 1694/20/119 1701/19/120 1697/18/121
f 1812/22/122 1814/21/123 1816/122/124
f 1966/26/125 1963/25/126 1958/24/127
f 1957/29/128 1962/28/129 1968/27/130
f 1923/30/131 1929/31/132 1928/123/133
f 2109/124/34 2117/125/34 2113/126/34
f 1347/36/134 1998/37/135 836/127/136
f 1668/41/137 1999/40/138 816/39/38
f 815/44/43 2002/43/139 1671/42/140
f 1993/46/141 1920/45/142 1923/30/143
f 1722/49/144 2137/47/145 2136/128/146
f 2128/50/147 2143/129/148 2135/51/149
f 2147/54/150 2145/130/151 1718/53/152
f 2133/56/153 2151/131/154 2131/57/154
f 1717/61/155 2155/59/156 2154/132/157
f 2130/62/158 2158/133/159 2132/63/160
f 2161/66/161 2163/134/162 1721/65/163
f 2134/68/164 2166/135/165 2129/69/166
f 2233/85/167 2260/136/168 2236/83/169
f 2239/88/170 2238/137/171 2234/86/172
f 2255/91/173 2249/138/173 2247/89/174
f 2246/94/175 2267/139/176 2254/92/176
f 2387/97/177 2385/96/177 2380/95/177
f 2391/100/178 2388/99/178 2382/98/178
f 1417/102/179 1415/101/180 1407/140/181
f 2392/106/182 1651/141/183 1623/104/184
f 1439/109/185 1443/108/186 2393/107/187
f 1656/112/188 2393/142/189 1433/110/190
f 1455/114/191 1456/143/192 1449/113/193
f 1750/117/194 1754/116/195 1748/144/196
f 6/145/197 7/146/198 9/147/199
f 8/148/200 6/149/201 9/150/202
f 10/151/203 5/152/204 12/153/205
f 10/151/203 9/147/199 7/146/198
f 5/154/206 11/155/207 12/156/208
f 11/155/209 9/150/202 12/156/210
f 2/157/211 15/158/212 13/159/213
f 4/160/214 15/161/215 6/149/201
f 18/162/216 13/159/217 15/158/218
f 14/163/219 18/164/216 15/161/220
f 21/165/221 3/166/222 5/154/223
f 1/167/224 21/168/221 5/152/223
f 24/169/225 20/38/226 21/170/227
f 19/171/228 24/169/229 21/170/230
f 26/172/231 29/173/232 30/3/233
f 29/173/234 27/174/235 31/1/236
f 36/4/237 33/175/238 35/121/239
f 36/4/240 28/176/241 34/177/242
f 35/121/239 26/172/231 30/3/233
f 38/120/243 41/178/244 42/179/245
f 32/180/246 39/181/247 28/176/248
f 38/120/249 40/182/250 32/180/251
f 42/179/252 39/181/253 40/182/254
f 47/183/255 43/184/256 46/185/257
f 47/183/258 45/186/259 44/187/260
f 46/188/261 45/186/262 48/189/263
f 46/185/264 50/190/265 47/183/266
f 51/191/267 46/188/264 48/189/268
f 47/183/266 51/191/269 48/189/270
f 50/190/271 52/192/272 53/193/273
f 52/194/274 51/191/275 54/195/276
f 50/190/277 54/195/278 51/191/279
f 54/195/280 56/196/281 57/197/282
f 52/192/283 56/196/281 53/193/284
f 54/195/285 55/198/286 52/194/287
f 56/196/288 58/199/289 59/200/290
f 55/198/291 60/201/292 58/202/293
f 60/201/294 56/196/295 59/200/296
f 59/200/297 63/203/298 60/201/299
f 58/199/300 62/204/301 59/200/297
f 63/203/302 58/202/303 60/201/304
f 62/204/305 66/205/306 63/203/307
f 64/206/308 62/204/309 61/207/310
f 63/203/311 64/206/312 61/208/313
f 66/205/314 65/209/314 64/206/314
f 73/210/315 77/119/316 74/211/317
f 75/5/318 76/2/2 77/119/319
f 31/1/320 74/211/321 77/119/322
f 73/210/323 38/120/243 75/5/324
f 84/212/325 89/213/326 88/214/327
f 86/215/328 91/101/329 87/216/330
f 90/217/331 94/218/332 91/101/329
f 88/214/333 93/102/334 92/219/335
f 81/220/336 84/212/325 80/221/337
f 83/140/338 86/215/328 87/216/330
f 92/219/339 94/218/340 95/222/341
f 69/223/342 82/224/343 68/225/344
f 70/226/345 80/227/346 84/228/347
f 86/229/348 71/230/349 90/231/350
f 72/232/351 84/228/347 88/233/352
f 92/234/353 78/235/354 79/236/355
f 78/237/356 90/231/350 71/230/349
f 88/233/352 79/236/357 72/232/351
f 97/238/358 124/239/359 98/240/360
f 98/240/360 125/113/361 99/241/361
f 100/242/362 125/113/361 126/243/363
f 101/244/364 126/243/363 127/245/365
f 102/246/7 127/245/365 128/247/8
f 115/248/12 129/249/366 114/250/367
f 114/250/367 130/115/368 113/251/369
f 113/251/369 131/114/370 112/252/370
f 111/253/371 131/114/370 132/143/372
f 110/254/373 132/143/372 133/255/374
f 136/256/375 155/257/376 154/258/377
f 156/259/378 137/260/379 138/261/380
f 138/262/380 157/263/381 156/264/378
f 157/263/381 140/265/382 158/266/383
f 158/266/383 141/267/384 159/268/385
f 159/268/385 142/269/386 160/270/387
f 160/270/387 143/271/388 161/272/389
f 161/272/389 144/273/390 162/274/391
f 162/274/391 145/275/392 163/276/393
f 164/277/394 145/275/392 146/278/395
f 146/278/395 165/279/396 164/277/394
f 147/280/397 166/281/398 165/282/396
f 148/283/399 167/284/400 166/281/398
f 149/285/401 168/286/402 167/284/400
f 150/287/403 169/288/404 168/286/402
f 169/288/404 152/289/405 170/290/406
f 170/290/406 153/291/407 171/292/408
f 171/292/408 136/256/375 154/258/377
f 154/258/377 173/293/409 172/294/410
f 156/259/378 173/293/409 155/257/376
f 156/264/378 175/295/411 174/296/412
f 158/266/383 175/295/411 157/263/381
f 158/266/383 177/297/413 176/298/414
f 160/270/387 177/297/413 159/268/385
f 160/270/387 179/299/415 178/300/416
f 162/274/391 179/299/415 161/272/389
f 162/274/391 181/301/417 180/302/418
f 164/277/394 181/301/417 163/276/393
f 164/277/394 183/303/419 182/304/420
f 166/281/398 183/305/419 165/282/396
f 166/281/398 185/306/421 184/307/422
f 168/286/402 185/306/421 167/284/400
f 168/286/402 187/308/423 186/309/424
f 170/290/406 187/308/423 169/288/404
f 170/290/406 189/310/425 188/311/426
f 154/258/377 189/310/425 171/292/408
f 208/312/427 191/313/428 190/314/429
f 173/293/409 208/312/427 172/294/410
f 210/315/430 191/313/428 209/316/431
f 173/293/409 210/315/430 209/316/431
f 210/317/430 193/318/432 192/319/433
f 174/296/412 211/320/434 210/317/430
f 212/321/435 193/318/432 211/320/434
f 175/295/411 212/321/435 211/320/434
f 212/321/435 195/322/436 194/323/437
f 176/298/414 213/324/438 212/321/435
f 214/325/439 195/322/436 213/324/438
f 214/325/439 177/297/413 178/300/416
f 214/325/439 197/326/440 196/327/441
f 178/300/416 215/328/442 214/325/439
f 216/329/443 197/326/440 215/328/442
f 216/329/443 179/299/415 180/302/418
f 216/329/443 199/330/444 198/331/445
f 180/302/418 217/332/446 216/329/443
f 218/333/447 199/330/444 217/332/446
f 182/304/420 217/332/446 181/301/417
f 218/333/447 201/334/448 200/335/449
f 183/303/419 218/333/447 182/304/420
f 220/336/450 201/337/448 219/338/451
f 184/307/422 219/338/451 183/305/419
f 220/336/450 203/339/452 202/340/453
f 185/306/421 220/336/450 184/307/422
f 222/341/454 203/339/452 221/342/455
f 186/309/424 221/342/455 185/306/421
f 222/341/454 205/343/456 204/344/457
f 187/308/423 222/341/454 186/309/424
f 224/345/458 205/343/456 223/346/459
f 188/311/426 223/346/459 187/308/423
f 224/345/458 207/347/460 206/348/461
f 189/310/425 224/345/458 188/311/426
f 208/312/427 207/347/460 225/349/462
f 189/310/425 208/312/427 225/349/462
f 194/323/463 229/350/464 193/318/465
f 231/351/466 194/323/463 195/322/467
f 196/327/468 231/351/469 195/322/470
f 233/352/471 196/327/468 197/326/472
f 198/331/473 233/352/474 197/326/475
f 235/353/476 198/331/473 199/330/477
f 200/335/478 235/353/479 199/330/480
f 237/354/481 200/335/478 201/334/482
f 202/340/483 237/355/484 201/337/485
f 239/356/486 202/340/483 203/339/487
f 204/344/488 239/356/489 203/339/490
f 241/357/491 204/344/488 205/343/492
f 241/357/493 206/348/494 242/358/495
f 243/359/496 206/348/494 207/347/497
f 190/314/498 243/359/499 207/347/500
f 227/360/501 190/314/498 191/313/502
f 227/360/503 192/361/504 228/362/505
f 229/350/506 192/319/504 193/318/507
f 246/363/508 227/360/509 228/362/510
f 246/364/508 229/350/511 247/365/512
f 248/366/513 229/350/511 230/367/514
f 248/366/513 231/351/515 249/368/516
f 250/369/517 231/351/518 232/370/519
f 250/369/520 233/352/521 251/371/522
f 252/372/523 233/352/521 234/373/524
f 252/372/523 235/353/525 253/374/526
f 254/375/527 235/353/525 236/376/528
f 254/375/527 237/354/529 255/377/530
f 256/378/531 237/355/529 238/379/532
f 256/378/533 239/356/534 257/380/535
f 258/381/536 239/356/537 240/382/538
f 258/381/536 241/357/539 259/383/540
f 260/384/541 241/357/539 242/358/542
f 260/384/541 243/359/543 261/385/544
f 244/386/545 243/359/543 226/387/546
f 244/386/545 227/360/509 245/388/547
f 260/384/548 262/389/549 263/390/550
f 261/385/551 264/391/552 262/389/549
f 264/391/552 245/388/553 265/392/554
f 265/392/554 246/363/555 266/393/556
f 266/394/556 247/365/557 267/395/558
f 267/395/558 248/366/559 268/396/560
f 268/396/560 249/368/561 269/397/562
f 269/397/562 250/369/563 270/398/564
f 270/398/564 251/371/522 271/399/565
f 271/399/565 252/372/523 272/400/566
f 272/400/566 253/374/526 273/401/567
f 253/374/526 274/402/568 273/401/567
f 254/375/527 275/403/569 274/402/568
f 255/404/530 276/405/570 275/406/569
f 256/378/571 277/407/572 276/405/570
f 257/380/573 278/408/574 277/407/572
f 258/381/575 279/409/576 278/408/574
f 259/383/577 263/390/550 279/409/576
f 280/410/578 271/399/565 272/400/566
f 270/398/564 281/411/579 282/412/580
f 282/412/580 269/397/562 270/398/564
f 268/396/560 283/413/581 284/414/582
f 284/414/582 267/395/558 268/396/560
f 285/415/583 266/394/556 267/395/558
f 265/392/554 286/416/584 287/417/585
f 287/417/585 264/391/552 265/392/554
f 289/418/586 264/391/552 288/419/587
f 262/389/549 290/420/588 263/390/550
f 263/390/550 291/421/589 279/409/576
f 292/422/590 279/409/576 291/421/589
f 293/423/591 278/408/574 292/422/590
f 277/407/572 294/424/592 276/405/570
f 276/405/570 295/425/593 275/406/569
f 296/426/594 275/403/569 295/427/593
f 297/428/595 274/402/568 296/426/594
f 272/400/566 297/428/595 280/410/578
f 304/429/596 307/430/597 305/431/598
f 322/432/599 325/433/600 324/434/601
f 305/431/598 302/435/602 304/429/596
f 324/434/601 313/436/603 312/437/604
f 319/438/605 320/439/606 318/440/605
f 299/104/607 310/441/608 298/442/609
f 328/443/610 301/444/611 300/8/612
f 316/445/613 315/9/614 317/446/615
f 320/439/606 323/447/616 322/432/599
f 327/141/617 298/442/609 326/448/618
f 313/436/603 333/449/619 312/437/604
f 309/450/620 310/441/608 311/451/621
f 300/8/612 302/435/602 303/452/622
f 307/430/597 308/453/623 309/450/620
f 330/454/624 315/9/614 314/455/625
f 318/440/605 317/446/615 319/438/605
f 104/456/626 300/8/9 303/452/627
f 104/456/626 305/431/628 105/457/629
f 105/457/629 307/430/630 106/458/630
f 307/430/630 107/459/631 106/458/630
f 108/460/632 309/450/633 311/451/634
f 108/460/632 299/104/86 96/461/635
f 318/440/636 306/462/637 304/429/636
f 316/445/638 304/429/636 302/435/638
f 314/455/639 302/435/638 301/444/640
f 310/441/641 312/437/642 298/442/643
f 308/453/644 324/434/641 310/441/641
f 306/462/637 322/432/644 308/453/644
f 121/463/645 313/436/646 325/433/647
f 323/447/648 121/463/645 325/433/647
f 321/464/649 120/465/650 323/447/648
f 321/464/649 118/466/651 119/467/649
f 319/438/651 117/468/652 118/466/651
f 117/468/652 315/9/10 116/469/653
f 329/470/654 314/455/639 301/444/640
f 312/437/642 326/448/655 298/442/643
f 336/471/656 335/472/657 334/473/658
f 342/474/659 336/471/660 334/473/660
f 344/41/40 339/475/661 345/476/662
f 339/475/663 346/477/664 345/476/665
f 347/478/666 338/479/667 344/41/668
f 347/42/41 340/480/669 341/481/670
f 348/482/671 351/483/672 350/484/673
f 356/485/674 353/486/675 352/487/676
f 353/488/677 358/489/678 354/490/679
f 359/491/680 352/492/681 355/493/681
f 359/491/682 354/490/683 358/489/682
f 350/484/684 354/490/683 355/493/685
f 352/492/681 350/484/686 355/493/681
f 353/488/677 351/483/687 349/494/687
f 353/486/675 348/495/688 352/487/676
f 363/496/689 362/497/690 365/498/691
f 371/499/692 366/500/693 367/501/694
f 367/502/695 372/503/696 371/504/697
f 379/505/698 366/506/699 370/507/700
f 364/508/701 373/509/702 374/510/703
f 374/510/703 371/504/697 372/503/696
f 366/506/699 365/498/691 362/497/690
f 363/496/704 367/502/695 360/511/705
f 362/512/706 367/501/694 366/500/693
f 373/18/19 375/513/707 376/514/708
f 379/505/698 370/507/700 378/515/709
f 382/516/710 378/515/711 377/517/712
f 382/516/710 376/518/713 380/519/714
f 383/520/715 388/521/715 384/522/715
f 385/523/716 390/524/716 386/525/716
f 393/61/60 395/526/717 397/65/64
f 396/527/718 394/53/53 398/49/49
f 387/528/719 406/529/720 399/530/721
f 404/531/722 398/49/49 394/53/53
f 390/524/723 404/531/722 394/53/53
f 402/532/724 389/533/724 401/534/724
f 389/533/725 403/535/726 401/534/727
f 397/65/64 403/535/726 393/61/60
f 388/536/728 405/537/729 397/65/64
f 388/521/730 399/530/730 400/538/730
f 404/539/731 410/540/732 412/541/733
f 402/542/734 409/543/735 410/540/732
f 403/544/736 409/543/735 401/545/737
f 405/546/738 411/547/739 403/544/736
f 405/546/738 408/548/740 413/549/741
f 399/550/742 408/551/740 400/552/743
f 406/553/744 407/554/745 399/550/742
f 412/541/733 406/553/744 404/539/731
f 417/555/746 411/547/747 419/556/748
f 411/547/747 421/557/749 419/556/748
f 416/558/750 413/549/751 408/548/752
f 407/554/753 416/559/754 408/551/753
f 415/560/755 414/561/756 422/562/757
f 422/562/757 412/541/758 420/563/759
f 418/564/760 412/541/758 410/540/761
f 409/543/762 418/564/763 410/540/762
f 424/565/764 415/560/754 423/566/764
f 422/562/757 423/566/765 415/560/755
f 430/567/766 420/563/759 428/568/767
f 426/569/768 420/563/759 418/564/760
f 426/569/38 417/555/763 425/570/38
f 419/556/748 425/570/769 417/555/746
f 429/571/770 419/556/748 421/557/749
f 424/572/771 421/557/749 416/558/750
f 431/573/772 447/574/772 432/575/772
f 439/576/773 432/577/773 440/578/773
f 450/579/774 448/580/774 449/581/774
f 438/582/775 448/580/776 431/573/777
f 439/576/778 438/583/779 431/584/778
f 451/585/780 449/581/781 448/580/781
f 438/582/782 453/586/783 451/585/784
f 446/587/785 436/588/786 438/583/779
f 452/589/787 453/586/788 454/590/789
f 455/591/790 436/592/791 434/593/792
f 436/588/786 442/594/793 434/595/793
f 456/596/794 453/586/788 455/591/794
f 433/597/795 455/591/795 434/593/795
f 441/598/796 434/595/796 442/594/796
f 456/596/797 457/599/797 458/600/797
f 435/601/798 457/599/799 433/597/800
f 441/598/801 435/602/802 433/603/801
f 459/604/803 458/600/804 457/599/804
f 437/605/805 459/604/806 435/601/807
f 445/606/808 435/602/802 443/607/809
f 462/608/810 459/604/803 461/609/811
f 437/605/812 447/610/813 461/609/814
f 437/611/815 440/612/816 432/613/816
f 450/614/817 461/609/811 447/610/817
f 467/615/818 476/616/819 468/617/818
f 473/618/820 466/619/821 465/620/821
f 463/621/822 472/622/823 464/623/822
f 477/624/824 469/625/825 470/626/825
f 464/623/826 473/618/826 465/620/826
f 466/619/827 475/627/827 467/615/827
f 468/617/828 477/628/828 470/629/828
f 469/625/829 471/630/829 463/621/829
f 478/631/830 479/632/831 471/630/830
f 477/624/832 486/633/831 478/631/830
f 476/616/833 485/634/832 477/628/832
f 476/616/833 483/635/834 484/636/833
f 474/637/835 483/635/834 475/627/835
f 473/618/836 482/638/837 474/637/835
f 472/622/838 481/639/836 473/618/836
f 472/622/838 479/632/831 480/640/838
f 484/641/839 491/642/840 492/643/840
f 482/644/841 491/642/841 483/645/841
f 481/646/842 490/647/843 482/644/844
f 481/646/845 488/648/845 489/649/845
f 480/650/846 487/651/847 488/648/848
f 486/652/849 487/651/849 479/653/849
f 485/654/850 494/655/851 486/652/852
f 484/641/853 493/656/853 485/657/853
f 495/658/797 509/659/854 508/660/855
f 496/661/856 510/662/857 509/659/854
f 497/663/858 511/664/859 510/662/857
f 499/665/860 511/664/859 498/666/861
f 499/667/860 513/668/862 512/669/863
f 501/670/864 513/668/862 500/671/865
f 502/672/866 514/673/867 501/670/864
f 503/674/868 515/675/869 502/672/866
f 504/676/870 516/677/871 503/674/868
f 504/676/870 518/678/872 517/679/873
f 506/680/874 518/678/872 505/681/875
f 507/682/876 519/683/877 506/680/874
f 495/658/797 520/684/878 507/682/876
f 514/673/867 526/685/879 513/668/862
f 514/673/867 528/686/880 527/687/881
f 515/675/869 529/688/882 528/686/880
f 516/677/871 530/689/883 529/688/882
f 518/678/872 530/689/883 517/679/873
f 518/678/872 532/690/884 531/691/885
f 519/683/877 533/692/886 532/690/884
f 508/660/855 533/692/886 520/684/878
f 508/660/855 522/693/887 521/694/888
f 510/662/857 522/693/887 509/659/854
f 511/664/859 523/695/889 510/662/857
f 512/696/863 524/697/890 511/664/859
f 513/668/862 525/698/891 512/669/863
f 533/692/892 545/699/893 532/690/893
f 521/694/894 546/700/892 533/692/892
f 521/694/894 535/701/895 534/702/894
f 536/703/896 522/693/895 523/695/896
f 523/695/896 537/704/897 536/703/896
f 524/697/897 538/705/898 537/704/897
f 539/706/899 525/698/898 526/685/899
f 527/687/900 539/706/899 526/685/899
f 528/686/901 540/707/900 527/687/900
f 542/708/902 528/686/901 529/688/902
f 530/689/903 542/708/902 529/688/902
f 531/691/904 543/709/903 530/689/903
f 532/690/893 544/710/904 531/691/904
f 552/711/905 538/712/906 539/706/905
f 553/713/907 539/706/905 540/707/907
f 541/714/908 553/713/907 540/707/907
f 542/708/909 554/715/908 541/714/908
f 543/709/910 555/716/911 542/708/909
f 544/710/912 556/717/913 543/709/910
f 545/699/914 557/718/915 544/710/912
f 546/700/916 558/719/917 545/699/914
f 534/702/918 559/720/919 546/700/916
f 548/721/920 534/702/918 535/701/921
f 549/722/922 535/701/921 536/703/923
f 536/703/923 550/723/924 549/722/922
f 537/704/925 551/724/926 550/723/924
f 551/725/927 565/726/928 564/727/927
f 553/713/929 565/726/928 552/711/928
f 553/713/929 567/728/930 566/729/929
f 554/715/930 568/730/931 567/728/930
f 556/717/932 568/730/931 555/716/931
f 557/718/933 569/731/932 556/717/932
f 558/719/934 570/732/933 557/718/933
f 559/720/935 571/733/934 558/719/934
f 547/734/936 572/735/935 559/720/935
f 561/736/937 547/734/936 548/721/937
f 549/722/938 561/736/937 548/721/937
f 563/737/939 549/722/938 550/723/939
f 550/723/939 564/738/927 563/737/939
f 563/739/940 575/740/941 562/741/941
f 564/742/942 576/743/940 563/739/940
f 564/744/942 578/745/943 577/746/944
f 566/747/945 578/745/943 565/748/943
f 567/749/946 579/750/945 566/747/945
f 568/751/947 580/752/946 567/749/946
f 569/753/948 581/754/947 568/751/947
f 570/755/949 582/756/948 569/753/948
f 571/757/950 583/758/949 570/755/949
f 571/757/950 585/759/951 584/760/950
f 560/761/764 585/759/951 572/762/951
f 561/763/952 573/764/764 560/761/764
f 562/741/941 574/765/952 561/763/952
f 586/766/953 588/767/953 589/768/953
f 591/769/954 586/766/955 590/770/954
f 588/771/956 591/772/957 592/773/958
f 592/774/959 589/768/959 588/767/959
f 589/768/960 590/770/961 586/766/962
f 593/775/963 591/769/963 590/770/963
f 597/776/964 598/777/965 599/30/31
f 601/778/966 605/31/967 606/779/968
f 606/779/969 604/123/969 607/780/969
f 607/780/970 602/781/971 600/782/972
f 606/779/973 600/782/974 601/778/975
f 595/783/976 609/784/977 608/785/978
f 611/786/979 608/785/978 609/784/977
f 614/787/980 617/788/981 618/789/982
f 617/788/983 620/790/984 618/789/984
f 622/791/985 619/792/986 621/793/987
f 621/793/988 624/794/989 622/791/990
f 627/795/991 625/796/992 626/797/993
f 625/796/994 630/798/995 626/797/995
f 626/797/996 631/799/996 627/795/996
f 631/799/997 628/800/998 627/795/997
f 625/796/999 632/801/999 629/802/999
f 629/803/1000 631/804/1001 630/805/1002
f 644/27/1003 641/806/1004 643/807/1005
f 637/808/1006 639/25/1007 640/809/1008
f 633/810/1009 640/811/1008 634/812/1010
f 636/813/1011 642/814/1012 644/815/1003
f 639/25/1007 643/807/1005 641/806/1004
f 649/816/658 646/817/658 645/818/658
f 648/819/1013 651/820/1013 652/821/1013
f 652/822/764 650/823/764 649/816/764
f 651/824/1014 655/825/1015 650/826/1015
f 654/827/1016 651/828/1014 647/829/1016
f 647/829/1016 653/830/1017 654/827/1016
f 650/826/1015 653/830/1017 646/831/1017
f 656/832/1018 659/833/1018 655/825/1018
f 654/827/1019 660/834/1019 656/835/1019
f 653/830/1020 658/836/1020 654/827/1020
f 659/833/1021 653/830/1021 655/825/1021
f 659/837/70 658/838/70 657/839/70
f 662/32/33 596/45/1022 661/840/1023
f 338/479/1024 664/841/1025 339/475/661
f 340/842/1026 664/841/1027 665/843/1028
f 341/844/1029 663/845/1030 338/479/667
f 343/846/1031 663/845/1032 666/847/1032
f 665/848/1033 341/481/670 340/480/669
f 664/841/1034 337/849/1035 665/843/1034
f 665/848/1033 336/850/1036 343/851/1037
f 665/848/1033 343/851/1037 666/852/1038
f 334/473/1039 664/841/1025 342/474/1040
f 663/845/1041 342/474/1040 664/841/1025
f 381/853/1042 376/518/713 375/854/1043
f 668/855/1044 596/45/1045 594/856/1046
f 669/46/1047 668/855/1048 670/857/1049
f 672/858/1050 20/859/1051 673/860/1052
f 671/861/1053 673/860/1054 674/862/1055
f 347/478/666 676/863/1056 677/864/1057
f 675/40/1058 677/864/1059 676/863/1059
f 679/865/1060 616/866/1061 613/867/1062
f 680/868/1063 613/867/1064 615/869/1065
f 679/865/1066 684/870/1067 681/871/1068
f 679/865/1069 683/872/1070 682/873/1071
f 684/870/1072 682/873/1073 683/872/1074
f 685/874/1075 687/875/1076 688/876/1077
f 686/877/1078 615/878/1079 613/879/1080
f 685/874/1075 686/877/1081 613/879/1082
f 690/880/1083 688/876/1084 687/875/1083
f 689/881/1085 687/875/1086 686/877/1087
f 688/876/1088 689/881/1089 686/877/1089
f 691/882/1090 690/880/1090 689/881/1090
f 695/883/1091 615/884/1092 685/885/1093
f 612/886/1094 695/883/1091 685/885/1093
f 612/886/1095 693/887/1096 692/888/1097
f 614/889/1098 694/890/1099 693/887/1100
f 699/891/1101 694/890/1102 695/883/1103
f 692/888/1104 699/891/1105 695/883/1106
f 693/887/1107 696/892/1108 692/888/1109
f 693/887/1110 698/893/1111 697/894/1112
f 696/892/1113 698/893/1114 699/891/1115
f 615/895/1116 700/896/1117 701/897/1118
f 702/898/1119 701/897/1120 700/896/1119
f 704/899/1121 717/900/1122 716/901/1123
f 717/900/1122 706/902/1124 718/903/1125
f 706/902/1126 719/904/1127 718/903/1128
f 707/905/1129 720/906/1130 719/904/1131
f 720/907/1130 709/908/1132 721/909/1133
f 709/908/1134 722/910/1135 721/909/1136
f 710/911/1137 723/912/1138 722/910/1139
f 723/912/1138 712/913/1140 724/914/1141
f 712/913/1142 725/915/1143 724/914/1144
f 713/916/1145 726/917/1146 725/915/1147
f 726/917/1146 715/918/1148 727/919/1149
f 715/918/1150 716/901/1151 727/919/1152
f 736/920/1153 723/912/1154 724/914/1155
f 726/917/1156 737/921/1157 725/915/1158
f 739/922/1159 726/917/1156 727/919/1160
f 717/900/1161 728/923/1162 716/901/1163
f 730/924/1164 717/900/1161 718/903/1165
f 720/906/1166 731/925/1167 719/904/1168
f 733/926/1169 720/907/1166 721/909/1170
f 723/912/1154 734/927/1171 722/910/1172
f 739/928/1173 748/929/1174 728/930/1175
f 747/931/1176 739/922/1177 727/919/1178
f 727/919/1152 740/932/1179 747/931/1179
f 728/923/1180 740/932/1181 716/901/1182
f 741/933/1183 730/924/1184 718/903/1185
f 718/903/1128 742/934/1186 741/933/1186
f 731/925/1187 742/934/1188 719/904/1189
f 730/935/1190 750/936/1191 731/937/1192
f 736/938/1193 754/939/1194 737/940/1195
f 745/941/1196 736/920/1197 724/914/1198
f 724/914/1144 746/942/1199 745/941/1200
f 737/921/1201 746/942/1202 725/915/1203
f 743/943/1204 733/926/1205 721/909/1206
f 721/909/1136 744/944/1207 743/943/1208
f 734/927/1209 744/944/1210 722/910/1211
f 733/945/1212 752/946/1213 734/947/1214
f 748/948/1215 756/949/1216 740/932/1181
f 748/929/1217 771/950/1218 764/951/1219
f 763/952/1220 755/953/1221 747/931/1176
f 740/932/1222 763/952/1223 747/931/1224
f 762/954/1225 754/955/1226 770/956/1227
f 754/939/1228 769/957/1229 770/958/1230
f 753/959/1231 761/960/1232 769/961/1233
f 762/954/1234 745/941/1235 746/942/1236
f 760/962/1237 743/943/1238 744/944/1239
f 760/962/1240 752/963/1241 768/964/1242
f 752/946/1243 767/965/1244 768/966/1245
f 751/967/1246 759/968/1247 767/969/1248
f 750/936/1249 765/970/1250 766/971/1251
f 749/972/1252 757/973/1253 765/974/1254
f 758/975/1255 741/933/1256 742/934/1257
f 758/975/1258 750/976/1259 766/977/1260
f 762/954/1261 769/961/1262 761/960/1263
f 756/949/1264 771/978/1265 763/952/1223
f 758/975/1266 765/974/1266 757/973/1267
f 760/962/1268 767/969/1269 759/968/1269
f 731/979/1192 776/980/1270 775/981/1271
f 733/982/1212 776/980/1270 732/983/1272
f 734/984/1214 777/985/1273 733/982/1212
f 734/984/1214 779/986/1274 778/987/1275
f 736/988/1193 779/986/1274 735/989/1276
f 737/990/1195 780/991/1277 736/988/1193
f 737/990/1195 782/992/1278 781/993/1279
f 739/994/1173 782/992/1278 738/995/1280
f 728/996/1175 783/997/1281 739/994/1173
f 728/996/1175 773/998/1282 772/999/1283
f 730/1000/1190 773/998/1282 729/1001/1284
f 731/979/1192 774/1002/1285 730/1000/1190
f 788/1003/1286 775/981/1287 776/980/1288
f 777/985/1289 788/1003/1286 776/980/1288
f 778/987/1290 789/126/1291 777/985/1289
f 791/33/1292 778/987/1290 779/986/1293
f 780/991/1294 791/33/1292 779/986/1293
f 780/991/1294 793/125/1295 792/1004/1296
f 794/1005/1297 781/993/1298 782/992/1299
f 783/997/1300 794/1005/1297 782/992/1299
f 772/999/1301 795/34/1302 783/997/1300
f 785/124/1303 772/999/1301 773/998/1304
f 774/1002/1305 785/124/1303 773/998/1304
f 774/1002/1305 787/35/1306 786/1006/1307
f 2/157/1308 796/1007/1309 7/146/1310
f 813/1008/1311 4/160/1312 8/148/1313
f 799/1009/1314 1/167/1315 10/151/1316
f 799/1009/1314 7/146/1310 796/1007/1309
f 814/1010/1317 8/148/1313 11/155/1318
f 798/1011/1319 14/163/1320 4/160/1312
f 797/1012/1321 13/159/1322 801/1013/1323
f 801/1013/1324 16/1014/1325 802/1015/1326
f 800/1016/1327 17/1017/1328 14/163/1329
f 804/1018/70 16/1014/1325 18/162/216
f 17/1017/1328 804/1019/70 18/164/216
f 809/1020/1330 19/1021/1331 1/167/224
f 810/1022/1332 22/1023/1333 19/171/1334
f 22/1023/1335 808/1024/1336 24/169/1337
f 808/1024/1336 23/36/1338 24/169/1337
f 815/1025/1339 345/476/665 346/477/664
f 357/1026/1340 811/1027/43 805/1028/43
f 358/489/678 805/1029/1341 806/1030/1341
f 812/1031/1342 356/1032/680 359/491/680
f 812/1031/38 358/489/682 806/1030/38
f 817/1033/1343 597/776/1344 599/30/44
f 818/1034/1345 609/784/1346 597/776/1344
f 819/1035/1347 611/786/1348 609/784/1346
f 611/786/1349 820/1036/1350 610/1037/1351
f 618/1038/982 823/1039/1352 614/1040/980
f 825/1041/1353 618/1038/1354 620/1042/1354
f 826/1043/1355 620/1042/1356 622/1044/985
f 624/1045/1357 826/1043/1358 622/1044/1359
f 839/1046/1360 669/46/1361 670/857/1362
f 842/1047/1342 671/861/1363 674/862/1364
f 843/1048/1365 678/1049/1366 675/40/1367
f 681/871/1368 822/1050/1369 616/866/1061
f 828/1051/1370 680/868/1371 615/869/1116
f 827/1052/1372 684/870/1067 830/1053/1373
f 829/1054/1374 683/872/1375 680/868/1376
f 831/1055/1377 684/870/1072 683/872/1074
f 701/897/1118 828/1056/1370 615/895/1116
f 823/1057/1378 700/896/1379 614/1058/1380
f 832/1059/1381 703/1060/1382 834/1061/1383
f 833/1062/1384 702/898/1385 700/896/1386
f 835/1063/1387 703/1060/1387 702/898/1387
f 849/1064/34 395/526/34 391/1065/34
f 386/525/34 847/1066/34 385/523/34
f 396/527/34 850/1067/34 392/1068/34
f 384/522/34 845/1069/34 383/520/34
f 849/1070/1388 859/68/67 851/1071/67
f 848/1072/38 855/62/38 847/1073/38
f 850/1074/56 860/51/51 858/56/56
f 846/1075/43 853/50/43 845/1076/43
f 857/63/34 856/57/34 858/56/34
f 860/51/34 854/69/34 859/68/34
f 860/51/34 857/63/34 858/56/34
f 863/1077/34 852/1078/34 396/527/34
f 861/128/34 845/1069/34 865/1079/34
f 864/48/1389 867/1080/1389 868/1081/1389
f 868/1081/1390 863/1077/1391 864/48/1392
f 862/47/1393 865/1079/1394 867/1080/1395
f 871/55/34 848/1082/34 386/525/34
f 850/1067/34 869/1083/34 392/1068/34
f 870/130/1396 876/1084/1396 872/54/1396
f 872/54/1397 874/1085/1398 871/55/1399
f 869/1083/1400 875/1086/1401 870/130/1402
f 847/1066/34 879/132/34 385/523/34
f 877/1087/34 849/1064/34 391/1065/34
f 878/60/1403 884/1088/1403 883/1089/1403
f 880/59/1404 882/1090/1405 884/1088/1406
f 883/1089/1407 877/1087/1408 878/60/1409
f 851/1091/34 887/1092/34 395/526/34
f 885/67/34 846/1093/34 384/1094/34
f 891/1095/1410 888/134/1410 892/1096/1410
f 892/1096/1411 887/1092/1412 890/1097/1413
f 889/1098/1414 886/66/1415 891/1095/1416
f 894/1099/34 896/1100/34 893/1101/34
f 898/1102/1417 893/1101/1417 897/1103/1417
f 898/1104/1418 895/1105/1418 894/1106/1418
f 899/1107/1419 896/1100/1419 895/1108/1419
f 897/1103/1420 896/1100/1420 900/1109/1420
f 904/1110/34 902/1111/34 903/1112/34
f 906/1113/1421 901/1114/1422 905/1115/1421
f 907/1116/1423 902/1117/1423 906/1118/1423
f 907/1119/1424 904/1111/1425 903/1120/1425
f 908/1114/1426 901/1112/1427 904/1119/1427
f 911/1121/34 909/1122/34 910/1123/34
f 914/1124/1428 909/1122/1428 913/1125/1428
f 915/1126/1429 910/1127/1429 914/1128/1429
f 915/1129/1430 912/1130/1430 911/1121/1430
f 916/1131/1431 909/1122/1431 912/1130/1431
f 907/1132/1424 920/1119/1432 908/1120/1424
f 905/1133/1433 918/1115/1434 906/1114/1433
f 908/1134/1426 917/1114/1435 905/1119/1426
f 920/1132/70 918/1133/70 917/1134/70
f 921/1135/1436 936/1136/1437 935/1137/1438
f 922/1138/1439 937/1139/1440 936/1136/1437
f 937/1139/1440 924/1140/1441 938/1141/1442
f 938/1141/1442 925/1142/1443 939/1143/1444
f 925/1142/1443 940/1144/1445 939/1143/1444
f 940/1144/1445 927/1145/1446 941/1146/1447
f 941/1146/1447 928/1147/1448 942/1148/1449
f 928/1147/1448 943/1149/1450 942/1148/1449
f 943/1149/1450 930/1150/1451 944/1151/1452
f 944/1151/1452 931/1152/1453 945/1153/1454
f 945/1153/1454 932/1154/1455 946/1155/1456
f 946/1155/1456 933/1156/1457 947/1157/1458
f 933/1156/1457 948/1158/1459 947/1157/1458
f 934/1159/1460 935/1137/1438 948/1160/1459
f 950/1161/1461 965/1162/1461 964/1163/1461
f 952/1164/34 967/77/34 966/1165/34
f 954/1166/1462 969/1167/1462 968/1168/1462
f 956/1169/1463 971/78/1463 970/1170/1463
f 958/1171/1464 973/1172/1464 972/1173/1464
f 960/1174/1465 975/79/1465 974/1175/1465
f 962/1176/1466 963/1177/1466 976/1178/1466
f 960/1179/38 987/1180/38 959/74/38
f 974/1175/658 988/1181/1467 960/1174/658
f 973/1172/43 1002/1182/43 974/1175/43
f 959/1183/1013 1001/1184/1468 973/1172/1013
f 957/1185/38 986/1186/38 985/1187/38
f 972/1173/1469 986/1188/1470 958/1171/1469
f 971/78/43 1000/1189/43 972/1173/43
f 957/1190/1471 999/1191/1472 971/78/1471
f 968/1168/43 995/1192/43 996/1193/43
f 953/1194/1473 995/1192/1474 967/77/1473
f 981/1195/38 954/1196/38 982/1197/38
f 968/1168/1475 982/1198/1476 954/1166/1475
f 949/1199/38 978/1200/38 977/1201/38
f 964/1163/1477 978/1202/1478 950/1161/1477
f 992/1203/43 963/1177/43 991/1204/43
f 949/1205/1479 991/1204/1480 963/1177/1479
f 961/1206/1481 1003/1207/1482 975/79/1481
f 962/1208/38 989/1209/38 961/1210/38
f 976/1178/1483 990/1211/1484 962/1176/1483
f 976/1178/43 1003/1207/43 1004/1212/43
f 966/1165/1485 980/1213/1486 952/1164/1485
f 966/1165/43 993/1214/43 994/1215/43
f 951/1216/1487 993/1214/1488 965/1162/1487
f 952/1217/38 979/1218/38 951/76/38
f 969/1167/43 998/1219/43 970/1170/43
f 955/1220/1489 997/1221/1490 969/1167/1489
f 955/75/38 984/1222/38 983/1223/38
f 970/1170/1491 984/1224/1492 956/1169/1491
f 1002/1182/1493 1016/1225/1494 988/1181/1467
f 1001/1184/1495 1030/1226/1495 1002/1182/1495
f 1001/1184/1468 1015/1227/1496 1029/1228/1496
f 988/1229/1497 1015/1230/1497 987/1180/1497
f 996/1193/1498 1010/1231/1499 982/1198/1476
f 995/1192/1500 1024/1232/1500 996/1193/1500
f 995/1192/1474 1009/1233/1501 1023/1234/1501
f 981/1195/1502 1010/1235/1502 1009/1236/1502
f 990/1237/1503 1017/1238/1503 989/1209/1503
f 1004/1212/1504 1018/1239/1505 990/1211/1484
f 1031/1240/1506 1004/1212/1506 1003/1207/1506
f 1003/1207/1482 1017/1241/1507 1031/1240/1507
f 1012/1242/1508 983/1223/1508 984/1222/1508
f 998/1219/1509 1012/1243/1510 984/1224/1492
f 997/1221/1511 1026/1244/1511 998/1219/1511
f 997/1221/1490 1011/1245/1512 1025/1246/1512
f 978/1200/1513 1005/1247/1513 977/1201/1513
f 992/1203/1514 1006/1248/1515 978/1202/1478
f 1019/1249/1516 992/1203/1516 991/1204/1516
f 991/1204/1480 1005/1250/1517 1019/1249/1517
f 985/1187/1518 1014/1251/1518 1013/1252/1518
f 1000/1189/1519 1014/1253/1520 986/1188/1470
f 999/1191/1521 1028/1254/1521 1000/1189/1521
f 999/1191/1472 1013/1255/1522 1027/1256/1522
f 980/1257/1523 1007/1258/1523 979/1218/1523
f 994/1215/1524 1008/1259/1525 980/1213/1486
f 994/1215/1526 1021/1260/1526 1022/1261/1526
f 993/1214/1488 1007/1262/1527 1021/1260/1527
f 1005/1250/1528 1020/1263/1528 1019/1249/1528
f 1007/1262/1529 1022/1261/1529 1021/1260/1529
f 1009/1233/1530 1024/1232/1530 1023/1234/1530
f 1011/1245/1531 1026/1244/1531 1025/1246/1531
f 1013/1255/1532 1028/1254/1532 1027/1256/1532
f 1015/1227/70 1030/1226/70 1029/1228/70
f 1017/1241/1533 1032/1264/1533 1031/1240/1533
f 1037/1265/1534 1034/1266/1534 1033/1267/1534
f 1039/1268/1535 1034/1266/1535 1038/1269/1535
f 1040/1270/1536 1035/1271/1536 1039/1268/1536
f 1040/1270/1537 1033/1272/1537 1036/1273/1537
f 1045/1265/1538 1042/1266/1538 1041/1267/1538
f 1047/1268/1539 1042/1266/1539 1046/1269/1539
f 1048/1270/1540 1043/1271/1540 1047/1268/1540
f 1041/1272/1541 1048/1270/1541 1045/1274/1541
f 1053/1265/1542 1050/1266/1542 1049/1267/1542
f 1050/1266/1543 1055/1268/1543 1051/1271/1543
f 1056/1270/1544 1051/1271/1544 1055/1268/1544
f 1056/1270/1545 1049/1272/1545 1052/1273/1546
f 1061/1265/1547 1058/1266/1547 1057/1267/1547
f 1063/1268/1548 1058/1266/1548 1062/1269/1548
f 1064/1270/1549 1059/1271/1549 1063/1268/1549
f 1057/1272/1550 1064/1270/1550 1061/1274/1550
f 1069/1265/1551 1066/1266/1551 1065/1267/1551
f 1066/1266/1552 1071/1268/1552 1067/1271/1552
f 1072/1270/1553 1067/1271/1553 1071/1268/1553
f 1072/1270/1554 1065/1272/1554 1068/1273/1554
f 1077/1265/1555 1074/1266/1555 1073/1267/1555
f 1079/1268/1556 1074/1266/1556 1078/1269/1556
f 1080/1270/1557 1075/1271/1557 1079/1268/1557
f 1073/1272/1558 1080/1270/1558 1077/1274/1558
f 1086/1275/38 1081/1276/38 1085/1277/38
f 1087/1278/1013 1082/1279/1013 1086/1275/1013
f 1088/1280/43 1083/1281/43 1087/1278/43
f 1085/1277/658 1084/1282/658 1088/1283/658
f 1088/1284/70 1086/1285/70 1085/1286/70
f 936/1136/1437 1089/1287/658 935/1137/1438
f 937/1139/1440 1090/1288/1473 936/1136/1437
f 938/1141/1442 1091/1289/1483 937/1139/1440
f 939/1143/1444 1092/1290/1489 938/1141/1442
f 940/1144/1445 1093/1291/1477 939/1143/1444
f 941/1146/1447 1094/1292/1471 940/1144/1445
f 942/1148/1449 1095/1293/1485 941/1146/1447
f 943/1149/1450 1096/1294/1013 942/1148/1449
f 944/1151/1452 1097/1295/1475 943/1149/1450
f 945/1153/1454 1098/1296/1481 944/1151/1452
f 946/1155/1456 1099/1297/1491 945/1153/1454
f 947/1157/1458 1100/1298/1479 946/1155/1456
f 948/1158/1459 1101/1299/1469 947/1157/1458
f 935/1137/1438 1102/1300/1487 948/1160/1459
f 1103/1301/1559 1110/1302/1559 1109/1303/1559
f 1104/1304/658 1111/1305/658 1110/1306/658
f 1105/1307/1560 1112/1308/1560 1111/1305/1560
f 1107/1309/1561 1112/1308/1561 1106/1310/1561
f 1107/1309/1013 1114/1311/1013 1113/1312/1013
f 1103/1301/1562 1114/1311/1562 1108/1313/1562
f 1111/1305/70 1118/1314/70 1117/1315/70
f 1113/1312/70 1118/1314/70 1112/1308/70
f 1114/1311/70 1119/1316/70 1113/1312/70
f 1109/1303/70 1120/1317/70 1114/1311/70
f 1109/1303/70 1116/1318/70 1115/1319/70
f 1110/1306/70 1117/1315/70 1116/1320/70
f 1118/1314/1560 1123/1321/1560 1117/1315/1560
f 1124/1322/1561 1119/1316/1561 1125/1323/1561
f 1120/1317/1013 1125/1323/1013 1119/1316/1013
f 1126/1324/1562 1115/1319/1562 1121/1325/1562
f 1116/1318/1559 1121/1325/1559 1115/1319/1559
f 1117/1315/658 1122/1326/658 1116/1320/658
f 1132/1327/1563 1127/1328/1564 1131/1329/1563
f 1129/1330/1565 1132/1327/1566 1133/1331/1567
f 1130/1332/1568 1133/1331/1569 1134/1333/1569
f 1130/1334/1570 1131/1335/1571 1127/1336/1572
f 1132/1327/1573 1134/1333/1574 1133/1331/1574
f 1127/1328/1564 1136/1337/1575 1135/1338/1575
f 1136/1337/1576 1129/1330/1565 1137/1339/1577
f 1130/1332/1568 1137/1339/1578 1129/1330/1579
f 1135/1340/1580 1130/1334/1570 1127/1336/1572
f 1135/1338/1581 1137/1339/1581 1138/1341/1581
f 1144/1342/1582 1149/1343/1582 1143/1344/1582
f 1140/1345/1583 1150/1346/1584 1144/1342/1585
f 1149/1343/1586 1139/1347/1587 1143/1344/1588
f 1148/1348/1589 1149/1343/1589 1150/1346/1589
f 1142/1349/1590 1154/1350/1591 1146/1351/1592
f 1153/1352/1593 1141/1353/1594 1145/1354/1595
f 1154/1350/1596 1145/1354/1596 1146/1351/1596
f 1153/1352/1597 1152/1355/1597 1151/1356/1597
f 1157/1357/1598 1140/1345/1583 1144/1342/1585
f 1158/1358/1599 1139/1347/1587 1155/1359/1600
f 1157/1357/1601 1143/1344/1602 1158/1358/1601
f 1161/1360/1603 1141/1353/1604 1160/1361/1605
f 1157/1357/1598 1160/1361/1605 1156/1362/1606
f 1162/1363/1607 1142/1349/1608 1146/1351/1609
f 1158/1358/1599 1159/1364/1610 1162/1363/1607
f 1146/1351/1611 1161/1360/1612 1162/1363/1612
f 1157/1357/1601 1162/1363/1612 1161/1360/1612
f 1171/1365/1613 1168/84/1613 1172/1366/1613
f 1169/137/1614 1174/1367/1615 1175/1368/1616
f 1174/1367/1615 1172/1366/1617 1175/1368/1616
f 1180/138/78 1166/1369/78 1170/88/76
f 1176/1370/1618 1180/138/1619 1170/88/1620
f 1182/1371/1621 1173/1372/1622 1181/1373/1623
f 1181/1373/1623 1167/83/1624 1179/93/1625
f 1179/93/79 1163/1374/79 1177/94/80
f 1183/1375/1626 1188/1376/1627 1185/92/1626
f 1190/1377/1628 1184/1378/1629 1186/91/1629
f 1187/1379/1630 1190/1377/1628 1188/1376/1627
f 1167/83/1624 1193/1380/1631 1191/136/1632
f 1194/1381/1633 1170/88/1620 1192/87/1634
f 1173/1372/1622 1194/1381/1633 1193/1380/1631
f 1180/138/1619 1196/1382/1635 1195/90/1636
f 1181/1373/1623 1196/1382/1635 1182/1371/1621
f 1179/93/1625 1197/1383/1637 1181/1373/1623
f 1193/1384/1631 1203/1385/1638 1191/1386/1632
f 1206/1387/1639 1193/1384/1631 1194/1388/1633
f 1194/1388/1633 1204/1389/1640 1206/1387/1639
f 1192/1390/1634 1200/1391/1641 1204/1389/1640
f 1175/1392/1642 1200/1391/1641 1169/1393/1643
f 1175/1392/1642 1201/1394/1644 1202/1395/1645
f 1172/1396/1646 1199/1397/1647 1201/1394/1644
f 1191/1386/1632 1199/1397/1647 1168/1398/1648
f 1206/1387/1649 1213/1399/1650 1205/1400/1651
f 1204/1389/1652 1214/1401/1653 1206/1387/1649
f 1212/1402/1654 1200/1391/1655 1208/1403/1656
f 1210/1404/1657 1200/1391/1658 1202/1395/1659
f 1202/1395/1660 1209/1405/1660 1210/1404/1660
f 1209/1405/1661 1199/1397/1662 1207/1406/1663
f 1211/1407/1664 1199/1397/1665 1203/1385/1666
f 1213/1399/1650 1203/1385/1667 1205/1400/1651
f 1213/1399/1668 1207/1406/1669 1211/1407/1670
f 1214/1401/1671 1208/1403/1672 1210/1404/1673
f 1214/1401/1671 1209/1405/1674 1213/1399/1668
f 1195/1408/1636 1216/1409/1675 1186/1410/1676
f 1196/1411/1635 1219/1412/1677 1195/1408/1636
f 1197/1413/1637 1220/1414/1678 1196/1411/1635
f 1197/1413/1637 1222/1415/1679 1221/1416/1680
f 1215/1417/1681 1198/1418/1682 1185/1419/1683
f 1188/1420/1684 1215/1417/1681 1185/1419/1683
f 1190/1421/1685 1217/1422/1686 1188/1420/1684
f 1216/1409/1675 1190/1421/1685 1186/1410/1676
f 1226/1423/1687 1217/1422/1687 1218/1424/1687
f 1218/1424/1688 1224/1425/1689 1226/1423/1690
f 1227/1426/1691 1216/1409/1692 1219/1412/1693
f 1228/1427/1694 1219/1412/1695 1220/1414/1696
f 1220/1414/1697 1229/1428/1697 1228/1427/1698
f 1229/1428/1699 1222/1415/1700 1230/1429/1701
f 1230/1429/1702 1215/1417/1703 1223/1430/1704
f 1217/1422/1705 1223/1430/1706 1215/1417/1707
f 1226/1423/1708 1227/1426/1709 1228/1427/1710
f 1226/1423/1708 1229/1428/1711 1225/1431/1712
f 1225/1431/1712 1230/1429/1713 1223/1430/1714
f 1231/1432/1715 1242/1433/1716 1241/1434/1717
f 1232/1435/1718 1243/1436/1719 1242/1433/1716
f 1244/1437/1720 1233/1438/1721 1234/1439/1722
f 1244/1437/1720 1235/1440/1723 1245/1441/1724
f 1236/1442/1725 1245/1441/1724 1235/1440/1723
f 1246/1443/1726 1237/1444/1727 1247/1445/1728
f 1238/1446/1729 1247/1445/1728 1237/1444/1727
f 1239/1447/1730 1248/1448/1731 1238/1446/1729
f 1239/1447/1730 1250/1449/1732 1249/1450/1733
f 1241/1434/1717 1240/1451/1734 1231/1432/1715
f 1250/1452/1735 1259/1453/1735 1249/1454/1735
f 1241/1455/1735 1260/1456/1735 1250/1452/1735
f 1241/1455/1735 1252/1457/1735 1251/1458/1736
f 1253/1459/1735 1242/1460/1735 1243/1461/1735
f 1254/1462/1735 1243/1463/1735 1244/1464/1735
f 1245/1465/1735 1254/1462/1735 1244/1464/1735
f 1246/1466/1735 1255/1467/1735 1245/1465/1735
f 1246/1466/1735 1257/1468/1735 1256/1469/1735
f 1258/1470/1735 1247/1471/1735 1248/1472/1735
f 1248/1472/1735 1259/1453/1735 1258/1470/1735
f 1255/1467/1737 1266/1473/1738 1265/1474/1737
f 1257/1468/1739 1266/1473/1738 1256/1469/1738
f 1257/1468/1739 1268/1475/1740 1267/1476/1739
f 1259/1453/1741 1268/1475/1740 1258/1470/1740
f 1260/1456/1742 1269/1477/1741 1259/1453/1741
f 1260/1456/1742 1261/1478/1743 1270/1479/1742
f 1251/1458/1743 1262/1480/1744 1261/1478/1743
f 1262/1480/1744 1253/1459/1745 1263/1481/1745
f 1254/1462/1746 1263/1482/1745 1253/1483/1745
f 1255/1467/1737 1264/1484/1746 1254/1462/1746
f 1272/1485/1747 1281/1486/122 1271/1487/1748
f 1282/1488/1749 1273/1489/1750 1283/1490/1751
f 1274/1491/1752 1283/1490/1751 1273/1489/1750
f 1274/1491/1752 1285/1492/1753 1284/1493/1754
f 1286/1494/1755 1275/1495/1756 1276/1496/1757
f 1276/1496/1757 1287/1497/1758 1286/1494/1755
f 1288/1498/1759 1277/1499/1760 1278/1500/1761
f 1278/1500/1761 1289/1501/1762 1288/1498/1759
f 1280/1502/1763 1289/1503/1762 1279/1504/1764
f 1290/1505/1765 1271/1487/1748 1281/1486/122
f 1290/1506/1766 1299/1507/1767 1289/1508/1767
f 1281/1509/1767 1300/1510/1766 1290/1506/1766
f 1281/1509/1767 1292/1511/1766 1291/1512/1767
f 1293/1513/1767 1282/1514/1766 1283/1515/1767
f 1294/1516/1767 1283/1515/1767 1284/1517/1767
f 1285/1518/1768 1294/1516/1767 1284/1517/1767
f 1286/1519/1766 1295/1520/1768 1285/1518/1768
f 1286/1519/1766 1297/1521/1766 1296/1522/1766
f 1298/1523/1766 1287/1524/1766 1288/1525/1766
f 1288/1525/1766 1299/1526/1767 1298/1523/1766
f 1296/1522/1769 1305/1527/1770 1295/1520/1771
f 1306/1528/1772 1297/1521/1773 1307/1529/1774
f 1307/1529/1774 1298/1523/1775 1308/1530/1776
f 1299/1526/1777 1308/1530/1776 1298/1523/1775
f 1299/1507/1777 1310/1531/1778 1309/1532/1779
f 1301/1533/1780 1300/1510/1781 1291/1512/1782
f 1302/1534/1783 1291/1512/1782 1292/1511/1784
f 1292/1511/1784 1303/1535/1785 1302/1534/1783
f 1304/1536/1786 1293/1513/1787 1294/1516/1788
f 1304/1536/1786 1295/1520/1771 1305/1527/1770
f 1321/1537/1789 1315/1538/1790 1322/1539/1790
f 1320/1540/1791 1317/1541/1792 1319/99/1792
f 1312/1542/1793 1320/1540/1791 1313/1543/1793
f 1311/1544/1794 1322/1539/1790 1315/1538/1790
f 1319/99/1795 1316/96/1795 1321/1537/1795
f 838/1545/1796 624/794/1797 623/1546/1798
f 123/1547/1799 1323/1548/88 122/1549/87
f 1324/1550/1800 133/255/374 134/1551/93
f 647/1552/1801 645/818/1801 646/817/1801
f 1331/146/1802 1330/145/1803 1333/147/1804
f 1330/149/1805 1332/148/1806 1333/150/1807
f 1329/152/1808 1334/151/1809 1336/153/1810
f 1334/151/1809 1333/147/1804 1336/153/1810
f 1335/155/1811 1329/154/1812 1336/156/1813
f 1335/155/1811 1333/150/1807 1332/148/1806
f 1326/157/1814 1339/158/1815 1330/145/1803
f 1328/160/1816 1339/161/1817 1338/163/1818
f 1337/159/1819 1342/162/1820 1339/158/1821
f 1342/164/1820 1338/163/1822 1339/161/1823
f 1327/166/1824 1345/165/1825 1329/154/1826
f 1345/168/1825 1325/167/1827 1329/152/1826
f 1344/38/1828 1348/169/1829 1345/170/1830
f 1348/169/1831 1343/171/1832 1345/170/1833
f 1353/173/1834 1350/172/1835 1354/3/1836
f 1351/174/1837 1353/173/1838 1355/1/1839
f 1360/4/1840 1357/175/1841 1358/177/1842
f 1352/176/1843 1360/4/1844 1358/177/1845
f 1359/121/1846 1350/172/1835 1357/175/1841
f 1362/120/1847 1365/178/1848 1361/1553/1849
f 1363/181/1850 1356/180/1851 1352/176/1852
f 1364/182/1853 1362/120/104 1356/180/1854
f 1366/179/1855 1363/181/1856 1365/178/1857
f 1367/184/1858 1371/183/1859 1370/185/1860
f 1371/183/1861 1369/186/1862 1372/189/1863
f 1370/188/1864 1369/186/1865 1367/1554/1866
f 1370/185/1867 1374/190/1868 1373/1555/1869
f 1370/188/1867 1375/191/1870 1372/189/1871
f 1375/191/1872 1371/183/1873 1372/189/1874
f 1374/190/1875 1376/192/1876 1373/1555/1877
f 1376/194/1878 1375/191/1879 1373/1556/1880
f 1378/195/1881 1374/190/1882 1375/191/1883
f 1378/195/1884 1380/196/1885 1377/193/1886
f 1376/192/1887 1380/196/1885 1379/1557/1888
f 1378/195/1889 1379/198/1890 1381/197/1891
f 1380/196/1892 1382/199/1893 1379/1557/1894
f 1379/198/1895 1384/201/1896 1381/197/1897
f 1384/201/1898 1380/196/1899 1381/197/1900
f 1387/203/1901 1383/200/1902 1384/201/1903
f 1382/199/1904 1386/204/1905 1385/207/1906
f 1382/202/1907 1387/203/1908 1384/201/1909
f 1386/204/1910 1390/205/1911 1389/209/1912
f 1386/204/1913 1388/206/1914 1385/207/1915
f 1388/206/1916 1387/203/1917 1385/208/1918
f 1390/205/1919 1388/206/1919 1389/209/1919
f 1397/210/1920 1401/119/1921 1399/5/1922
f 1399/5/1923 1401/119/102 1400/2/1924
f 1398/211/1925 1355/1/1926 1401/119/1927
f 1362/120/1847 1397/210/1928 1399/5/1929
f 1408/212/1930 1413/213/1931 1409/103/1932
f 1410/215/1933 1415/101/1934 1414/217/1935
f 1414/217/1935 1418/218/1936 1419/222/1937
f 1417/102/1938 1412/214/1939 1416/219/1940
f 1405/220/1941 1408/212/1930 1409/103/1932
f 1407/140/1942 1410/215/1933 1406/1558/1943
f 1418/218/1944 1416/219/1945 1419/222/1946
f 1393/223/1947 1406/224/1948 1410/229/1949
f 1394/226/1950 1404/227/1951 1391/1559/1952
f 1395/230/1953 1410/229/1949 1414/231/1954
f 1408/228/1955 1396/232/1956 1412/233/1957
f 1402/235/1958 1416/234/1959 1403/236/1960
f 1414/231/1954 1402/237/1961 1395/230/1953
f 1403/236/1962 1412/233/1957 1396/232/1956
f 1421/238/1963 1448/239/1964 1447/1547/1799
f 1422/240/1965 1449/113/361 1448/239/1964
f 1424/242/362 1449/113/361 1423/241/361
f 1425/244/1966 1450/243/1967 1424/242/362
f 1426/246/109 1451/245/1968 1425/244/1966
f 1439/248/110 1453/249/1969 1459/1560/111
f 1438/250/1970 1454/115/1971 1453/249/1969
f 1437/251/369 1455/114/1972 1454/115/1971
f 1435/253/1973 1455/114/1972 1436/252/370
f 1434/254/373 1456/143/372 1435/253/1973
f 1479/257/1974 1460/256/1975 1478/258/1976
f 1480/259/1977 1461/260/1978 1479/257/1974
f 1481/263/1979 1462/262/1980 1480/264/1977
f 1464/265/1981 1481/263/1979 1482/266/1982
f 1465/267/1983 1482/266/1982 1483/268/1984
f 1466/269/1985 1483/268/1984 1484/270/1986
f 1467/271/1987 1484/270/1986 1485/272/1988
f 1468/273/1989 1485/272/1988 1486/274/1990
f 1487/276/1991 1468/273/1989 1486/274/1990
f 1488/277/1992 1469/275/1993 1487/276/1991
f 1489/279/1994 1470/278/1995 1488/277/1992
f 1490/281/1996 1471/280/1997 1489/282/1994
f 1491/284/1998 1472/283/1999 1490/281/1996
f 1492/286/2000 1473/285/2001 1491/284/1998
f 1493/288/2002 1474/287/2003 1492/286/2000
f 1476/289/2004 1493/288/2002 1494/290/2005
f 1477/291/2006 1494/290/2005 1495/292/2007
f 1495/292/2007 1460/256/1975 1477/291/2006
f 1478/258/1976 1497/293/2008 1479/257/1974
f 1480/259/1977 1497/293/2008 1498/1561/2009
f 1480/264/1977 1499/295/2010 1481/263/1979
f 1482/266/1982 1499/295/2010 1500/298/2011
f 1482/266/1982 1501/297/2012 1483/268/1984
f 1484/270/1986 1501/297/2012 1502/300/2013
f 1484/270/1986 1503/299/2014 1485/272/1988
f 1486/274/1990 1503/299/2014 1504/302/2015
f 1486/274/1990 1505/301/2016 1487/276/1991
f 1488/277/1992 1505/301/2016 1506/304/2017
f 1488/277/1992 1507/303/2018 1489/279/1994
f 1490/281/1996 1507/305/2018 1508/307/2019
f 1490/281/1996 1509/306/2020 1491/284/1998
f 1492/286/2000 1509/306/2020 1510/309/2021
f 1492/286/2000 1511/308/2022 1493/288/2002
f 1494/290/2005 1511/308/2022 1512/311/2023
f 1494/290/2005 1513/310/2024 1495/292/2007
f 1478/258/1976 1513/310/2024 1496/294/2025
f 1532/312/2026 1515/313/2027 1533/316/2028
f 1497/293/2008 1532/312/2026 1533/316/2028
f 1534/315/2029 1515/313/2027 1516/361/2030
f 1497/293/2008 1534/315/2029 1498/1561/2009
f 1534/317/2029 1517/318/2031 1535/320/2032
f 1498/296/2009 1535/320/2032 1499/295/2010
f 1536/321/2033 1517/318/2031 1518/323/2034
f 1499/295/2010 1536/321/2033 1500/298/2011
f 1536/321/2033 1519/322/2035 1537/324/2036
f 1500/298/2011 1537/324/2036 1501/297/2012
f 1538/325/2037 1519/322/2035 1520/327/2038
f 1501/297/2012 1538/325/2037 1502/300/2013
f 1538/325/2037 1521/326/2039 1539/328/2040
f 1502/300/2013 1539/328/2040 1503/299/2014
f 1540/329/2041 1521/326/2039 1522/331/2042
f 1503/299/2014 1540/329/2041 1504/302/2015
f 1540/329/2041 1523/330/2043 1541/332/2044
f 1504/302/2015 1541/332/2044 1505/301/2016
f 1542/333/2045 1523/330/2043 1524/335/2046
f 1506/304/2017 1541/332/2044 1542/333/2045
f 1542/333/2045 1525/334/2047 1543/1562/2048
f 1542/333/2045 1507/303/2018 1506/304/2017
f 1544/336/2049 1525/337/2047 1526/340/2050
f 1508/307/2019 1543/338/2048 1544/336/2049
f 1544/336/2049 1527/339/2051 1545/342/2052
f 1544/336/2049 1509/306/2020 1508/307/2019
f 1546/341/2053 1527/339/2051 1528/344/2054
f 1510/309/2021 1545/342/2052 1546/341/2053
f 1546/341/2053 1529/343/2055 1547/346/2056
f 1511/308/2022 1546/341/2053 1547/346/2056
f 1548/345/2057 1529/343/2055 1530/348/2058
f 1512/311/2023 1547/346/2056 1548/345/2057
f 1548/345/2057 1531/347/2059 1549/349/2060
f 1513/310/2024 1548/345/2057 1549/349/2060
f 1532/312/2026 1531/347/2059 1514/314/2061
f 1513/310/2024 1532/312/2026 1496/294/2025
f 1553/350/2062 1518/323/2063 1517/318/2064
f 1518/323/2063 1555/351/2065 1519/322/2066
f 1555/351/2067 1520/327/2068 1519/322/2069
f 1520/327/2068 1557/352/2070 1521/326/2071
f 1557/352/2072 1522/331/2073 1521/326/2074
f 1522/331/2073 1559/353/2075 1523/330/2076
f 1559/353/2077 1524/335/2078 1523/330/2079
f 1524/335/2078 1561/354/2080 1525/334/2081
f 1561/355/2082 1526/340/2083 1525/337/2084
f 1526/340/2083 1563/356/2085 1527/339/2086
f 1563/356/2087 1528/344/2088 1527/339/2089
f 1528/344/2088 1565/357/2090 1529/343/2091
f 1565/357/2092 1530/348/2093 1529/343/2094
f 1567/359/2095 1530/348/2093 1566/358/2096
f 1567/359/2097 1514/314/2098 1531/347/2099
f 1514/314/2098 1551/360/2100 1515/313/2101
f 1551/360/2102 1516/361/2103 1515/313/2104
f 1516/319/2103 1553/350/2105 1517/318/2106
f 1570/363/2107 1551/360/2108 1569/388/2109
f 1570/364/2107 1553/350/2110 1552/1563/2111
f 1572/366/2112 1553/350/2110 1571/365/2113
f 1572/366/2112 1555/351/2114 1554/367/2115
f 1574/369/2116 1555/351/2117 1573/368/2118
f 1574/369/2119 1557/352/2120 1556/370/2121
f 1576/372/2122 1557/352/2120 1575/371/2123
f 1576/372/2122 1559/353/2124 1558/373/2125
f 1578/375/2126 1559/353/2124 1577/374/2127
f 1578/375/2126 1561/354/2128 1560/376/2129
f 1580/378/2130 1561/355/2128 1579/404/2131
f 1580/378/2132 1563/356/2133 1562/379/2134
f 1582/381/2135 1563/356/2136 1581/380/2137
f 1582/381/2135 1565/357/2138 1564/382/2139
f 1584/384/2140 1565/357/2138 1583/383/2141
f 1584/384/2140 1567/359/2142 1566/358/2143
f 1568/386/2144 1567/359/2142 1585/385/2145
f 1568/386/2144 1551/360/2108 1550/387/2146
f 1586/389/2147 1584/384/2148 1587/390/2149
f 1588/391/2150 1585/385/2151 1586/389/2147
f 1569/388/2152 1588/391/2150 1589/392/2153
f 1570/363/2154 1589/392/2153 1590/393/2155
f 1571/365/2156 1590/394/2155 1591/395/2157
f 1572/366/2158 1591/395/2157 1592/396/2159
f 1573/368/2160 1592/396/2159 1593/397/2161
f 1574/369/2162 1593/397/2161 1594/398/2163
f 1575/371/2123 1594/398/2163 1595/399/2164
f 1576/372/2122 1595/399/2164 1596/400/2165
f 1577/374/2127 1596/400/2165 1597/401/2166
f 1598/402/2167 1577/374/2127 1597/401/2166
f 1599/403/2168 1578/375/2126 1598/402/2167
f 1600/405/2169 1579/404/2131 1599/406/2168
f 1601/407/2170 1580/378/2171 1600/405/2169
f 1602/408/2172 1581/380/2173 1601/407/2170
f 1603/409/2174 1582/381/2175 1602/408/2172
f 1587/390/2149 1583/383/2176 1603/409/2174
f 1604/410/2177 1595/399/2164 1605/411/2178
f 1605/411/2178 1594/398/2163 1606/412/2179
f 1606/412/2179 1593/397/2161 1607/413/2180
f 1607/413/2180 1592/396/2159 1608/414/2181
f 1608/414/2181 1591/395/2157 1609/415/2182
f 1609/415/2182 1590/394/2155 1610/1564/2183
f 1589/392/2153 1610/416/2183 1590/393/2155
f 1611/417/2184 1588/391/2150 1612/419/2185
f 1613/418/2186 1588/391/2150 1586/389/2147
f 1586/389/2147 1614/420/2187 1613/418/2186
f 1587/390/2149 1615/421/2188 1614/420/2187
f 1616/422/2189 1603/409/2174 1602/408/2172
f 1602/408/2172 1617/423/2190 1616/422/2189
f 1618/424/2191 1601/407/2170 1600/405/2169
f 1600/405/2169 1619/425/2192 1618/424/2191
f 1620/426/2193 1599/403/2168 1598/402/2167
f 1598/402/2167 1621/428/2194 1620/426/2193
f 1596/400/2165 1621/428/2194 1597/401/2166
f 1631/430/2195 1628/429/2196 1629/431/2197
f 1646/432/2198 1649/433/2199 1647/447/2200
f 1629/431/2197 1626/435/2201 1627/452/2202
f 1637/436/2203 1648/434/2204 1636/437/2205
f 1644/439/2206 1643/438/2207 1642/440/2207
f 1623/104/2208 1634/441/2209 1635/451/2210
f 1625/444/2211 1652/443/2212 1624/8/2213
f 1640/445/2214 1639/9/2215 1638/455/2216
f 1644/439/2206 1647/447/2200 1645/464/2217
f 1651/141/2218 1622/442/2219 1623/104/2208
f 1657/449/2220 1637/436/2203 1636/437/2205
f 1634/441/2209 1633/450/2221 1635/451/2210
f 1624/8/2213 1626/435/2201 1625/444/2211
f 1631/430/2195 1632/453/2222 1630/462/2195
f 1639/9/2215 1654/454/2223 1638/455/2216
f 1642/440/2207 1641/446/2224 1640/445/2214
f 1428/456/2225 1624/8/107 1427/1565/2226
f 1428/456/2225 1629/431/2227 1627/452/2228
f 1631/430/2229 1429/457/2230 1430/458/2229
f 1431/459/2231 1631/430/2229 1430/458/2229
f 1432/460/632 1633/450/2232 1431/459/2231
f 1432/460/632 1623/104/184 1635/451/2233
f 1630/462/2234 1642/440/2235 1628/429/2235
f 1628/429/2235 1640/445/2236 1626/435/2236
f 1626/435/2236 1638/455/2237 1625/444/2238
f 1636/437/2239 1634/441/2240 1622/442/2241
f 1648/434/2240 1632/453/2242 1634/441/2240
f 1646/432/2242 1630/462/2234 1632/453/2242
f 1445/463/2243 1637/436/2244 1433/110/190
f 1445/463/2243 1647/447/2245 1649/433/2246
f 1645/464/2247 1444/465/2248 1443/467/2247
f 1645/464/2247 1442/466/2249 1643/438/2249
f 1643/438/2249 1441/468/2250 1641/446/2251
f 1441/468/2250 1639/9/112 1641/446/2251
f 1638/455/2237 1653/470/2252 1625/444/2238
f 1636/437/2239 1650/448/2253 1657/449/2254
f 1659/472/2255 1660/471/1013 1658/473/181
f 1666/474/2256 1660/471/2257 1667/846/2258
f 1668/41/137 1663/475/2259 1662/479/2260
f 1670/477/2261 1663/475/2262 1669/476/2263
f 1662/479/2264 1671/478/2265 1668/41/2266
f 1671/42/140 1664/480/2267 1670/1566/2268
f 1675/483/2269 1672/482/2270 1674/484/2271
f 1680/485/2272 1677/486/2273 1681/1026/2274
f 1682/489/2275 1677/488/2276 1678/490/2277
f 1676/492/2278 1683/491/2279 1679/493/2278
f 1683/491/2280 1678/490/2281 1679/493/2282
f 1678/490/2281 1674/484/2283 1679/493/2282
f 1676/492/2278 1674/484/2284 1672/482/2284
f 1677/488/2276 1675/483/2285 1678/490/2277
f 1672/495/2286 1677/486/2273 1676/487/2287
f 1686/497/2288 1687/496/2289 1689/498/2290
f 1695/499/2291 1690/500/2292 1694/20/119
f 1691/502/2293 1696/503/2294 1692/1567/2295
f 1703/505/2296 1690/506/2297 1693/1568/2298
f 1688/508/2299 1697/509/2300 1685/1569/2301
f 1698/510/2302 1695/504/1780 1697/509/2300
f 1689/498/2290 1690/506/2297 1686/497/2288
f 1687/496/2303 1691/502/2293 1692/1567/2295
f 1691/501/2304 1686/512/2305 1690/500/2292
f 1697/18/121 1699/513/2306 1685/1570/2307
f 1703/505/2308 1702/515/2309 1694/507/2308
f 1702/515/2310 1706/516/2311 1701/517/2312
f 1700/518/2313 1706/516/2311 1704/519/2314
f 1712/521/715 1707/520/715 1708/522/715
f 1714/524/716 1709/523/716 1710/525/716
f 1719/526/2315 1717/61/155 1721/65/163
f 1718/53/152 1720/527/2316 1722/49/144
f 1711/528/2317 1730/529/729 1722/49/144
f 1722/49/144 1728/531/726 1718/53/152
f 1714/524/2318 1728/531/726 1726/532/727
f 1713/533/724 1726/532/724 1725/534/724
f 1713/533/2319 1727/535/722 1717/61/155
f 1727/535/722 1721/65/163 1717/61/155
f 1712/536/2320 1729/537/2321 1724/1571/721
f 1723/530/730 1712/521/730 1724/538/730
f 1728/539/2322 1734/540/2323 1726/542/2324
f 1734/540/2323 1725/545/2325 1726/542/2324
f 1727/544/2326 1733/543/2327 1735/547/733
f 1735/547/733 1729/546/744 1727/544/2326
f 1729/546/744 1732/548/745 1724/1572/742
f 1724/552/742 1731/554/740 1723/550/743
f 1730/553/738 1731/554/740 1738/561/2328
f 1730/553/738 1736/541/739 1728/539/2322
f 1741/555/760 1735/547/758 1733/543/761
f 1745/557/2329 1735/547/758 1743/556/2330
f 1740/558/755 1737/549/756 1745/557/2329
f 1740/559/754 1731/554/753 1732/551/753
f 1739/560/750 1738/561/751 1731/554/2331
f 1736/541/747 1746/562/2332 1744/563/2333
f 1742/564/746 1736/541/747 1744/563/2333
f 1734/540/762 1741/555/2334 1733/543/762
f 1739/560/754 1748/565/764 1747/566/764
f 1747/566/771 1746/562/2332 1739/560/750
f 1754/567/770 1744/563/2333 1746/562/2332
f 1744/563/2333 1750/569/2335 1742/564/746
f 1741/555/2334 1750/569/38 1749/570/38
f 1749/570/2336 1743/556/2330 1741/555/760
f 1753/571/766 1743/556/2330 1751/1573/767
f 1745/557/2329 1748/572/2337 1740/558/755
f 1755/573/772 1771/574/772 1772/580/772
f 1756/577/773 1763/576/773 1764/578/773
f 1773/581/774 1771/574/774 1774/579/774
f 1762/582/2338 1772/580/813 1775/585/814
f 1762/583/815 1763/576/816 1755/584/816
f 1773/581/817 1775/585/811 1772/580/817
f 1762/582/805 1777/586/806 1760/592/807
f 1770/587/2339 1760/588/2340 1768/1574/809
f 1776/589/810 1777/586/2341 1775/585/811
f 1760/592/2342 1779/591/2343 1758/593/2344
f 1766/594/801 1760/588/2340 1758/595/801
f 1777/586/2341 1780/596/804 1779/591/804
f 1779/591/795 1757/597/795 1758/593/795
f 1758/595/796 1765/598/796 1766/594/796
f 1781/599/797 1780/596/797 1782/600/797
f 1759/601/2345 1781/599/2346 1783/604/2347
f 1759/602/786 1765/598/793 1757/603/793
f 1782/600/794 1783/604/788 1781/599/794
f 1761/605/784 1783/604/2348 1785/609/2349
f 1769/606/2350 1759/602/786 1761/611/779
f 1786/608/787 1783/604/788 1784/1575/789
f 1761/605/775 1771/610/776 1756/1576/2351
f 1764/612/778 1761/611/779 1756/613/778
f 1785/609/2352 1774/614/781 1771/610/781
f 1800/616/2353 1791/615/2354 1792/617/2354
f 1790/619/2355 1797/618/822 1789/620/2355
f 1796/622/2356 1787/621/821 1788/623/821
f 1793/625/818 1801/624/2357 1794/626/818
f 1789/620/826 1796/622/826 1788/623/826
f 1799/627/829 1790/619/829 1791/615/829
f 1801/628/828 1792/617/828 1794/629/828
f 1795/630/827 1793/625/827 1787/621/827
f 1803/632/837 1802/631/835 1795/630/835
f 1801/624/833 1810/633/2358 1809/1577/833
f 1809/634/833 1800/616/832 1801/628/833
f 1800/616/832 1807/635/831 1799/627/830
f 1807/635/831 1798/637/830 1799/627/830
f 1797/618/838 1806/638/831 1805/639/838
f 1797/618/838 1804/640/836 1796/622/836
f 1796/622/836 1803/632/837 1795/630/835
f 1808/641/850 1815/642/851 1807/645/852
f 1815/642/849 1806/644/849 1807/645/849
f 1805/646/2359 1814/647/2360 1813/649/2360
f 1813/649/845 1804/650/845 1805/646/845
f 1804/650/842 1811/651/843 1803/653/844
f 1811/651/841 1810/652/841 1803/653/841
f 1809/654/2361 1818/655/839 1817/1578/839
f 1817/656/853 1808/641/853 1809/657/853
f 1832/660/2362 1820/661/876 1819/658/797
f 1833/659/2363 1821/663/874 1820/661/876
f 1834/662/2364 1822/666/875 1821/663/874
f 1835/664/2365 1823/665/2366 1822/666/875
f 1823/667/2366 1837/668/2367 1824/671/868
f 1837/668/2367 1825/670/866 1824/671/868
f 1838/673/2368 1826/672/864 1825/670/866
f 1839/675/2369 1827/674/865 1826/672/864
f 1840/677/2370 1828/676/860 1827/674/865
f 1841/679/2371 1829/681/2372 1828/676/860
f 1842/678/2373 1830/680/858 1829/681/2372
f 1843/683/2374 1831/682/856 1830/680/858
f 1844/684/2375 1819/658/797 1831/682/856
f 1850/685/882 1838/673/2368 1837/668/2367
f 1851/687/2376 1839/675/2369 1838/673/2368
f 1852/686/2377 1840/677/2370 1839/675/2369
f 1840/677/2370 1854/689/891 1841/679/2371
f 1854/689/891 1842/678/2373 1841/679/2371
f 1842/678/2373 1856/690/2378 1843/683/2374
f 1856/690/2378 1844/684/2375 1843/683/2374
f 1857/692/887 1832/660/2362 1844/684/2375
f 1832/660/2362 1846/693/886 1833/659/2363
f 1833/659/2363 1847/695/2379 1834/662/2364
f 1847/695/2379 1835/664/2365 1834/662/2364
f 1835/664/2365 1849/1579/883 1836/696/873
f 1849/698/883 1837/668/2367 1836/669/873
f 1869/699/896 1857/692/895 1856/690/896
f 1857/692/895 1858/702/2380 1845/694/2380
f 1845/694/2380 1859/701/892 1846/693/892
f 1846/693/892 1860/703/893 1847/695/893
f 1847/695/893 1861/704/904 1848/697/904
f 1848/697/904 1862/705/903 1849/1579/903
f 1849/698/903 1863/706/902 1850/685/2381
f 1863/706/902 1851/687/901 1850/685/2381
f 1864/707/901 1852/686/900 1851/687/901
f 1852/686/900 1866/708/899 1853/688/899
f 1866/708/899 1854/689/898 1853/688/899
f 1855/691/897 1867/709/898 1868/710/897
f 1856/690/896 1868/710/897 1869/699/896
f 1862/712/910 1876/711/2382 1863/706/911
f 1863/706/911 1877/713/908 1864/707/908
f 1877/713/908 1865/714/907 1864/707/908
f 1878/715/907 1866/708/905 1865/714/907
f 1879/716/905 1867/709/906 1866/708/905
f 1880/717/2383 1868/710/925 1867/709/906
f 1881/718/2384 1869/699/923 1868/710/925
f 1882/719/923 1870/700/921 1869/699/923
f 1883/720/2385 1858/702/918 1870/700/921
f 1858/702/918 1872/721/2386 1859/701/2387
f 1859/701/2387 1873/722/914 1860/703/2388
f 1860/703/2388 1874/723/915 1861/704/912
f 1861/704/912 1875/724/913 1862/705/910
f 1875/725/932 1889/726/2389 1876/711/2389
f 1876/711/2389 1890/729/930 1877/713/930
f 1877/713/930 1891/728/929 1878/715/929
f 1878/715/929 1892/730/2390 1879/716/2390
f 1880/717/2391 1892/730/2390 1893/731/2391
f 1881/718/2392 1893/731/2391 1894/732/2392
f 1894/732/2392 1882/719/938 1881/718/2392
f 1883/720/2393 1895/733/938 1896/735/937
f 1896/735/937 1871/734/2394 1883/720/2393
f 1871/734/2394 1885/736/935 1872/721/935
f 1885/736/935 1873/722/934 1872/721/935
f 1874/723/933 1886/1580/934 1887/737/933
f 1874/723/933 1888/738/932 1875/724/932
f 1886/741/2395 1900/743/949 1887/739/2396
f 1900/743/949 1888/742/948 1887/739/2396
f 1888/744/948 1902/745/947 1889/748/947
f 1902/745/947 1890/747/946 1889/748/947
f 1903/750/946 1891/749/945 1890/747/946
f 1891/749/945 1905/754/943 1892/751/943
f 1905/754/943 1893/753/942 1892/751/943
f 1893/753/942 1907/758/940 1894/755/940
f 1907/758/940 1895/757/2397 1894/755/940
f 1908/760/941 1896/762/952 1895/757/2397
f 1896/762/952 1897/764/764 1884/761/764
f 1897/764/764 1885/763/951 1884/761/764
f 1898/765/951 1886/741/2395 1885/763/951
f 1913/768/2398 1911/1581/2398 1910/766/2398
f 1915/769/2399 1910/766/2399 1911/1581/2399
f 1912/771/2400 1915/772/2401 1911/1582/2402
f 1913/768/2403 1916/774/2403 1912/767/2403
f 1914/770/2404 1913/768/2405 1910/766/2406
f 1914/770/2407 1916/774/2408 1917/775/2408
f 1922/777/2409 1921/776/2410 1923/30/131
f 1929/31/2411 1925/778/2412 1930/779/2413
f 1930/779/969 1928/123/969 1929/31/969
f 1931/780/2414 1926/781/2415 1928/123/2416
f 1930/779/2417 1924/782/2418 1931/780/2419
f 1919/783/2420 1933/784/2421 1921/776/2422
f 1932/785/2423 1935/786/2424 1933/784/2421
f 1938/787/2425 1941/788/2426 1936/1583/2427
f 1944/790/2428 1941/788/2429 1942/789/2428
f 1946/791/2430 1943/792/2431 1944/790/2432
f 1945/793/2433 1948/794/2434 1947/1546/2435
f 1949/796/2436 1951/795/2437 1950/797/2438
f 1954/798/2439 1949/796/2440 1950/797/2439
f 1950/797/2441 1955/799/2441 1954/798/2441
f 1952/800/2442 1955/799/2443 1951/795/2443
f 1949/796/2444 1956/801/2444 1952/800/2444
f 1955/804/2445 1953/803/2446 1954/805/2447
f 1968/27/1006 1965/806/2448 1966/26/1008
f 1961/808/1003 1963/25/2449 1962/28/2450
f 1957/810/2451 1964/811/1012 1961/1584/1003
f 1960/813/1009 1966/814/1008 1959/1585/1010
f 1967/807/2452 1963/25/2449 1965/806/2448
f 1970/817/1013 1973/816/1013 1969/818/1013
f 1972/819/658 1975/820/658 1971/1552/658
f 1976/822/764 1974/823/764 1975/1586/764
f 1979/825/1014 1975/824/1015 1974/826/1014
f 1971/829/2453 1980/835/1015 1978/827/2453
f 1971/829/2453 1977/830/2454 1970/831/2454
f 1977/830/2454 1974/826/1014 1970/831/2454
f 1979/825/1018 1984/1587/1018 1980/832/1018
f 1980/835/1021 1982/836/1021 1978/827/1021
f 1982/836/1020 1977/830/1020 1978/827/1020
f 1977/830/1019 1983/833/1019 1979/825/1019
f 1981/839/70 1984/1588/70 1983/837/70
f 1920/45/2455 1986/32/2456 1985/840/2457
f 1988/841/2458 1662/479/2260 1663/475/2259
f 1988/841/2459 1664/842/2460 1989/843/2461
f 1665/844/2462 1987/845/2463 1990/847/2464
f 1667/846/2258 1987/845/2465 1666/474/2256
f 1665/481/2466 1989/848/2467 1664/480/2267
f 1988/841/2468 1661/849/2469 1659/472/2469
f 1660/850/2470 1989/848/2467 1667/851/2471
f 1989/848/2467 1990/852/2472 1667/851/2471
f 1988/841/2458 1658/473/2473 1666/474/2474
f 1987/845/2475 1988/841/2458 1666/474/2474
f 1705/853/2476 1700/518/2313 1704/519/2314
f 1992/855/2477 1920/45/2478 1991/1589/2479
f 1992/855/2480 1993/46/2481 1994/857/2482
f 1996/858/2483 1344/859/2484 1327/166/1824
f 1997/860/2485 1995/861/2486 1998/862/2487
f 1671/478/2265 2000/863/2488 1668/41/2266
f 2001/864/2489 1999/40/2490 2000/863/2489
f 1940/866/2491 2003/865/2492 1937/867/2493
f 1937/867/2493 2004/868/2494 1939/869/2495
f 2008/870/2496 2003/865/2497 2005/871/2498
f 2003/865/2499 2007/872/2500 2004/868/2501
f 2008/870/2502 2007/872/2503 2006/873/2504
f 2009/874/2505 2011/875/2506 1939/878/2507
f 1939/878/2508 2010/877/2509 1937/879/2510
f 2009/874/2505 2010/877/2511 2012/876/2512
f 2012/876/2513 2014/880/2514 2011/875/2514
f 2011/875/2515 2013/881/2516 2010/877/2516
f 2013/881/2517 2012/876/2518 2010/877/2517
f 2015/882/2519 2013/881/2519 2014/880/2519
f 1939/884/2520 2019/883/2521 2009/885/2522
f 2019/883/2521 1936/886/2523 2009/885/2522
f 1936/886/2523 2017/887/2524 1938/889/2525
f 1938/889/2526 2018/890/2527 1939/884/2520
f 2018/890/2528 2023/891/2529 2019/883/2530
f 2023/891/2531 2016/888/2532 2019/883/2533
f 2017/887/2534 2020/892/2535 2021/894/2536
f 2017/887/2537 2022/893/2538 2018/890/2539
f 2022/893/2540 2020/892/2541 2023/891/2542
f 1939/895/2543 2024/896/2544 1938/1058/2545
f 2025/897/2546 2026/898/2547 2024/896/2548
f 2041/900/2549 2028/899/2550 2040/901/2551
f 2030/902/2552 2041/900/2549 2042/903/2553
f 2043/904/2554 2030/902/2555 2042/903/2556
f 2044/906/2557 2031/905/2558 2043/904/2559
f 2033/908/2560 2044/907/2557 2045/909/2561
f 2046/910/2562 2033/908/2563 2045/909/2564
f 2047/912/2565 2034/911/2566 2046/910/2567
f 2036/913/2568 2047/912/2565 2048/914/2569
f 2049/915/2570 2036/913/2571 2048/914/2572
f 2050/917/2573 2037/916/2574 2049/915/2575
f 2039/918/2576 2050/917/2573 2051/919/2577
f 2040/901/2578 2039/918/2579 2051/919/2580
f 2047/912/2581 2060/920/2582 2048/914/2583
f 2061/921/2584 2050/917/2585 2049/915/2586
f 2050/917/2585 2063/922/2587 2051/919/2588
f 2052/923/2589 2041/900/2590 2040/901/2591
f 2041/900/2590 2054/924/2592 2042/903/2593
f 2055/925/2594 2044/906/2595 2043/904/2596
f 2044/907/2595 2057/926/2597 2045/909/2598
f 2058/927/2599 2047/912/2581 2046/910/2600
f 2063/928/2601 2072/929/2602 2079/1590/2602
f 2063/922/2603 2071/931/2604 2051/919/2605
f 2051/919/2580 2064/932/2606 2040/901/2578
f 2064/932/2607 2052/923/2608 2040/901/2609
f 2054/924/2610 2065/933/2611 2042/903/2612
f 2042/903/2556 2066/934/2613 2043/904/2554
f 2066/934/2614 2055/925/2615 2043/904/2616
f 2054/935/2617 2074/936/2618 2073/1591/2619
f 2060/938/2620 2078/939/2621 2077/1592/2622
f 2060/920/2623 2069/941/2624 2048/914/2625
f 2048/914/2572 2070/942/2626 2049/915/2570
f 2070/942/2627 2061/921/2628 2049/915/2629
f 2057/926/2630 2067/943/2631 2045/909/2632
f 2045/909/2564 2068/944/2633 2046/910/2562
f 2068/944/2634 2058/927/2635 2046/910/2636
f 2057/945/2637 2076/946/2638 2075/1593/2639
f 2080/949/2640 2072/948/2641 2064/932/2607
f 2072/929/2642 2095/950/2643 2079/1590/2644
f 2079/953/2645 2087/952/2646 2071/931/2604
f 2064/932/2647 2087/952/2648 2080/949/2649
f 2078/955/2650 2086/954/2651 2094/956/2652
f 2078/939/2653 2093/957/2654 2077/1592/2655
f 2085/960/2656 2077/959/2657 2093/961/2658
f 2069/941/2659 2086/954/2660 2070/942/2661
f 2067/943/2662 2084/962/2663 2068/944/2664
f 2076/963/2665 2084/962/2666 2092/964/2667
f 2076/946/2668 2091/965/2669 2075/1593/2670
f 2083/968/2671 2075/967/2672 2091/969/2673
f 2074/936/2674 2089/970/2675 2073/1591/2676
f 2081/973/2677 2073/972/2678 2089/974/2679
f 2065/933/2680 2082/975/2681 2066/934/2682
f 2074/976/2683 2082/975/2684 2090/977/2685
f 2093/961/2686 2086/954/2687 2085/960/2688
f 2095/978/2689 2080/949/2649 2087/952/2648
f 2089/974/2690 2082/975/2691 2081/973/2690
f 2091/969/2692 2084/962/2693 2083/968/2692
f 2055/979/2694 2100/980/2695 2056/983/2696
f 2057/982/2637 2100/980/2695 2101/985/2697
f 2058/984/2698 2101/985/2697 2102/987/2699
f 2058/984/2698 2103/986/2700 2059/989/2701
f 2060/988/2620 2103/986/2700 2104/991/2702
f 2061/990/2703 2104/991/2702 2105/993/2704
f 2061/990/2703 2106/992/2705 2062/995/2706
f 2063/994/2601 2106/992/2705 2107/997/2707
f 2052/996/2708 2107/997/2707 2096/999/2709
f 2052/996/2708 2097/998/2710 2053/1001/2711
f 2054/1000/2617 2097/998/2710 2098/1002/2712
f 2055/979/2694 2098/1002/2712 2099/981/2713
f 2099/981/2714 2112/1003/2715 2100/980/2716
f 2112/1003/2715 2101/985/2717 2100/980/2716
f 2113/126/2718 2102/987/2719 2101/985/2717
f 2102/987/2719 2115/33/2720 2103/986/2721
f 2115/33/2720 2104/991/2722 2103/986/2721
f 2116/1004/2723 2105/993/2724 2104/991/2722
f 2105/993/2724 2118/1005/2725 2106/992/2726
f 2118/1005/2725 2107/997/2727 2106/992/2726
f 2119/34/2728 2096/999/2729 2107/997/2727
f 2096/999/2729 2109/124/2730 2097/998/2731
f 2109/124/2730 2098/1002/2732 2097/998/2731
f 2110/1006/2733 2099/981/2714 2098/1002/2732
f 796/1007/1309 1326/157/2734 1331/146/2735
f 1328/160/2736 813/1008/1311 1332/148/2737
f 1325/167/2738 799/1009/1314 1334/151/2739
f 799/1009/1314 1331/146/2735 1334/151/2739
f 1332/148/2737 814/1010/1317 1335/155/2740
f 798/1011/1319 1338/163/2741 800/1016/2742
f 797/1012/1321 1337/159/2743 1326/157/2734
f 801/1013/1324 1340/1014/2744 1337/159/2745
f 800/1016/1327 1341/1017/2746 803/1594/2747
f 1340/1014/2744 804/1018/70 1342/162/1820
f 804/1019/70 1341/1017/2746 1342/164/1820
f 1343/1021/2748 809/1020/1330 1325/167/1827
f 1346/1023/2749 810/1022/1332 1343/171/2750
f 808/1024/1336 1346/1023/2751 1348/169/2752
f 1347/36/2753 808/1024/1336 1348/169/2752
f 815/1025/1339 1669/476/2263 816/39/2754
f 811/1027/43 1681/1026/2274 805/1028/43
f 805/1029/2755 1682/489/2275 806/1030/2755
f 812/1031/1342 1680/1032/2279 811/1595/1342
f 1682/489/2280 812/1031/38 806/1030/38
f 817/1033/1343 1921/776/2756 818/1034/1345
f 1933/784/2757 818/1034/1345 1921/776/2756
f 1935/786/2758 819/1035/1347 1933/784/2757
f 820/1036/1350 1935/786/2759 1934/1037/2760
f 823/1039/1352 1942/1038/2761 1938/1040/2425
f 825/1041/1353 1942/1038/2762 824/1596/2763
f 1944/1042/2432 826/1043/1355 1946/1044/2430
f 826/1043/1358 1948/1045/2764 1946/1044/2765
f 839/1046/1360 1993/46/2766 840/1597/2767
f 1995/861/2768 842/1047/1342 1998/862/2769
f 843/1048/1365 2002/1049/2770 844/1598/2771
f 822/1050/1369 2005/871/2772 1940/866/2491
f 2004/868/2773 828/1051/1370 1939/869/2543
f 827/1052/1372 2008/870/2496 2005/871/2498
f 829/1054/1374 2007/872/2774 831/1055/2775
f 831/1055/1377 2008/870/2502 830/1053/2776
f 828/1056/1370 2025/897/2777 1939/895/2543
f 2024/896/2778 823/1057/1378 1938/1058/2779
f 832/1059/1381 2027/1060/2780 2025/897/2781
f 2026/898/2782 833/1062/1384 2024/896/2783
f 835/1063/1387 2027/1060/1387 834/1061/1387
f 1719/526/34 2124/1064/34 1715/1065/34
f 2122/1066/34 1710/525/34 1709/523/34
f 2125/1067/34 1720/527/34 1716/1068/34
f 1708/522/34 2120/1069/34 2121/1599/34
f 2134/68/164 2124/1070/2784 2126/1071/164
f 2130/62/38 2123/1072/38 2122/1073/38
f 2135/51/149 2125/1074/153 2133/56/153
f 2128/50/43 2121/1075/43 2120/1076/43
f 2132/63/34 2131/57/34 2130/62/34
f 2134/68/34 2128/50/34 2135/51/34
f 2132/63/34 2135/51/34 2133/56/34
f 2138/1077/34 2127/1078/34 2141/1600/34
f 2136/128/34 2120/1069/34 1707/520/34
f 2142/1080/2785 2139/48/2785 2143/1081/2785
f 2138/1077/2786 2143/1081/2787 2139/48/2788
f 2137/47/2789 2140/1079/2790 2136/128/2791
f 2123/1082/34 2146/55/34 1710/525/34
f 2144/1083/34 2125/1067/34 1716/1068/34
f 2145/130/2792 2151/1084/2792 2150/1086/2792
f 2149/1085/2793 2147/54/2793 2146/55/2793
f 2144/1083/2794 2150/1086/2795 2148/1601/2796
f 2154/132/34 2122/1066/34 1709/523/34
f 2124/1064/34 2152/1087/34 1715/1065/34
f 2159/1088/2797 2153/60/2797 2158/1089/2797
f 2157/1090/2798 2155/59/2799 2159/1088/2800
f 2158/1089/2801 2152/1087/2802 2156/1602/2803
f 2162/1092/34 2126/1091/34 1719/526/34
f 2160/67/34 2121/1093/34 2164/1098/34
f 2166/1095/2804 2163/134/2804 2161/66/2804
f 2162/1092/2805 2167/1096/2806 2165/1097/2807
f 2164/1098/2808 2161/66/2809 2160/67/2810
f 2171/1100/34 2169/1099/34 2168/1101/34
f 2168/1101/2811 2173/1102/2811 2172/1103/2811
f 2173/1104/2812 2170/1105/2812 2174/1603/2812
f 2174/1107/2813 2171/1100/2813 2175/1109/2813
f 2171/1100/2814 2172/1103/2814 2175/1109/2814
f 2177/1111/34 2179/1110/34 2178/1112/34
f 2176/1114/2815 2181/1113/2816 2180/1115/2816
f 2177/1117/2817 2182/1116/2817 2181/1118/2817
f 2182/1119/2818 2179/1111/2819 2183/1112/2818
f 2183/1114/2820 2176/1112/2821 2180/1110/2820
f 2184/1122/34 2186/1121/34 2185/1123/34
f 2184/1122/2822 2189/1124/2822 2188/1125/2822
f 2185/1127/2823 2190/1126/2823 2189/1128/2823
f 2190/1129/2824 2187/1130/2824 2191/1131/2824
f 2191/1131/2825 2184/1122/2825 2188/1125/2825
f 2195/1119/2826 2182/1132/2827 2183/1120/2827
f 2193/1115/2828 2180/1133/2816 2181/1114/2816
f 2192/1114/2829 2183/1134/2820 2180/1119/2820
f 2193/1133/70 2195/1132/70 2192/1134/70
f 2196/1328/2830 2201/1327/2831 2200/1329/2831
f 2198/1330/2832 2201/1327/2833 2197/1604/2834
f 2199/1332/2835 2202/1331/2836 2198/1330/2837
f 2200/1335/2838 2199/1334/2839 2196/1336/2840
f 2203/1333/2841 2201/1327/2842 2202/1331/2841
f 2196/1328/2830 2205/1337/2843 2197/1604/2844
f 2205/1337/2845 2198/1330/2832 2197/1604/2834
f 2199/1332/2835 2206/1339/2846 2207/1341/2847
f 2204/1340/2848 2199/1334/2839 2207/1605/2849
f 2206/1339/2850 2204/1338/2851 2207/1341/2850
f 2218/1343/2852 2213/1342/2852 2212/1344/2852
f 2219/1346/2853 2209/1345/2854 2213/1342/2855
f 2208/1347/2856 2218/1343/2857 2212/1344/2858
f 2217/1348/2859 2218/1343/2859 2216/1606/2859
f 2223/1350/2860 2211/1349/2861 2215/1351/2862
f 2210/1353/2863 2222/1352/2864 2214/1354/2865
f 2214/1354/2866 2223/1350/2866 2215/1351/2866
f 2221/1355/2867 2222/1352/2867 2220/1356/2867
f 2226/1357/2868 2209/1345/2854 2225/1362/2869
f 2227/1358/2870 2208/1347/2856 2212/1344/2858
f 2212/1344/2871 2226/1357/2872 2227/1358/2872
f 2230/1360/2873 2210/1353/2874 2214/1354/2875
f 2226/1357/2868 2229/1361/2876 2230/1360/2873
f 2231/1363/2877 2211/1349/2878 2228/1364/2879
f 2227/1358/2870 2228/1364/2879 2224/1359/2880
f 2230/1360/2881 2215/1351/2882 2231/1363/2881
f 2226/1357/2872 2231/1363/2881 2227/1358/2872
f 2237/84/2883 2240/1365/2883 2241/1366/2883
f 2243/1367/2884 2238/137/2885 2244/1368/2884
f 2243/1367/2884 2241/1366/2886 2240/1365/2886
f 2249/138/173 2235/1369/173 2247/89/174
f 2249/138/2887 2245/1370/2888 2239/88/2889
f 2242/1372/2890 2251/1371/2891 2250/1373/2892
f 2250/1373/2892 2236/83/2893 2242/1372/2890
f 2248/93/176 2232/1374/176 2236/83/169
f 2257/1376/2894 2252/1375/2895 2254/92/2895
f 2253/1378/2896 2259/1377/2897 2255/91/2896
f 2259/1377/2897 2256/1379/2898 2257/1376/2894
f 2236/83/2893 2262/1380/2899 2242/1372/2890
f 2239/88/2889 2263/1381/2900 2261/87/2901
f 2242/1372/2890 2263/1381/2900 2245/1370/2888
f 2265/1382/2902 2249/138/2887 2264/90/2903
f 2250/1373/2892 2265/1382/2902 2266/1383/2904
f 2248/93/2905 2266/1383/2904 2267/139/2906
f 2272/1385/2907 2262/1384/2899 2260/1386/2908
f 2262/1384/2899 2275/1387/2909 2263/1388/2900
f 2263/1388/2900 2273/1389/2910 2261/1390/2901
f 2261/1390/2901 2269/1391/2911 2238/1393/2912
f 2244/1392/2913 2269/1391/2911 2271/1395/2914
f 2244/1392/2913 2270/1394/2915 2241/1396/2916
f 2241/1396/2916 2268/1397/2917 2237/1398/2918
f 2260/1386/2908 2268/1397/2917 2272/1385/2907
f 2282/1399/2919 2275/1387/2920 2274/1400/2921
f 2283/1401/2922 2273/1389/2923 2275/1387/2920
f 2281/1402/2924 2269/1391/2925 2273/1389/2926
f 2279/1404/2927 2269/1391/2928 2277/1403/2929
f 2271/1395/2930 2278/1405/2930 2270/1394/2931
f 2278/1405/2932 2268/1397/2933 2270/1394/2934
f 2280/1407/2935 2268/1397/2936 2276/1406/2937
f 2272/1385/2938 2282/1399/2919 2274/1400/2921
f 2282/1399/2939 2276/1406/2940 2278/1405/2941
f 2283/1401/2942 2277/1403/2943 2281/1402/2944
f 2283/1401/2942 2278/1405/2941 2279/1404/2945
f 2264/1408/2903 2285/1409/2946 2288/1412/2947
f 2288/1412/2947 2265/1411/2902 2264/1408/2903
f 2289/1414/2948 2266/1413/2904 2265/1411/2902
f 2266/1413/2904 2291/1415/2949 2267/1418/2906
f 2267/1418/2906 2284/1417/2950 2254/1419/2951
f 2284/1417/2950 2257/1420/2952 2254/1419/2951
f 2286/1422/2953 2259/1421/2954 2257/1420/2952
f 2259/1421/2954 2285/1409/2946 2255/1410/2955
f 2295/1423/2956 2286/1422/2956 2294/1431/2956
f 2287/1424/2957 2293/1425/2958 2285/1409/2959
f 2296/1426/2960 2285/1409/2961 2293/1425/2962
f 2297/1427/2963 2288/1412/2964 2296/1426/2965
f 2298/1428/2966 2289/1414/2966 2297/1427/2967
f 2298/1428/2968 2291/1415/2969 2290/1416/2970
f 2299/1429/2971 2284/1417/2972 2291/1415/2973
f 2286/1422/2974 2292/1430/2975 2294/1431/2976
f 2295/1423/2977 2296/1426/2978 2293/1425/2979
f 2295/1423/2977 2298/1428/2980 2297/1427/2981
f 2294/1431/2982 2299/1429/2983 2298/1428/2980
f 2300/1432/2984 2311/1433/2985 2301/1435/2986
f 2312/1436/2987 2301/1435/2986 2311/1433/2985
f 2302/1438/2988 2313/1437/2989 2303/1439/2990
f 2313/1437/2989 2304/1440/2991 2303/1439/2990
f 2305/1442/2992 2314/1441/2993 2315/1443/2994
f 2315/1443/2994 2306/1444/2995 2305/1442/2992
f 2307/1446/2996 2316/1445/2997 2317/1448/2998
f 2308/1447/2999 2317/1448/2998 2318/1450/3000
f 2319/1449/3001 2308/1447/2999 2318/1450/3000
f 2310/1434/3002 2309/1451/3003 2319/1449/3001
f 2328/1453/3004 2319/1452/3004 2318/1454/3004
f 2310/1455/3005 2329/1456/3004 2320/1458/3005
f 2310/1455/3005 2321/1457/3004 2311/1460/3004
f 2311/1460/3004 2322/1459/3004 2312/1461/3004
f 2312/1463/3004 2323/1462/3004 2313/1464/3004
f 2323/1462/3004 2314/1465/3004 2313/1464/3004
f 2315/1466/3004 2324/1467/3004 2325/1469/3006
f 2315/1466/3004 2326/1468/3004 2316/1471/3005
f 2316/1471/3005 2327/1470/3004 2317/1472/3004
f 2317/1472/3004 2328/1453/3004 2318/1454/3004
f 2335/1473/3007 2324/1467/3008 2334/1474/3008
f 2325/1469/3007 2336/1476/3009 2326/1468/3009
f 2326/1468/3009 2337/1475/3010 2327/1470/3010
f 2337/1475/3010 2328/1453/3011 2327/1470/3010
f 2328/1453/3011 2339/1479/3012 2329/1456/3012
f 2329/1456/3012 2330/1478/3013 2320/1458/3013
f 2330/1478/3013 2321/1457/3014 2320/1458/3013
f 2332/1481/3015 2321/1457/3014 2331/1480/3014
f 2322/1483/3016 2333/1484/3017 2323/1462/3017
f 2324/1467/3008 2333/1484/3017 2334/1474/3008
f 2341/1485/3018 2350/1486/124 2351/1488/3019
f 2351/1488/3019 2342/1489/3020 2341/1485/3018
f 2352/1490/3021 2343/1491/3022 2342/1489/3020
f 2343/1491/3022 2354/1492/3023 2344/1495/3024
f 2344/1495/3024 2355/1494/3025 2345/1496/3026
f 2356/1497/3027 2345/1496/3026 2355/1494/3025
f 2346/1499/3028 2357/1498/3029 2347/1500/3030
f 2358/1501/3031 2347/1500/3030 2357/1498/3029
f 2349/1502/3032 2358/1503/3031 2359/1505/3033
f 2359/1505/3033 2340/1487/3034 2349/1502/3032
f 2368/1507/3035 2359/1506/3036 2358/1508/3035
f 2350/1509/3035 2369/1510/3036 2360/1512/3035
f 2350/1509/3035 2361/1511/3035 2351/1514/3035
f 2351/1514/3035 2362/1513/3035 2352/1515/3035
f 2352/1515/3035 2363/1516/3035 2353/1517/3035
f 2363/1516/3035 2354/1518/3036 2353/1517/3035
f 2355/1519/3037 2364/1520/3036 2365/1522/3037
f 2355/1519/3037 2366/1521/3035 2356/1524/3035
f 2356/1524/3035 2367/1523/3037 2357/1525/3037
f 2357/1525/3037 2368/1526/3035 2358/1607/3035
f 2374/1527/3038 2365/1522/123 2364/1520/3039
f 2366/1521/3040 2375/1528/3041 2376/1529/3042
f 2367/1523/3043 2376/1529/3042 2377/1530/3044
f 2377/1530/3044 2368/1526/3045 2367/1523/3043
f 2368/1507/3045 2379/1531/3046 2369/1510/3047
f 2369/1510/3047 2370/1533/697 2360/1512/3048
f 2360/1512/3048 2371/1534/3049 2361/1511/3050
f 2372/1535/3051 2361/1511/3050 2371/1534/3049
f 2362/1513/3052 2373/1536/3053 2363/1516/3054
f 2373/1536/3053 2364/1520/3039 2363/1516/3054
f 2390/1537/3055 2384/1538/3056 2385/96/3055
f 2388/99/3057 2387/1608/3058 2389/1540/3058
f 2381/1542/3059 2389/1540/3058 2387/1608/3058
f 2380/1544/3060 2391/1539/3056 2383/1609/3060
f 2390/1537/3061 2386/1541/3061 2388/99/3061
f 1948/794/3062 838/1545/1796 1947/1546/3063
f 2392/1548/182 1447/1547/1799 1446/1549/3064
f 2393/1550/189 1457/255/3065 1434/254/373
f 1971/1552/1801 1969/818/1801 1972/819/1801
f 30/3/3 29/173/3066 31/1/1
f 31/1/1 77/119/319 76/2/2
f 38/120/249 32/180/251 36/4/4
f 36/4/4 35/121/3067 30/3/5
f 30/3/5 76/2/3068 75/5/6
f 75/5/6 38/120/249 36/4/4
f 300/8/9 103/1565/3069 102/6/7
f 128/7/8 328/443/3070 300/8/9
f 115/11/12 116/469/653 315/9/10
f 315/9/10 331/1610/3071 135/10/11
f 328/14/15 128/1611/3072 135/12/13
f 135/12/13 331/1612/3073 330/13/14
f 330/13/14 329/1613/3074 328/14/15
f 332/17/18 134/1614/3075 122/15/16
f 122/15/16 327/1615/3076 326/16/17
f 326/16/17 333/1616/3077 332/17/18
f 370/20/21 371/499/692 373/18/19
f 373/18/19 376/514/708 377/19/20
f 377/19/20 378/1617/3078 370/20/21
f 494/23/24 493/1618/3079 492/122/3080
f 492/122/3080 491/1619/3081 490/21/22
f 490/21/22 489/1620/70 488/22/23
f 488/22/23 487/1621/3082 494/23/24
f 494/23/24 492/122/3080 490/21/22
f 642/26/27 635/1622/3083 634/24/25
f 634/24/25 640/809/3084 639/25/26
f 639/25/26 641/806/3085 642/26/27
f 633/29/30 636/1623/3086 644/27/28
f 644/27/28 643/807/3087 638/28/29
f 638/28/29 637/808/3088 633/29/30
f 599/30/31 598/777/965 602/781/3089
f 599/30/31 602/781/3089 604/123/3090
f 662/32/33 661/840/1023 599/30/31
f 605/31/32 603/1624/3091 662/32/33
f 599/30/31 604/123/3090 605/31/32
f 787/35/34 788/1003/34 789/126/34
f 789/126/34 790/1625/34 791/33/34
f 791/33/34 792/1004/34 793/125/34
f 793/125/34 794/1005/34 795/34/34
f 795/34/34 784/1626/34 785/124/34
f 785/124/34 786/1006/34 787/35/34
f 787/35/34 789/126/34 791/33/34
f 791/33/34 793/125/34 795/34/34
f 795/34/34 785/124/34 787/35/34
f 23/36/35 836/127/136 842/1627/3092
f 674/37/36 673/1628/3093 20/38/37
f 23/36/35 842/1627/3092 674/37/36
f 344/41/40 345/476/662 816/39/38
f 816/39/38 843/1048/3094 675/40/39
f 675/40/39 676/863/3095 344/41/40
f 815/44/43 346/1566/3096 347/42/41
f 347/42/41 677/1629/3097 678/43/42
f 678/43/42 844/1630/3098 815/44/43
f 840/1597/3099 817/1033/1343 599/30/44
f 599/30/44 661/840/3100 596/45/45
f 596/45/45 667/1589/3101 669/46/46
f 669/46/46 840/1597/3099 599/30/44
f 398/49/49 387/528/719 383/520/3102
f 383/520/3102 861/128/3103 862/47/47
f 864/48/48 863/1077/3104 396/527/718
f 398/49/49 383/520/3102 862/47/47
f 864/48/48 396/527/718 398/49/49
f 860/51/51 852/1631/3105 866/1632/3106
f 860/51/51 866/1632/3106 868/129/3107
f 865/1633/3108 845/1076/3109 853/50/50
f 860/51/51 868/129/3107 867/52/52
f 867/52/52 865/1633/3108 853/50/50
f 386/525/3110 390/524/723 394/53/53
f 394/53/53 392/1068/3111 869/1083/3112
f 394/53/53 869/1083/3112 870/130/3113
f 871/55/55 386/525/3110 394/53/53
f 394/53/53 870/130/3113 872/54/54
f 856/57/57 848/1072/57 874/1634/57
f 856/57/57 874/1634/57 876/131/57
f 873/1635/57 850/1074/56 858/56/56
f 856/57/57 876/131/57 875/58/57
f 875/58/57 873/1635/57 858/56/56
f 393/61/60 389/533/725 385/523/3114
f 385/523/3114 879/132/3115 880/59/58
f 878/60/59 877/1087/3116 391/1065/3117
f 393/61/60 385/523/3114 880/59/58
f 878/60/59 391/1065/3117 393/61/60
f 857/63/62 849/1070/1388 881/1636/3118
f 857/63/62 881/1636/3118 883/133/3119
f 882/1637/3120 847/1073/3121 855/62/61
f 857/63/62 883/133/3119 884/64/63
f 884/64/63 882/1637/3120 855/62/61
f 384/1094/3122 388/536/728 397/65/64
f 397/65/64 395/526/717 887/1092/3123
f 397/65/64 887/1092/3123 888/134/3124
f 885/67/66 384/1094/3122 397/65/64
f 397/65/64 888/134/3124 886/66/65
f 854/69/68 846/1075/68 889/1638/68
f 854/69/68 889/1638/68 891/135/3125
f 890/1639/68 851/1071/67 859/68/67
f 854/69/68 891/135/3125 892/70/69
f 892/70/69 890/1639/68 859/68/67
f 929/1640/38 928/1641/38 927/1642/38
f 927/1642/38 926/1643/38 925/71/38
f 925/71/38 924/1644/38 923/1645/38
f 923/1645/38 922/1646/38 921/72/38
f 921/72/38 934/1647/38 933/1648/38
f 933/1648/38 932/1649/38 931/73/38
f 931/73/38 930/1650/38 929/1640/38
f 929/1640/38 927/1642/38 925/71/38
f 925/71/38 923/1645/38 921/72/38
f 921/72/38 933/1648/38 931/73/38
f 931/73/38 929/1640/38 925/71/38
f 949/1199/38 962/1208/38 961/1210/38
f 961/1210/38 960/1179/38 959/74/38
f 959/74/38 958/1651/38 957/1185/38
f 957/1185/38 956/1652/38 955/75/38
f 955/75/38 954/1196/38 953/1653/38
f 953/1653/38 952/1217/38 951/76/38
f 951/76/38 950/1654/38 949/1199/38
f 949/1199/38 961/1210/38 959/74/38
f 959/74/38 957/1185/38 955/75/38
f 955/75/38 953/1653/38 951/76/38
f 951/76/38 949/1199/38 959/74/38
f 963/1177/43 964/1163/43 965/1162/43
f 965/1162/43 966/1165/43 967/77/43
f 967/77/43 968/1168/43 969/1167/43
f 969/1167/43 970/1170/43 971/78/43
f 971/78/43 972/1173/43 973/1172/43
f 973/1172/43 974/1175/43 975/79/43
f 975/79/43 976/1178/43 963/1177/43
f 963/1177/43 965/1162/43 967/77/43
f 967/77/43 969/1167/43 971/78/43
f 971/78/43 973/1172/43 975/79/43
f 975/79/43 963/1177/43 967/77/43
f 1121/82/70 1122/1655/70 1123/80/70
f 1123/80/70 1124/1656/70 1125/81/70
f 1125/81/70 1126/1657/70 1121/82/70
f 1164/85/73 1163/1374/79 1167/83/71
f 1167/83/71 1191/136/3126 1168/84/72
f 1170/88/76 1166/1369/78 1165/86/74
f 1165/86/74 1169/137/3127 1192/87/75
f 1186/91/78 1184/1378/78 1178/89/77
f 1178/89/77 1180/138/78 1195/90/78
f 1177/94/80 1183/1375/79 1185/92/79
f 1185/92/79 1198/139/71 1179/93/79
f 1318/97/81 1312/1658/81 1311/95/81
f 1311/95/81 1315/1659/81 1316/96/81
f 1316/96/81 1317/1541/81 1318/97/81
f 1322/100/82 1314/1660/82 1313/98/82
f 1313/98/82 1320/1661/82 1319/99/82
f 1319/99/82 1321/1537/82 1322/100/82
f 85/103/85 81/220/3128 83/140/3129
f 83/140/3129 87/216/3130 91/101/83
f 91/101/83 94/218/3131 93/102/84
f 93/102/84 89/213/3132 85/103/85
f 85/103/85 83/140/3129 91/101/83
f 1323/106/88 96/461/635 299/104/86
f 299/104/86 327/141/3133 122/105/87
f 113/1662/3134 112/1663/3135 111/1664/3136
f 111/1664/3136 110/1665/3137 1324/107/89
f 1324/107/89 109/1666/3138 121/1667/3139
f 121/1667/3139 120/1668/90 119/108/90
f 119/108/90 118/1669/3140 117/1670/3141
f 117/1670/3141 116/1671/3142 115/109/91
f 115/109/91 114/1672/3143 113/1662/3134
f 113/1662/3134 111/1664/3136 1324/107/89
f 1324/107/89 121/1667/3139 119/108/90
f 119/108/90 117/1670/3141 115/109/91
f 115/109/91 113/1662/3134 1324/107/89
f 332/112/94 313/436/646 109/110/92
f 109/110/92 1324/142/1800 134/111/93
f 127/245/3144 126/243/3145 125/113/95
f 125/113/95 124/239/3146 123/1547/3147
f 123/1547/3147 122/1549/3148 134/1551/3149
f 123/1547/3147 134/1551/3149 133/255/3150
f 135/1560/3151 128/247/3152 127/245/3144
f 129/249/3153 135/1560/3151 127/245/3144
f 123/1547/3147 133/255/3150 132/143/3154
f 125/113/95 123/1547/3147 132/143/3154
f 130/115/97 129/249/3153 127/245/3144
f 125/113/95 132/143/3154 131/114/96
f 130/115/97 127/245/3144 125/113/95
f 427/118/100 429/1673/3155 424/144/3156
f 424/144/3156 423/1674/3157 430/116/98
f 430/116/98 428/1675/3158 426/117/99
f 426/117/99 425/1676/3159 427/118/100
f 427/118/100 424/144/3156 430/116/98
f 1355/1/103 1353/173/3160 1354/3/101
f 1354/3/101 1400/2/1924 1401/119/102
f 1360/4/3161 1356/180/1854 1362/120/104
f 1362/120/104 1399/5/3162 1400/2/105
f 1400/2/105 1354/3/3163 1359/121/106
f 1359/121/106 1360/4/3161 1362/120/104
f 1426/6/109 1427/1565/2226 1624/8/107
f 1624/8/107 1652/443/3164 1452/7/108
f 1639/9/112 1440/469/3165 1439/11/110
f 1459/10/111 1655/1610/3166 1639/9/112
f 1459/12/115 1452/1611/3167 1652/14/113
f 1652/14/113 1653/1613/3168 1654/13/114
f 1654/13/114 1655/1612/3169 1459/12/115
f 1446/15/118 1458/1614/3170 1656/17/116
f 1656/17/116 1657/1616/3171 1650/16/117
f 1650/16/117 1651/1615/3172 1446/15/118
f 1697/18/121 1695/499/2291 1694/20/119
f 1694/20/119 1702/1617/3173 1701/19/120
f 1701/19/120 1700/514/3174 1697/18/121
f 1816/122/124 1817/1618/3079 1818/23/3175
f 1818/23/3175 1811/1621/3081 1812/22/122
f 1812/22/122 1813/1620/70 1814/21/123
f 1814/21/123 1815/1619/3082 1816/122/124
f 1816/122/124 1818/23/3175 1812/22/122
f 1958/24/127 1959/1622/3083 1966/26/125
f 1966/26/125 1965/806/3085 1963/25/126
f 1963/25/126 1964/809/3176 1958/24/127
f 1968/27/130 1960/1623/3086 1957/29/128
f 1957/29/128 1961/808/3177 1962/28/129
f 1962/28/129 1967/807/3178 1968/27/130
f 1923/30/131 1985/840/2457 1986/32/2456
f 1986/32/2456 1927/1624/3179 1929/31/132
f 1928/123/133 1926/781/3180 1922/777/2409
f 1923/30/131 1986/32/2456 1929/31/132
f 1928/123/133 1922/777/2409 1923/30/131
f 2113/126/34 2112/1003/34 2111/35/34
f 2111/35/34 2110/1006/34 2109/124/34
f 2109/124/34 2108/1626/34 2119/34/34
f 2119/34/34 2118/1005/34 2117/125/34
f 2117/125/34 2116/1004/34 2115/33/34
f 2115/33/34 2114/1625/34 2113/126/34
f 2113/126/34 2111/35/34 2109/124/34
f 2109/124/34 2119/34/34 2117/125/34
f 2117/125/34 2115/33/34 2113/126/34
f 1347/36/134 1344/38/3181 1997/1628/3182
f 1998/37/135 842/1627/3092 836/127/136
f 1347/36/134 1997/1628/3182 1998/37/135
f 816/39/38 1669/476/3183 1668/41/137
f 1668/41/137 2000/863/3184 1999/40/138
f 1999/40/138 843/1048/3094 816/39/38
f 1671/42/140 1670/1566/2268 815/44/43
f 815/44/43 844/1630/3098 2002/43/139
f 2002/43/139 2001/1629/3185 1671/42/140
f 1923/30/143 817/1033/1343 840/1597/3099
f 1993/46/141 1991/1589/3186 1920/45/142
f 1923/30/143 840/1597/3099 1993/46/141
f 1920/45/142 1985/840/3187 1923/30/143
f 1707/520/3188 1711/528/2317 1722/49/144
f 1722/49/144 1720/527/2316 2138/1077/3189
f 1722/49/144 2138/1077/3189 2139/48/3190
f 2136/128/146 1707/520/3188 1722/49/144
f 1722/49/144 2139/48/3190 2137/47/145
f 2128/50/147 2120/1076/3191 2140/1633/3192
f 2128/50/147 2140/1633/3192 2142/52/3193
f 2141/1632/3194 2127/1631/3195 2135/51/149
f 2128/50/147 2142/52/3193 2143/129/148
f 2143/129/148 2141/1632/3194 2135/51/149
f 1718/53/152 1714/524/2318 1710/525/3196
f 1710/525/3196 2146/55/3197 2147/54/150
f 2145/130/151 2144/1083/3197 1716/1068/3198
f 1718/53/152 1710/525/3196 2147/54/150
f 2145/130/151 1716/1068/3198 1718/53/152
f 2133/56/153 2125/1074/153 2148/1635/154
f 2133/56/153 2148/1635/154 2150/58/154
f 2149/1634/154 2123/1072/154 2131/57/154
f 2133/56/153 2150/58/154 2151/131/154
f 2151/131/154 2149/1634/154 2131/57/154
f 1709/523/3199 1713/533/2319 1717/61/155
f 1717/61/155 1715/1065/3200 2152/1087/3201
f 1717/61/155 2152/1087/3201 2153/60/3202
f 2154/132/157 1709/523/3199 1717/61/155
f 1717/61/155 2153/60/3202 2155/59/156
f 2130/62/158 2122/1073/3203 2157/1637/3204
f 2130/62/158 2157/1637/3204 2159/64/3205
f 2156/1636/3206 2124/1070/2784 2132/63/160
f 2130/62/158 2159/64/3205 2158/133/159
f 2158/133/159 2156/1636/3206 2132/63/160
f 1721/65/163 1712/536/2320 1708/1094/3207
f 1708/1094/3207 2160/67/3208 2161/66/161
f 2163/134/162 2162/1092/3209 1719/526/2315
f 1721/65/163 1708/1094/3207 2161/66/161
f 2163/134/162 1719/526/2315 1721/65/163
f 2134/68/164 2126/1071/164 2165/1639/166
f 2134/68/164 2165/1639/166 2167/70/3210
f 2164/1638/166 2121/1075/166 2129/69/166
f 2134/68/164 2167/70/3210 2166/135/165
f 2166/135/165 2164/1638/166 2129/69/166
f 2236/83/169 2232/1374/176 2233/85/167
f 2233/85/167 2237/84/3211 2260/136/168
f 2234/86/172 2235/1369/173 2239/88/170
f 2239/88/170 2261/87/3212 2238/137/171
f 2247/89/174 2253/1378/173 2255/91/173
f 2255/91/173 2264/90/170 2249/138/173
f 2254/92/176 2252/1375/176 2246/94/175
f 2246/94/175 2248/93/176 2267/139/176
f 2380/95/177 2381/1658/177 2387/97/177
f 2387/97/177 2386/1541/177 2385/96/177
f 2385/96/177 2384/1659/177 2380/95/177
f 2382/98/178 2383/1660/178 2391/100/178
f 2391/100/178 2390/1537/178 2388/99/178
f 2388/99/178 2389/1661/178 2382/98/178
f 1407/140/181 1405/220/3213 1409/103/2242
f 1409/103/2242 1413/213/3214 1417/102/179
f 1417/102/179 1418/218/3215 1415/101/180
f 1415/101/180 1411/216/3216 1407/140/181
f 1407/140/181 1409/103/2242 1417/102/179
f 1623/104/184 1420/461/3217 2392/106/182
f 2392/106/182 1446/105/3064 1651/141/183
f 1435/1664/3218 1436/1663/3219 1437/1662/186
f 1437/1662/186 1438/1672/3220 1439/109/185
f 1439/109/185 1440/1671/3221 1441/1670/3222
f 1441/1670/3222 1442/1669/3223 1443/108/186
f 1443/108/186 1444/1668/186 1445/1667/179
f 1445/1667/179 1433/1666/3224 2393/107/187
f 2393/107/187 1434/1665/3225 1435/1664/3218
f 1435/1664/3218 1437/1662/186 1439/109/185
f 1439/109/185 1441/1670/3222 1443/108/186
f 1443/108/186 1445/1667/179 2393/107/187
f 2393/107/187 1435/1664/3218 1439/109/185
f 1433/110/190 1637/436/2244 1656/112/188
f 1656/112/188 1458/111/3226 2393/142/189
f 1451/245/3227 1452/247/3228 1459/1560/3229
f 1451/245/3227 1459/1560/3229 1453/249/3230
f 1449/113/193 1450/243/3231 1451/245/3227
f 1447/1547/3232 1448/239/3233 1449/113/193
f 1458/1551/3234 1446/1549/3235 1447/1547/3232
f 1457/255/3236 1458/1551/3234 1447/1547/3232
f 1451/245/3227 1453/249/3230 1454/115/3237
f 1449/113/193 1451/245/3227 1454/115/3237
f 1456/143/192 1457/255/3236 1447/1547/3232
f 1449/113/193 1454/115/3237 1455/114/191
f 1456/143/192 1447/1547/3232 1449/113/193
f 1748/144/196 1753/1673/3238 1751/118/3239
f 1751/118/3239 1749/1676/3240 1750/117/194
f 1750/117/194 1752/1675/3241 1754/116/195
f 1754/116/195 1747/1674/3242 1748/144/196
f 1748/144/196 1751/118/3239 1750/117/194
f 6/145/197 2/157/211 7/146/198
f 8/148/200 4/160/214 6/149/201
f 10/151/203 1/167/3243 5/152/204
f 10/151/203 12/153/205 9/147/199
f 5/154/206 3/166/3244 11/155/207
f 11/155/209 8/148/200 9/150/202
f 2/157/211 6/145/197 15/158/212
f 4/160/214 14/163/3245 15/161/215
f 18/162/216 16/1014/1325 13/159/217
f 14/163/219 17/1017/1328 18/164/216
f 21/165/221 20/859/3246 3/166/222
f 1/167/224 19/1021/1331 21/168/221
f 24/169/225 23/36/3247 20/38/226
f 19/171/228 22/1023/3248 24/169/229
f 26/172/231 25/1677/3249 29/173/232
f 29/173/234 25/1677/3250 27/174/235
f 36/4/237 34/177/3251 33/175/238
f 36/4/240 32/180/3252 28/176/241
f 35/121/239 33/175/238 26/172/231
f 38/120/243 37/1553/3253 41/178/244
f 32/180/246 40/182/3254 39/181/247
f 38/120/249 42/179/3255 40/182/250
f 42/179/252 41/178/3256 39/181/253
f 47/183/255 44/187/3257 43/184/256
f 47/183/258 48/189/3258 45/186/259
f 46/188/261 43/1554/3259 45/186/262
f 46/185/264 49/1555/3260 50/190/265
f 51/191/267 49/1556/3260 46/188/264
f 47/183/266 50/190/265 51/191/269
f 50/190/271 49/1555/3261 52/192/272
f 52/194/274 49/1556/3262 51/191/275
f 50/190/277 53/193/3263 54/195/278
f 54/195/280 53/193/284 56/196/281
f 52/192/283 55/1557/3264 56/196/281
f 54/195/285 57/197/3265 55/198/286
f 56/196/288 55/1557/3266 58/199/289
f 55/198/291 57/197/3267 60/201/292
f 60/201/294 57/197/3268 56/196/295
f 59/200/297 62/204/301 63/203/298
f 58/199/300 61/207/3269 62/204/301
f 63/203/302 61/208/3270 58/202/303
f 62/204/305 65/209/3271 66/205/306
f 64/206/308 65/209/3272 62/204/309
f 63/203/311 66/205/3273 64/206/312
f 73/210/315 75/5/3274 77/119/316
f 31/1/320 27/174/3275 74/211/321
f 73/210/323 37/1553/3253 38/120/243
f 84/212/325 85/103/3276 89/213/326
f 86/215/328 90/217/331 91/101/329
f 90/217/331 95/222/3277 94/218/332
f 88/214/333 89/213/3278 93/102/334
f 81/220/336 85/103/3276 84/212/325
f 83/140/338 82/1558/3279 86/215/328
f 92/219/339 93/102/3280 94/218/340
f 69/223/342 86/229/348 82/224/343
f 70/226/345 67/1559/3281 80/227/346
f 86/229/348 69/223/342 71/230/349
f 72/232/351 70/226/345 84/228/347
f 92/234/353 95/1678/3282 78/235/354
f 78/237/356 95/1679/3283 90/231/350
f 88/233/352 92/234/3284 79/236/357
f 97/238/358 123/1547/1799 124/239/359
f 98/240/360 124/239/359 125/113/361
f 100/242/362 99/241/361 125/113/361
f 101/244/364 100/242/362 126/243/363
f 102/246/7 101/244/364 127/245/365
f 115/248/12 135/1560/11 129/249/366
f 114/250/367 129/249/366 130/115/368
f 113/251/369 130/115/368 131/114/370
f 111/253/371 112/252/370 131/114/370
f 110/254/373 111/253/371 132/143/372
f 136/256/375 137/260/379 155/257/376
f 156/259/378 155/257/376 137/260/379
f 138/262/380 139/1680/3285 157/263/381
f 157/263/381 139/1680/3285 140/265/382
f 158/266/383 140/265/382 141/267/384
f 159/268/385 141/267/384 142/269/386
f 160/270/387 142/269/386 143/271/388
f 161/272/389 143/271/388 144/273/390
f 162/274/391 144/273/390 145/275/392
f 164/277/394 163/276/393 145/275/392
f 146/278/395 147/1681/397 165/279/396
f 147/280/397 148/283/399 166/281/398
f 148/283/399 149/285/401 167/284/400
f 149/285/401 150/287/403 168/286/402
f 150/287/403 151/1682/3286 169/288/404
f 169/288/404 151/1682/3286 152/289/405
f 170/290/406 152/289/405 153/291/407
f 171/292/408 153/291/407 136/256/375
f 154/258/377 155/257/376 173/293/409
f 156/259/378 174/1561/412 173/293/409
f 156/264/378 157/263/381 175/295/411
f 158/266/383 176/298/414 175/295/411
f 158/266/383 159/268/385 177/297/413
f 160/270/387 178/300/416 177/297/413
f 160/270/387 161/272/389 179/299/415
f 162/274/391 180/302/418 179/299/415
f 162/274/391 163/276/393 181/301/417
f 164/277/394 182/304/420 181/301/417
f 164/277/394 165/279/396 183/303/419
f 166/281/398 184/307/422 183/305/419
f 166/281/398 167/284/400 185/306/421
f 168/286/402 186/309/424 185/306/421
f 168/286/402 169/288/404 187/308/423
f 170/290/406 188/311/426 187/308/423
f 170/290/406 171/292/408 189/310/425
f 154/258/377 172/294/410 189/310/425
f 208/312/427 209/316/431 191/313/428
f 173/293/409 209/316/431 208/312/427
f 210/315/430 192/361/433 191/313/428
f 173/293/409 174/1561/412 210/315/430
f 210/317/430 211/320/434 193/318/432
f 174/296/412 175/295/411 211/320/434
f 212/321/435 194/323/437 193/318/432
f 175/295/411 176/298/414 212/321/435
f 212/321/435 213/324/438 195/322/436
f 176/298/414 177/297/413 213/324/438
f 214/325/439 196/327/441 195/322/436
f 214/325/439 213/324/438 177/297/413
f 214/325/439 215/328/442 197/326/440
f 178/300/416 179/299/415 215/328/442
f 216/329/443 198/331/445 197/326/440
f 216/329/443 215/328/442 179/299/415
f 216/329/443 217/332/446 199/330/444
f 180/302/418 181/301/417 217/332/446
f 218/333/447 200/335/449 199/330/444
f 182/304/420 218/333/447 217/332/446
f 218/333/447 219/1562/451 201/334/448
f 183/303/419 219/1562/451 218/333/447
f 220/336/450 202/340/453 201/337/448
f 184/307/422 220/336/450 219/338/451
f 220/336/450 221/342/455 203/339/452
f 185/306/421 221/342/455 220/336/450
f 222/341/454 204/344/457 203/339/452
f 186/309/424 222/341/454 221/342/455
f 222/341/454 223/346/459 205/343/456
f 187/308/423 223/346/459 222/341/454
f 224/345/458 206/348/461 205/343/456
f 188/311/426 224/345/458 223/346/459
f 224/345/458 225/349/462 207/347/460
f 189/310/425 225/349/462 224/345/458
f 208/312/427 190/314/429 207/347/460
f 189/310/425 172/294/410 208/312/427
f 194/323/463 230/367/3287 229/350/464
f 231/351/466 230/367/3287 194/323/463
f 196/327/468 232/370/3288 231/351/469
f 233/352/471 232/370/3288 196/327/468
f 198/331/473 234/373/3289 233/352/474
f 235/353/476 234/373/3289 198/331/473
f 200/335/478 236/376/3290 235/353/479
f 237/354/481 236/376/3290 200/335/478
f 202/340/483 238/379/3291 237/355/484
f 239/356/486 238/379/3291 202/340/483
f 204/344/488 240/382/3292 239/356/489
f 241/357/491 240/382/3292 204/344/488
f 241/357/493 205/343/3293 206/348/494
f 243/359/496 242/358/495 206/348/494
f 190/314/498 226/387/3294 243/359/499
f 227/360/501 226/387/3294 190/314/498
f 227/360/503 191/313/3295 192/361/504
f 229/350/506 228/1563/505 192/319/504
f 246/363/508 245/388/547 227/360/509
f 246/364/508 228/1563/510 229/350/511
f 248/366/513 247/365/512 229/350/511
f 248/366/513 230/367/514 231/351/515
f 250/369/517 249/368/3296 231/351/518
f 250/369/520 232/370/3297 233/352/521
f 252/372/523 251/371/522 233/352/521
f 252/372/523 234/373/524 235/353/525
f 254/375/527 253/374/526 235/353/525
f 254/375/527 236/376/528 237/354/529
f 256/378/531 255/404/530 237/355/529
f 256/378/533 238/379/3298 239/356/534
f 258/381/536 257/380/3299 239/356/537
f 258/381/536 240/382/538 241/357/539
f 260/384/541 259/383/540 241/357/539
f 260/384/541 242/358/542 243/359/543
f 244/386/545 261/385/544 243/359/543
f 244/386/545 226/387/546 227/360/509
f 260/384/548 261/385/551 262/389/549
f 261/385/551 244/386/3300 264/391/552
f 264/391/552 244/386/3300 245/388/553
f 265/392/554 245/388/553 246/363/555
f 266/394/556 246/364/555 247/365/557
f 267/395/558 247/365/557 248/366/559
f 268/396/560 248/366/559 249/368/561
f 269/397/562 249/368/3301 250/369/563
f 270/398/564 250/369/3302 251/371/522
f 271/399/565 251/371/522 252/372/523
f 272/400/566 252/372/523 253/374/526
f 253/374/526 254/375/527 274/402/568
f 254/375/527 255/377/530 275/403/569
f 255/404/530 256/378/3303 276/405/570
f 256/378/571 257/380/3304 277/407/572
f 257/380/573 258/381/575 278/408/574
f 258/381/575 259/383/577 279/409/576
f 259/383/577 260/384/548 263/390/550
f 280/410/578 281/411/579 271/399/565
f 270/398/564 271/399/565 281/411/579
f 282/412/580 283/413/581 269/397/562
f 268/396/560 269/397/562 283/413/581
f 284/414/582 285/415/583 267/395/558
f 285/415/583 286/1564/584 266/394/556
f 265/392/554 266/393/556 286/416/584
f 287/417/585 288/419/587 264/391/552
f 289/418/586 262/389/549 264/391/552
f 262/389/549 289/418/586 290/420/588
f 263/390/550 290/420/588 291/421/589
f 292/422/590 278/408/574 279/409/576
f 293/423/591 277/407/572 278/408/574
f 277/407/572 293/423/591 294/424/592
f 276/405/570 294/424/592 295/425/593
f 296/426/594 274/402/568 275/403/569
f 297/428/595 273/401/567 274/402/568
f 272/400/566 273/401/567 297/428/595
f 304/429/596 306/462/597 307/430/597
f 322/432/599 323/447/616 325/433/600
f 305/431/598 303/452/622 302/435/602
f 324/434/601 325/433/600 313/436/603
f 319/438/605 321/464/3305 320/439/606
f 299/104/607 311/451/621 310/441/608
f 328/443/610 329/470/3306 301/444/611
f 316/445/613 314/455/625 315/9/614
f 320/439/606 321/464/3305 323/447/616
f 327/141/617 299/104/607 298/442/609
f 313/436/603 332/112/3307 333/449/619
f 309/450/620 308/453/623 310/441/608
f 300/8/612 301/444/611 302/435/602
f 307/430/597 306/462/597 308/453/623
f 330/454/624 331/1610/3308 315/9/614
f 318/440/605 316/445/613 317/446/615
f 104/456/626 103/1565/3069 300/8/9
f 104/456/626 303/452/627 305/431/628
f 105/457/629 305/431/628 307/430/630
f 307/430/630 309/450/633 107/459/631
f 108/460/632 107/459/631 309/450/633
f 108/460/632 311/451/634 299/104/86
f 318/440/636 320/439/637 306/462/637
f 316/445/638 318/440/636 304/429/636
f 314/455/639 316/445/638 302/435/638
f 310/441/641 324/434/641 312/437/642
f 308/453/644 322/432/644 324/434/641
f 306/462/637 320/439/637 322/432/644
f 121/463/645 109/110/92 313/436/646
f 323/447/648 120/465/650 121/463/645
f 321/464/649 119/467/649 120/465/650
f 321/464/649 319/438/651 118/466/651
f 319/438/651 317/446/3309 117/468/652
f 117/468/652 317/446/3309 315/9/10
f 329/470/654 330/454/3310 314/455/639
f 312/437/642 333/449/3311 326/448/655
f 336/471/656 337/849/3312 335/472/657
f 342/474/659 343/846/1031 336/471/660
f 344/41/40 338/479/1024 339/475/661
f 339/475/663 340/842/1026 346/477/664
f 347/478/666 341/844/1029 338/479/667
f 347/42/41 346/1566/3096 340/480/669
f 348/482/671 349/494/672 351/483/672
f 356/485/674 357/1026/1340 353/486/675
f 353/488/677 357/1683/3313 358/489/678
f 359/491/680 356/1032/680 352/492/681
f 359/491/682 355/493/685 354/490/683
f 350/484/684 351/483/684 354/490/683
f 352/492/681 348/482/686 350/484/686
f 353/488/677 354/490/679 351/483/687
f 353/486/675 349/1684/688 348/495/688
f 363/496/689 360/511/689 362/497/690
f 371/499/692 370/20/21 366/500/693
f 367/502/695 368/1567/3314 372/503/696
f 379/505/698 369/1568/3315 366/506/699
f 364/508/701 361/1569/3316 373/509/702
f 374/510/703 373/509/702 371/504/697
f 366/506/699 369/1568/3315 365/498/691
f 363/496/704 368/1567/3314 367/502/695
f 362/512/706 360/1685/3317 367/501/694
f 373/18/19 361/1570/3318 375/513/707
f 382/516/710 379/505/3319 378/515/711
f 382/516/710 377/517/712 376/518/713
f 383/520/715 387/528/715 388/521/715
f 385/523/716 389/533/716 390/524/716
f 393/61/60 391/1065/3117 395/526/717
f 396/527/718 392/1068/3111 394/53/53
f 387/528/719 398/49/49 406/529/720
f 404/531/722 406/529/720 398/49/49
f 390/524/723 402/532/3320 404/531/722
f 402/532/724 390/524/724 389/533/724
f 389/533/725 393/61/60 403/535/726
f 397/65/64 405/537/729 403/535/726
f 388/536/728 400/1571/3321 405/537/729
f 388/521/730 387/528/730 399/530/730
f 404/539/731 402/542/734 410/540/732
f 402/542/734 401/545/737 409/543/735
f 403/544/736 411/547/739 409/543/735
f 405/546/738 413/549/741 411/547/739
f 405/546/738 400/1572/743 408/548/740
f 399/550/742 407/554/745 408/551/740
f 406/553/744 414/561/3322 407/554/745
f 412/541/733 414/561/3322 406/553/744
f 417/555/746 409/543/3323 411/547/747
f 411/547/747 413/549/751 421/557/749
f 416/558/750 421/557/749 413/549/751
f 407/554/753 415/560/754 416/559/754
f 415/560/755 407/554/3324 414/561/756
f 422/562/757 414/561/756 412/541/758
f 418/564/760 420/563/759 412/541/758
f 409/543/762 417/555/763 418/564/763
f 424/565/764 416/559/754 415/560/754
f 422/562/757 430/567/766 423/566/765
f 430/567/766 422/562/757 420/563/759
f 426/569/768 428/568/767 420/563/759
f 426/569/38 418/564/763 417/555/763
f 419/556/748 427/1573/3325 425/570/769
f 429/571/770 427/1573/3325 419/556/748
f 424/572/771 429/571/770 421/557/749
f 431/573/772 448/580/772 447/574/772
f 439/576/773 431/584/773 432/577/773
f 450/579/774 447/574/774 448/580/774
f 438/582/775 451/585/3326 448/580/776
f 439/576/778 446/587/785 438/583/779
f 451/585/780 452/589/787 449/581/781
f 438/582/782 436/592/3327 453/586/783
f 446/587/785 444/1574/3328 436/588/786
f 452/589/787 451/585/780 453/586/788
f 455/591/790 453/586/3329 436/592/791
f 436/588/786 444/1574/3328 442/594/793
f 456/596/794 454/590/789 453/586/788
f 433/597/795 457/599/795 455/591/795
f 441/598/796 433/603/796 434/595/796
f 456/596/797 455/591/797 457/599/797
f 435/601/798 459/604/3330 457/599/799
f 441/598/801 443/607/809 435/602/802
f 459/604/803 460/1575/3331 458/600/804
f 437/605/805 461/609/3332 459/604/806
f 445/606/808 437/611/815 435/602/802
f 462/608/810 460/1575/3331 459/604/803
f 437/605/812 432/1576/3333 447/610/813
f 437/611/815 445/606/808 440/612/816
f 450/614/817 462/608/810 461/609/811
f 467/615/818 475/627/2357 476/616/819
f 473/618/820 474/637/2356 466/619/821
f 463/621/822 471/630/3334 472/622/823
f 477/624/824 478/631/824 469/625/825
f 464/623/826 472/622/826 473/618/826
f 466/619/827 474/637/827 475/627/827
f 468/617/828 476/616/828 477/628/828
f 469/625/829 478/631/829 471/630/829
f 478/631/830 486/633/831 479/632/831
f 477/624/832 485/1577/832 486/633/831
f 476/616/833 484/636/833 485/634/832
f 476/616/833 475/627/835 483/635/834
f 474/637/835 482/638/837 483/635/834
f 473/618/836 481/639/836 482/638/837
f 472/622/838 480/640/838 481/639/836
f 472/622/838 471/630/830 479/632/831
f 484/641/839 483/645/3335 491/642/840
f 482/644/841 490/647/841 491/642/841
f 481/646/842 489/649/843 490/647/843
f 481/646/845 480/650/845 488/648/845
f 480/650/846 479/653/846 487/651/847
f 486/652/849 494/655/849 487/651/849
f 485/654/850 493/1578/851 494/655/851
f 484/641/853 492/643/853 493/656/853
f 495/658/797 496/661/856 509/659/854
f 496/661/856 497/663/858 510/662/857
f 497/663/858 498/666/861 511/664/859
f 499/665/860 512/696/863 511/664/859
f 499/667/860 500/671/865 513/668/862
f 501/670/864 514/673/867 513/668/862
f 502/672/866 515/675/869 514/673/867
f 503/674/868 516/677/871 515/675/869
f 504/676/870 517/679/873 516/677/871
f 504/676/870 505/681/875 518/678/872
f 506/680/874 519/683/877 518/678/872
f 507/682/876 520/684/878 519/683/877
f 495/658/797 508/660/855 520/684/878
f 514/673/867 527/687/881 526/685/879
f 514/673/867 515/675/869 528/686/880
f 515/675/869 516/677/871 529/688/882
f 516/677/871 517/679/873 530/689/883
f 518/678/872 531/691/885 530/689/883
f 518/678/872 519/683/877 532/690/884
f 519/683/877 520/684/878 533/692/886
f 508/660/855 521/694/888 533/692/886
f 508/660/855 509/659/854 522/693/887
f 510/662/857 523/695/889 522/693/887
f 511/664/859 524/697/890 523/695/889
f 512/696/863 525/1579/891 524/697/890
f 513/668/862 526/685/879 525/698/891
f 533/692/892 546/700/892 545/699/893
f 521/694/894 534/702/894 546/700/892
f 521/694/894 522/693/895 535/701/895
f 536/703/896 535/701/895 522/693/895
f 523/695/896 524/697/897 537/704/897
f 524/697/897 525/1579/898 538/705/898
f 539/706/899 538/712/898 525/698/898
f 527/687/900 540/707/900 539/706/899
f 528/686/901 541/714/3336 540/707/900
f 542/708/902 541/714/3336 528/686/901
f 530/689/903 543/709/903 542/708/902
f 531/691/904 544/710/904 543/709/903
f 532/690/893 545/699/893 544/710/904
f 552/711/905 551/725/926 538/712/906
f 553/713/907 552/711/905 539/706/905
f 541/714/908 554/715/908 553/713/907
f 542/708/909 555/716/911 554/715/908
f 543/709/910 556/717/913 555/716/911
f 544/710/912 557/718/915 556/717/913
f 545/699/914 558/719/917 557/718/915
f 546/700/916 559/720/919 558/719/917
f 534/702/918 547/734/918 559/720/919
f 548/721/920 547/734/918 534/702/918
f 549/722/922 548/721/920 535/701/921
f 536/703/923 537/704/925 550/723/924
f 537/704/925 538/705/906 551/724/926
f 551/725/927 552/711/928 565/726/928
f 553/713/929 566/729/929 565/726/928
f 553/713/929 554/715/930 567/728/930
f 554/715/930 555/716/931 568/730/931
f 556/717/932 569/731/932 568/730/931
f 557/718/933 570/732/933 569/731/932
f 558/719/934 571/733/934 570/732/933
f 559/720/935 572/735/935 571/733/934
f 547/734/936 560/1686/936 572/735/935
f 561/736/937 560/1686/936 547/734/936
f 549/722/938 562/1580/938 561/736/937
f 563/737/939 562/1580/938 549/722/938
f 550/723/939 551/724/927 564/738/927
f 563/739/940 576/743/940 575/740/941
f 564/742/942 577/1687/944 576/743/940
f 564/744/942 565/748/943 578/745/943
f 566/747/945 579/750/945 578/745/943
f 567/749/946 580/752/946 579/750/945
f 568/751/947 581/754/947 580/752/946
f 569/753/948 582/756/948 581/754/947
f 570/755/949 583/758/949 582/756/948
f 571/757/950 584/760/950 583/758/949
f 571/757/950 572/762/951 585/759/951
f 560/761/764 573/764/764 585/759/951
f 561/763/952 574/765/952 573/764/764
f 562/741/941 575/740/941 574/765/952
f 586/766/953 587/1581/953 588/767/953
f 591/769/954 587/1581/955 586/766/955
f 588/771/956 587/1582/3337 591/772/957
f 592/774/959 593/775/959 589/768/959
f 589/768/960 593/775/3338 590/770/961
f 593/775/963 592/774/963 591/769/963
f 597/776/964 595/783/3339 598/777/965
f 601/778/966 603/1624/3340 605/31/967
f 606/779/969 605/31/969 604/123/969
f 607/780/970 604/123/3341 602/781/971
f 606/779/973 607/780/3342 600/782/974
f 595/783/976 597/776/3343 609/784/977
f 611/786/979 610/1037/3344 608/785/978
f 614/787/980 612/1583/3345 617/788/981
f 617/788/983 619/792/983 620/790/984
f 622/791/985 620/790/1356 619/792/986
f 621/793/988 623/1546/3346 624/794/989
f 627/795/991 628/800/3347 625/796/992
f 625/796/994 629/802/994 630/798/995
f 626/797/996 630/798/996 631/799/996
f 631/799/997 632/801/998 628/800/998
f 625/796/999 628/800/999 632/801/999
f 629/803/1000 632/1688/3348 631/804/1001
f 644/27/1003 642/26/1012 641/806/1004
f 637/808/1006 638/28/3349 639/25/1007
f 633/810/1009 637/1584/1006 640/811/1008
f 636/813/1011 635/1585/3350 642/814/1012
f 639/25/1007 638/28/3349 643/807/1005
f 649/816/658 650/823/658 646/817/658
f 648/819/1013 647/1552/1013 651/820/1013
f 652/822/764 651/1586/764 650/823/764
f 651/824/1014 656/832/1014 655/825/1015
f 654/827/1016 656/835/1014 651/828/1014
f 647/829/1016 646/831/1017 653/830/1017
f 650/826/1015 655/825/1015 653/830/1017
f 656/832/1018 660/1587/1018 659/833/1018
f 654/827/1019 658/836/1019 660/834/1019
f 653/830/1020 657/1689/1020 658/836/1020
f 659/833/1021 657/1689/1021 653/830/1021
f 659/837/70 660/1588/70 658/838/70
f 662/32/33 594/856/3351 596/45/1022
f 338/479/1024 663/845/1041 664/841/1025
f 340/842/1026 339/475/663 664/841/1027
f 341/844/1029 666/847/3352 663/845/1030
f 343/846/1031 342/474/659 663/845/1032
f 665/848/1033 666/852/1038 341/481/670
f 664/841/1034 335/472/1035 337/849/1035
f 665/848/1033 337/1690/3353 336/850/1036
f 334/473/1039 335/472/3354 664/841/1025
f 381/853/1042 380/519/714 376/518/713
f 668/855/1044 667/1589/3355 596/45/1045
f 669/46/1047 667/1589/3356 668/855/1048
f 672/858/1050 3/166/3357 20/859/1051
f 671/861/1053 672/858/3358 673/860/1054
f 347/478/666 344/41/668 676/863/1056
f 675/40/1058 678/1049/1058 677/864/1059
f 679/865/1060 681/871/1368 616/866/1061
f 680/868/1063 679/865/3359 613/867/1064
f 679/865/1066 682/873/3360 684/870/1067
f 679/865/1069 680/868/3361 683/872/1070
f 685/874/1075 615/878/3362 687/875/1076
f 686/877/1078 687/875/3363 615/878/1079
f 685/874/1075 688/876/1077 686/877/1081
f 690/880/1083 691/882/1084 688/876/1084
f 689/881/1085 690/880/1086 687/875/1086
f 688/876/1088 691/882/3364 689/881/1089
f 695/883/1091 694/890/1099 615/884/1092
f 612/886/1094 692/888/3365 695/883/1091
f 612/886/1095 614/889/3366 693/887/1096
f 614/889/1098 615/884/1092 694/890/1099
f 699/891/1101 698/893/3367 694/890/1102
f 692/888/1104 696/892/3368 699/891/1105
f 693/887/1107 697/894/3369 696/892/1108
f 693/887/1110 694/890/3370 698/893/1111
f 696/892/1113 697/894/3371 698/893/1114
f 615/895/1116 614/1058/3372 700/896/1117
f 702/898/1119 703/1060/3373 701/897/1120
f 704/899/1121 705/1691/3374 717/900/1122
f 717/900/1122 705/1691/3374 706/902/1124
f 706/902/1126 707/905/3375 719/904/1127
f 707/905/1129 708/1692/3376 720/906/1130
f 720/907/1130 708/1693/3376 709/908/1132
f 709/908/1134 710/911/3377 722/910/1135
f 710/911/1137 711/1694/3378 723/912/1138
f 723/912/1138 711/1694/3378 712/913/1140
f 712/913/1142 713/916/3379 725/915/1143
f 713/916/1145 714/1695/3380 726/917/1146
f 726/917/1146 714/1695/3380 715/918/1148
f 715/918/1150 704/899/3381 716/901/1151
f 736/920/1153 735/1696/3382 723/912/1154
f 726/917/1156 738/1697/3383 737/921/1157
f 739/922/1159 738/1697/3383 726/917/1156
f 717/900/1161 729/1698/3384 728/923/1162
f 730/924/1164 729/1698/3384 717/900/1161
f 720/906/1166 732/1699/3385 731/925/1167
f 733/926/1169 732/1700/3385 720/907/1166
f 723/912/1154 735/1696/3382 734/927/1171
f 739/928/1173 755/1590/1174 748/929/1174
f 747/931/1176 755/953/1221 739/922/1177
f 727/919/1152 716/901/1151 740/932/1179
f 728/923/1180 748/948/1215 740/932/1181
f 741/933/1183 749/972/1252 730/924/1184
f 718/903/1128 719/904/1127 742/934/1186
f 731/925/1187 750/976/1259 742/934/1188
f 730/935/1190 749/1591/3386 750/936/1191
f 736/938/1193 753/1592/3387 754/939/1194
f 745/941/1196 753/959/1231 736/920/1197
f 724/914/1144 725/915/1143 746/942/1199
f 737/921/1201 754/955/1226 746/942/1202
f 743/943/1204 751/967/1246 733/926/1205
f 721/909/1136 722/910/1135 744/944/1207
f 734/927/1209 752/963/1241 744/944/1210
f 733/945/1212 751/1593/3388 752/946/1213
f 748/948/1215 764/1701/3389 756/949/1216
f 748/929/1217 755/1590/3390 771/950/1218
f 763/952/1220 771/978/3391 755/953/1221
f 740/932/1222 756/949/1264 763/952/1223
f 762/954/1225 746/942/1202 754/955/1226
f 754/939/1228 753/1592/3392 769/957/1229
f 753/959/1231 745/941/1196 761/960/1232
f 762/954/1234 761/960/3393 745/941/1235
f 760/962/1237 759/968/3394 743/943/1238
f 760/962/1240 744/944/1210 752/963/1241
f 752/946/1243 751/1593/3395 767/965/1244
f 751/967/1246 743/943/1204 759/968/1247
f 750/936/1249 749/1591/3396 765/970/1250
f 749/972/1252 741/933/1183 757/973/1253
f 758/975/1255 757/973/3397 741/933/1256
f 758/975/1258 742/934/1188 750/976/1259
f 762/954/1261 770/956/1261 769/961/1262
f 756/949/1264 764/1701/3398 771/978/1265
f 758/975/1266 766/977/1266 765/974/1266
f 760/962/1268 768/964/3399 767/969/1269
f 731/979/1192 732/983/1272 776/980/1270
f 733/982/1212 777/985/1273 776/980/1270
f 734/984/1214 778/987/1275 777/985/1273
f 734/984/1214 735/989/1276 779/986/1274
f 736/988/1193 780/991/1277 779/986/1274
f 737/990/1195 781/993/1279 780/991/1277
f 737/990/1195 738/995/1280 782/992/1278
f 739/994/1173 783/997/1281 782/992/1278
f 728/996/1175 772/999/1283 783/997/1281
f 728/996/1175 729/1001/1284 773/998/1282
f 730/1000/1190 774/1002/1285 773/998/1282
f 731/979/1192 775/981/1271 774/1002/1285
f 788/1003/1286 787/35/1306 775/981/1287
f 777/985/1289 789/126/1291 788/1003/1286
f 778/987/1290 790/1625/3400 789/126/1291
f 791/33/1292 790/1625/3400 778/987/1290
f 780/991/1294 792/1004/1296 791/33/1292
f 780/991/1294 781/993/1298 793/125/1295
f 794/1005/1297 793/125/1295 781/993/1298
f 783/997/1300 795/34/1302 794/1005/1297
f 772/999/1301 784/1626/3401 795/34/1302
f 785/124/1303 784/1626/3401 772/999/1301
f 774/1002/1305 786/1006/1307 785/124/1303
f 774/1002/1305 775/981/1287 787/35/1306
f 2/157/1308 797/1012/1321 796/1007/1309
f 813/1008/1311 798/1011/1319 4/160/1312
f 799/1009/1314 809/1020/3402 1/167/1315
f 799/1009/1314 10/151/1316 7/146/1310
f 814/1010/1317 813/1008/1311 8/148/1313
f 798/1011/1319 800/1016/2742 14/163/1320
f 797/1012/1321 2/157/1308 13/159/1322
f 801/1013/1324 13/159/3403 16/1014/1325
f 800/1016/1327 803/1594/2747 17/1017/1328
f 804/1018/70 802/1015/1326 16/1014/1325
f 17/1017/1328 803/1594/2747 804/1019/70
f 809/1020/1330 810/1702/1365 19/1021/1331
f 810/1022/1332 807/1703/3404 22/1023/1333
f 22/1023/1335 807/1703/3405 808/1024/1336
f 808/1024/1336 836/127/3406 23/36/1338
f 815/1025/1339 816/39/2754 345/476/665
f 357/1026/1340 356/485/674 811/1027/43
f 358/489/678 357/1683/3313 805/1029/1341
f 812/1031/1342 811/1595/1342 356/1032/680
f 812/1031/38 359/491/682 358/489/682
f 817/1033/1343 818/1034/1345 597/776/1344
f 818/1034/1345 819/1035/1347 609/784/1346
f 819/1035/1347 821/1704/3407 611/786/1348
f 611/786/1349 821/1704/3408 820/1036/1350
f 618/1038/982 824/1596/3409 823/1039/1352
f 825/1041/1353 824/1596/2763 618/1038/1354
f 826/1043/1355 825/1041/3410 620/1042/1356
f 624/1045/1357 837/1705/3411 826/1043/1358
f 839/1046/1360 840/1597/2767 669/46/1361
f 842/1047/1342 841/1706/3412 671/861/1363
f 843/1048/1365 844/1598/2771 678/1049/1366
f 681/871/1368 827/1052/3413 822/1050/1369
f 828/1051/1370 829/1054/3414 680/868/1371
f 827/1052/1372 681/871/1068 684/870/1067
f 829/1054/1374 831/1055/2775 683/872/1375
f 831/1055/1377 830/1053/2776 684/870/1072
f 701/897/1118 832/1059/3415 828/1056/1370
f 823/1057/1378 833/1062/3416 700/896/1379
f 832/1059/1381 701/897/3417 703/1060/1382
f 833/1062/1384 835/1063/3418 702/898/1385
f 835/1063/1387 834/1061/1387 703/1060/1387
f 849/1064/34 851/1091/34 395/526/34
f 386/525/34 848/1082/34 847/1066/34
f 396/527/34 852/1078/34 850/1067/34
f 384/522/34 846/1599/34 845/1069/34
f 849/1070/1388 857/63/62 859/68/67
f 848/1072/38 856/57/38 855/62/38
f 850/1074/56 852/1631/3105 860/51/51
f 846/1075/43 854/69/43 853/50/43
f 857/63/34 855/62/34 856/57/34
f 860/51/34 853/50/34 854/69/34
f 860/51/34 859/68/34 857/63/34
f 863/1077/34 866/1600/34 852/1078/34
f 861/128/34 383/520/34 845/1069/34
f 864/48/1389 862/47/1389 867/1080/1389
f 868/1081/1390 866/1600/3419 863/1077/1391
f 862/47/1393 861/128/3420 865/1079/1394
f 871/55/34 874/1085/34 848/1082/34
f 850/1067/34 873/1601/34 869/1083/34
f 870/130/1396 875/1086/1396 876/1084/1396
f 872/54/1397 876/1084/1397 874/1085/1398
f 869/1083/1400 873/1601/3421 875/1086/1401
f 847/1066/34 882/1090/34 879/132/34
f 877/1087/34 881/1602/34 849/1064/34
f 878/60/1403 880/59/1403 884/1088/1403
f 880/59/1404 879/132/3422 882/1090/1405
f 883/1089/1407 881/1602/3423 877/1087/1408
f 851/1091/34 890/1097/34 887/1092/34
f 885/67/34 889/1098/34 846/1093/34
f 891/1095/1410 886/66/1410 888/134/1410
f 892/1096/1411 888/134/3424 887/1092/1412
f 889/1098/1414 885/67/3425 886/66/1415
f 894/1099/34 895/1108/34 896/1100/34
f 898/1102/1417 894/1099/1417 893/1101/1417
f 898/1104/1418 899/1603/1418 895/1105/1418
f 899/1107/1419 900/1109/1419 896/1100/1419
f 897/1103/1420 893/1101/1420 896/1100/1420
f 904/1110/34 901/1113/34 902/1111/34
f 906/1113/1421 902/1110/1422 901/1114/1422
f 907/1116/1423 903/1707/1423 902/1117/1423
f 907/1119/1424 908/1112/1424 904/1111/1425
f 908/1114/1426 905/1110/1426 901/1112/1427
f 911/1121/34 912/1130/34 909/1122/34
f 914/1124/1428 910/1123/1428 909/1122/1428
f 915/1126/1429 911/1708/1429 910/1127/1429
f 915/1129/1430 916/1131/1430 912/1130/1430
f 916/1131/1431 913/1125/1431 909/1122/1431
f 907/1132/1424 919/1134/1432 920/1119/1432
f 905/1133/1433 917/1709/1434 918/1115/1434
f 908/1134/1426 920/1133/1435 917/1114/1435
f 920/1132/70 919/1709/70 918/1133/70
f 921/1135/1436 922/1138/1439 936/1136/1437
f 922/1138/1439 923/1710/3426 937/1139/1440
f 937/1139/1440 923/1710/3426 924/1140/1441
f 938/1141/1442 924/1140/1441 925/1142/1443
f 925/1142/1443 926/1711/3427 940/1144/1445
f 940/1144/1445 926/1711/3427 927/1145/1446
f 941/1146/1447 927/1145/1446 928/1147/1448
f 928/1147/1448 929/1712/3428 943/1149/1450
f 943/1149/1450 929/1712/3428 930/1150/1451
f 944/1151/1452 930/1150/1451 931/1152/1453
f 945/1153/1454 931/1152/1453 932/1154/1455
f 946/1155/1456 932/1154/1455 933/1156/1457
f 933/1156/1457 934/1713/1460 948/1158/1459
f 934/1159/1460 921/1135/1436 935/1137/1438
f 950/1161/1461 951/1216/1461 965/1162/1461
f 952/1164/34 953/1194/34 967/77/34
f 954/1166/1462 955/1220/1462 969/1167/1462
f 956/1169/1463 957/1190/1463 971/78/1463
f 958/1171/1464 959/1183/1464 973/1172/1464
f 960/1174/1465 961/1206/1465 975/79/1465
f 962/1176/1466 949/1205/1466 963/1177/1466
f 960/1179/38 988/1229/38 987/1180/38
f 974/1175/658 1002/1182/1493 988/1181/1467
f 973/1172/43 1001/1184/43 1002/1182/43
f 959/1183/1013 987/1714/3429 1001/1184/1468
f 957/1185/38 958/1651/38 986/1186/38
f 972/1173/1469 1000/1189/1519 986/1188/1470
f 971/78/43 999/1191/43 1000/1189/43
f 957/1190/1471 985/1715/3430 999/1191/1472
f 968/1168/43 967/77/43 995/1192/43
f 953/1194/1473 981/1716/3431 995/1192/1474
f 981/1195/38 953/1653/38 954/1196/38
f 968/1168/1475 996/1193/1498 982/1198/1476
f 949/1199/38 950/1654/38 978/1200/38
f 964/1163/1477 992/1203/1514 978/1202/1478
f 992/1203/43 964/1163/43 963/1177/43
f 949/1205/1479 977/1717/3432 991/1204/1480
f 961/1206/1481 989/1718/3433 1003/1207/1482
f 962/1208/38 990/1237/38 989/1209/38
f 976/1178/1483 1004/1212/1504 990/1211/1484
f 976/1178/43 975/79/43 1003/1207/43
f 966/1165/1485 994/1215/1524 980/1213/1486
f 966/1165/43 965/1162/43 993/1214/43
f 951/1216/1487 979/1719/3434 993/1214/1488
f 952/1217/38 980/1257/38 979/1218/38
f 969/1167/43 997/1221/43 998/1219/43
f 955/1220/1489 983/1720/3435 997/1221/1490
f 955/75/38 956/1652/38 984/1222/38
f 970/1170/1491 998/1219/1509 984/1224/1492
f 1002/1182/1493 1030/1226/1494 1016/1225/1494
f 1001/1184/1495 1029/1228/1495 1030/1226/1495
f 1001/1184/1468 987/1714/3429 1015/1227/1496
f 988/1229/1497 1016/1721/1497 1015/1230/1497
f 996/1193/1498 1024/1232/1499 1010/1231/1499
f 995/1192/1500 1023/1234/1500 1024/1232/1500
f 995/1192/1474 981/1716/3431 1009/1233/1501
f 981/1195/1502 982/1197/1502 1010/1235/1502
f 990/1237/1503 1018/1722/1503 1017/1238/1503
f 1004/1212/1504 1032/1264/1505 1018/1239/1505
f 1031/1240/1506 1032/1264/1506 1004/1212/1506
f 1003/1207/1482 989/1718/3433 1017/1241/1507
f 1012/1242/1508 1011/1723/1508 983/1223/1508
f 998/1219/1509 1026/1244/1510 1012/1243/1510
f 997/1221/1511 1025/1246/1511 1026/1244/1511
f 997/1221/1490 983/1720/3435 1011/1245/1512
f 978/1200/1513 1006/1724/1513 1005/1247/1513
f 992/1203/1514 1020/1263/1515 1006/1248/1515
f 1019/1249/1516 1020/1263/1516 992/1203/1516
f 991/1204/1480 977/1717/3432 1005/1250/1517
f 985/1187/1518 986/1186/1518 1014/1251/1518
f 1000/1189/1519 1028/1254/1520 1014/1253/1520
f 999/1191/1521 1027/1256/1521 1028/1254/1521
f 999/1191/1472 985/1715/3430 1013/1255/1522
f 980/1257/1523 1008/1725/1523 1007/1258/1523
f 994/1215/1524 1022/1261/1525 1008/1259/1525
f 994/1215/1526 993/1214/1526 1021/1260/1526
f 993/1214/1488 979/1719/3434 1007/1262/1527
f 1005/1250/1528 1006/1248/1528 1020/1263/1528
f 1007/1262/1529 1008/1259/1529 1022/1261/1529
f 1009/1233/1530 1010/1231/1530 1024/1232/1530
f 1011/1245/1531 1012/1243/1531 1026/1244/1531
f 1013/1255/1532 1014/1253/1532 1028/1254/1532
f 1015/1227/70 1016/1225/70 1030/1226/70
f 1017/1241/1533 1018/1239/1533 1032/1264/1533
f 1037/1265/1534 1038/1269/1534 1034/1266/1534
f 1039/1268/1535 1035/1271/1535 1034/1266/1535
f 1040/1270/1536 1036/1273/1536 1035/1271/1536
f 1040/1270/1537 1037/1274/1537 1033/1272/1537
f 1045/1265/1538 1046/1269/1538 1042/1266/1538
f 1047/1268/1539 1043/1271/1539 1042/1266/1539
f 1048/1270/1540 1044/1273/1540 1043/1271/1540
f 1041/1272/1541 1044/1273/1541 1048/1270/1541
f 1053/1265/1542 1054/1269/3436 1050/1266/1542
f 1050/1266/1543 1054/1269/1543 1055/1268/1543
f 1056/1270/1544 1052/1273/1544 1051/1271/1544
f 1056/1270/1545 1053/1274/1545 1049/1272/1545
f 1061/1265/1547 1062/1269/1547 1058/1266/1547
f 1063/1268/1548 1059/1271/1548 1058/1266/1548
f 1064/1270/1549 1060/1273/1549 1059/1271/1549
f 1057/1272/1550 1060/1273/1550 1064/1270/1550
f 1069/1265/1551 1070/1269/1551 1066/1266/1551
f 1066/1266/1552 1070/1269/1552 1071/1268/1552
f 1072/1270/1553 1068/1273/1553 1067/1271/1553
f 1072/1270/1554 1069/1274/1554 1065/1272/1554
f 1077/1265/1555 1078/1269/1555 1074/1266/1555
f 1079/1268/1556 1075/1271/1556 1074/1266/1556
f 1080/1270/1557 1076/1273/1557 1075/1271/1557
f 1073/1272/1558 1076/1273/1558 1080/1270/1558
f 1086/1275/38 1082/1279/38 1081/1276/38
f 1087/1278/1013 1083/1281/1013 1082/1279/1013
f 1088/1280/43 1084/1726/43 1083/1281/43
f 1085/1277/658 1081/1276/658 1084/1282/658
f 1088/1284/70 1087/1727/70 1086/1285/70
f 936/1136/1437 1090/1288/1473 1089/1287/658
f 937/1139/1440 1091/1289/1483 1090/1288/1473
f 938/1141/1442 1092/1290/1489 1091/1289/1483
f 939/1143/1444 1093/1291/1477 1092/1290/1489
f 940/1144/1445 1094/1292/1471 1093/1291/1477
f 941/1146/1447 1095/1293/1485 1094/1292/1471
f 942/1148/1449 1096/1294/1013 1095/1293/1485
f 943/1149/1450 1097/1295/1475 1096/1294/1013
f 944/1151/1452 1098/1296/1481 1097/1295/1475
f 945/1153/1454 1099/1297/1491 1098/1296/1481
f 946/1155/1456 1100/1298/1479 1099/1297/1491
f 947/1157/1458 1101/1299/1469 1100/1298/1479
f 948/1158/1459 1102/1728/1487 1101/1299/1469
f 935/1137/1438 1089/1287/658 1102/1300/1487
f 1103/1301/1559 1104/1729/1559 1110/1302/1559
f 1104/1304/658 1105/1307/658 1111/1305/658
f 1105/1307/1560 1106/1310/1560 1112/1308/1560
f 1107/1309/1561 1113/1312/1561 1112/1308/1561
f 1107/1309/1013 1108/1313/1013 1114/1311/1013
f 1103/1301/1562 1109/1303/1562 1114/1311/1562
f 1111/1305/70 1112/1308/70 1118/1314/70
f 1113/1312/70 1119/1316/70 1118/1314/70
f 1114/1311/70 1120/1317/70 1119/1316/70
f 1109/1303/70 1115/1319/70 1120/1317/70
f 1109/1303/70 1110/1302/70 1116/1318/70
f 1110/1306/70 1111/1305/70 1117/1315/70
f 1118/1314/1560 1124/1322/1560 1123/1321/1560
f 1124/1322/1561 1118/1314/1561 1119/1316/1561
f 1120/1317/1013 1126/1324/1013 1125/1323/1013
f 1126/1324/1562 1120/1317/1562 1115/1319/1562
f 1116/1318/1559 1122/1730/1559 1121/1325/1559
f 1117/1315/658 1123/1321/658 1122/1326/658
f 1132/1327/1563 1128/1604/3437 1127/1328/1564
f 1129/1330/1565 1128/1604/3438 1132/1327/1566
f 1130/1332/1568 1129/1330/1579 1133/1331/1569
f 1130/1334/1570 1134/1731/3439 1131/1335/1571
f 1132/1327/1573 1131/1329/1573 1134/1333/1574
f 1127/1328/1564 1128/1604/3437 1136/1337/1575
f 1136/1337/1576 1128/1604/3438 1129/1330/1565
f 1130/1332/1568 1138/1341/3440 1137/1339/1578
f 1135/1340/1580 1138/1605/3441 1130/1334/1570
f 1135/1338/1581 1136/1337/1581 1137/1339/1581
f 1144/1342/1582 1150/1346/3442 1149/1343/1582
f 1140/1345/1583 1148/1348/3443 1150/1346/1584
f 1149/1343/1586 1147/1606/3444 1139/1347/1587
f 1148/1348/1589 1147/1606/1589 1149/1343/1589
f 1142/1349/1590 1152/1355/3445 1154/1350/1591
f 1153/1352/1593 1151/1356/3446 1141/1353/1594
f 1154/1350/1596 1153/1352/1596 1145/1354/1596
f 1153/1352/1597 1154/1350/1597 1152/1355/1597
f 1157/1357/1598 1156/1362/1606 1140/1345/1583
f 1158/1358/1599 1143/1344/1588 1139/1347/1587
f 1157/1357/1601 1144/1342/3447 1143/1344/1602
f 1161/1360/1603 1145/1354/3448 1141/1353/1604
f 1157/1357/1598 1161/1360/1603 1160/1361/1605
f 1162/1363/1607 1159/1364/1610 1142/1349/1608
f 1158/1358/1599 1155/1359/1600 1159/1364/1610
f 1146/1351/1611 1145/1354/1611 1161/1360/1612
f 1157/1357/1601 1158/1358/1601 1162/1363/1612
f 1171/1365/1613 1164/85/1613 1168/84/1613
f 1169/137/1614 1165/86/1614 1174/1367/1615
f 1174/1367/1615 1171/1365/1617 1172/1366/1617
f 1180/138/78 1178/89/77 1166/1369/78
f 1176/1370/1618 1182/1371/1621 1180/138/1619
f 1182/1371/1621 1176/1370/1618 1173/1372/1622
f 1181/1373/1623 1173/1372/1622 1167/83/1624
f 1179/93/79 1167/83/71 1163/1374/79
f 1183/1375/1626 1187/1379/1630 1188/1376/1627
f 1190/1377/1628 1189/1732/1628 1184/1378/1629
f 1187/1379/1630 1189/1732/1628 1190/1377/1628
f 1167/83/1624 1173/1372/1622 1193/1380/1631
f 1194/1381/1633 1176/1370/1618 1170/88/1620
f 1173/1372/1622 1176/1370/1618 1194/1381/1633
f 1180/138/1619 1182/1371/1621 1196/1382/1635
f 1181/1373/1623 1197/1383/1637 1196/1382/1635
f 1179/93/1625 1198/139/1682 1197/1383/1637
f 1193/1384/1631 1205/1400/3449 1203/1385/1638
f 1206/1387/1639 1205/1400/3449 1193/1384/1631
f 1194/1388/1633 1192/1390/1634 1204/1389/1640
f 1192/1390/1634 1169/1393/1643 1200/1391/1641
f 1175/1392/1642 1202/1395/1645 1200/1391/1641
f 1175/1392/1642 1172/1396/1646 1201/1394/1644
f 1172/1396/1646 1168/1398/1648 1199/1397/1647
f 1191/1386/1632 1203/1385/1638 1199/1397/1647
f 1206/1387/1649 1214/1401/1653 1213/1399/1650
f 1204/1389/1652 1212/1402/3450 1214/1401/1653
f 1212/1402/1654 1204/1389/3451 1200/1391/1655
f 1210/1404/1657 1208/1403/3452 1200/1391/1658
f 1202/1395/1660 1201/1394/3453 1209/1405/1660
f 1209/1405/1661 1201/1394/3454 1199/1397/1662
f 1211/1407/1664 1207/1406/3455 1199/1397/1665
f 1213/1399/1650 1211/1407/3456 1203/1385/1667
f 1213/1399/1668 1209/1405/1674 1207/1406/1669
f 1214/1401/1671 1212/1402/3457 1208/1403/1672
f 1214/1401/1671 1210/1404/1673 1209/1405/1674
f 1195/1408/1636 1219/1412/1677 1216/1409/1675
f 1196/1411/1635 1220/1414/1678 1219/1412/1677
f 1197/1413/1637 1221/1416/1680 1220/1414/1678
f 1197/1413/1637 1198/1418/1682 1222/1415/1679
f 1215/1417/1681 1222/1415/1679 1198/1418/1682
f 1188/1420/1684 1217/1422/1686 1215/1417/1681
f 1190/1421/1685 1218/1424/1685 1217/1422/1686
f 1216/1409/1675 1218/1424/1685 1190/1421/1685
f 1226/1423/1687 1225/1431/1687 1217/1422/1687
f 1218/1424/1688 1216/1409/3458 1224/1425/1689
f 1227/1426/1691 1224/1425/3459 1216/1409/1692
f 1228/1427/1694 1227/1426/3460 1219/1412/1695
f 1220/1414/1697 1221/1416/3461 1229/1428/1697
f 1229/1428/1699 1221/1416/3462 1222/1415/1700
f 1230/1429/1702 1222/1415/3463 1215/1417/1703
f 1217/1422/1705 1225/1431/3464 1223/1430/1706
f 1226/1423/1708 1224/1425/3465 1227/1426/1709
f 1226/1423/1708 1228/1427/1710 1229/1428/1711
f 1225/1431/1712 1229/1428/1711 1230/1429/1713
f 1231/1432/1715 1232/1435/1718 1242/1433/1716
f 1232/1435/1718 1233/1733/1721 1243/1436/1719
f 1244/1437/1720 1243/1734/1719 1233/1438/1721
f 1244/1437/1720 1234/1439/1722 1235/1440/1723
f 1236/1442/1725 1246/1443/1726 1245/1441/1724
f 1246/1443/1726 1236/1442/1725 1237/1444/1727
f 1238/1446/1729 1248/1448/1731 1247/1445/1728
f 1239/1447/1730 1249/1450/1733 1248/1448/1731
f 1239/1447/1730 1240/1451/1734 1250/1449/1732
f 1241/1434/1717 1250/1449/1732 1240/1451/1734
f 1250/1452/1735 1260/1456/1735 1259/1453/1735
f 1241/1455/1735 1251/1458/1736 1260/1456/1735
f 1241/1455/1735 1242/1460/1735 1252/1457/1735
f 1253/1459/1735 1252/1457/1735 1242/1460/1735
f 1254/1462/1735 1253/1483/1735 1243/1463/1735
f 1245/1465/1735 1255/1467/1735 1254/1462/1735
f 1246/1466/1735 1256/1469/1735 1255/1467/1735
f 1246/1466/1735 1247/1471/1735 1257/1468/1735
f 1258/1470/1735 1257/1468/1735 1247/1471/1735
f 1248/1472/1735 1249/1454/1735 1259/1453/1735
f 1255/1467/1737 1256/1469/1738 1266/1473/1738
f 1257/1468/1739 1267/1476/1739 1266/1473/1738
f 1257/1468/1739 1258/1470/1740 1268/1475/1740
f 1259/1453/1741 1269/1477/1741 1268/1475/1740
f 1260/1456/1742 1270/1479/1742 1269/1477/1741
f 1260/1456/1742 1251/1458/1743 1261/1478/1743
f 1251/1458/1743 1252/1457/1744 1262/1480/1744
f 1262/1480/1744 1252/1457/1744 1253/1459/1745
f 1254/1462/1746 1264/1484/1746 1263/1482/1745
f 1255/1467/1737 1265/1474/1737 1264/1484/1746
f 1272/1485/1747 1282/1488/1749 1281/1486/122
f 1282/1488/1749 1272/1485/1747 1273/1489/1750
f 1274/1491/1752 1284/1493/1754 1283/1490/1751
f 1274/1491/1752 1275/1495/1756 1285/1492/1753
f 1286/1494/1755 1285/1492/1753 1275/1495/1756
f 1276/1496/1757 1277/1499/1760 1287/1497/1758
f 1288/1498/1759 1287/1497/1758 1277/1499/1760
f 1278/1500/1761 1279/1735/1764 1289/1501/1762
f 1280/1502/1763 1290/1505/1765 1289/1503/1762
f 1290/1505/1765 1280/1502/1763 1271/1487/1748
f 1290/1506/1766 1300/1510/1766 1299/1507/1767
f 1281/1509/1767 1291/1512/1767 1300/1510/1766
f 1281/1509/1767 1282/1514/1766 1292/1511/1766
f 1293/1513/1767 1292/1511/1766 1282/1514/1766
f 1294/1516/1767 1293/1513/1767 1283/1515/1767
f 1285/1518/1768 1295/1520/1768 1294/1516/1767
f 1286/1519/1766 1296/1522/1766 1295/1520/1768
f 1286/1519/1766 1287/1524/1766 1297/1521/1766
f 1298/1523/1766 1297/1521/1766 1287/1524/1766
f 1288/1525/1766 1289/1607/1767 1299/1526/1767
f 1296/1522/1769 1306/1528/1772 1305/1527/1770
f 1306/1528/1772 1296/1522/1769 1297/1521/1773
f 1307/1529/1774 1297/1521/1773 1298/1523/1775
f 1299/1526/1777 1309/1736/1779 1308/1530/1776
f 1299/1507/1777 1300/1510/1781 1310/1531/1778
f 1301/1533/1780 1310/1531/1778 1300/1510/1781
f 1302/1534/1783 1301/1533/1780 1291/1512/1782
f 1292/1511/1784 1293/1513/1787 1303/1535/1785
f 1304/1536/1786 1303/1535/1785 1293/1513/1787
f 1304/1536/1786 1294/1516/1788 1295/1520/1771
f 1321/1537/1789 1316/96/1789 1315/1538/1790
f 1320/1540/1791 1318/1608/1791 1317/1541/1792
f 1312/1542/1793 1318/1608/1791 1320/1540/1791
f 1311/1544/1794 1314/1609/1794 1322/1539/1790
f 1319/99/1795 1317/1541/1795 1316/96/1795
f 838/1545/1796 837/1737/3466 624/794/1797
f 123/1547/1799 97/238/358 1323/1548/88
f 1324/1550/1800 110/254/373 133/255/374
f 647/1552/1801 648/819/1801 645/818/1801
f 1331/146/1802 1326/157/1814 1330/145/1803
f 1330/149/1805 1328/160/1816 1332/148/1806
f 1329/152/1808 1325/167/3467 1334/151/1809
f 1334/151/1809 1331/146/1802 1333/147/1804
f 1335/155/1811 1327/166/3468 1329/154/1812
f 1335/155/1811 1336/156/1813 1333/150/1807
f 1326/157/1814 1337/159/3469 1339/158/1815
f 1328/160/1816 1330/149/1805 1339/161/1817
f 1337/159/1819 1340/1014/2744 1342/162/1820
f 1342/164/1820 1341/1017/2746 1338/163/1822
f 1327/166/1824 1344/859/2484 1345/165/1825
f 1345/168/1825 1343/1021/2748 1325/167/1827
f 1344/38/1828 1347/36/3470 1348/169/1829
f 1348/169/1831 1346/1023/3471 1343/171/1832
f 1353/173/1834 1349/1677/3472 1350/172/1835
f 1351/174/1837 1349/1677/3473 1353/173/1838
f 1360/4/1840 1359/121/1846 1357/175/1841
f 1352/176/1843 1356/180/3474 1360/4/1844
f 1359/121/1846 1354/3/1836 1350/172/1835
f 1362/120/1847 1366/179/3475 1365/178/1848
f 1363/181/1850 1364/182/3476 1356/180/1851
f 1364/182/1853 1366/179/3477 1362/120/104
f 1366/179/1855 1364/182/3478 1363/181/1856
f 1367/184/1858 1368/187/3479 1371/183/1859
f 1371/183/1861 1368/187/3480 1369/186/1862
f 1370/188/1864 1372/189/3481 1369/186/1865
f 1370/185/1867 1371/183/1873 1374/190/1868
f 1370/188/1867 1373/1556/1869 1375/191/1870
f 1375/191/1872 1374/190/1868 1371/183/1873
f 1374/190/1875 1377/193/3482 1376/192/1876
f 1376/194/1878 1378/195/3483 1375/191/1879
f 1378/195/1881 1377/193/3484 1374/190/1882
f 1378/195/1884 1381/197/3485 1380/196/1885
f 1376/192/1887 1377/193/1886 1380/196/1885
f 1378/195/1889 1376/194/3486 1379/198/1890
f 1380/196/1892 1383/200/3487 1382/199/1893
f 1379/198/1895 1382/202/3488 1384/201/1896
f 1384/201/1898 1383/200/3489 1380/196/1899
f 1387/203/1901 1386/204/1905 1383/200/1902
f 1382/199/1904 1383/200/1902 1386/204/1905
f 1382/202/1907 1385/208/3490 1387/203/1908
f 1386/204/1910 1387/203/3491 1390/205/1911
f 1386/204/1913 1389/209/3492 1388/206/1914
f 1388/206/1916 1390/205/3493 1387/203/1917
f 1397/210/1920 1398/211/3494 1401/119/1921
f 1398/211/1925 1351/174/3495 1355/1/1926
f 1362/120/1847 1361/1553/1849 1397/210/1928
f 1408/212/1930 1412/214/3496 1413/213/1931
f 1410/215/1933 1411/216/3497 1415/101/1934
f 1414/217/1935 1415/101/1934 1418/218/1936
f 1417/102/1938 1413/213/3498 1412/214/1939
f 1405/220/1941 1404/221/3499 1408/212/1930
f 1407/140/1942 1411/216/3497 1410/215/1933
f 1418/218/1944 1417/102/3500 1416/219/1945
f 1393/223/1947 1392/225/3501 1406/224/1948
f 1394/226/1950 1408/228/1955 1404/227/1951
f 1395/230/1953 1393/223/1947 1410/229/1949
f 1408/228/1955 1394/226/1950 1396/232/1956
f 1402/235/1958 1419/1678/3502 1416/234/1959
f 1414/231/1954 1419/1679/3503 1402/237/1961
f 1403/236/1962 1416/234/3504 1412/233/1957
f 1421/238/1963 1422/240/1965 1448/239/1964
f 1422/240/1965 1423/241/361 1449/113/361
f 1424/242/362 1450/243/1967 1449/113/361
f 1425/244/1966 1451/245/1968 1450/243/1967
f 1426/246/109 1452/247/108 1451/245/1968
f 1439/248/110 1438/250/1970 1453/249/1969
f 1438/250/1970 1437/251/369 1454/115/1971
f 1437/251/369 1436/252/370 1455/114/1972
f 1435/253/1973 1456/143/372 1455/114/1972
f 1434/254/373 1457/255/3065 1456/143/372
f 1479/257/1974 1461/260/1978 1460/256/1975
f 1480/259/1977 1462/261/1980 1461/260/1978
f 1481/263/1979 1463/1680/3505 1462/262/1980
f 1464/265/1981 1463/1680/3505 1481/263/1979
f 1465/267/1983 1464/265/1981 1482/266/1982
f 1466/269/1985 1465/267/1983 1483/268/1984
f 1467/271/1987 1466/269/1985 1484/270/1986
f 1468/273/1989 1467/271/1987 1485/272/1988
f 1487/276/1991 1469/275/1993 1468/273/1989
f 1488/277/1992 1470/278/1995 1469/275/1993
f 1489/279/1994 1471/1681/1997 1470/278/1995
f 1490/281/1996 1472/283/1999 1471/280/1997
f 1491/284/1998 1473/285/2001 1472/283/1999
f 1492/286/2000 1474/287/2003 1473/285/2001
f 1493/288/2002 1475/1682/3506 1474/287/2003
f 1476/289/2004 1475/1682/3506 1493/288/2002
f 1477/291/2006 1476/289/2004 1494/290/2005
f 1495/292/2007 1478/258/1976 1460/256/1975
f 1478/258/1976 1496/294/2025 1497/293/2008
f 1480/259/1977 1479/257/1974 1497/293/2008
f 1480/264/1977 1498/296/2009 1499/295/2010
f 1482/266/1982 1481/263/1979 1499/295/2010
f 1482/266/1982 1500/298/2011 1501/297/2012
f 1484/270/1986 1483/268/1984 1501/297/2012
f 1484/270/1986 1502/300/2013 1503/299/2014
f 1486/274/1990 1485/272/1988 1503/299/2014
f 1486/274/1990 1504/302/2015 1505/301/2016
f 1488/277/1992 1487/276/1991 1505/301/2016
f 1488/277/1992 1506/304/2017 1507/303/2018
f 1490/281/1996 1489/282/1994 1507/305/2018
f 1490/281/1996 1508/307/2019 1509/306/2020
f 1492/286/2000 1491/284/1998 1509/306/2020
f 1492/286/2000 1510/309/2021 1511/308/2022
f 1494/290/2005 1493/288/2002 1511/308/2022
f 1494/290/2005 1512/311/2023 1513/310/2024
f 1478/258/1976 1495/292/2007 1513/310/2024
f 1532/312/2026 1514/314/2061 1515/313/2027
f 1497/293/2008 1496/294/2025 1532/312/2026
f 1534/315/2029 1533/316/2028 1515/313/2027
f 1497/293/2008 1533/316/2028 1534/315/2029
f 1534/317/2029 1516/319/2030 1517/318/2031
f 1498/296/2009 1534/317/2029 1535/320/2032
f 1536/321/2033 1535/320/2032 1517/318/2031
f 1499/295/2010 1535/320/2032 1536/321/2033
f 1536/321/2033 1518/323/2034 1519/322/2035
f 1500/298/2011 1536/321/2033 1537/324/2036
f 1538/325/2037 1537/324/2036 1519/322/2035
f 1501/297/2012 1537/324/2036 1538/325/2037
f 1538/325/2037 1520/327/2038 1521/326/2039
f 1502/300/2013 1538/325/2037 1539/328/2040
f 1540/329/2041 1539/328/2040 1521/326/2039
f 1503/299/2014 1539/328/2040 1540/329/2041
f 1540/329/2041 1522/331/2042 1523/330/2043
f 1504/302/2015 1540/329/2041 1541/332/2044
f 1542/333/2045 1541/332/2044 1523/330/2043
f 1506/304/2017 1505/301/2016 1541/332/2044
f 1542/333/2045 1524/335/2046 1525/334/2047
f 1542/333/2045 1543/1562/2048 1507/303/2018
f 1544/336/2049 1543/338/2048 1525/337/2047
f 1508/307/2019 1507/305/2018 1543/338/2048
f 1544/336/2049 1526/340/2050 1527/339/2051
f 1544/336/2049 1545/342/2052 1509/306/2020
f 1546/341/2053 1545/342/2052 1527/339/2051
f 1510/309/2021 1509/306/2020 1545/342/2052
f 1546/341/2053 1528/344/2054 1529/343/2055
f 1511/308/2022 1510/309/2021 1546/341/2053
f 1548/345/2057 1547/346/2056 1529/343/2055
f 1512/311/2023 1511/308/2022 1547/346/2056
f 1548/345/2057 1530/348/2058 1531/347/2059
f 1513/310/2024 1512/311/2023 1548/345/2057
f 1532/312/2026 1549/349/2060 1531/347/2059
f 1513/310/2024 1549/349/2060 1532/312/2026
f 1553/350/2062 1554/367/3507 1518/323/2063
f 1518/323/2063 1554/367/3507 1555/351/2065
f 1555/351/2067 1556/370/3508 1520/327/2068
f 1520/327/2068 1556/370/3508 1557/352/2070
f 1557/352/2072 1558/373/3509 1522/331/2073
f 1522/331/2073 1558/373/3509 1559/353/2075
f 1559/353/2077 1560/376/3510 1524/335/2078
f 1524/335/2078 1560/376/3510 1561/354/2080
f 1561/355/2082 1562/379/3511 1526/340/2083
f 1526/340/2083 1562/379/3511 1563/356/2085
f 1563/356/2087 1564/382/3512 1528/344/2088
f 1528/344/2088 1564/382/3512 1565/357/2090
f 1565/357/2092 1566/358/2096 1530/348/2093
f 1567/359/2095 1531/347/3513 1530/348/2093
f 1567/359/2097 1550/387/3514 1514/314/2098
f 1514/314/2098 1550/387/3514 1551/360/2100
f 1551/360/2102 1552/362/3515 1516/361/2103
f 1516/319/2103 1552/1563/3515 1553/350/2105
f 1570/363/2107 1552/362/2111 1551/360/2108
f 1570/364/2107 1571/365/2113 1553/350/2110
f 1572/366/2112 1554/367/2115 1553/350/2110
f 1572/366/2112 1573/368/3516 1555/351/2114
f 1574/369/2116 1556/370/3517 1555/351/2117
f 1574/369/2119 1575/371/2123 1557/352/2120
f 1576/372/2122 1558/373/2125 1557/352/2120
f 1576/372/2122 1577/374/2127 1559/353/2124
f 1578/375/2126 1560/376/2129 1559/353/2124
f 1578/375/2126 1579/377/2131 1561/354/2128
f 1580/378/2130 1562/379/3518 1561/355/2128
f 1580/378/2132 1581/380/3519 1563/356/2133
f 1582/381/2135 1564/382/2139 1563/356/2136
f 1582/381/2135 1583/383/2141 1565/357/2138
f 1584/384/2140 1566/358/2143 1565/357/2138
f 1584/384/2140 1585/385/2145 1567/359/2142
f 1568/386/2144 1550/387/2146 1567/359/2142
f 1568/386/2144 1569/388/2109 1551/360/2108
f 1586/389/2147 1585/385/2151 1584/384/2148
f 1588/391/2150 1568/386/3520 1585/385/2151
f 1569/388/2152 1568/386/3520 1588/391/2150
f 1570/363/2154 1569/388/2152 1589/392/2153
f 1571/365/2156 1570/364/2154 1590/394/2155
f 1572/366/2158 1571/365/2156 1591/395/2157
f 1573/368/2160 1572/366/2158 1592/396/2159
f 1574/369/2162 1573/368/3521 1593/397/2161
f 1575/371/2123 1574/369/3522 1594/398/2163
f 1576/372/2122 1575/371/2123 1595/399/2164
f 1577/374/2127 1576/372/2122 1596/400/2165
f 1598/402/2167 1578/375/2126 1577/374/2127
f 1599/403/2168 1579/377/2131 1578/375/2126
f 1600/405/2169 1580/378/3523 1579/404/2131
f 1601/407/2170 1581/380/3524 1580/378/2171
f 1602/408/2172 1582/381/2175 1581/380/2173
f 1603/409/2174 1583/383/2176 1582/381/2175
f 1587/390/2149 1584/384/2148 1583/383/2176
f 1604/410/2177 1596/400/2165 1595/399/2164
f 1605/411/2178 1595/399/2164 1594/398/2163
f 1606/412/2179 1594/398/2163 1593/397/2161
f 1607/413/2180 1593/397/2161 1592/396/2159
f 1608/414/2181 1592/396/2159 1591/395/2157
f 1609/415/2182 1591/395/2157 1590/394/2155
f 1589/392/2153 1611/417/2184 1610/416/2183
f 1611/417/2184 1589/392/2153 1588/391/2150
f 1613/418/2186 1612/419/2185 1588/391/2150
f 1586/389/2147 1587/390/2149 1614/420/2187
f 1587/390/2149 1603/409/2174 1615/421/2188
f 1616/422/2189 1615/421/2188 1603/409/2174
f 1602/408/2172 1601/407/2170 1617/423/2190
f 1618/424/2191 1617/423/2190 1601/407/2170
f 1600/405/2169 1599/406/2168 1619/425/2192
f 1620/426/2193 1619/427/2192 1599/403/2168
f 1598/402/2167 1597/401/2166 1621/428/2194
f 1596/400/2165 1604/410/2177 1621/428/2194
f 1631/430/2195 1630/462/2195 1628/429/2196
f 1646/432/2198 1648/434/2204 1649/433/2199
f 1629/431/2197 1628/429/2196 1626/435/2201
f 1637/436/2203 1649/433/2199 1648/434/2204
f 1644/439/2206 1645/464/2217 1643/438/2207
f 1623/104/2208 1622/442/2219 1634/441/2209
f 1625/444/2211 1653/470/3525 1652/443/2212
f 1640/445/2214 1641/446/2224 1639/9/2215
f 1644/439/2206 1646/432/2198 1647/447/2200
f 1651/141/2218 1650/448/3526 1622/442/2219
f 1657/449/2220 1656/112/3527 1637/436/2203
f 1634/441/2209 1632/453/2222 1633/450/2221
f 1624/8/2213 1627/452/2202 1626/435/2201
f 1631/430/2195 1633/450/2221 1632/453/2222
f 1639/9/2215 1655/1610/3528 1654/454/2223
f 1642/440/2207 1643/438/2207 1641/446/2224
f 1428/456/2225 1627/452/2228 1624/8/107
f 1428/456/2225 1429/457/2230 1629/431/2227
f 1631/430/2229 1629/431/2227 1429/457/2230
f 1431/459/2231 1633/450/2232 1631/430/2229
f 1432/460/632 1635/451/2233 1633/450/2232
f 1432/460/632 1420/461/3217 1623/104/184
f 1630/462/2234 1644/439/2234 1642/440/2235
f 1628/429/2235 1642/440/2235 1640/445/2236
f 1626/435/2236 1640/445/2236 1638/455/2237
f 1636/437/2239 1648/434/2240 1634/441/2240
f 1648/434/2240 1646/432/2242 1632/453/2242
f 1646/432/2242 1644/439/2234 1630/462/2234
f 1445/463/2243 1649/433/2246 1637/436/2244
f 1445/463/2243 1444/465/2248 1647/447/2245
f 1645/464/2247 1647/447/2245 1444/465/2248
f 1645/464/2247 1443/467/2247 1442/466/2249
f 1643/438/2249 1442/466/2249 1441/468/2250
f 1441/468/2250 1440/469/3165 1639/9/112
f 1638/455/2237 1654/454/3529 1653/470/2252
f 1636/437/2239 1622/442/2241 1650/448/2253
f 1659/472/2255 1661/849/3530 1660/471/1013
f 1666/474/2256 1658/473/2257 1660/471/2257
f 1668/41/137 1669/476/3183 1663/475/2259
f 1670/477/2261 1664/842/2460 1663/475/2262
f 1662/479/2264 1665/844/2462 1671/478/2265
f 1671/42/140 1665/481/2466 1664/480/2267
f 1675/483/2269 1673/494/2269 1672/482/2270
f 1680/485/2272 1676/487/2287 1677/486/2273
f 1682/489/2275 1681/1683/3531 1677/488/2276
f 1676/492/2278 1680/1032/2279 1683/491/2279
f 1683/491/2280 1682/489/2280 1678/490/2281
f 1678/490/2281 1675/483/2283 1674/484/2283
f 1676/492/2278 1679/493/2278 1674/484/2284
f 1677/488/2276 1673/494/2285 1675/483/2285
f 1672/495/2286 1673/1684/2286 1677/486/2273
f 1686/497/2288 1684/511/2289 1687/496/2289
f 1695/499/2291 1691/501/2304 1690/500/2292
f 1691/502/2293 1695/504/1780 1696/503/2294
f 1703/505/2296 1694/507/3532 1690/506/2297
f 1688/508/2299 1698/510/2302 1697/509/2300
f 1698/510/2302 1696/503/2294 1695/504/1780
f 1689/498/2290 1693/1568/2298 1690/506/2297
f 1687/496/2303 1684/511/3533 1691/502/2293
f 1691/501/2304 1684/1685/3534 1686/512/2305
f 1697/18/121 1700/514/3174 1699/513/2306
f 1702/515/2310 1703/505/3535 1706/516/2311
f 1700/518/2313 1701/517/2312 1706/516/2311
f 1712/521/715 1711/528/715 1707/520/715
f 1714/524/716 1713/533/716 1709/523/716
f 1719/526/2315 1715/1065/3200 1717/61/155
f 1718/53/152 1716/1068/3198 1720/527/2316
f 1711/528/2317 1723/530/3321 1730/529/729
f 1722/49/144 1730/529/729 1728/531/726
f 1714/524/2318 1718/53/152 1728/531/726
f 1713/533/724 1714/524/724 1726/532/724
f 1713/533/2319 1725/534/3320 1727/535/722
f 1727/535/722 1729/537/2321 1721/65/163
f 1712/536/2320 1721/65/163 1729/537/2321
f 1723/530/730 1711/528/730 1712/521/730
f 1728/539/2322 1736/541/739 1734/540/2323
f 1734/540/2323 1733/543/2327 1725/545/2325
f 1727/544/2326 1725/545/2325 1733/543/2327
f 1735/547/733 1737/549/3536 1729/546/744
f 1729/546/744 1737/549/3536 1732/548/745
f 1724/552/742 1732/551/745 1731/554/740
f 1730/553/738 1723/550/743 1731/554/740
f 1730/553/738 1738/561/2328 1736/541/739
f 1741/555/760 1743/556/2330 1735/547/758
f 1745/557/2329 1737/549/756 1735/547/758
f 1740/558/755 1732/548/3324 1737/549/756
f 1740/559/754 1739/560/754 1731/554/753
f 1739/560/750 1746/562/2332 1738/561/751
f 1736/541/747 1738/561/751 1746/562/2332
f 1742/564/746 1734/540/3323 1736/541/747
f 1734/540/762 1742/564/2334 1741/555/2334
f 1739/560/754 1740/559/754 1748/565/764
f 1747/566/771 1754/567/770 1746/562/2332
f 1754/567/770 1752/568/3537 1744/563/2333
f 1744/563/2333 1752/568/3537 1750/569/2335
f 1741/555/2334 1742/564/2334 1750/569/38
f 1749/570/2336 1751/1573/767 1743/556/2330
f 1753/571/766 1745/557/2329 1743/556/2330
f 1745/557/2329 1753/571/766 1748/572/2337
f 1755/573/772 1756/575/772 1771/574/772
f 1756/577/773 1755/584/773 1763/576/773
f 1773/581/774 1772/580/774 1771/574/774
f 1762/582/2338 1755/573/3538 1772/580/813
f 1762/583/815 1770/587/2339 1763/576/816
f 1773/581/817 1776/589/810 1775/585/811
f 1762/582/805 1775/585/3332 1777/586/806
f 1770/587/2339 1762/583/815 1760/588/2340
f 1776/589/810 1778/590/3331 1777/586/2341
f 1760/592/2342 1777/586/3539 1779/591/2343
f 1766/594/801 1768/1574/809 1760/588/2340
f 1777/586/2341 1778/590/3331 1780/596/804
f 1779/591/795 1781/599/795 1757/597/795
f 1758/595/796 1757/603/796 1765/598/796
f 1781/599/797 1779/591/797 1780/596/797
f 1759/601/2345 1757/597/3540 1781/599/2346
f 1759/602/786 1767/607/3328 1765/598/793
f 1782/600/794 1784/1575/789 1783/604/788
f 1761/605/784 1759/601/783 1783/604/2348
f 1769/606/2350 1767/607/3328 1759/602/786
f 1786/608/787 1785/609/2352 1783/604/788
f 1761/605/775 1785/609/3541 1771/610/776
f 1764/612/778 1769/606/2350 1761/611/779
f 1785/609/2352 1786/608/787 1774/614/781
f 1800/616/2353 1799/627/3542 1791/615/2354
f 1790/619/2355 1798/637/822 1797/618/822
f 1796/622/2356 1795/630/2356 1787/621/821
f 1793/625/818 1802/631/2357 1801/624/2357
f 1789/620/826 1797/618/826 1796/622/826
f 1799/627/829 1798/637/829 1790/619/829
f 1801/628/828 1800/616/828 1792/617/828
f 1795/630/827 1802/631/827 1793/625/827
f 1803/632/837 1810/633/2358 1802/631/835
f 1801/624/833 1802/631/835 1810/633/2358
f 1809/634/833 1808/636/832 1800/616/832
f 1800/616/832 1808/636/832 1807/635/831
f 1807/635/831 1806/638/831 1798/637/830
f 1797/618/838 1798/637/830 1806/638/831
f 1797/618/838 1805/639/838 1804/640/836
f 1796/622/836 1804/640/836 1803/632/837
f 1808/641/850 1816/643/851 1815/642/851
f 1815/642/849 1814/647/849 1806/644/849
f 1805/646/2359 1806/644/3543 1814/647/2360
f 1813/649/845 1812/648/845 1804/650/845
f 1804/650/842 1812/648/843 1811/651/843
f 1811/651/841 1818/655/841 1810/652/841
f 1809/654/2361 1810/652/2361 1818/655/839
f 1817/656/853 1816/643/853 1808/641/853
f 1832/660/2362 1833/659/2363 1820/661/876
f 1833/659/2363 1834/662/2364 1821/663/874
f 1834/662/2364 1835/664/2365 1822/666/875
f 1835/664/2365 1836/696/873 1823/665/2366
f 1823/667/2366 1836/669/873 1837/668/2367
f 1837/668/2367 1838/673/2368 1825/670/866
f 1838/673/2368 1839/675/2369 1826/672/864
f 1839/675/2369 1840/677/2370 1827/674/865
f 1840/677/2370 1841/679/2371 1828/676/860
f 1841/679/2371 1842/678/2373 1829/681/2372
f 1842/678/2373 1843/683/2374 1830/680/858
f 1843/683/2374 1844/684/2375 1831/682/856
f 1844/684/2375 1832/660/2362 1819/658/797
f 1850/685/882 1851/687/2376 1838/673/2368
f 1851/687/2376 1852/686/2377 1839/675/2369
f 1852/686/2377 1853/688/879 1840/677/2370
f 1840/677/2370 1853/688/879 1854/689/891
f 1854/689/891 1855/691/890 1842/678/2373
f 1842/678/2373 1855/691/890 1856/690/2378
f 1856/690/2378 1857/692/887 1844/684/2375
f 1857/692/887 1845/694/888 1832/660/2362
f 1832/660/2362 1845/694/888 1846/693/886
f 1833/659/2363 1846/693/886 1847/695/2379
f 1847/695/2379 1848/697/885 1835/664/2365
f 1835/664/2365 1848/697/885 1849/1579/883
f 1849/698/883 1850/685/882 1837/668/2367
f 1869/699/896 1870/700/895 1857/692/895
f 1857/692/895 1870/700/895 1858/702/2380
f 1845/694/2380 1858/702/2380 1859/701/892
f 1846/693/892 1859/701/892 1860/703/893
f 1847/695/893 1860/703/893 1861/704/904
f 1848/697/904 1861/704/904 1862/705/903
f 1849/698/903 1862/712/903 1863/706/902
f 1863/706/902 1864/707/901 1851/687/901
f 1864/707/901 1865/714/900 1852/686/900
f 1852/686/900 1865/714/900 1866/708/899
f 1866/708/899 1867/709/898 1854/689/898
f 1855/691/897 1854/689/898 1867/709/898
f 1856/690/896 1855/691/897 1868/710/897
f 1862/712/910 1875/725/913 1876/711/2382
f 1863/706/911 1876/711/2382 1877/713/908
f 1877/713/908 1878/715/907 1865/714/907
f 1878/715/907 1879/716/905 1866/708/905
f 1879/716/905 1880/717/2383 1867/709/906
f 1880/717/2383 1881/718/2384 1868/710/925
f 1881/718/2384 1882/719/923 1869/699/923
f 1882/719/923 1883/720/2385 1870/700/921
f 1883/720/2385 1871/734/918 1858/702/918
f 1858/702/918 1871/734/918 1872/721/2386
f 1859/701/2387 1872/721/2386 1873/722/914
f 1860/703/2388 1873/722/914 1874/723/915
f 1861/704/912 1874/723/915 1875/724/913
f 1875/725/932 1888/727/932 1889/726/2389
f 1876/711/2389 1889/726/2389 1890/729/930
f 1877/713/930 1890/729/930 1891/728/929
f 1878/715/929 1891/728/929 1892/730/2390
f 1880/717/2391 1879/716/2390 1892/730/2390
f 1881/718/2392 1880/717/2391 1893/731/2391
f 1894/732/2392 1895/733/938 1882/719/938
f 1883/720/2393 1882/719/938 1895/733/938
f 1896/735/937 1884/1686/2394 1871/734/2394
f 1871/734/2394 1884/1686/2394 1885/736/935
f 1885/736/935 1886/1580/934 1873/722/934
f 1874/723/933 1873/722/934 1886/1580/934
f 1874/723/933 1887/737/933 1888/738/932
f 1886/741/2395 1899/740/950 1900/743/949
f 1900/743/949 1901/1687/3544 1888/742/948
f 1888/744/948 1901/746/3544 1902/745/947
f 1902/745/947 1903/750/946 1890/747/946
f 1903/750/946 1904/752/945 1891/749/945
f 1891/749/945 1904/752/945 1905/754/943
f 1905/754/943 1906/756/944 1893/753/942
f 1893/753/942 1906/756/944 1907/758/940
f 1907/758/940 1908/760/941 1895/757/2397
f 1908/760/941 1909/759/952 1896/762/952
f 1896/762/952 1909/759/952 1897/764/764
f 1897/764/764 1898/765/951 1885/763/951
f 1898/765/951 1899/740/950 1886/741/2395
f 1913/768/2398 1912/767/2398 1911/1581/2398
f 1915/769/2399 1914/770/2399 1910/766/2399
f 1912/771/2400 1916/773/3545 1915/772/2401
f 1913/768/2403 1917/775/2403 1916/774/2403
f 1914/770/2404 1917/775/3546 1913/768/2405
f 1914/770/2407 1915/769/2407 1916/774/2408
f 1922/777/2409 1919/783/3547 1921/776/2410
f 1929/31/2411 1927/1624/3548 1925/778/2412
f 1930/779/969 1931/780/969 1928/123/969
f 1931/780/2414 1924/782/3549 1926/781/2415
f 1930/779/2417 1925/778/3550 1924/782/2418
f 1919/783/2420 1932/785/2423 1933/784/2421
f 1932/785/2423 1934/1037/3551 1935/786/2424
f 1938/787/2425 1942/789/2761 1941/788/2426
f 1944/790/2428 1943/792/2429 1941/788/2429
f 1946/791/2430 1945/793/3552 1943/792/2431
f 1945/793/2433 1946/791/3553 1948/794/2434
f 1949/796/2436 1952/800/3554 1951/795/2437
f 1954/798/2439 1953/802/2440 1949/796/2440
f 1950/797/2441 1951/795/2441 1955/799/2441
f 1952/800/2442 1956/801/3555 1955/799/2443
f 1949/796/2444 1953/802/2444 1956/801/2444
f 1955/804/2445 1956/1688/3556 1953/803/2446
f 1968/27/1006 1967/807/2452 1965/806/2448
f 1961/808/1003 1964/809/1012 1963/25/2449
f 1957/810/2451 1958/812/3350 1964/811/1012
f 1960/813/1009 1968/815/1006 1966/814/1008
f 1967/807/2452 1962/28/2450 1963/25/2449
f 1970/817/1013 1974/823/1013 1973/816/1013
f 1972/819/658 1976/821/658 1975/820/658
f 1976/822/764 1973/816/764 1974/823/764
f 1979/825/1014 1980/832/1015 1975/824/1015
f 1971/829/2453 1975/828/1015 1980/835/1015
f 1971/829/2453 1978/827/2453 1977/830/2454
f 1977/830/2454 1979/825/1014 1974/826/1014
f 1979/825/1018 1983/833/1018 1984/1587/1018
f 1980/835/1021 1984/834/1021 1982/836/1021
f 1982/836/1020 1981/1689/1020 1977/830/1020
f 1977/830/1019 1981/1689/1019 1983/833/1019
f 1981/839/70 1982/838/70 1984/1588/70
f 1920/45/2455 1918/856/3557 1986/32/2456
f 1988/841/2458 1987/845/2475 1662/479/2260
f 1988/841/2459 1663/475/2262 1664/842/2460
f 1665/844/2462 1662/479/2264 1987/845/2463
f 1667/846/2258 1990/847/2465 1987/845/2465
f 1665/481/2466 1990/852/2472 1989/848/2467
f 1988/841/2468 1989/843/2468 1661/849/2469
f 1660/850/2470 1661/1690/3558 1989/848/2467
f 1988/841/2458 1659/472/3559 1658/473/2473
f 1705/853/2476 1699/854/3560 1700/518/2313
f 1992/855/2477 1918/856/3561 1920/45/2478
f 1992/855/2480 1991/1589/3562 1993/46/2481
f 1996/858/2483 1997/860/3563 1344/859/2484
f 1997/860/2485 1996/858/3564 1995/861/2486
f 1671/478/2265 2001/864/3565 2000/863/2488
f 2001/864/2489 2002/1049/2490 1999/40/2490
f 1940/866/2491 2005/871/2772 2003/865/2492
f 1937/867/2493 2003/865/2492 2004/868/2494
f 2008/870/2496 2006/873/3566 2003/865/2497
f 2003/865/2499 2006/873/3567 2007/872/2500
f 2009/874/2505 2012/876/2512 2011/875/2506
f 1939/878/2508 2011/875/3568 2010/877/2509
f 2009/874/2505 1937/879/3569 2010/877/2511
f 2012/876/2513 2015/882/2513 2014/880/2514
f 2011/875/2515 2014/880/2515 2013/881/2516
f 2013/881/2517 2015/882/3570 2012/876/2518
f 1939/884/2520 2018/890/2527 2019/883/2521
f 2019/883/2521 2016/888/3571 1936/886/2523
f 1936/886/2523 2016/888/3571 2017/887/2524
f 1938/889/2526 2017/887/3572 2018/890/2527
f 2018/890/2528 2022/893/3573 2023/891/2529
f 2023/891/2531 2020/892/3574 2016/888/2532
f 2017/887/2534 2016/888/3575 2020/892/2535
f 2017/887/2537 2021/894/3576 2022/893/2538
f 2022/893/2540 2021/894/3577 2020/892/2541
f 1939/895/2543 2025/897/2777 2024/896/2544
f 2025/897/2546 2027/1060/3578 2026/898/2547
f 2041/900/2549 2029/1691/3579 2028/899/2550
f 2030/902/2552 2029/1691/3579 2041/900/2549
f 2043/904/2554 2031/905/3580 2030/902/2555
f 2044/906/2557 2032/1692/3581 2031/905/2558
f 2033/908/2560 2032/1693/3581 2044/907/2557
f 2046/910/2562 2034/911/3582 2033/908/2563
f 2047/912/2565 2035/1694/3583 2034/911/2566
f 2036/913/2568 2035/1694/3583 2047/912/2565
f 2049/915/2570 2037/916/3584 2036/913/2571
f 2050/917/2573 2038/1695/3585 2037/916/2574
f 2039/918/2576 2038/1695/3585 2050/917/2573
f 2040/901/2578 2028/899/3586 2039/918/2579
f 2047/912/2581 2059/1696/3587 2060/920/2582
f 2061/921/2584 2062/1697/3588 2050/917/2585
f 2050/917/2585 2062/1697/3588 2063/922/2587
f 2052/923/2589 2053/1698/3589 2041/900/2590
f 2041/900/2590 2053/1698/3589 2054/924/2592
f 2055/925/2594 2056/1699/3590 2044/906/2595
f 2044/907/2595 2056/1700/3590 2057/926/2597
f 2058/927/2599 2059/1696/3587 2047/912/2581
f 2063/928/2601 2052/930/2708 2072/929/2602
f 2063/922/2603 2079/953/2645 2071/931/2604
f 2051/919/2580 2071/931/2606 2064/932/2606
f 2064/932/2607 2072/948/2641 2052/923/2608
f 2054/924/2610 2073/972/2678 2065/933/2611
f 2042/903/2556 2065/933/2613 2066/934/2613
f 2066/934/2614 2074/976/2683 2055/925/2615
f 2054/935/2617 2055/937/2694 2074/936/2618
f 2060/938/2620 2061/940/2703 2078/939/2621
f 2060/920/2623 2077/959/2657 2069/941/2624
f 2048/914/2572 2069/941/3591 2070/942/2626
f 2070/942/2627 2078/955/2650 2061/921/2628
f 2057/926/2630 2075/967/2672 2067/943/2631
f 2045/909/2564 2067/943/3592 2068/944/2633
f 2068/944/2634 2076/963/2665 2058/927/2635
f 2057/945/2637 2058/947/2698 2076/946/2638
f 2080/949/2640 2088/1701/3593 2072/948/2641
f 2072/929/2642 2088/951/3594 2095/950/2643
f 2079/953/2645 2095/978/3595 2087/952/2646
f 2064/932/2647 2071/931/3596 2087/952/2648
f 2078/955/2650 2070/942/2627 2086/954/2651
f 2078/939/2653 2094/958/3597 2093/957/2654
f 2085/960/2656 2069/941/2624 2077/959/2657
f 2069/941/2659 2085/960/3598 2086/954/2660
f 2067/943/2662 2083/968/3599 2084/962/2663
f 2076/963/2665 2068/944/2634 2084/962/2666
f 2076/946/2668 2092/966/3600 2091/965/2669
f 2083/968/2671 2067/943/2631 2075/967/2672
f 2074/936/2674 2090/971/3601 2089/970/2675
f 2081/973/2677 2065/933/2611 2073/972/2678
f 2065/933/2680 2081/973/3602 2082/975/2681
f 2074/976/2683 2066/934/2614 2082/975/2684
f 2093/961/2686 2094/956/2687 2086/954/2687
f 2095/978/2689 2088/1701/3603 2080/949/2649
f 2089/974/2690 2090/977/2691 2082/975/2691
f 2091/969/2692 2092/964/3604 2084/962/2693
f 2055/979/2694 2099/981/2713 2100/980/2695
f 2057/982/2637 2056/983/2696 2100/980/2695
f 2058/984/2698 2057/982/2637 2101/985/2697
f 2058/984/2698 2102/987/2699 2103/986/2700
f 2060/988/2620 2059/989/2701 2103/986/2700
f 2061/990/2703 2060/988/2620 2104/991/2702
f 2061/990/2703 2105/993/2704 2106/992/2705
f 2063/994/2601 2062/995/2706 2106/992/2705
f 2052/996/2708 2063/994/2601 2107/997/2707
f 2052/996/2708 2096/999/2709 2097/998/2710
f 2054/1000/2617 2053/1001/2711 2097/998/2710
f 2055/979/2694 2054/1000/2617 2098/1002/2712
f 2099/981/2714 2111/35/3605 2112/1003/2715
f 2112/1003/2715 2113/126/2718 2101/985/2717
f 2113/126/2718 2114/1625/3606 2102/987/2719
f 2102/987/2719 2114/1625/3606 2115/33/2720
f 2115/33/2720 2116/1004/2723 2104/991/2722
f 2116/1004/2723 2117/125/3607 2105/993/2724
f 2105/993/2724 2117/125/3607 2118/1005/2725
f 2118/1005/2725 2119/34/2728 2107/997/2727
f 2119/34/2728 2108/1626/3608 2096/999/2729
f 2096/999/2729 2108/1626/3608 2109/124/2730
f 2109/124/2730 2110/1006/2733 2098/1002/2732
f 2110/1006/2733 2111/35/3605 2099/981/2714
f 796/1007/1309 797/1012/1321 1326/157/2734
f 1328/160/2736 798/1011/1319 813/1008/1311
f 1325/167/2738 809/1020/3402 799/1009/1314
f 799/1009/1314 796/1007/1309 1331/146/2735
f 1332/148/2737 813/1008/1311 814/1010/1317
f 798/1011/1319 1328/160/2736 1338/163/2741
f 797/1012/1321 801/1013/1323 1337/159/2743
f 801/1013/1324 802/1015/1326 1340/1014/2744
f 800/1016/1327 1338/163/3609 1341/1017/2746
f 1340/1014/2744 802/1015/1326 804/1018/70
f 804/1019/70 803/1594/2747 1341/1017/2746
f 1343/1021/2748 810/1702/1365 809/1020/1330
f 1346/1023/2749 807/1703/3404 810/1022/1332
f 808/1024/1336 807/1703/3405 1346/1023/2751
f 1347/36/2753 836/127/3406 808/1024/1336
f 815/1025/1339 1670/477/2261 1669/476/2263
f 811/1027/43 1680/485/2272 1681/1026/2274
f 805/1029/2755 1681/1683/3531 1682/489/2275
f 812/1031/1342 1683/491/2279 1680/1032/2279
f 1682/489/2280 1683/491/2280 812/1031/38
f 817/1033/1343 1923/30/143 1921/776/2756
f 1933/784/2757 819/1035/1347 818/1034/1345
f 1935/786/2758 821/1704/3407 819/1035/1347
f 820/1036/1350 821/1704/3408 1935/786/2759
f 823/1039/1352 824/1596/3409 1942/1038/2761
f 825/1041/1353 1944/1042/2762 1942/1038/2762
f 1944/1042/2432 825/1041/3410 826/1043/1355
f 826/1043/1358 837/1705/3411 1948/1045/2764
f 839/1046/1360 1994/857/3610 1993/46/2766
f 1995/861/2768 841/1706/3412 842/1047/1342
f 843/1048/1365 1999/40/3611 2002/1049/2770
f 822/1050/1369 827/1052/3413 2005/871/2772
f 2004/868/2773 829/1054/3414 828/1051/1370
f 827/1052/1372 830/1053/1373 2008/870/2496
f 829/1054/1374 2004/868/3612 2007/872/2774
f 831/1055/1377 2007/872/2503 2008/870/2502
f 828/1056/1370 832/1059/3415 2025/897/2777
f 2024/896/2778 833/1062/3416 823/1057/1378
f 832/1059/1381 834/1061/1383 2027/1060/2780
f 2026/898/2782 835/1063/3418 833/1062/1384
f 835/1063/1387 2026/898/1387 2027/1060/1387
f 1719/526/34 2126/1091/34 2124/1064/34
f 2122/1066/34 2123/1082/34 1710/525/34
f 2125/1067/34 2127/1078/34 1720/527/34
f 1708/522/34 1707/520/34 2120/1069/34
f 2134/68/164 2132/63/160 2124/1070/2784
f 2130/62/38 2131/57/38 2123/1072/38
f 2135/51/149 2127/1631/3195 2125/1074/153
f 2128/50/43 2129/69/43 2121/1075/43
f 2132/63/34 2133/56/34 2131/57/34
f 2134/68/34 2129/69/34 2128/50/34
f 2132/63/34 2134/68/34 2135/51/34
f 2138/1077/34 1720/527/34 2127/1078/34
f 2136/128/34 2140/1079/34 2120/1069/34
f 2142/1080/2785 2137/47/2785 2139/48/2785
f 2138/1077/2786 2141/1600/3613 2143/1081/2787
f 2137/47/2789 2142/1080/3614 2140/1079/2790
f 2123/1082/34 2149/1085/34 2146/55/34
f 2144/1083/34 2148/1601/34 2125/1067/34
f 2145/130/2792 2147/54/2792 2151/1084/2792
f 2149/1085/2793 2151/1084/2793 2147/54/2793
f 2144/1083/2794 2145/130/3615 2150/1086/2795
f 2154/132/34 2157/1090/34 2122/1066/34
f 2124/1064/34 2156/1602/34 2152/1087/34
f 2159/1088/2797 2155/59/2797 2153/60/2797
f 2157/1090/2798 2154/132/3616 2155/59/2799
f 2158/1089/2801 2153/60/3617 2152/1087/2802
f 2162/1092/34 2165/1097/34 2126/1091/34
f 2160/67/34 1708/1094/34 2121/1093/34
f 2166/1095/2804 2167/1096/2804 2163/134/2804
f 2162/1092/2805 2163/134/3618 2167/1096/2806
f 2164/1098/2808 2166/1095/3619 2161/66/2809
f 2171/1100/34 2170/1108/34 2169/1099/34
f 2168/1101/2811 2169/1099/2811 2173/1102/2811
f 2173/1104/2812 2169/1106/2812 2170/1105/2812
f 2174/1107/2813 2170/1108/2813 2171/1100/2813
f 2171/1100/2814 2168/1101/2814 2172/1103/2814
f 2177/1111/34 2176/1113/34 2179/1110/34
f 2176/1114/2815 2177/1110/2815 2181/1113/2816
f 2177/1117/2817 2178/1707/2817 2182/1116/2817
f 2182/1119/2818 2178/1120/2819 2179/1111/2819
f 2183/1114/2820 2179/1119/2821 2176/1112/2821
f 2184/1122/34 2187/1130/34 2186/1121/34
f 2184/1122/2822 2185/1123/2822 2189/1124/2822
f 2185/1127/2823 2186/1708/2823 2190/1126/2823
f 2190/1129/2824 2186/1121/2824 2187/1130/2824
f 2191/1131/2825 2187/1130/2825 2184/1122/2825
f 2195/1119/2826 2194/1134/2826 2182/1132/2827
f 2193/1115/2828 2192/1709/2828 2180/1133/2816
f 2192/1114/2829 2195/1133/2829 2183/1134/2820
f 2193/1133/70 2194/1709/70 2195/1132/70
f 2196/1328/2830 2197/1604/2844 2201/1327/2831
f 2198/1330/2832 2202/1331/3620 2201/1327/2833
f 2199/1332/2835 2203/1333/2836 2202/1331/2836
f 2200/1335/2838 2203/1731/3621 2199/1334/2839
f 2203/1333/2841 2200/1329/2842 2201/1327/2842
f 2196/1328/2830 2204/1338/2843 2205/1337/2843
f 2205/1337/2845 2206/1339/3622 2198/1330/2832
f 2199/1332/2835 2198/1330/2837 2206/1339/2846
f 2204/1340/2848 2196/1336/2840 2199/1334/2839
f 2206/1339/2850 2205/1337/2851 2204/1338/2851
f 2218/1343/2852 2219/1346/3623 2213/1342/2852
f 2219/1346/2853 2217/1348/3624 2209/1345/2854
f 2208/1347/2856 2216/1606/3625 2218/1343/2857
f 2217/1348/2859 2219/1346/3626 2218/1343/2859
f 2223/1350/2860 2221/1355/3627 2211/1349/2861
f 2210/1353/2863 2220/1356/3628 2222/1352/2864
f 2214/1354/2866 2222/1352/2866 2223/1350/2866
f 2221/1355/2867 2223/1350/3629 2222/1352/2867
f 2226/1357/2868 2213/1342/2855 2209/1345/2854
f 2227/1358/2870 2224/1359/2880 2208/1347/2856
f 2212/1344/2871 2213/1342/2871 2226/1357/2872
f 2230/1360/2873 2229/1361/2876 2210/1353/2874
f 2226/1357/2868 2225/1362/2869 2229/1361/2876
f 2231/1363/2877 2215/1351/3630 2211/1349/2878
f 2227/1358/2870 2231/1363/2877 2228/1364/2879
f 2230/1360/2881 2214/1354/2882 2215/1351/2882
f 2226/1357/2872 2230/1360/2881 2231/1363/2881
f 2237/84/2883 2233/85/2883 2240/1365/2883
f 2243/1367/2884 2234/86/3631 2238/137/2885
f 2243/1367/2884 2244/1368/2884 2241/1366/2886
f 2249/138/173 2239/88/170 2235/1369/173
f 2249/138/2887 2251/1371/2891 2245/1370/2888
f 2242/1372/2890 2245/1370/2888 2251/1371/2891
f 2250/1373/2892 2248/93/2905 2236/83/2893
f 2248/93/176 2246/94/175 2232/1374/176
f 2257/1376/2894 2256/1379/2898 2252/1375/2895
f 2253/1378/2896 2258/1732/2897 2259/1377/2897
f 2259/1377/2897 2258/1732/2897 2256/1379/2898
f 2236/83/2893 2260/136/2908 2262/1380/2899
f 2239/88/2889 2245/1370/2888 2263/1381/2900
f 2242/1372/2890 2262/1380/2899 2263/1381/2900
f 2265/1382/2902 2251/1371/2891 2249/138/2887
f 2250/1373/2892 2251/1371/2891 2265/1382/2902
f 2248/93/2905 2250/1373/2892 2266/1383/2904
f 2272/1385/2907 2274/1400/3632 2262/1384/2899
f 2262/1384/2899 2274/1400/3632 2275/1387/2909
f 2263/1388/2900 2275/1387/2909 2273/1389/2910
f 2261/1390/2901 2273/1389/2910 2269/1391/2911
f 2244/1392/2913 2238/1393/2912 2269/1391/2911
f 2244/1392/2913 2271/1395/2914 2270/1394/2915
f 2241/1396/2916 2270/1394/2915 2268/1397/2917
f 2260/1386/2908 2237/1398/2918 2268/1397/2917
f 2282/1399/2919 2283/1401/2922 2275/1387/2920
f 2283/1401/2922 2281/1402/3633 2273/1389/2923
f 2281/1402/2924 2277/1403/3634 2269/1391/2925
f 2279/1404/2927 2271/1395/3635 2269/1391/2928
f 2271/1395/2930 2279/1404/2930 2278/1405/2930
f 2278/1405/2932 2276/1406/3636 2268/1397/2933
f 2280/1407/2935 2272/1385/3637 2268/1397/2936
f 2272/1385/2938 2280/1407/3638 2282/1399/2919
f 2282/1399/2939 2280/1407/3639 2276/1406/2940
f 2283/1401/2942 2279/1404/2945 2277/1403/2943
f 2283/1401/2942 2282/1399/2939 2278/1405/2941
f 2264/1408/2903 2255/1410/2955 2285/1409/2946
f 2288/1412/2947 2289/1414/2948 2265/1411/2902
f 2289/1414/2948 2290/1416/3640 2266/1413/2904
f 2266/1413/2904 2290/1416/3640 2291/1415/2949
f 2267/1418/2906 2291/1415/2949 2284/1417/2950
f 2284/1417/2950 2286/1422/2953 2257/1420/2952
f 2286/1422/2953 2287/1424/2954 2259/1421/2954
f 2259/1421/2954 2287/1424/2954 2285/1409/2946
f 2295/1423/2956 2287/1424/2956 2286/1422/2956
f 2287/1424/2957 2295/1423/3641 2293/1425/2958
f 2296/1426/2960 2288/1412/3642 2285/1409/2961
f 2297/1427/2963 2289/1414/3643 2288/1412/2964
f 2298/1428/2966 2290/1416/3644 2289/1414/2966
f 2298/1428/2968 2299/1429/3645 2291/1415/2969
f 2299/1429/2971 2292/1430/3646 2284/1417/2972
f 2286/1422/2974 2284/1417/3647 2292/1430/2975
f 2295/1423/2977 2297/1427/2981 2296/1426/2978
f 2295/1423/2977 2294/1431/2982 2298/1428/2980
f 2294/1431/2982 2292/1430/3648 2299/1429/2983
f 2300/1432/2984 2310/1434/3002 2311/1433/2985
f 2312/1436/2987 2302/1733/2988 2301/1435/2986
f 2302/1438/2988 2312/1734/2987 2313/1437/2989
f 2313/1437/2989 2314/1441/2993 2304/1440/2991
f 2305/1442/2992 2304/1440/2991 2314/1441/2993
f 2315/1443/2994 2316/1445/2997 2306/1444/2995
f 2307/1446/2996 2306/1444/2995 2316/1445/2997
f 2308/1447/2999 2307/1446/2996 2317/1448/2998
f 2319/1449/3001 2309/1451/3003 2308/1447/2999
f 2310/1434/3002 2300/1432/2984 2309/1451/3003
f 2328/1453/3004 2329/1456/3004 2319/1452/3004
f 2310/1455/3005 2319/1452/3004 2329/1456/3004
f 2310/1455/3005 2320/1458/3005 2321/1457/3004
f 2311/1460/3004 2321/1457/3004 2322/1459/3004
f 2312/1463/3004 2322/1483/3004 2323/1462/3004
f 2323/1462/3004 2324/1467/3004 2314/1465/3004
f 2315/1466/3004 2314/1465/3004 2324/1467/3004
f 2315/1466/3004 2325/1469/3006 2326/1468/3004
f 2316/1471/3005 2326/1468/3004 2327/1470/3004
f 2317/1472/3004 2327/1470/3004 2328/1453/3004
f 2335/1473/3007 2325/1469/3007 2324/1467/3008
f 2325/1469/3007 2335/1473/3007 2336/1476/3009
f 2326/1468/3009 2336/1476/3009 2337/1475/3010
f 2337/1475/3010 2338/1477/3011 2328/1453/3011
f 2328/1453/3011 2338/1477/3011 2339/1479/3012
f 2329/1456/3012 2339/1479/3012 2330/1478/3013
f 2330/1478/3013 2331/1480/3014 2321/1457/3014
f 2332/1481/3015 2322/1459/3016 2321/1457/3014
f 2322/1483/3016 2332/1482/3015 2333/1484/3017
f 2324/1467/3008 2323/1462/3017 2333/1484/3017
f 2341/1485/3018 2340/1487/3034 2350/1486/124
f 2351/1488/3019 2352/1490/3021 2342/1489/3020
f 2352/1490/3021 2353/1493/3649 2343/1491/3022
f 2343/1491/3022 2353/1493/3649 2354/1492/3023
f 2344/1495/3024 2354/1492/3023 2355/1494/3025
f 2356/1497/3027 2346/1499/3028 2345/1496/3026
f 2346/1499/3028 2356/1497/3027 2357/1498/3029
f 2358/1501/3031 2348/1735/3650 2347/1500/3030
f 2349/1502/3032 2348/1504/3650 2358/1503/3031
f 2359/1505/3033 2350/1486/124 2340/1487/3034
f 2368/1507/3035 2369/1510/3036 2359/1506/3036
f 2350/1509/3035 2359/1506/3036 2369/1510/3036
f 2350/1509/3035 2360/1512/3035 2361/1511/3035
f 2351/1514/3035 2361/1511/3035 2362/1513/3035
f 2352/1515/3035 2362/1513/3035 2363/1516/3035
f 2363/1516/3035 2364/1520/3036 2354/1518/3036
f 2355/1519/3037 2354/1518/3036 2364/1520/3036
f 2355/1519/3037 2365/1522/3037 2366/1521/3035
f 2356/1524/3035 2366/1521/3035 2367/1523/3037
f 2357/1525/3037 2367/1523/3037 2368/1526/3035
f 2374/1527/3038 2375/1528/3041 2365/1522/123
f 2366/1521/3040 2365/1522/123 2375/1528/3041
f 2367/1523/3043 2366/1521/3040 2376/1529/3042
f 2377/1530/3044 2378/1736/3651 2368/1526/3045
f 2368/1507/3045 2378/1532/3651 2379/1531/3046
f 2369/1510/3047 2379/1531/3046 2370/1533/697
f 2360/1512/3048 2370/1533/697 2371/1534/3049
f 2372/1535/3051 2362/1513/3052 2361/1511/3050
f 2362/1513/3052 2372/1535/3051 2373/1536/3053
f 2373/1536/3053 2374/1527/3038 2364/1520/3039
f 2390/1537/3055 2391/1539/3056 2384/1538/3056
f 2388/99/3057 2386/1541/3057 2387/1608/3058
f 2381/1542/3059 2382/1543/3059 2389/1540/3058
f 2380/1544/3060 2384/1538/3056 2391/1539/3056
f 2390/1537/3061 2385/96/3061 2386/1541/3061
f 1948/794/3062 837/1737/3466 838/1545/1796
f 2392/1548/182 1421/238/1963 1447/1547/1799
f 2393/1550/189 1458/1551/3226 1457/255/3065
f 1971/1552/1801 1970/817/1801 1969/818/1801
