# Blender 3.4.1
# www.blender.org
o m590_receiver
v -0.125113 0.637104 0.364008
v -0.119568 0.636139 0.376585
v -0.121084 0.632700 0.371852
v -0.122995 0.630492 0.368812
v -0.125113 0.629731 0.367765
v -0.118594 0.638665 0.384358
v -0.119568 0.632700 0.380025
v -0.121084 0.627966 0.376585
v -0.122995 0.624927 0.374377
v -0.125113 0.623879 0.373616
v -0.118594 0.637504 0.386637
v -0.119568 0.630492 0.384358
v -0.121084 0.624927 0.382550
v -0.122995 0.621354 0.381389
v -0.125113 0.620123 0.380989
v -0.118594 0.637104 0.389162
v -0.119568 0.629731 0.389162
v -0.121084 0.623879 0.389162
v -0.122995 0.620123 0.389162
v -0.125113 0.618828 0.389162
v -0.118594 0.637504 0.391688
v -0.119568 0.630492 0.393966
v -0.121084 0.624927 0.395774
v -0.122995 0.621354 0.396935
v -0.125113 0.620123 0.397335
v -0.118594 0.638665 0.393966
v -0.119568 0.632700 0.398300
v -0.121084 0.627966 0.401739
v -0.122995 0.624927 0.403947
v -0.125113 0.623879 0.404708
v -0.118594 0.640473 0.395774
v -0.119568 0.636139 0.401739
v -0.121084 0.632700 0.406473
v -0.122995 0.630492 0.409512
v -0.125113 0.629731 0.410560
v -0.119568 0.640473 0.403947
v -0.121084 0.638665 0.409512
v -0.122995 0.637504 0.413085
v -0.125113 0.637104 0.414316
v -0.125113 0.645277 0.415611
v -0.125113 0.653450 0.414316
v -0.119568 0.654414 0.401739
v -0.121084 0.657854 0.406473
v -0.122995 0.660062 0.409512
v -0.125113 0.660823 0.410560
v -0.118594 0.651889 0.393966
v -0.119568 0.657854 0.398300
v -0.121084 0.662587 0.401739
v -0.122995 0.665627 0.403947
v -0.125113 0.666674 0.404708
v -0.118594 0.653050 0.391688
v -0.119568 0.660062 0.393966
v -0.121084 0.665627 0.395774
v -0.122995 0.669200 0.396935
v -0.125113 0.670431 0.397335
v -0.118594 0.653450 0.389162
v -0.119568 0.660823 0.389162
v -0.121084 0.666674 0.389162
v -0.122995 0.670431 0.389162
v -0.125113 0.671725 0.389162
v -0.127951 0.645277 0.362714
v -0.127951 0.653450 0.364008
v -0.118594 0.653050 0.386637
v -0.119568 0.660062 0.384358
v -0.121084 0.665627 0.382550
v -0.122995 0.669200 0.381389
v -0.125113 0.670431 0.380989
v -0.127951 0.660823 0.367765
v -0.127951 0.666674 0.373616
v -0.127951 0.670431 0.380989
v -0.127951 0.671725 0.389162
v -0.127951 0.670431 0.397335
v -0.118594 0.651889 0.384358
v -0.119568 0.657854 0.380025
v -0.121084 0.662587 0.376585
v -0.122995 0.665627 0.374377
v -0.125113 0.666674 0.373616
v -0.127951 0.666674 0.404708
v -0.127951 0.660823 0.410560
v -0.127951 0.653450 0.414316
v -0.127951 0.645277 0.415611
v -0.118594 0.650081 0.382550
v -0.119568 0.654414 0.376585
v -0.121084 0.657854 0.371852
v -0.122995 0.660062 0.368812
v -0.125113 0.660823 0.367765
v -0.127951 0.637104 0.414316
v -0.127951 0.629731 0.410560
v -0.127951 0.623879 0.404708
v -0.127951 0.620123 0.397335
v -0.119568 0.650081 0.374377
v -0.121084 0.651889 0.368812
v -0.122995 0.653050 0.365239
v -0.125113 0.653450 0.364008
v -0.127951 0.618828 0.389162
v -0.127951 0.620123 0.380989
v -0.127951 0.623879 0.373616
v -0.127951 0.629731 0.367765
v -0.125113 0.645277 0.362714
v -0.127951 0.637104 0.364008
v -0.118460 0.649363 0.388515
v -0.122995 0.653239 0.412989
v -0.119568 0.647048 0.373897
v -0.118657 0.648183 0.381062
v -0.121084 0.652629 0.409135
v -0.118657 0.650544 0.395968
v -0.121084 0.646097 0.367895
v -0.122995 0.645487 0.364042
v -0.119568 0.651679 0.403133
v -0.121084 0.644456 0.410430
v -0.122995 0.637314 0.365336
v -0.118460 0.641190 0.389810
v -0.118657 0.642371 0.397263
v -0.118657 0.640010 0.382356
v -0.122995 0.645066 0.414283
v -0.121084 0.637924 0.369189
v -0.119568 0.643505 0.404428
v -0.119568 0.638875 0.375191
v -0.002370 0.814974 0.392692
v -0.003954 0.814227 0.388158
v -0.005166 0.813108 0.385231
v -0.005592 0.811789 0.384204
v -0.000000 0.814974 0.392112
v -0.000000 0.814227 0.387371
v -0.000000 0.813108 0.384204
v -0.000000 0.811789 0.383091
v 0.002140 0.814974 0.392538
v 0.003954 0.814227 0.388158
v 0.005166 0.813108 0.385231
v 0.005592 0.811789 0.384204
v 0.003954 0.814974 0.393750
v 0.007306 0.814227 0.390398
v 0.009546 0.813108 0.388158
v 0.010333 0.811789 0.387371
v 0.005166 0.814974 0.395564
v 0.009546 0.814227 0.393750
v 0.012473 0.813108 0.392538
v 0.013501 0.811789 0.392112
v 0.005538 0.814974 0.397976
v 0.010333 0.814227 0.397704
v 0.013501 0.813108 0.397704
v 0.014613 0.811789 0.397704
v 0.013501 0.811789 0.403296
v 0.010333 0.811789 0.408037
v 0.002370 0.814974 0.402717
v 0.003954 0.814227 0.407251
v 0.005166 0.813108 0.410177
v 0.005592 0.811789 0.411205
v -0.000000 0.814974 0.403296
v -0.000000 0.814227 0.408037
v -0.000000 0.813108 0.411205
v -0.000000 0.811789 0.412317
v -0.002140 0.814974 0.402871
v -0.003954 0.814227 0.407251
v -0.005166 0.813108 0.410177
v -0.005592 0.811789 0.411205
v -0.010333 0.810983 0.387371
v -0.013501 0.810983 0.392112
v -0.003954 0.814974 0.401658
v -0.007306 0.814227 0.405011
v -0.009546 0.813108 0.407251
v -0.010333 0.811789 0.408037
v -0.014613 0.810983 0.397704
v -0.013501 0.810983 0.403296
v -0.010333 0.810983 0.408037
v -0.005166 0.814974 0.399844
v -0.009546 0.814227 0.401658
v -0.012473 0.813108 0.402871
v -0.013501 0.811789 0.403296
v -0.005592 0.810983 0.411205
v -0.000000 0.810983 0.412317
v 0.005592 0.810983 0.411205
v -0.005538 0.814974 0.397432
v -0.010333 0.814227 0.397704
v -0.013501 0.813108 0.397704
v -0.014613 0.811789 0.397704
v 0.010333 0.810983 0.408037
v 0.013501 0.810983 0.403296
v 0.014613 0.810983 0.397704
v -0.013501 0.811789 0.392112
v 0.013501 0.810983 0.392112
v 0.010333 0.810983 0.387371
v 0.005592 0.810983 0.384204
v -0.010333 0.811789 0.387371
v -0.000000 0.810983 0.383091
v -0.005592 0.810983 0.384204
v 0.009351 0.813108 0.407381
v -0.012519 0.813108 0.392768
v -0.001584 0.815088 0.400075
v 0.006555 0.814227 0.405513
v -0.009723 0.814227 0.394636
v -0.001584 0.811789 0.400075
v 0.001584 0.811789 0.395334
v 0.001584 0.815088 0.395334
v -0.009351 0.813108 0.388027
v -0.006555 0.814227 0.389896
v 0.012519 0.813108 0.402640
v 0.009723 0.814227 0.400772
v 0.005013 0.814974 0.498250
v 0.009546 0.814227 0.496666
v 0.012473 0.813108 0.495454
v 0.013501 0.811789 0.495029
v 0.005592 0.814974 0.500621
v 0.010333 0.814227 0.500621
v 0.013501 0.813108 0.500621
v 0.014613 0.811789 0.500621
v 0.005166 0.814974 0.502761
v 0.009546 0.814227 0.504575
v 0.012473 0.813108 0.505787
v 0.013501 0.811789 0.506213
v 0.003954 0.814974 0.504575
v 0.007306 0.814227 0.507927
v 0.009546 0.813108 0.510167
v 0.010333 0.811789 0.510954
v 0.002140 0.814974 0.505787
v 0.003954 0.814227 0.510167
v 0.005166 0.813108 0.513094
v 0.005592 0.811789 0.514121
v -0.000272 0.814974 0.506159
v 0.000000 0.814227 0.510954
v 0.000000 0.813108 0.514121
v 0.000000 0.811789 0.515234
v -0.005592 0.811789 0.514121
v -0.010333 0.811789 0.510954
v -0.005013 0.814974 0.502991
v -0.009546 0.814227 0.504575
v -0.012473 0.813108 0.505787
v -0.013501 0.811789 0.506213
v -0.005592 0.814974 0.500621
v -0.010333 0.814227 0.500621
v -0.013501 0.813108 0.500621
v -0.014613 0.811789 0.500621
v -0.005166 0.814974 0.498481
v -0.009546 0.814227 0.496666
v -0.012473 0.813108 0.495454
v -0.013501 0.811789 0.495029
v 0.010333 0.810983 0.490288
v 0.005592 0.810983 0.487120
v -0.003954 0.814974 0.496666
v -0.007306 0.814227 0.493314
v -0.009546 0.813108 0.491074
v -0.010333 0.811789 0.490288
v 0.000000 0.810983 0.486008
v -0.005592 0.810983 0.487120
v -0.010333 0.810983 0.490288
v -0.002140 0.814974 0.495454
v -0.003954 0.814227 0.491074
v -0.005166 0.813108 0.488148
v -0.005592 0.811789 0.487120
v -0.013501 0.810983 0.495029
v -0.014613 0.810983 0.500621
v -0.013501 0.810983 0.506213
v 0.000272 0.814974 0.495083
v 0.000000 0.814227 0.490288
v 0.000000 0.813108 0.487120
v 0.000000 0.811789 0.486008
v -0.010333 0.810983 0.510954
v -0.005592 0.810983 0.514121
v 0.000000 0.810983 0.515234
v 0.005592 0.811789 0.487120
v 0.005592 0.810983 0.514121
v 0.010333 0.810983 0.510954
v 0.013501 0.810983 0.506213
v 0.010333 0.811789 0.490288
v 0.014613 0.810983 0.500621
v 0.013501 0.810983 0.495029
v -0.009677 0.813108 0.509972
v 0.004936 0.813108 0.488102
v -0.002370 0.815088 0.499037
v -0.007809 0.814227 0.507176
v 0.003068 0.814227 0.490898
v -0.002370 0.811789 0.499037
v 0.002370 0.811789 0.502205
v 0.002370 0.815088 0.502205
v 0.009677 0.813108 0.491270
v 0.007809 0.814227 0.494066
v -0.004936 0.813108 0.513139
v -0.003068 0.814227 0.510343
v 0.005221 0.814974 0.962412
v 0.009546 0.814227 0.964498
v 0.012473 0.813108 0.965710
v 0.013501 0.811789 0.966136
v 0.003954 0.814974 0.964498
v 0.007306 0.814227 0.967850
v 0.009546 0.813108 0.970090
v 0.010333 0.811789 0.970877
v 0.002140 0.814974 0.965710
v 0.003954 0.814227 0.970090
v 0.005166 0.813108 0.973017
v 0.005592 0.811789 0.974044
v 0.000000 0.814974 0.966136
v 0.000000 0.814227 0.970877
v 0.000000 0.813108 0.974044
v 0.000000 0.811789 0.975157
v -0.002140 0.814974 0.965710
v -0.003954 0.814227 0.970090
v -0.005166 0.813108 0.973017
v -0.005592 0.811789 0.974044
v -0.004108 0.814974 0.964267
v -0.007306 0.814227 0.967850
v -0.009546 0.813108 0.970090
v -0.010333 0.811789 0.970877
v -0.013501 0.811789 0.966136
v -0.014613 0.811789 0.960544
v -0.005221 0.814974 0.958675
v -0.009546 0.814227 0.956589
v -0.012473 0.813108 0.955377
v -0.013501 0.811789 0.954952
v -0.003954 0.814974 0.956589
v -0.007306 0.814227 0.953237
v -0.009546 0.813108 0.950997
v -0.010333 0.811789 0.950211
v -0.002140 0.814974 0.955377
v -0.003954 0.814227 0.950997
v -0.005166 0.813108 0.948071
v -0.005592 0.811789 0.947043
v 0.014613 0.810983 0.960544
v 0.013501 0.810983 0.954952
v 0.000000 0.814974 0.954952
v 0.000000 0.814227 0.950211
v 0.000000 0.813108 0.947043
v 0.000000 0.811789 0.945931
v 0.010333 0.810983 0.950211
v 0.005592 0.810983 0.947043
v 0.000000 0.810983 0.945931
v 0.002140 0.814974 0.955377
v 0.003954 0.814227 0.950997
v 0.005166 0.813108 0.948071
v 0.005592 0.811789 0.947043
v -0.005592 0.810983 0.947043
v -0.010333 0.810983 0.950211
v -0.013501 0.810983 0.954952
v 0.004108 0.814974 0.956820
v 0.007307 0.814227 0.953237
v 0.009546 0.813108 0.950997
v 0.010333 0.811789 0.950211
v -0.014613 0.810983 0.960544
v -0.013501 0.810983 0.966136
v -0.010333 0.810983 0.970877
v 0.013501 0.811789 0.954952
v -0.005592 0.810983 0.974044
v 0.000000 0.810983 0.975157
v 0.005592 0.810983 0.974044
v 0.014613 0.811789 0.960544
v 0.010333 0.810983 0.970877
v 0.013501 0.810983 0.966136
v -0.013455 0.813108 0.960313
v 0.012342 0.813108 0.955182
v -0.000556 0.815088 0.957748
v -0.010157 0.814227 0.959657
v 0.009044 0.814227 0.955838
v -0.000556 0.811789 0.957748
v 0.000556 0.811789 0.963340
v 0.000556 0.815088 0.963340
v 0.013455 0.813108 0.960774
v 0.010157 0.814227 0.961430
v -0.012342 0.813108 0.965905
v -0.009044 0.814227 0.965249
v 0.001868 0.814974 1.058240
v 0.003954 0.814227 1.053914
v 0.005167 0.813108 1.050987
v 0.005592 0.811789 1.049959
v 0.003954 0.814974 1.059506
v 0.007306 0.814227 1.056154
v 0.009546 0.813108 1.053914
v 0.010333 0.811789 1.053127
v 0.005166 0.814974 1.061320
v 0.009546 0.814227 1.059506
v 0.012473 0.813108 1.058294
v 0.013501 0.811789 1.057868
v 0.005592 0.814974 1.063460
v 0.010333 0.814227 1.063460
v 0.013501 0.813108 1.063460
v 0.014613 0.811789 1.063460
v 0.005166 0.814974 1.065600
v 0.009546 0.814227 1.067414
v 0.012473 0.813108 1.068627
v 0.013501 0.811789 1.069052
v 0.003724 0.814974 1.067568
v 0.007306 0.814227 1.070767
v 0.009546 0.813108 1.073006
v 0.010333 0.811789 1.073793
v 0.005592 0.811789 1.076961
v 0.000000 0.811789 1.078073
v -0.001868 0.814974 1.068681
v -0.003954 0.814227 1.073006
v -0.005166 0.813108 1.075933
v -0.005592 0.811789 1.076961
v -0.003954 0.814974 1.067414
v -0.007306 0.814227 1.070766
v -0.009546 0.813108 1.073006
v -0.010333 0.811789 1.073793
v -0.005166 0.814974 1.065600
v -0.009546 0.814227 1.067414
v -0.012473 0.813108 1.068627
v -0.013501 0.811789 1.069052
v 0.000000 0.810983 1.048847
v -0.005592 0.810983 1.049959
v -0.005592 0.814974 1.063460
v -0.010333 0.814227 1.063460
v -0.013501 0.813108 1.063460
v -0.014613 0.811789 1.063460
v -0.010333 0.810983 1.053127
v -0.013501 0.810983 1.057868
v -0.014613 0.810983 1.063460
v -0.005166 0.814974 1.061320
v -0.009546 0.814227 1.059506
v -0.012473 0.813108 1.058294
v -0.013501 0.811789 1.057868
v -0.013501 0.810983 1.069052
v -0.010333 0.810983 1.073793
v -0.005592 0.810983 1.076961
v -0.003724 0.814974 1.059352
v -0.007306 0.814227 1.056154
v -0.009546 0.813108 1.053914
v -0.010333 0.811789 1.053127
v 0.000000 0.810983 1.078073
v 0.005592 0.810983 1.076961
v 0.010333 0.810983 1.073793
v -0.005592 0.811789 1.049959
v 0.013501 0.810983 1.069052
v 0.014613 0.810983 1.063460
v 0.013501 0.810983 1.057868
v 0.000000 0.811789 1.048847
v 0.010333 0.810983 1.053127
v 0.005592 0.810983 1.049959
v -0.000230 0.813108 1.076915
v -0.005362 0.813108 1.051118
v -0.002796 0.815088 1.064016
v -0.000886 0.814227 1.073617
v -0.004706 0.814227 1.054416
v -0.002796 0.811789 1.064016
v 0.002796 0.811789 1.062904
v 0.002796 0.815088 1.062904
v 0.000230 0.813108 1.050005
v 0.000886 0.814227 1.053303
v 0.005362 0.813108 1.075802
v 0.004706 0.814227 1.072504
v -0.118686 0.649448 0.740358
v -0.118417 0.688471 0.740358
v -0.111546 0.711120 0.740358
v -0.100389 0.731994 0.740358
v -0.085374 0.750290 0.740357
v -0.067078 0.765305 0.740357
v -0.046204 0.776462 0.740357
v -0.023554 0.783333 0.740357
v 0.000000 0.785653 0.740357
v 0.023555 0.783333 0.740357
v 0.046204 0.776462 0.740357
v 0.067078 0.765305 0.740357
v 0.085374 0.750290 0.740357
v 0.100389 0.731994 0.740358
v 0.111546 0.711120 0.740358
v 0.118417 0.688470 0.740358
v 0.118686 0.649448 0.740358
v -0.137633 0.649448 0.740358
v -0.137356 0.691292 0.740358
v -0.130677 0.717826 0.740358
v -0.117606 0.742280 0.740357
v -0.100812 0.764087 0.740357
v -0.079208 0.781818 0.740357
v -0.053724 0.794096 0.740357
v -0.027039 0.801331 0.740357
v 0.000000 0.803994 0.740357
v 0.027039 0.801331 0.740357
v 0.053724 0.794096 0.740357
v 0.079208 0.781818 0.740357
v 0.100812 0.764087 0.740357
v 0.117606 0.742280 0.740357
v 0.130677 0.717826 0.740358
v 0.137356 0.691292 0.740358
v 0.137633 0.649448 0.740358
v 0.067078 0.765305 1.160164
v -0.137633 0.649448 1.181784
v -0.137356 0.691292 1.181784
v -0.130677 0.717826 1.181784
v -0.117606 0.742280 1.181784
v -0.100812 0.764087 1.181784
v -0.079208 0.781818 1.181784
v -0.053724 0.794096 1.181784
v -0.027039 0.801331 1.181784
v 0.000000 0.803994 1.181784
v 0.027039 0.801331 1.181784
v 0.053724 0.794096 1.181784
v 0.079208 0.781818 1.181784
v 0.100812 0.764087 1.181784
v 0.117606 0.742280 1.181784
v 0.130677 0.717826 1.181784
v 0.137356 0.691292 1.181784
v 0.137633 0.649448 1.181784
v 0.046204 0.776462 1.160164
v -0.085374 0.750290 1.160164
v -0.100389 0.731994 1.160164
v 0.085374 0.750290 1.160164
v -0.067078 0.765305 1.160164
v -0.118685 0.649448 1.160164
v 0.100389 0.731994 1.160164
v -0.046204 0.776462 1.160164
v 0.111546 0.711120 1.160164
v -0.023554 0.783333 1.160164
v 0.118417 0.688471 1.160164
v 0.000000 0.785653 1.160164
v -0.118417 0.688471 1.160164
v 0.118685 0.649448 1.160164
v 0.023555 0.783333 1.160164
v -0.111546 0.711120 1.160164
v 0.000000 0.649448 1.181784
v 0.000000 0.649448 1.160164
v -0.118686 0.542068 0.740358
v -0.137633 0.542068 0.740358
v 0.137633 0.542068 0.740358
v 0.118686 0.542068 0.740358
v -0.118685 0.542068 1.160164
v 0.000000 0.542068 1.160164
v 0.000000 0.542068 1.181784
v 0.118685 0.542068 1.160164
v -0.137633 0.542068 1.181784
v 0.137633 0.542068 1.181784
v -0.118417 0.688470 0.292081
v -0.111546 0.711120 0.292081
v -0.100389 0.731993 0.292081
v -0.085374 0.750289 0.292081
v -0.067078 0.765305 0.292081
v -0.046204 0.776462 0.292081
v -0.023554 0.783332 0.292081
v 0.000000 0.785652 0.292081
v 0.023555 0.783332 0.292081
v 0.046204 0.776462 0.292081
v 0.067078 0.765305 0.292081
v 0.085374 0.750289 0.292081
v -0.137356 0.691292 0.292081
v -0.130677 0.717826 0.292081
v -0.117606 0.742280 0.292081
v -0.100812 0.764087 0.292081
v -0.079208 0.781818 0.292081
v -0.053724 0.794096 0.292081
v -0.027039 0.801331 0.292081
v 0.000000 0.803994 0.292081
v 0.027039 0.801331 0.292081
v 0.053724 0.794096 0.292081
v 0.079208 0.781817 0.292081
v 0.100812 0.764087 0.292081
v -0.137633 0.542068 0.292082
v -0.118686 0.542068 0.292082
v -0.118537 0.670958 0.417171
v -0.137491 0.670958 0.417171
v -0.118537 0.670958 0.561953
v -0.137491 0.670958 0.561953
v -0.118686 0.619715 0.417171
v -0.137633 0.619715 0.417171
v -0.118686 0.619715 0.561953
v -0.137633 0.619715 0.561953
v -0.118686 0.649448 0.561953
v -0.137633 0.649448 0.561953
v -0.118465 0.681410 0.406213
v -0.137421 0.681410 0.406213
v -0.118686 0.609263 0.406213
v -0.137633 0.609263 0.406213
v -0.118446 0.684171 0.395255
v -0.137403 0.684170 0.395255
v -0.118686 0.606502 0.395255
v -0.137633 0.606502 0.395255
v -0.118446 0.684171 0.384297
v -0.137403 0.684170 0.384297
v -0.118686 0.606502 0.384297
v -0.137633 0.606502 0.384297
v -0.118465 0.681410 0.373340
v -0.137421 0.681410 0.373340
v -0.118537 0.670958 0.362382
v -0.137491 0.670958 0.362382
v -0.118686 0.619715 0.362382
v -0.137633 0.619715 0.362382
v -0.118686 0.609263 0.373340
v -0.137633 0.609263 0.373340
v -0.137491 0.670958 0.292082
v -0.118537 0.670958 0.292082
v -0.118686 0.619715 0.292082
v -0.137633 0.619715 0.292082
v 0.027039 0.801331 0.388193
v 0.067078 0.765305 0.388193
v 0.000000 0.803994 0.388193
v 0.046204 0.776462 0.388193
v -0.027039 0.801331 0.388193
v 0.023555 0.783333 0.388193
v 0.100812 0.764087 0.388193
v 0.085374 0.750289 0.388193
v -0.079208 0.781818 0.388193
v -0.053724 0.794096 0.388193
v 0.000000 0.785652 0.388193
v -0.023554 0.783333 0.388193
v 0.053724 0.794096 0.388193
v 0.079208 0.781818 0.388193
v -0.118417 0.688470 0.388193
v -0.111546 0.711120 0.388193
v -0.100389 0.731994 0.388193
v -0.137356 0.691292 0.388193
v -0.085374 0.750290 0.388193
v -0.130677 0.717826 0.388193
v -0.067078 0.765305 0.388193
v -0.117606 0.742280 0.388193
v -0.046204 0.776462 0.388193
v -0.100812 0.764087 0.388193
v -0.137633 0.542068 0.389866
v -0.118686 0.542068 0.389866
v -0.137633 0.590320 0.292082
v -0.118686 0.590320 0.292082
v -0.137633 0.590320 0.053329
v -0.137633 0.542068 0.053329
v -0.118686 0.542068 0.053329
v -0.118686 0.590320 0.053329
v -0.127677 0.670083 0.244667
v -0.136591 0.622527 0.244667
v -0.136591 0.670083 0.244667
v -0.127677 0.622527 0.244667
v -0.127677 0.670083 0.472663
v -0.136591 0.622527 0.563585
v -0.136591 0.670083 0.472663
v -0.127677 0.622527 0.563585
v -0.136591 0.622527 0.362700
v -0.127677 0.622527 0.362700
v -0.136591 0.670083 0.362700
v -0.127677 0.670083 0.362700
v -0.136591 0.622527 0.415819
v -0.136591 0.670083 0.415819
v -0.127677 0.622527 0.415819
v -0.127677 0.670083 0.415819
v -0.127677 0.614240 0.407284
v -0.127677 0.609869 0.395343
v -0.127677 0.609869 0.383402
v -0.127677 0.614240 0.371461
v -0.127677 0.678370 0.407284
v -0.127677 0.682741 0.395343
v -0.127677 0.682741 0.383402
v -0.127677 0.678370 0.371461
v -0.136591 0.614240 0.371461
v -0.136591 0.609869 0.383402
v -0.136591 0.609869 0.395343
v -0.136591 0.614240 0.407284
v -0.136591 0.678370 0.371461
v -0.136591 0.682741 0.383402
v -0.136591 0.682741 0.395343
v -0.136591 0.678370 0.407284
v -0.127677 0.645294 0.495370
v -0.136591 0.645294 0.495370
v -0.127677 0.645294 0.563585
v -0.136591 0.645294 0.563585
v -0.127677 0.661558 0.475690
v -0.127677 0.654794 0.480326
v -0.127677 0.649164 0.487044
v -0.136591 0.649164 0.487044
v -0.136591 0.654794 0.480326
v -0.136591 0.661558 0.475690
v 0.000000 0.764890 1.403341
v -0.006166 0.764711 1.403964
v -0.012062 0.764182 1.405806
v -0.017432 0.763326 1.408785
v -0.022039 0.762179 1.412772
v -0.025683 0.760794 1.417593
v -0.028205 0.759229 1.423036
v -0.029494 0.757553 1.428864
v -0.029494 0.678844 1.688839
v -0.028205 0.677169 1.694667
v -0.025683 0.675604 1.700110
v -0.022039 0.674218 1.704931
v -0.017432 0.673072 1.708918
v -0.012062 0.672216 1.711897
v -0.006166 0.671686 1.713739
v 0.000000 0.671507 1.714362
v 0.006166 0.671686 1.713739
v 0.012062 0.672216 1.711897
v 0.017432 0.673072 1.708918
v 0.022039 0.674218 1.704931
v 0.025683 0.675604 1.700110
v 0.028205 0.677169 1.694667
v 0.029494 0.678844 1.688839
v 0.029494 0.757553 1.428864
v 0.028205 0.759229 1.423036
v 0.025683 0.760794 1.417593
v 0.022039 0.762179 1.412772
v 0.017432 0.763326 1.408785
v 0.012062 0.764182 1.405806
v 0.006166 0.764711 1.403964
v 0.148838 0.383740 0.609187
v 0.148838 0.376466 0.591624
v 0.148838 0.378356 0.582120
v 0.148838 0.378356 0.601129
v 0.148838 0.424248 0.601129
v 0.148838 0.424248 0.582120
v 0.148838 0.401302 0.566788
v 0.148838 0.410807 0.568678
v 0.148838 0.418864 0.574062
v 0.148838 0.383740 0.574062
v 0.148838 0.391798 0.568678
v 0.148838 0.426139 0.591624
v 0.148838 0.410807 0.614571
v 0.148838 0.418864 0.609187
v 0.148838 0.391798 0.614571
v 0.148838 0.401302 0.616461
v -0.141425 0.646085 0.373364
v -0.141425 0.640031 0.374568
v -0.141425 0.652140 0.374568
v -0.141425 0.657272 0.377998
v -0.141425 0.634898 0.377998
v -0.141425 0.631469 0.383130
v -0.141425 0.630264 0.389185
v -0.141425 0.660702 0.383130
v -0.141425 0.631469 0.395239
v -0.141425 0.660702 0.395239
v -0.141425 0.661906 0.389185
v -0.141425 0.634898 0.400372
v -0.141425 0.640031 0.403802
v -0.141425 0.657272 0.400372
v -0.141425 0.652140 0.403802
v -0.141425 0.646085 0.405006
v -0.135493 0.734004 -0.122441
v -0.102932 0.774564 -0.122441
v -0.058016 0.803882 -0.122441
v -0.029424 0.811861 -0.122441
v -0.148838 0.709854 -0.122441
v -0.118801 0.758154 -0.122441
v -0.084051 0.790973 -0.122441
v -0.084051 0.651776 1.736821
v -0.118801 0.619804 1.729410
v -0.148838 0.572752 1.718503
v -0.029424 0.672123 1.741538
v -0.058016 0.664351 1.739736
v -0.102932 0.635790 1.733115
v -0.135493 0.596278 1.723956
v -0.084051 0.669778 1.687944
v -0.118801 0.637544 1.681773
v -0.148838 0.590106 1.672692
v -0.058016 0.682457 1.690371
v -0.102932 0.653661 1.684859
v -0.135493 0.613825 1.677232
v -0.084051 0.692113 1.620934
v -0.118801 0.659666 1.616005
v -0.148838 0.611914 1.608752
v -0.058016 0.704876 1.622873
v -0.102932 0.675889 1.618470
v -0.135493 0.635790 1.612378
v -0.084051 0.721943 1.524888
v -0.118801 0.689342 1.521111
v -0.148838 0.641363 1.515552
v -0.058016 0.734766 1.526374
v -0.102932 0.705642 1.522999
v -0.135493 0.665352 1.518331
v -0.084051 0.747517 1.431033
v -0.118801 0.714827 1.428126
v -0.148838 0.666717 1.423850
v -0.058016 0.760376 1.432176
v -0.102932 0.731172 1.429579
v -0.135493 0.690772 1.425988
v -0.084051 0.769363 1.338505
v -0.118801 0.736604 1.336514
v -0.148838 0.688393 1.333584
v -0.029424 0.790212 1.339772
v -0.058016 0.782248 1.339288
v -0.102932 0.752984 1.337509
v -0.135493 0.712499 1.335049
v -0.084051 0.783254 1.260113
v -0.118801 0.750449 1.259159
v -0.148838 0.702169 1.257754
v -0.029424 0.804132 1.260721
v -0.058016 0.796158 1.260489
v -0.102932 0.766851 1.259636
v -0.135493 0.726309 1.258456
v -0.084051 0.790974 1.182445
v -0.118801 0.758155 1.182445
v -0.148838 0.709855 1.182445
v -0.029424 0.811861 1.182445
v -0.058016 0.803883 1.182445
v -0.102932 0.774564 1.182445
v -0.135493 0.734005 1.182445
v -0.029490 0.254963 -0.122441
v -0.148838 0.312380 -0.122441
v -0.118801 0.285193 -0.122441
v -0.084374 0.266720 -0.122441
v -0.133820 0.297338 -0.122441
v -0.102082 0.275011 -0.122441
v -0.057107 0.259659 -0.122441
v -0.148838 0.312380 1.698650
v -0.133820 0.297339 1.694642
v -0.102082 0.275011 1.688684
v -0.118801 0.285194 1.691400
v -0.118801 0.599989 1.775350
v -0.135493 0.576680 1.769134
v -0.148838 0.553372 1.762918
v -0.029424 0.651827 1.789174
v -0.058016 0.644127 1.787120
v -0.084051 0.631666 1.783797
v -0.102932 0.615828 1.779574
v -0.012252 0.810992 1.214787
v -0.024504 0.810992 -0.122441
v -0.024504 0.810992 1.203395
v -0.012252 0.810992 -0.122441
v 0.135493 0.734004 -0.122441
v 0.102932 0.774564 -0.122441
v 0.058016 0.803882 -0.122441
v 0.029424 0.811861 -0.122441
v 0.148838 0.709854 -0.122441
v 0.118801 0.758154 -0.122441
v 0.084051 0.790973 -0.122441
v 0.084051 0.651776 1.736821
v 0.118801 0.619804 1.729410
v 0.148838 0.572752 1.718503
v 0.029424 0.672123 1.741538
v 0.058016 0.664351 1.739736
v 0.000000 0.674753 1.742147
v 0.102932 0.635790 1.733115
v 0.135493 0.596278 1.723956
v 0.084051 0.669778 1.687944
v 0.118801 0.637544 1.681773
v 0.148838 0.590106 1.672692
v 0.058016 0.682457 1.690371
v 0.102932 0.653661 1.684859
v 0.135493 0.613825 1.677232
v 0.084051 0.692113 1.620934
v 0.118801 0.659666 1.616005
v 0.148838 0.611914 1.608752
v 0.058016 0.704876 1.622873
v 0.102932 0.675889 1.618470
v 0.135493 0.635790 1.612378
v 0.084051 0.721943 1.524888
v 0.118801 0.689342 1.521111
v 0.148838 0.641363 1.515552
v 0.058016 0.734766 1.526374
v 0.102932 0.705642 1.522999
v 0.135493 0.665352 1.518331
v 0.084051 0.747517 1.431033
v 0.118801 0.714827 1.428126
v 0.148838 0.666717 1.423850
v 0.058016 0.760376 1.432176
v 0.102932 0.731172 1.429579
v 0.135493 0.690772 1.425988
v 0.084051 0.769363 1.338505
v 0.118801 0.736604 1.336514
v 0.148838 0.688393 1.333584
v 0.029424 0.790212 1.339772
v 0.058016 0.782248 1.339288
v 0.000000 0.792906 1.339936
v 0.102932 0.752984 1.337509
v 0.135493 0.712499 1.335049
v 0.084051 0.783254 1.260113
v 0.118801 0.750449 1.259159
v 0.148838 0.702169 1.257754
v 0.029424 0.804132 1.260721
v 0.058016 0.796158 1.260489
v 0.000000 0.806830 1.260799
v 0.102932 0.766851 1.259636
v 0.135493 0.726309 1.258456
v 0.084051 0.790974 1.182445
v 0.118801 0.758155 1.182445
v 0.148838 0.709855 1.182445
v 0.029424 0.811861 1.182445
v 0.058016 0.803883 1.182445
v 0.102932 0.774564 1.182445
v 0.135493 0.734005 1.182445
v 0.029424 0.254963 -0.122441
v 0.148838 0.312380 -0.122441
v 0.118801 0.285193 -0.122441
v 0.084374 0.266720 -0.122441
v 0.133820 0.297338 -0.122441
v 0.000000 0.252295 -0.122441
v 0.102127 0.275011 -0.122441
v 0.057107 0.259659 -0.122441
v 0.148838 0.312380 1.698650
v 0.133820 0.297339 1.694642
v 0.102127 0.275011 1.688684
v 0.118801 0.285194 1.691400
v 0.118801 0.599989 1.775350
v 0.135493 0.576680 1.769134
v 0.148838 0.553372 1.762918
v 0.000000 0.654432 1.789868
v 0.029424 0.651827 1.789174
v 0.058016 0.644127 1.787120
v 0.084051 0.631666 1.783797
v 0.102932 0.615828 1.779574
v 0.012252 0.810992 1.214787
v 0.024504 0.810992 -0.122441
v 0.024504 0.810992 1.203395
v 0.000000 0.810992 -0.122441
v 0.000000 0.810992 1.218610
v 0.012252 0.810992 -0.122441
v 0.024504 0.810992 1.182420
v 0.012252 0.810992 1.182420
v 0.000000 0.810992 1.182420
v -0.012252 0.810992 1.182420
v -0.024504 0.810992 1.182420
v -0.129168 0.329939 1.703332
v -0.116135 0.317313 1.699965
v -0.102082 0.306345 1.697040
v -0.103101 0.579538 1.769896
v -0.117587 0.559310 1.764501
v -0.129168 0.539082 1.759107
v -0.025536 0.624526 1.781893
v -0.050349 0.617843 1.780111
v -0.072943 0.607029 1.777227
v -0.089329 0.593284 1.773561
v 0.129168 0.329939 1.703332
v 0.116135 0.317313 1.699965
v 0.102127 0.306345 1.697040
v 0.103101 0.579538 1.769896
v 0.117587 0.559310 1.764501
v 0.129168 0.539082 1.759107
v -0.000000 0.626786 1.782496
v 0.025536 0.624526 1.781893
v 0.050349 0.617843 1.780111
v 0.072943 0.607029 1.777227
v 0.089329 0.593284 1.773561
v -0.129168 0.339543 1.675084
v -0.116135 0.326918 1.671717
v -0.000000 0.316098 1.668839
v 0.148838 0.312380 0.056115
v -0.102082 0.316098 1.668792
v 0.118801 0.285193 0.056115
v -0.103101 0.589143 1.741647
v -0.117587 0.568914 1.736253
v -0.129168 0.548687 1.730858
v -0.025536 0.634130 1.753644
v -0.050349 0.627447 1.751862
v -0.072943 0.616634 1.748978
v -0.089329 0.602888 1.745313
v 0.129168 0.339543 1.675084
v 0.116135 0.326918 1.671717
v -0.102082 0.275011 0.056115
v 0.102127 0.316098 1.668792
v -0.118801 0.285193 0.039626
v 0.103101 0.589143 1.741647
v 0.117587 0.568914 1.736253
v 0.129168 0.548687 1.730858
v -0.000000 0.636391 1.754247
v 0.025536 0.634130 1.753644
v 0.050349 0.627447 1.751862
v 0.072943 0.616634 1.748978
v 0.089329 0.602888 1.745313
v -0.148489 0.646085 0.405006
v -0.148489 0.652140 0.403802
v -0.148489 0.657272 0.400372
v -0.148489 0.640031 0.403802
v -0.148489 0.634898 0.400372
v -0.148489 0.661906 0.389185
v -0.148489 0.660702 0.395239
v -0.148489 0.631469 0.395239
v -0.148489 0.660702 0.383130
v -0.148489 0.630264 0.389185
v -0.148489 0.631469 0.383130
v -0.148489 0.634898 0.377998
v -0.148489 0.657272 0.377998
v -0.148489 0.652140 0.374568
v -0.148489 0.640031 0.374568
v -0.148489 0.646085 0.373364
v -0.141425 0.646085 0.389185
v -0.148838 0.610944 1.364996
v -0.148838 0.560106 1.354884
v -0.148838 0.557733 1.342956
v -0.148838 0.620073 1.342956
v -0.148838 0.617700 1.354884
v -0.148838 0.617700 1.331028
v -0.148838 0.560106 1.331028
v -0.148838 0.566863 1.320916
v -0.148838 0.610944 1.320916
v -0.148838 0.600831 1.314159
v -0.148838 0.576975 1.314159
v -0.148838 0.588903 1.311786
v -0.148838 0.600831 1.371753
v -0.148838 0.588903 1.374126
v -0.148838 0.576975 1.371753
v -0.148838 0.566863 1.364996
v 0.148838 0.576975 1.371753
v 0.148838 0.588903 1.374126
v 0.148838 0.600831 1.371753
v 0.148838 0.588903 1.311786
v 0.148838 0.576975 1.314159
v 0.148838 0.600831 1.314159
v 0.148838 0.610944 1.320916
v 0.148838 0.566863 1.320916
v 0.148838 0.560106 1.331028
v 0.148838 0.617700 1.331028
v 0.148838 0.617700 1.354884
v 0.148838 0.620073 1.342956
v 0.148838 0.557733 1.342956
v 0.148838 0.560106 1.354884
v 0.148838 0.610944 1.364996
v 0.148838 0.566863 1.364996
v 0.148838 0.394364 1.459647
v 0.148838 0.392473 1.450142
v 0.148838 0.440256 1.440638
v 0.148838 0.394364 1.440638
v 0.148838 0.417310 1.425306
v 0.148838 0.426815 1.427196
v 0.148838 0.417310 1.474979
v 0.148838 0.426815 1.473089
v 0.148838 0.407806 1.473089
v 0.148838 0.434872 1.467705
v 0.148838 0.440256 1.459647
v 0.148838 0.399748 1.432580
v 0.148838 0.407806 1.427196
v 0.148838 0.442147 1.450142
v 0.148838 0.399748 1.467705
v 0.148838 0.434872 1.432580
v -0.148838 0.394364 1.459647
v -0.148838 0.392473 1.450142
v -0.148838 0.440256 1.440638
v -0.148838 0.394364 1.440638
v -0.148838 0.417310 1.425306
v -0.148838 0.426815 1.427196
v -0.148838 0.417310 1.474979
v -0.148838 0.426815 1.473089
v -0.148838 0.407806 1.473089
v -0.148838 0.434872 1.467704
v -0.148838 0.440256 1.459647
v -0.148838 0.399748 1.432580
v -0.148838 0.442147 1.450142
v -0.148838 0.407806 1.427196
v -0.148838 0.399748 1.467704
v -0.148838 0.434872 1.432580
v 0.141428 0.566863 1.364996
v 0.141428 0.610944 1.364996
v 0.141428 0.560106 1.354884
v 0.141428 0.557733 1.342956
v 0.141428 0.620073 1.342956
v 0.141428 0.617700 1.354884
v 0.141428 0.617700 1.331028
v 0.141428 0.560106 1.331028
v 0.141428 0.566863 1.320916
v 0.141428 0.610944 1.320916
v 0.141428 0.600831 1.314159
v 0.141428 0.576975 1.314159
v 0.141428 0.588903 1.311786
v 0.141428 0.600831 1.371753
v 0.141428 0.588903 1.374126
v 0.141428 0.576975 1.371753
v -0.141428 0.566863 1.364996
v -0.141428 0.576975 1.371753
v -0.141428 0.588903 1.374126
v -0.141428 0.600831 1.371753
v -0.141428 0.588903 1.311786
v -0.141428 0.576975 1.314159
v -0.141428 0.600831 1.314159
v -0.141428 0.610944 1.320916
v -0.141428 0.566863 1.320916
v -0.141428 0.560106 1.331028
v -0.141428 0.617700 1.331028
v -0.141428 0.617700 1.354884
v -0.141428 0.620073 1.342956
v -0.141428 0.557733 1.342956
v -0.141428 0.560106 1.354884
v -0.141428 0.610944 1.364996
v 0.141364 0.383740 0.609187
v 0.141364 0.376466 0.591624
v 0.141364 0.378356 0.582120
v 0.141364 0.378356 0.601129
v 0.141364 0.424248 0.601129
v 0.141364 0.424248 0.582120
v 0.141364 0.401302 0.566788
v 0.141364 0.410807 0.568678
v 0.141364 0.418864 0.574062
v 0.141364 0.383740 0.574062
v 0.141364 0.391798 0.568678
v 0.141364 0.426139 0.591624
v 0.141364 0.410807 0.614571
v 0.141364 0.418864 0.609187
v 0.141364 0.391798 0.614571
v 0.141364 0.401302 0.616461
v 0.141364 0.401302 0.591624
v -0.135493 0.734004 0.029545
v -0.118801 0.758154 0.029545
v -0.102932 0.774564 0.029545
v -0.084051 0.790973 0.029545
v -0.058016 0.803882 0.029545
v -0.029424 0.811861 0.029545
v -0.148838 0.709854 0.029545
v -0.012252 0.810992 0.029545
v 0.000000 0.810992 0.029545
v 0.135493 0.734004 0.029545
v 0.118801 0.758154 0.029545
v 0.102932 0.774564 0.029545
v 0.084051 0.790973 0.029545
v 0.058016 0.803882 0.029545
v 0.029424 0.811861 0.029545
v 0.148838 0.709854 0.029545
v 0.012252 0.810992 0.029545
v 0.024504 0.810992 0.029545
v -0.024504 0.810992 0.029545
v 0.000000 0.252295 0.039626
v -0.029490 0.254963 0.039626
v -0.084374 0.266720 0.039626
v -0.148838 0.312380 0.039626
v -0.133820 0.297338 0.039626
v -0.102082 0.275011 0.039626
v -0.057107 0.259659 0.039626
v 0.029424 0.254963 0.039626
v 0.084374 0.266720 0.039626
v 0.118801 0.285193 0.039626
v 0.148838 0.312380 0.039626
v 0.133820 0.297338 0.039626
v 0.102127 0.275011 0.039626
v 0.057107 0.259659 0.039626
v -0.118801 0.758154 0.753284
v -0.084051 0.790974 0.753284
v -0.058016 0.803883 0.753284
v -0.029424 0.811861 0.753284
v 0.118801 0.758154 0.753284
v 0.084051 0.790974 0.753284
v 0.058016 0.803883 0.753284
v 0.029424 0.811861 0.753284
v 0.024504 0.810992 0.753284
v -0.024504 0.810992 0.753284
v -0.135493 0.734004 0.753284
v -0.102932 0.774564 0.753284
v -0.148838 0.709855 0.753284
v -0.012252 0.810992 0.753284
v 0.000000 0.810992 0.753284
v 0.135493 0.734004 0.753284
v 0.102932 0.774564 0.753284
v 0.148838 0.709855 0.753284
v 0.012252 0.810992 0.753284
v -0.118801 0.285193 0.753284
v -0.148838 0.312380 0.753284
v -0.133820 0.297338 0.753284
v -0.102082 0.275011 0.753284
v 0.118801 0.285193 0.753284
v 0.148838 0.312380 0.753284
v 0.133820 0.297338 0.753284
v 0.102127 0.275011 0.753284
v 0.148838 0.402209 0.753284
v 0.148838 0.625824 0.753284
v -0.118801 0.285194 1.221257
v -0.148838 0.312380 1.221257
v -0.133820 0.297339 1.221257
v -0.102082 0.275011 1.221257
v 0.118801 0.285194 1.221257
v 0.148838 0.312380 1.221257
v 0.133820 0.297339 1.221257
v 0.102127 0.275011 1.221257
v 0.133820 0.297338 0.056115
v 0.102127 0.275011 0.056115
v -0.095448 0.271915 0.044413
v 0.095448 0.271915 0.044413
v -0.000000 0.316098 0.753650
v -0.000000 0.316098 1.221603
v 0.102127 0.316098 1.221555
v -0.102082 0.316098 1.221555
v -0.118801 0.316098 0.753284
v 0.118801 0.316098 0.753284
v -0.118801 0.316098 1.221257
v 0.118801 0.316098 1.221257
v 0.126217 0.728255 0.019748
v 0.095437 0.766660 0.019748
v 0.054059 0.793564 0.019748
v 0.028869 0.800461 0.019748
v 0.136254 0.706986 0.019748
v 0.110284 0.751171 0.019748
v 0.077867 0.781695 0.019748
v 0.029555 0.269532 0.019749
v 0.084374 0.281409 0.019749
v 0.102127 0.289223 0.019749
v 0.057107 0.274340 0.019749
v 0.029465 0.269532 0.038804
v 0.084374 0.281409 0.038804
v 0.057107 0.274340 0.038804
v 0.102127 0.289223 0.056731
v 0.095448 0.286268 0.044154
v 0.136254 0.316112 0.019749
v 0.136254 0.316112 0.056731
v 0.118803 0.299513 0.056731
v 0.118803 0.299513 0.019749
v 0.102127 0.289223 0.752824
v 0.108600 0.752928 0.060711
v 0.136254 0.316112 0.752824
v 0.118803 0.299513 0.752824
v 0.126217 0.728256 0.752824
v 0.095437 0.766660 0.752824
v 0.054059 0.793564 0.752824
v 0.028869 0.800461 0.752824
v 0.136254 0.706986 0.752824
v 0.110284 0.751172 0.752824
v 0.077867 0.781695 0.752824
v -0.126217 0.728255 0.019748
v -0.095437 0.766660 0.019748
v -0.054059 0.793564 0.019748
v -0.028869 0.800461 0.019748
v -0.136254 0.706986 0.019748
v -0.110284 0.751171 0.019748
v -0.077867 0.781695 0.019748
v -0.029490 0.269532 0.019749
v -0.084374 0.281409 0.019749
v 0.000000 0.266894 0.019749
v -0.102082 0.289223 0.019749
v -0.057107 0.274340 0.019749
v 0.000000 0.803640 0.019748
v 0.000000 0.266894 0.038804
v -0.029490 0.269532 0.038804
v -0.084374 0.281409 0.038804
v -0.057107 0.274340 0.038804
v -0.102082 0.289223 0.056731
v -0.095448 0.286268 0.044154
v -0.136254 0.316112 0.019749
v -0.118803 0.299513 0.019749
v -0.102082 0.289223 0.752824
v -0.136254 0.316112 0.752824
v -0.118803 0.299513 0.752824
v -0.126217 0.728256 0.752824
v -0.095437 0.766660 0.752824
v -0.054059 0.793564 0.752824
v -0.028869 0.800461 0.752824
v -0.136254 0.706986 0.752824
v -0.110284 0.751172 0.752824
v -0.077867 0.781695 0.752824
v 0.000000 0.803640 0.752824
v -0.000000 0.339903 0.753650
v 0.136254 0.339917 0.752824
v -0.136254 0.339917 0.752824
v -0.000000 0.339903 1.658985
v 0.136254 0.339917 1.658985
v -0.136254 0.339917 1.658985
v 0.126217 0.728256 1.181167
v 0.095437 0.766660 1.181167
v 0.054059 0.793564 1.181167
v 0.028869 0.800461 1.181167
v 0.136254 0.706987 1.181167
v 0.110284 0.751172 1.181167
v 0.077867 0.781695 1.181167
v -0.126217 0.728256 1.181167
v -0.095437 0.766660 1.181167
v -0.054059 0.793564 1.181167
v -0.028869 0.800461 1.181167
v -0.136254 0.706987 1.181167
v -0.110284 0.751172 1.181167
v -0.077867 0.781695 1.181167
v 0.000000 0.803640 1.181167
v -0.110284 0.659704 1.539530
v -0.110284 0.701305 1.420076
v -0.110284 0.732735 1.300622
v 0.077867 0.763242 1.300622
v 0.077867 0.731794 1.420076
v 0.077867 0.690176 1.539530
v 0.095437 0.675167 1.539530
v 0.095437 0.716776 1.420076
v 0.095437 0.748215 1.300622
v -0.095437 0.748215 1.300622
v -0.095437 0.716776 1.420076
v -0.095437 0.675167 1.539530
v -0.077867 0.690176 1.539530
v -0.077867 0.731794 1.420076
v -0.077867 0.763242 1.300622
v 0.126217 0.582245 1.658985
v 0.095437 0.620563 1.658985
v 0.054059 0.647406 1.658985
v 0.028869 0.654288 1.658985
v 0.136254 0.561024 1.658985
v 0.110284 0.605110 1.658985
v 0.077867 0.635564 1.658985
v -0.126217 0.582245 1.658985
v -0.095437 0.620563 1.658985
v -0.054059 0.647406 1.658985
v -0.028869 0.654288 1.658985
v -0.136254 0.561024 1.658985
v -0.110284 0.605110 1.658985
v -0.077867 0.635564 1.658985
v -0.000000 0.657460 1.658985
v -0.126217 0.636827 1.539530
v -0.126217 0.678415 1.420076
v -0.126217 0.709832 1.300622
v 0.126217 0.709832 1.300622
v 0.126217 0.678415 1.420076
v 0.126217 0.636827 1.539530
v 0.110284 0.659704 1.539530
v 0.110284 0.701305 1.420076
v 0.110284 0.732735 1.300622
v -0.136254 0.615594 1.539530
v -0.136254 0.657169 1.420076
v -0.136254 0.688575 1.300622
v 0.136254 0.688575 1.300622
v 0.136254 0.657169 1.420076
v 0.136254 0.615594 1.539530
v -0.028869 0.781997 1.300622
v -0.028869 0.750539 1.420076
v -0.028869 0.708911 1.539530
v -0.054059 0.702025 1.539530
v -0.054059 0.743649 1.420076
v -0.054059 0.775104 1.300622
v 0.054059 0.775104 1.300622
v 0.054059 0.743649 1.420076
v 0.054059 0.702025 1.539530
v 0.028869 0.708911 1.539530
v 0.028869 0.750539 1.420076
v 0.028869 0.781997 1.300622
v -0.000000 0.785174 1.300622
v -0.000000 0.753714 1.420076
v -0.000000 0.712084 1.539530
v 0.141428 0.394364 1.459647
v 0.141428 0.392473 1.450142
v 0.141428 0.440256 1.440638
v 0.141428 0.394364 1.440638
v 0.141428 0.417310 1.425306
v 0.141428 0.426815 1.427196
v 0.141428 0.417310 1.474979
v 0.141428 0.426815 1.473089
v 0.141428 0.407806 1.473089
v 0.141428 0.434872 1.467705
v 0.141428 0.440256 1.459647
v 0.141428 0.399748 1.432580
v 0.141428 0.407806 1.427196
v 0.141428 0.442147 1.450142
v 0.141428 0.399748 1.467705
v 0.141428 0.434872 1.432580
v -0.141428 0.394364 1.459647
v -0.141428 0.392473 1.450142
v -0.141428 0.440256 1.440638
v -0.141428 0.394364 1.440638
v -0.141428 0.417310 1.425306
v -0.141428 0.426815 1.427196
v -0.141428 0.417310 1.474979
v -0.141428 0.426815 1.473089
v -0.141428 0.407806 1.473089
v -0.141428 0.434872 1.467704
v -0.141428 0.440256 1.459647
v -0.141428 0.399748 1.432580
v -0.141428 0.442147 1.450142
v -0.141428 0.407806 1.427196
v -0.141428 0.399748 1.467704
v -0.141428 0.434872 1.432580
v -0.136254 0.339917 1.531623
v -0.000000 0.339903 1.531714
v 0.136254 0.339917 1.531623
v -0.000000 0.339903 1.169530
v 0.136254 0.339917 1.169071
v -0.136254 0.339917 1.169071
v -0.136254 0.339917 1.289922
v -0.136254 0.339917 1.410772
v -0.000000 0.339903 1.410986
v -0.000000 0.339903 1.290258
v 0.136254 0.339917 1.410772
v 0.136254 0.339917 1.289922
v 0.090138 0.574786 -0.122441
v 0.090138 0.574786 0.019749
v 0.070821 0.558933 -0.122441
v -0.070821 0.558933 -0.122441
v -0.090138 0.574786 -0.122441
v -0.090138 0.574786 0.019749
v 0.117771 0.713706 0.019748
v 0.024869 0.789948 -0.122441
v -0.024869 0.789948 -0.122441
v 0.000000 0.792398 -0.122441
v 0.127474 0.664924 -0.122441
v 0.125024 0.640055 -0.122441
v 0.125025 0.689793 -0.122441
v 0.117770 0.616142 -0.122441
v 0.105991 0.594103 -0.122441
v 0.048782 0.547153 -0.122441
v 0.024869 0.539899 -0.122441
v 0.000000 0.537450 -0.122441
v -0.024869 0.539899 -0.122441
v -0.048782 0.547153 -0.122441
v -0.105991 0.594103 -0.122441
v -0.117770 0.616142 -0.122441
v -0.127474 0.664924 -0.122441
v -0.125025 0.689793 -0.122441
v -0.125024 0.640055 -0.122441
v 0.117771 0.713706 -0.122441
v -0.117771 0.713706 -0.122441
v -0.105991 0.735744 -0.122441
v 0.105991 0.735744 -0.122441
v 0.090138 0.755062 -0.122441
v -0.090138 0.755062 -0.122441
v 0.070821 0.770914 -0.122441
v -0.070821 0.770914 -0.122441
v -0.048782 0.782694 -0.122441
v 0.048782 0.782694 -0.122441
v 0.127474 0.664924 0.019749
v 0.125024 0.640055 0.019749
v 0.125025 0.689793 0.019749
v 0.117770 0.616142 0.019749
v 0.105991 0.594103 0.019749
v 0.070821 0.558933 0.019749
v 0.048782 0.547153 0.019749
v 0.024869 0.539899 0.019749
v 0.000000 0.537450 0.019749
v -0.024869 0.539899 0.019749
v -0.048782 0.547153 0.019749
v -0.070821 0.558933 0.019749
v -0.105991 0.594103 0.019749
v -0.117770 0.616142 0.019749
v -0.127474 0.664924 0.019749
v -0.125025 0.689793 0.019749
v -0.125024 0.640055 0.019749
v -0.117771 0.713706 0.019748
v -0.105991 0.735745 0.019748
v 0.105991 0.735745 0.019748
v 0.090138 0.755062 0.019748
v -0.090138 0.755062 0.019748
v 0.070821 0.770914 0.019748
v -0.070821 0.770915 0.019748
v -0.048782 0.782694 0.019748
v 0.048782 0.782694 0.019748
v 0.024869 0.789948 0.019748
v -0.024869 0.789948 0.019748
v 0.000000 0.792398 0.019748
v -0.136254 0.338056 0.019749
v 0.136254 0.338056 0.019749
v 0.136254 0.338056 0.056731
v 0.097446 0.351348 0.019749
v -0.097446 0.351348 0.019749
v 0.136254 0.545917 0.019749
v 0.103448 0.371134 -0.122441
v 0.105475 0.391711 -0.122441
v 0.074582 0.317129 -0.122441
v 0.058599 0.304012 -0.122441
v -0.000000 0.286236 -0.122441
v 0.020577 0.288263 -0.122441
v 0.040363 0.294265 -0.122441
v 0.087699 0.333112 -0.122441
v 0.103448 0.412288 -0.122441
v 0.097446 0.351348 -0.122441
v 0.097446 0.432075 0.019749
v 0.087699 0.450310 0.019749
v -0.087699 0.450310 0.019749
v -0.020577 0.288263 -0.122441
v -0.040364 0.294265 -0.122441
v -0.058599 0.304012 -0.122441
v -0.087699 0.333112 -0.122441
v -0.074582 0.317129 -0.122441
v -0.097446 0.351348 -0.122441
v -0.103448 0.412288 -0.122441
v -0.105475 0.391711 -0.122441
v -0.103448 0.371134 -0.122441
v 0.097446 0.432075 -0.122441
v 0.087699 0.450310 -0.122441
v -0.087699 0.450310 -0.122441
v -0.097446 0.432075 -0.122441
v 0.074582 0.466293 -0.122441
v -0.058599 0.479410 -0.122441
v -0.074582 0.466293 -0.122441
v 0.058599 0.479410 -0.122441
v 0.040363 0.489157 -0.122441
v 0.020577 0.495159 -0.122441
v -0.020577 0.495159 -0.122441
v -0.040364 0.489157 -0.122441
v -0.000000 0.497186 -0.122441
v 0.103448 0.412288 0.019749
v 0.105475 0.391711 0.019749
v 0.103448 0.371134 0.019749
v 0.087699 0.333112 0.019749
v 0.074582 0.317129 0.019749
v 0.058599 0.304012 0.019749
v 0.040363 0.294265 0.019749
v 0.020577 0.288263 0.019749
v -0.000000 0.286236 0.019749
v -0.020577 0.288263 0.019749
v -0.040364 0.294265 0.019749
v -0.058599 0.304012 0.019749
v -0.074582 0.317129 0.019749
v -0.087699 0.333112 0.019749
v -0.103448 0.412288 0.019749
v -0.105475 0.391711 0.019749
v -0.103448 0.371134 0.019749
v -0.097446 0.432075 0.019749
v 0.058599 0.479410 0.019749
v 0.074582 0.466293 0.019749
v -0.058599 0.479410 0.019749
v -0.074582 0.466293 0.019749
v 0.040363 0.489157 0.019749
v 0.020577 0.495160 0.019749
v -0.020577 0.495160 0.019749
v -0.040364 0.489157 0.019749
v -0.000000 0.497186 0.019749
v -0.029494 0.712744 1.624068
v -0.029494 0.690139 1.692236
v -0.029494 0.768475 1.432149
v -0.029494 0.728958 1.523314
v -0.029494 0.742672 1.527290
v 0.029494 0.690139 1.692236
v 0.028205 0.688177 1.697978
v -0.028205 0.688177 1.697978
v 0.025683 0.686448 1.703372
v 0.022039 0.685040 1.708186
v -0.022039 0.685040 1.708186
v -0.025683 0.686448 1.703372
v 0.017432 0.684015 1.712209
v -0.017432 0.684015 1.712209
v 0.012062 0.683415 1.715266
v 0.006166 0.683268 1.717222
v -0.012062 0.683415 1.715266
v -0.006166 0.683268 1.717222
v 0.000000 0.683581 1.717993
v 0.028205 0.769990 1.426273
v 0.029494 0.768475 1.432149
v -0.029494 0.699717 1.619895
v 0.029494 0.712744 1.624068
v 0.029494 0.728958 1.523314
v 0.029494 0.699717 1.619895
v 0.029494 0.742672 1.527290
v 0.025683 0.771508 1.420815
v -0.028205 0.769990 1.426273
v -0.025683 0.771508 1.420815
v 0.022039 0.772976 1.416019
v -0.022039 0.772976 1.416019
v 0.017432 0.774328 1.412094
v -0.017432 0.774328 1.412094
v 0.012062 0.775506 1.409212
v 0.006166 0.776459 1.407498
v -0.012062 0.775506 1.409212
v -0.006166 0.776459 1.407498
v 0.000000 0.777142 1.407026
v 0.135493 0.734004 0.697541
v 0.126217 0.734054 0.697562
v 0.128500 0.744151 0.683519
v 0.118376 0.744151 0.683519
v 0.148838 0.694245 0.728524
v 0.136254 0.694245 0.728524
v 0.148838 0.708420 0.720340
v 0.136254 0.708420 0.720340
v 0.148838 0.672654 0.735539
v 0.136254 0.672654 0.735539
v 0.148838 0.650075 0.737912
v 0.136254 0.650075 0.737912
v 0.148838 0.627496 0.735539
v 0.136254 0.627496 0.735539
v 0.148838 0.605904 0.728523
v 0.136254 0.605904 0.728523
v 0.136254 0.586243 0.717172
v 0.148838 0.586243 0.717172
v 0.136254 0.569371 0.701981
v 0.148838 0.569371 0.701981
v 0.148838 0.556027 0.683614
v 0.136254 0.556027 0.683614
v 0.122875 0.752264 0.665328
v 0.110284 0.752264 0.665328
v 0.148838 0.546793 0.662873
v 0.136254 0.546793 0.662873
v 0.148838 0.542073 0.640666
v 0.136254 0.542073 0.640666
v 0.118801 0.758154 0.640611
v 0.103664 0.758077 0.640666
v 0.118801 0.758154 0.079896
v 0.103664 0.758077 0.079930
v 0.122414 0.752928 0.060711
v 0.148838 0.542072 0.079930
v 0.136254 0.542072 0.079930
v 0.118845 0.738859 0.046642
v 0.132138 0.738859 0.046642
v 0.136254 0.547222 0.060711
v 0.148838 0.547222 0.060711
v 0.148838 0.580419 0.029545
v 0.136254 0.561291 0.046642
v 0.148838 0.561291 0.046642
v 0.135493 0.734004 0.045341
v 0.126217 0.728255 0.043801
v 0.130283 0.719640 0.041492
v 0.143431 0.719640 0.041492
v 0.136254 0.580510 0.041492
v 0.148838 0.580510 0.041492
v 0.136254 0.706986 0.041492
v 0.148838 0.709854 0.041492
v -0.135493 0.734004 0.640611
v -0.102932 0.774564 0.640611
v -0.148838 0.709855 0.640611
v -0.012252 0.810992 0.640611
v 0.000000 0.810992 0.640611
v 0.102932 0.774564 0.640611
v 0.012252 0.810992 0.640611
v -0.118801 0.758154 0.640611
v -0.084051 0.790974 0.640611
v -0.058016 0.803883 0.640611
v -0.029424 0.811861 0.640611
v 0.084051 0.790974 0.640611
v 0.058016 0.803883 0.640611
v 0.029424 0.811861 0.640611
v 0.024504 0.810992 0.640611
v -0.024504 0.810992 0.640611
v 0.148838 0.572587 -0.122441
v 0.130030 0.720176 0.019748
v -0.118111 0.445786 -0.122441
v -0.118111 0.445786 0.019749
v -0.128253 0.512807 -0.122441
v -0.128253 0.512807 0.019749
v -0.122818 0.451361 -0.122441
v -0.122818 0.451361 0.019749
v -0.098172 0.544279 -0.122441
v -0.098172 0.544279 0.019749
v -0.127068 0.469546 -0.122441
v -0.127068 0.469546 0.019749
v -0.101286 0.552623 -0.122441
v -0.101286 0.552623 0.019749
v -0.128895 0.491177 -0.122441
v -0.128895 0.491177 0.019749
v -0.105947 0.445786 -0.122441
v -0.105947 0.445786 0.019749
v -0.116942 0.558197 -0.122441
v -0.116942 0.558197 0.019749
v -0.101286 0.451361 -0.122441
v -0.101286 0.451361 0.019749
v -0.097054 0.469484 -0.122441
v -0.097054 0.469484 0.019749
v -0.125810 0.534438 -0.122441
v -0.125810 0.534438 0.019749
v -0.111444 0.560155 -0.122441
v -0.111444 0.560155 0.019749
v -0.098172 0.459704 -0.122441
v -0.098172 0.459704 0.019749
v -0.105947 0.558197 -0.122441
v -0.105947 0.558197 0.019749
v -0.121602 0.552623 -0.122441
v -0.121602 0.552623 0.019749
v -0.111444 0.443828 -0.122441
v -0.111444 0.443829 0.019749
v -0.125963 0.459704 -0.122441
v -0.125963 0.459704 0.019749
v -0.124716 0.544279 -0.122441
v -0.124716 0.544279 0.019749
v -0.097054 0.534217 -0.122441
v -0.097054 0.534217 0.019749
v 0.090127 0.531538 -0.122441
v 0.090127 0.531538 0.019749
v 0.097054 0.469484 -0.122441
v 0.097054 0.469484 0.019749
v 0.097054 0.534217 -0.122441
v 0.097054 0.534217 0.019749
v 0.098172 0.544279 0.019749
v 0.084276 0.478879 -0.122441
v 0.084276 0.478879 0.019749
v 0.090127 0.471880 -0.122441
v 0.090127 0.471880 0.019749
v 0.084276 0.524539 -0.122441
v 0.084276 0.524539 0.019749
v 0.078994 0.501709 -0.122441
v 0.078994 0.501709 0.019749
v 0.080366 0.514064 -0.122441
v 0.080366 0.514064 0.019749
v 0.080366 0.489353 -0.122441
v 0.080366 0.489353 0.019749
v -0.078994 0.501709 -0.122441
v -0.078994 0.501709 0.019749
v -0.080366 0.514064 -0.122441
v -0.080366 0.514064 0.019749
v -0.080366 0.489353 -0.122441
v -0.080366 0.489353 0.019749
v -0.084276 0.524539 -0.122441
v -0.084276 0.524539 0.019749
v -0.084276 0.478879 0.019749
v -0.084276 0.478879 -0.122441
v -0.090127 0.471880 -0.122441
v -0.090127 0.471880 0.019749
v -0.090127 0.531538 -0.122441
v -0.090127 0.531538 0.019749
v 0.118111 0.445786 -0.122441
v 0.118111 0.445786 0.019749
v 0.122818 0.451361 -0.122441
v 0.122818 0.451361 0.019749
v 0.121602 0.552623 -0.122441
v 0.121602 0.552623 0.019749
v 0.098172 0.459704 -0.122441
v 0.098172 0.459704 0.019749
v 0.098172 0.544279 -0.122441
v 0.101286 0.451361 -0.122441
v 0.101286 0.451361 0.019749
v 0.105947 0.445786 -0.122441
v 0.105947 0.445786 0.019749
v 0.101286 0.552623 -0.122441
v 0.101286 0.552623 0.019749
v 0.116942 0.558197 -0.122441
v 0.116942 0.558197 0.019749
v 0.111444 0.443828 -0.122441
v 0.111444 0.443829 0.019749
v 0.111444 0.560155 -0.122441
v 0.111444 0.560155 0.019749
v 0.105947 0.558197 -0.122441
v 0.105947 0.558197 0.019749
v 0.124716 0.544279 -0.122441
v 0.124716 0.544279 0.019749
v 0.125963 0.459704 -0.122441
v 0.125963 0.459704 0.019749
v 0.127068 0.469546 -0.122441
v 0.127068 0.469546 0.019749
v 0.125810 0.534438 -0.122441
v 0.125810 0.534438 0.019749
v 0.128895 0.491177 -0.122441
v 0.128895 0.491177 0.019749
v 0.128253 0.512807 -0.122441
v 0.128253 0.512807 0.019749
v 0.000000 0.681396 1.723971
v 0.102932 0.642492 1.715019
v 0.135493 0.602858 1.706435
v 0.084051 0.658527 1.718492
v 0.029450 0.678879 1.723049
v 0.118801 0.626457 1.711546
v 0.058016 0.671141 1.721224
v 0.148838 0.579260 1.701324
v -0.102932 0.642492 1.715019
v -0.135493 0.602858 1.706435
v -0.084051 0.658527 1.718492
v -0.029450 0.678879 1.723049
v -0.118801 0.626457 1.711546
v -0.058016 0.671141 1.721224
v -0.148838 0.579260 1.701324
v 0.135493 0.701635 1.380518
v 0.148838 0.677555 1.378717
v 0.118801 0.725716 1.382320
v 0.084051 0.758440 1.384769
v 0.102932 0.742078 1.383544
v 0.058016 0.771312 1.385732
v 0.028815 0.780101 1.383022
v -0.135493 0.701635 1.380518
v -0.148838 0.677555 1.378717
v -0.118801 0.725716 1.382320
v -0.084051 0.758440 1.384769
v -0.102932 0.742078 1.383544
v -0.058016 0.771312 1.385732
v -0.028815 0.780101 1.383022
v 0.000000 0.782641 1.383621
v -0.100868 0.306161 1.544352
v -0.100868 0.306161 1.473662
v -0.077002 0.306161 1.544352
v -0.077002 0.306161 1.473662
v -0.100868 0.228616 1.502016
v -0.077002 0.228616 1.502016
v -0.100868 0.234185 1.512163
v -0.100868 0.238376 1.522892
v -0.100868 0.240764 1.531785
v -0.077002 0.240764 1.531785
v -0.077002 0.238376 1.522892
v -0.077002 0.234185 1.512163
v -0.100868 0.241681 1.539634
v -0.100868 0.246479 1.544352
v -0.100868 0.243263 1.542970
v -0.077002 0.246479 1.544352
v -0.077002 0.241681 1.539634
v -0.077002 0.243263 1.542970
v -0.077002 0.224097 1.495620
v -0.077002 0.223241 1.480604
v -0.100868 0.223241 1.480604
v -0.100868 0.224097 1.495620
v -0.100868 0.231676 1.473662
v -0.100868 0.226080 1.476635
v -0.077002 0.226080 1.476635
v -0.077002 0.231676 1.473662
v -0.077002 0.222221 1.490466
v -0.077002 0.222221 1.484629
v -0.100868 0.222221 1.484629
v -0.100868 0.222221 1.490466
v 0.058135 0.184725 1.435800
v 0.029068 0.185366 1.443241
v 0.031146 0.238840 1.472139
v 0.067004 0.257346 1.492693
v 0.062291 0.244054 1.468193
v 0.029068 0.219559 1.455709
v 0.029068 0.197205 1.445633
v 0.058135 0.223135 1.449903
v 0.058135 0.198064 1.438737
v 0.058135 0.109696 1.435800
v 0.029068 0.109696 1.443241
v 0.058135 0.029502 1.402180
v 0.029068 0.024241 1.407442
v 0.058135 -0.008975 1.322646
v 0.029068 -0.016416 1.322646
v 0.029068 0.043736 1.421751
v 0.029068 0.064744 1.432663
v 0.029068 0.086803 1.439373
v 0.058135 0.088119 1.432477
v 0.058135 0.067375 1.426311
v 0.058135 0.047682 1.415945
v 0.029068 -0.012388 1.347558
v 0.029068 -0.003103 1.369249
v 0.029068 0.009210 1.389519
v 0.058135 0.015016 1.385573
v 0.058135 0.003249 1.366618
v 0.058135 -0.005492 1.346242
v 0.058135 0.003289 1.069730
v 0.029068 -0.004039 1.068438
v 0.058135 0.049850 0.978257
v 0.029068 0.045582 0.972161
v 0.029068 0.026615 0.992671
v 0.029068 0.011652 1.015332
v 0.029068 0.001805 1.040810
v 0.058135 0.008368 1.043303
v 0.058135 0.017450 1.019026
v 0.058135 0.031648 0.997566
v 0.029068 0.080716 0.950812
v 0.029068 0.062948 0.960544
v 0.058135 0.066149 0.966948
v 0.058135 0.082850 0.957524
v 0.062291 0.233384 0.879824
v 0.031146 0.228389 0.874642
v 0.033502 0.253806 0.830922
v 0.067004 0.261247 0.830922
v 0.058135 0.213405 0.899642
v 0.029068 0.173767 0.921350
v 0.029068 0.147558 0.931430
v 0.058135 0.148854 0.938222
v 0.058135 0.174832 0.927605
v 0.118070 0.286455 1.221103
v 0.118070 0.317056 1.221103
v 0.118070 0.286455 0.754463
v 0.118070 0.317056 0.754463
v 0.100474 0.275238 1.221103
v 0.100474 0.317056 0.754463
v 0.100474 0.317056 1.221103
v 0.100474 0.275212 0.754463
v 0.033502 0.253806 1.221103
v 0.100474 0.317057 1.686956
v 0.100474 0.275238 1.686956
v 0.067004 0.317057 1.686956
v 0.067004 0.261248 1.686956
v 0.033502 0.253806 1.686956
v 0.029497 0.243528 1.766783
v 0.029497 0.317057 1.766783
v 0.067004 0.317057 1.704385
v 0.067004 0.257925 1.704385
v 0.061901 0.252791 1.731174
v 0.025126 0.248450 1.727268
v 0.061901 0.317057 1.731174
v 0.100474 0.317056 1.507131
v 0.100474 0.275238 1.507131
v 0.075379 0.264745 1.507131
v 0.033502 0.253806 1.507131
v 0.033502 0.250705 1.494008
v 0.100474 0.275238 1.347204
v 0.100474 0.317056 1.347204
v 0.075379 0.264745 1.347204
v 0.033502 0.253806 1.347204
v 0.029068 0.184084 1.410014
v 0.058135 0.184725 1.417456
v 0.062291 0.244054 1.386353
v 0.067004 0.257346 1.365629
v 0.033502 0.250194 1.363950
v 0.031146 0.237655 1.381319
v 0.058135 0.198064 1.414493
v 0.058135 0.223135 1.402518
v 0.029068 0.218818 1.396712
v 0.029068 0.196293 1.407596
v 0.029068 0.111572 1.410014
v 0.058135 0.111572 1.417456
v 0.029068 0.045999 1.379277
v 0.058135 0.040738 1.384539
v 0.029068 0.012666 1.322646
v 0.058135 0.005225 1.322646
v 0.029068 0.016360 1.340704
v 0.029068 0.024660 1.353680
v 0.029068 0.034493 1.367302
v 0.058135 0.009464 1.342020
v 0.058135 0.018309 1.356311
v 0.058135 0.028686 1.371248
v 0.029068 0.094561 1.405780
v 0.029068 0.077962 1.399408
v 0.029068 0.061775 1.390411
v 0.058135 0.057828 1.396217
v 0.058135 0.075331 1.405760
v 0.058135 0.093246 1.412676
v 0.029068 0.021903 1.073117
v 0.058135 0.014575 1.071825
v 0.029068 0.044365 1.008446
v 0.058135 0.038813 1.003492
v 0.029068 0.087391 0.974895
v 0.058135 0.086968 0.967466
v 0.058135 0.027232 1.025137
v 0.058135 0.019153 1.047915
v 0.029068 0.025889 1.050427
v 0.029068 0.033377 1.028870
v 0.029068 0.071762 0.983129
v 0.029068 0.057420 0.993447
v 0.058135 0.069629 0.976524
v 0.058135 0.053578 0.987668
v 0.029068 0.154396 0.966369
v 0.058135 0.154396 0.958940
v 0.033502 0.253818 1.057440
v 0.029068 0.171993 0.968005
v 0.029068 0.188254 0.974210
v 0.029068 0.207545 0.986620
v 0.058135 0.192445 0.967869
v 0.058135 0.174832 0.961120
v 0.031146 0.227399 1.004292
v 0.033502 0.245994 1.030925
v 0.067004 0.252880 1.029612
v 0.062291 0.233384 1.000353
v 0.118070 0.286455 1.057440
v 0.118070 0.317056 1.057440
v 0.100474 0.275238 1.057440
v 0.118070 0.317056 0.830922
v 0.118070 0.286455 0.830922
v 0.100474 0.275238 0.830922
v 0.029068 0.190771 0.910265
v 0.058135 0.192445 0.916252
v 0.033502 0.246014 0.847411
v 0.067004 0.252702 0.849138
v 0.029068 0.210842 0.893480
v 0.058135 0.213405 0.981280
v 0.079567 0.317057 1.686956
v 0.075379 0.264745 1.057440
v 0.075379 0.264745 0.830922
v 0.075379 0.264745 1.686956
v 0.075379 0.264745 1.221103
v 0.083755 0.268243 0.830922
v 0.083755 0.268243 1.057440
v 0.083755 0.268243 1.347204
v 0.083755 0.268243 1.507131
v 0.083755 0.268243 1.686956
v 0.083755 0.268243 1.221103
v 0.064445 0.261889 1.507131
v 0.033502 0.292574 1.221103
v 0.033502 0.292574 1.347204
v 0.033502 0.292574 1.363950
v 0.031146 0.292574 1.381319
v 0.118070 0.317056 0.802843
v 0.118070 0.286455 0.802843
v 0.100474 0.275238 0.802843
v 0.083755 0.268243 0.802843
v 0.118070 0.300461 1.221103
v 0.118070 0.300460 0.754463
v 0.100474 0.300461 1.221103
v 0.100474 0.300460 0.754463
v 0.100474 0.300461 1.686956
v 0.067004 0.300461 1.686956
v 0.029497 0.300461 1.766783
v 0.067004 0.300461 1.704385
v 0.061901 0.300461 1.731174
v 0.100474 0.300461 1.507131
v 0.100474 0.300461 1.347204
v 0.118070 0.300460 1.057440
v 0.118070 0.300460 0.830922
v 0.075379 0.300461 1.686956
v 0.083755 0.300461 1.686956
v 0.118070 0.300460 0.802843
v 0.083755 0.278099 0.754463
v 0.083755 0.268243 0.775234
v 0.067009 0.261245 0.796167
v 0.067004 0.281036 0.754463
v 0.033502 0.283685 0.754463
v 0.033502 0.253806 0.817426
v 0.100474 0.300460 0.730129
v 0.100474 0.283588 0.730129
v 0.067004 0.317056 0.730129
v 0.033502 0.317056 0.730129
v 0.083755 0.317056 0.730129
v 0.100474 0.317056 0.730129
v 0.067004 0.300460 0.730129
v 0.033502 0.300460 0.730129
v 0.083755 0.300460 0.730129
v 0.083755 0.286502 0.730129
v 0.067004 0.289439 0.730129
v 0.033502 0.292087 0.730129
v 0.100474 0.339308 0.754463
v 0.100474 0.339308 0.730129
v 0.048616 0.339308 0.730129
v 0.067004 0.339308 0.730129
v 0.083755 0.339308 0.730129
v -0.058135 0.184725 1.435800
v -0.029068 0.185366 1.443241
v -0.031146 0.238840 1.472139
v -0.067004 0.257346 1.492693
v -0.062291 0.244054 1.468193
v -0.029068 0.219559 1.455709
v -0.029068 0.197205 1.445633
v -0.058135 0.223135 1.449903
v -0.058135 0.198064 1.438737
v -0.058135 0.109696 1.435800
v -0.029068 0.109696 1.443241
v -0.058135 0.029502 1.402180
v -0.029068 0.024241 1.407442
v -0.058135 -0.008975 1.322646
v -0.029068 -0.016416 1.322646
v -0.029068 0.043736 1.421751
v -0.029068 0.064744 1.432663
v -0.029068 0.086803 1.439373
v -0.058135 0.088119 1.432477
v -0.058135 0.067375 1.426311
v -0.058135 0.047682 1.415945
v -0.029068 -0.012388 1.347558
v -0.029068 -0.003103 1.369249
v -0.029068 0.009210 1.389519
v -0.058135 0.015016 1.385573
v -0.058135 0.003249 1.366618
v -0.058135 -0.005492 1.346242
v -0.058135 0.003289 1.069730
v -0.029068 -0.004039 1.068438
v -0.058135 0.049850 0.978257
v -0.029068 0.045582 0.972161
v -0.029068 0.026615 0.992671
v -0.029068 0.011652 1.015332
v -0.029068 0.001805 1.040810
v -0.058135 0.008368 1.043303
v -0.058135 0.017450 1.019026
v -0.058135 0.031648 0.997566
v -0.029068 0.080716 0.950812
v -0.029068 0.062948 0.960544
v -0.058135 0.066149 0.966948
v -0.058135 0.082850 0.957524
v -0.062291 0.233384 0.879824
v -0.031146 0.228389 0.874642
v -0.033502 0.253806 0.830922
v -0.067004 0.261247 0.830922
v -0.058135 0.213405 0.899642
v -0.029068 0.173767 0.921350
v -0.029068 0.147558 0.931430
v -0.058135 0.148854 0.938222
v -0.058135 0.174832 0.927605
v 0.000000 0.205194 0.989564
v -0.118070 0.286455 1.221103
v -0.118070 0.317056 1.221103
v -0.118070 0.286455 0.754463
v -0.118070 0.317056 0.754463
v -0.100474 0.275238 1.221103
v -0.100474 0.317056 0.754463
v -0.100474 0.317056 1.221103
v -0.100474 0.275212 0.754463
v -0.033502 0.253806 1.221103
v -0.100474 0.317057 1.686956
v -0.100474 0.275238 1.686956
v -0.067004 0.317057 1.686956
v -0.067004 0.261248 1.686956
v -0.033502 0.253806 1.686956
v -0.029497 0.243528 1.766783
v -0.029497 0.317057 1.766783
v -0.067004 0.317057 1.704385
v -0.067004 0.257925 1.704385
v -0.061901 0.252791 1.731174
v -0.025126 0.248450 1.727268
v -0.061901 0.317057 1.731174
v -0.100474 0.317056 1.507131
v -0.075379 0.300464 1.547722
v -0.075379 0.264745 1.507131
v -0.033502 0.253806 1.507131
v -0.033502 0.250705 1.494008
v -0.100474 0.275238 1.347204
v -0.100474 0.317056 1.347204
v -0.075379 0.264745 1.347204
v -0.033502 0.253806 1.347204
v -0.029068 0.184084 1.410014
v -0.058135 0.184725 1.417456
v -0.062291 0.244054 1.386353
v -0.067004 0.257346 1.365629
v -0.033502 0.250194 1.363950
v -0.031146 0.237655 1.381319
v -0.058135 0.198064 1.414493
v -0.058135 0.223135 1.402518
v -0.029068 0.218818 1.396712
v -0.029068 0.196293 1.407596
v -0.029068 0.111572 1.410014
v -0.058135 0.111572 1.417456
v -0.029068 0.045999 1.379277
v -0.058135 0.040738 1.384539
v -0.029068 0.012666 1.322646
v -0.058135 0.005225 1.322646
v -0.029068 0.016360 1.340704
v -0.029068 0.024660 1.353680
v -0.029068 0.034493 1.367302
v -0.058135 0.009464 1.342020
v -0.058135 0.018309 1.356311
v -0.058135 0.028686 1.371248
v -0.029068 0.094561 1.405780
v -0.029068 0.077962 1.399408
v -0.029068 0.061775 1.390411
v -0.058135 0.057828 1.396217
v -0.058135 0.075331 1.405760
v -0.058135 0.093246 1.412676
v -0.029068 0.021903 1.073117
v -0.058135 0.014575 1.071825
v -0.029068 0.044365 1.008446
v -0.058135 0.038813 1.003492
v -0.029068 0.087391 0.974895
v -0.058135 0.086968 0.967466
v -0.058135 0.027232 1.025137
v -0.058135 0.019153 1.047915
v -0.029068 0.025889 1.050427
v -0.029068 0.033377 1.028870
v -0.029068 0.071762 0.983129
v -0.029068 0.057420 0.993447
v -0.058135 0.069629 0.976524
v -0.058135 0.053578 0.987668
v -0.029068 0.154396 0.966369
v -0.058135 0.154396 0.958940
v -0.033502 0.253818 1.057440
v -0.029068 0.171993 0.968005
v -0.029068 0.188254 0.974210
v -0.029068 0.207545 0.986620
v 0.000000 0.208549 0.890389
v -0.058135 0.192445 0.967869
v -0.058135 0.174832 0.961120
v -0.031146 0.227399 1.004292
v -0.033502 0.245994 1.030925
v -0.067004 0.252880 1.029612
v -0.062291 0.233384 1.000353
v -0.118070 0.286455 1.057440
v -0.118070 0.317056 1.057440
v -0.100474 0.275238 1.057440
v -0.118070 0.317056 0.830922
v -0.118070 0.286455 0.830922
v -0.100474 0.275238 0.830922
v -0.029068 0.190771 0.910265
v -0.058135 0.192445 0.916252
v -0.033502 0.246014 0.847411
v -0.067004 0.252702 0.849138
v 0.000000 0.185366 1.447344
v 0.000000 0.235638 1.474315
v 0.000000 0.246903 1.494734
v 0.000000 0.196480 1.449436
v 0.000000 0.217384 1.458911
v 0.000000 0.109696 1.447344
v 0.000000 0.021339 1.410343
v -0.000000 -0.020519 1.322646
v 0.000000 0.041560 1.424953
v 0.000000 0.063294 1.436165
v 0.000000 0.086078 1.443176
v 0.000000 -0.016190 1.348283
v 0.000000 -0.006605 1.370700
v 0.000000 0.006008 1.391695
v 0.000000 -0.008079 1.067725
v 0.000000 0.043228 0.968800
v 0.000000 0.023840 0.989973
v 0.000000 0.008455 1.013295
v 0.000000 -0.001814 1.039435
v 0.000000 0.079539 0.947111
v 0.000000 0.061183 0.957013
v 0.000000 0.225532 0.871785
v 0.000000 0.249703 0.830922
v -0.029068 0.210842 0.893480
v 0.000000 0.172339 0.917901
v 0.000000 0.146844 0.927686
v 0.000000 0.249703 1.221103
v 0.000000 0.249703 1.686956
v 0.000000 0.241968 1.774459
v 0.000000 0.317057 1.774459
v 0.000000 0.245618 1.730708
v 0.000000 0.249703 1.507131
v 0.000000 0.184084 1.405911
v 0.000000 0.234453 1.381319
v 0.000000 0.216642 1.393510
v 0.000000 0.195568 1.403794
v 0.000000 0.111572 1.405911
v 0.000000 0.048901 1.376376
v -0.000000 0.016769 1.322646
v 0.000000 0.037695 1.365126
v 0.000000 0.028162 1.352229
v 0.000000 0.020163 1.339979
v 0.000000 0.095286 1.401977
v 0.000000 0.079413 1.395906
v 0.000000 0.063951 1.387209
v 0.000000 0.025944 1.073830
v 0.000000 0.047427 1.011178
v 0.000000 0.087625 0.978992
v 0.000000 0.029604 1.051813
v 0.000000 0.036765 1.030929
v 0.000000 0.059539 0.996634
v 0.000000 0.072938 0.986770
v 0.000000 0.154396 0.970465
v 0.000000 0.249722 1.057440
v 0.000000 0.171269 0.971802
v 0.000000 0.186806 0.977707
v -0.058135 0.213405 0.981280
v -0.079567 0.317057 1.686956
v 0.000000 0.224203 1.006465
v 0.000000 0.242198 1.031649
v -0.075379 0.264745 1.057440
v -0.075379 0.264745 0.830922
v -0.075379 0.264745 1.686956
v -0.075379 0.264745 1.221103
v -0.083755 0.268243 0.830922
v -0.083755 0.268243 1.057440
v -0.083755 0.268243 1.347204
v -0.075379 0.300464 1.507131
v 0.000000 0.188986 0.906964
v -0.083755 0.268243 1.686956
v 0.000000 0.242326 0.846458
v -0.083755 0.268243 1.221103
v -0.064445 0.261889 1.507131
v 0.000000 0.292574 1.221103
v 0.000000 0.292574 1.347204
v 0.000000 0.292574 1.363950
v 0.000000 0.292574 1.381319
v -0.033502 0.292574 1.221103
v -0.033502 0.292574 1.347204
v -0.033502 0.292574 1.363950
v -0.031146 0.292574 1.381319
v -0.118070 0.317056 0.802843
v -0.118070 0.286455 0.802843
v -0.100474 0.275238 0.802843
v -0.083755 0.268243 0.802843
v 0.000000 0.300461 1.774459
v -0.118070 0.300461 1.221103
v -0.118070 0.300460 0.754463
v -0.100474 0.300461 1.221103
v -0.100474 0.300460 0.754463
v -0.100474 0.300461 1.686956
v -0.067004 0.300461 1.686956
v -0.029497 0.300461 1.766783
v -0.067004 0.300461 1.704385
v -0.061901 0.300461 1.731174
v -0.100474 0.300461 1.507131
v -0.100474 0.300461 1.347204
v -0.118070 0.300460 1.057440
v -0.118070 0.300460 0.830922
v -0.075379 0.300461 1.686956
v -0.083755 0.300461 1.686956
v -0.118070 0.300460 0.802843
v -0.083755 0.278099 0.754463
v -0.083755 0.268243 0.775234
v -0.067009 0.261245 0.796167
v -0.067004 0.281036 0.754463
v -0.033502 0.283685 0.754463
v 0.000000 0.285628 0.754463
v -0.033502 0.253806 0.817426
v 0.000000 0.249703 0.826235
v -0.100474 0.300460 0.730129
v -0.100474 0.283588 0.730129
v -0.067004 0.317056 0.730129
v -0.033502 0.317056 0.730129
v 0.000000 0.317056 0.730129
v -0.083755 0.317056 0.730129
v -0.100474 0.317056 0.730129
v 0.000000 0.300460 0.730129
v -0.067004 0.300460 0.730129
v -0.033502 0.300460 0.730129
v -0.083755 0.300460 0.730129
v -0.083755 0.286502 0.730129
v -0.067004 0.289439 0.730129
v -0.033502 0.292087 0.730129
v 0.000000 0.294031 0.730129
v -0.048616 0.339308 0.754463
v -0.100474 0.339308 0.754463
v -0.100474 0.339308 0.730129
v 0.000000 0.339308 0.730129
v -0.048616 0.339308 0.730129
v -0.067004 0.339308 0.730129
v -0.083755 0.339308 0.730129
v 0.000000 0.317057 1.686956
v -0.100474 0.317056 0.802843
v 0.100474 0.317056 0.802843
v -0.100474 0.317056 0.830922
v 0.000000 0.431163 0.754463
v 0.100474 0.317056 0.830922
v -0.100474 0.317056 1.057440
v 0.000000 0.317056 1.057440
v 0.100474 0.317056 1.057440
v 0.000000 0.317056 1.221103
v 0.000000 0.317056 1.347204
v 0.000000 0.317056 1.507131
v 0.048722 0.317057 1.753269
v 0.048722 0.248160 1.753269
v 0.048722 0.300461 1.753269
v -0.048722 0.317057 1.753269
v -0.048722 0.248160 1.753269
v -0.048722 0.300461 1.753269
v 0.048616 0.317056 0.754463
v 0.048616 0.317056 0.802843
v 0.048616 0.317056 0.830922
v 0.048616 0.317056 1.057440
v -0.048616 0.317056 0.754463
v -0.048616 0.317056 0.802843
v -0.048616 0.317056 0.830922
v -0.048616 0.317056 1.057440
v 0.048616 0.339308 0.754463
v -0.048616 0.431163 0.754463
v -0.048616 0.339308 0.802843
v -0.048616 0.339308 0.830922
v 0.000000 0.339308 1.057440
v -0.048616 0.339308 1.057440
v 0.048616 0.339308 0.802843
v 0.048616 0.339308 0.830922
v 0.048616 0.339308 1.057440
v -0.048616 0.431163 0.802843
v 0.000000 0.431163 0.802843
v 0.000000 0.431163 0.830922
v -0.048616 0.431163 0.830922
v 0.000000 0.431163 1.057440
v -0.048616 0.431163 1.057440
v 0.048616 0.431163 0.802843
v 0.048616 0.431163 0.830922
v 0.048616 0.431163 1.057440
v 0.000000 0.403786 0.730129
v 0.048616 0.403786 0.730129
v 0.048616 0.431163 0.754463
v -0.048616 0.403786 0.730129
v 0.000000 0.249703 1.547722
v 0.100474 0.317056 1.547722
v 0.100474 0.275238 1.547722
v 0.033502 0.253806 1.547722
v 0.075379 0.264745 1.547722
v 0.083755 0.268243 1.547722
v 0.065136 0.261716 1.547722
v 0.100474 0.300461 1.547722
v -0.100474 0.317056 1.547722
v -0.100474 0.275238 1.547722
v -0.033502 0.253806 1.547722
v -0.075379 0.264745 1.547722
v -0.083755 0.268243 1.547722
v -0.065136 0.261716 1.547722
v -0.100474 0.300461 1.547722
v 0.000000 0.317056 1.547722
v -0.100474 0.275238 1.468296
v -0.075379 0.264745 1.468296
v -0.083755 0.268243 1.468296
v -0.100474 0.317056 1.468296
v -0.100474 0.300461 1.468296
v -0.067004 0.257346 1.468296
v -0.075379 0.300464 1.468296
v -0.083723 0.300463 1.507131
v -0.083723 0.300463 1.468296
v -0.083723 0.300463 1.547722
v 0.020785 0.769416 -4.897920
v 0.040771 0.763353 -4.897920
v 0.059191 0.753508 -4.897920
v 0.075335 0.740258 -4.897920
v 0.088585 0.724113 -4.897920
v 0.098430 0.705694 -4.897920
v 0.104493 0.685707 -4.897920
v 0.106540 0.664922 -4.897920
v 0.104493 0.644137 -4.897920
v 0.098430 0.624151 -4.897920
v 0.088585 0.605732 -4.897920
v 0.075335 0.589587 -4.897920
v 0.059190 0.576337 -4.897920
v 0.040771 0.566492 -4.897920
v 0.020785 0.560429 -4.897920
v 0.017305 0.751923 -4.897920
v 0.033946 0.746875 -4.897920
v 0.049282 0.738678 -4.897920
v 0.062724 0.727646 -4.897920
v 0.073755 0.714204 -4.897920
v 0.081953 0.698868 -4.897920
v 0.087000 0.682228 -4.897920
v 0.088705 0.664922 -4.897920
v 0.087000 0.647617 -4.897920
v 0.081952 0.630977 -4.897920
v 0.073755 0.615641 -4.897920
v 0.062724 0.602199 -4.897920
v 0.049282 0.591167 -4.897920
v 0.033946 0.582970 -4.897920
v 0.017305 0.577922 -4.897920
v 0.020785 0.769417 -1.350212
v 0.040771 0.763354 -1.350212
v 0.059191 0.753509 -1.350212
v 0.075335 0.740259 -1.350212
v 0.088585 0.724114 -1.350212
v 0.098430 0.705695 -1.350212
v 0.104493 0.685708 -1.350212
v 0.106540 0.664923 -1.350212
v 0.104493 0.644138 -1.350212
v 0.098430 0.624152 -1.350212
v 0.088585 0.605733 -1.350212
v 0.075335 0.589588 -1.350212
v 0.059190 0.576338 -1.350212
v 0.040771 0.566493 -1.350212
v 0.020785 0.560430 -1.350212
v 0.024076 0.785962 -0.898967
v 0.047227 0.778939 -0.898967
v 0.068563 0.767535 -0.898967
v 0.087264 0.752188 -0.898967
v 0.102611 0.733486 -0.898967
v 0.114016 0.712151 -0.898967
v 0.121038 0.689000 -0.898967
v 0.123410 0.664924 -0.898967
v 0.121038 0.640848 -0.898967
v 0.114016 0.617697 -0.898967
v 0.102611 0.596361 -0.898967
v 0.087264 0.577660 -0.898967
v 0.068563 0.562312 -0.898967
v 0.047227 0.550908 -0.898967
v 0.024076 0.543885 -0.898967
v 0.024076 0.785962 -0.275716
v 0.047227 0.778940 -0.275716
v 0.068563 0.767535 -0.275716
v 0.087264 0.752188 -0.275716
v 0.102611 0.733487 -0.275716
v 0.114016 0.712151 -0.275716
v 0.121038 0.689000 -0.275716
v 0.123410 0.664924 -0.275716
v 0.121038 0.640848 -0.275716
v 0.114016 0.617697 -0.275716
v 0.102611 0.596361 -0.275716
v 0.087264 0.577660 -0.275716
v 0.068563 0.562312 -0.275716
v 0.047227 0.550908 -0.275716
v 0.024076 0.543885 -0.275716
v 0.025120 0.791211 -0.271953
v 0.049275 0.783884 -0.271953
v 0.071536 0.771985 -0.271953
v 0.091048 0.755972 -0.271953
v 0.107061 0.736460 -0.271953
v 0.118960 0.714199 -0.271953
v 0.126287 0.690044 -0.271953
v 0.128762 0.664924 -0.271953
v 0.126287 0.639804 -0.271953
v 0.118960 0.615649 -0.271953
v 0.107061 0.593388 -0.271953
v 0.091048 0.573876 -0.271953
v 0.071536 0.557862 -0.271953
v 0.049275 0.545964 -0.271953
v 0.025120 0.538636 -0.271953
v 0.025120 0.791211 0.019939
v 0.049275 0.783884 0.019939
v 0.071536 0.771985 0.019939
v 0.091048 0.755972 0.019939
v 0.107061 0.736460 0.019939
v 0.118960 0.714199 0.019939
v 0.126287 0.689984 0.019939
v 0.126287 0.640046 0.019939
v 0.118960 0.615649 0.019939
v 0.107061 0.593388 0.019939
v 0.091048 0.573876 0.019939
v 0.071536 0.557862 0.019939
v 0.049275 0.545964 0.019939
v 0.025120 0.538636 0.019939
v 0.059191 0.753508 -3.554298
v 0.075335 0.740258 -3.554298
v 0.088585 0.724113 -3.554298
v 0.098430 0.705694 -3.554298
v 0.104493 0.685708 -3.554298
v 0.106540 0.664923 -3.554298
v 0.104493 0.644138 -3.554298
v 0.098430 0.624152 -3.554298
v 0.088585 0.605732 -3.554298
v 0.020785 0.769416 -3.554298
v 0.040771 0.763353 -3.554298
v 0.075335 0.740258 -3.754818
v 0.088585 0.724113 -3.754818
v 0.098430 0.705694 -3.754818
v 0.104493 0.685708 -3.754818
v 0.106540 0.664923 -3.754818
v 0.104493 0.644138 -3.754818
v 0.098430 0.624151 -3.754818
v 0.088585 0.605732 -3.754818
v 0.020785 0.769416 -3.754818
v 0.040771 0.763353 -3.754818
v 0.059191 0.753508 -3.754818
v 0.075335 0.740258 -4.464860
v 0.088585 0.724113 -4.464860
v 0.098430 0.705694 -4.464860
v 0.104493 0.685708 -4.464860
v 0.106540 0.664923 -4.464860
v 0.104493 0.644138 -4.464860
v 0.098430 0.624151 -4.464860
v 0.088585 0.605732 -4.464860
v 0.020785 0.769416 -4.464860
v 0.040771 0.763353 -4.464860
v 0.059191 0.753508 -4.464860
v 0.075335 0.740258 -4.634994
v 0.088585 0.724113 -4.634994
v 0.098430 0.705694 -4.634994
v 0.104493 0.685708 -4.634994
v 0.106540 0.664923 -4.634994
v 0.104493 0.644138 -4.634994
v 0.098430 0.624151 -4.634994
v 0.088585 0.605732 -4.634994
v 0.020785 0.769416 -4.634994
v 0.040771 0.763353 -4.634994
v 0.059191 0.753508 -4.634994
v 0.020785 0.539200 -4.464860
v 0.040771 0.539200 -4.464860
v 0.059190 0.539200 -4.464860
v 0.074990 0.539200 -4.464860
v 0.074990 0.539200 -4.634994
v 0.059190 0.539200 -4.634994
v 0.040771 0.539200 -4.634994
v 0.020785 0.539200 -4.634994
v 0.026091 0.522877 -4.634994
v 0.051179 0.515267 -4.634994
v 0.074990 0.502908 -4.634994
v 0.094566 0.486276 -4.634994
v 0.111198 0.466010 -4.634994
v 0.123557 0.442889 -4.634994
v 0.131167 0.417801 -4.634994
v 0.133737 0.391710 -4.634994
v 0.131167 0.365619 -4.634994
v 0.123557 0.340531 -4.634994
v 0.111198 0.317409 -4.634994
v 0.094566 0.297143 -4.634994
v 0.074300 0.280511 -4.634994
v 0.051179 0.268153 -4.634994
v 0.026091 0.260542 -4.634994
v 0.026091 0.522877 -4.464860
v 0.051179 0.515267 -4.464860
v 0.074990 0.502908 -4.464860
v 0.094566 0.486276 -4.464860
v 0.111198 0.466010 -4.464860
v 0.123557 0.442889 -4.464860
v 0.131167 0.417801 -4.464860
v 0.133737 0.391710 -4.464860
v 0.131167 0.365619 -4.464860
v 0.123557 0.340531 -4.464860
v 0.111198 0.317410 -4.464860
v 0.094566 0.297143 -4.464860
v 0.074300 0.280511 -4.464860
v 0.051179 0.268153 -4.464860
v 0.026091 0.260542 -4.464860
v 0.026091 0.522878 -3.754818
v 0.051179 0.515267 -3.754818
v 0.074990 0.502908 -3.754818
v 0.094566 0.486277 -3.754818
v 0.111198 0.466010 -3.754818
v 0.123557 0.442889 -3.754818
v 0.131167 0.417801 -3.754818
v 0.133737 0.391710 -3.754818
v 0.131167 0.365619 -3.754818
v 0.123557 0.340531 -3.754818
v 0.111198 0.317410 -3.754818
v 0.094566 0.297144 -3.754818
v 0.074300 0.280512 -3.754818
v 0.051179 0.268281 -3.754818
v 0.026091 0.268281 -3.754818
v 0.026091 0.522878 -3.554298
v 0.051179 0.515267 -3.554298
v 0.074990 0.502909 -3.554298
v 0.094566 0.486277 -3.554298
v 0.111198 0.466010 -3.554298
v 0.123557 0.442889 -3.554298
v 0.131167 0.417801 -3.554298
v 0.133737 0.391710 -3.554298
v 0.131167 0.365619 -3.554298
v 0.123557 0.340531 -3.554298
v 0.111198 0.317410 -3.554298
v 0.094566 0.297144 -3.554298
v 0.074300 0.280512 -3.554298
v 0.051179 0.268281 -3.554298
v 0.026091 0.268281 -3.554298
v 0.020736 0.495959 -3.554298
v 0.040676 0.489910 -3.554298
v 0.059052 0.480088 -3.554298
v 0.075159 0.466869 -3.554298
v 0.088377 0.450762 -3.554298
v 0.098200 0.432386 -3.554298
v 0.104248 0.412446 -3.554298
v 0.106291 0.391710 -3.554298
v 0.104248 0.370974 -3.554298
v 0.098200 0.351034 -3.554298
v 0.088377 0.332658 -3.554298
v 0.075159 0.316551 -3.554298
v 0.059052 0.303333 -3.554298
v 0.040675 0.293510 -3.554298
v 0.020736 0.287462 -3.554298
v 0.020736 0.495959 -3.754818
v 0.040676 0.489910 -3.754818
v 0.059052 0.480088 -3.754818
v 0.075159 0.466869 -3.754818
v 0.088377 0.450762 -3.754818
v 0.098200 0.432386 -3.754818
v 0.104248 0.412446 -3.754818
v 0.106291 0.391710 -3.754818
v 0.104248 0.370974 -3.754818
v 0.098200 0.351034 -3.754818
v 0.088377 0.332658 -3.754818
v 0.075159 0.316551 -3.754818
v 0.059052 0.303333 -3.754818
v 0.040675 0.293510 -3.754818
v 0.020736 0.287462 -3.754818
v 0.020754 0.496045 -4.634994
v 0.040710 0.489992 -4.634994
v 0.059101 0.480161 -4.634994
v 0.075222 0.466932 -4.634994
v 0.088451 0.450811 -4.634994
v 0.098282 0.432420 -4.634994
v 0.104336 0.412463 -4.634994
v 0.106380 0.391710 -4.634994
v 0.104335 0.370956 -4.634994
v 0.098282 0.351000 -4.634994
v 0.088451 0.332608 -4.634994
v 0.075222 0.316488 -4.634994
v 0.059101 0.303258 -4.634994
v 0.040709 0.293428 -4.634994
v 0.020753 0.287374 -4.634994
v 0.020754 0.496046 -4.464860
v 0.040710 0.489992 -4.464860
v 0.059101 0.480161 -4.464860
v 0.075222 0.466932 -4.464860
v 0.088451 0.450811 -4.464860
v 0.098282 0.432420 -4.464860
v 0.104336 0.412463 -4.464860
v 0.106380 0.391710 -4.464860
v 0.104335 0.370956 -4.464860
v 0.098282 0.351000 -4.464860
v 0.088451 0.332609 -4.464860
v 0.075222 0.316488 -4.464860
v 0.059101 0.303258 -4.464860
v 0.040709 0.293428 -4.464860
v 0.020753 0.287374 -4.464860
v 0.074990 0.584501 -4.464860
v 0.078426 0.593353 -4.459893
v 0.076241 0.589200 -4.463405
v 0.059190 0.571251 -4.464860
v 0.059190 0.576337 -4.459893
v 0.059190 0.574848 -4.463405
v 0.040771 0.561406 -4.464860
v 0.040771 0.566492 -4.459893
v 0.040771 0.565002 -4.463405
v 0.020785 0.555343 -4.464860
v 0.020785 0.560429 -4.459893
v 0.020785 0.558940 -4.463405
v 0.074990 0.584501 -4.634994
v 0.078367 0.593282 -4.639960
v 0.076223 0.589180 -4.636448
v 0.059190 0.571251 -4.634994
v 0.059190 0.576337 -4.640047
v 0.059190 0.574848 -4.636474
v 0.040771 0.561406 -4.634994
v 0.040771 0.566492 -4.640047
v 0.040771 0.565002 -4.636474
v 0.020785 0.555343 -4.634994
v 0.020785 0.560429 -4.640047
v 0.020785 0.558940 -4.636474
v 0.020785 0.542981 -3.554298
v 0.040771 0.542981 -3.554298
v 0.059190 0.542981 -3.554298
v 0.074990 0.542981 -3.554298
v 0.074990 0.542981 -3.754818
v 0.059190 0.542981 -3.754818
v 0.040771 0.542981 -3.754818
v 0.020785 0.542981 -3.754818
v 0.074990 0.583726 -3.554298
v 0.078897 0.593928 -3.548575
v 0.076378 0.589142 -3.552622
v 0.059190 0.570476 -3.554298
v 0.059190 0.576338 -3.548575
v 0.059190 0.574621 -3.552622
v 0.040771 0.560631 -3.554298
v 0.040771 0.566492 -3.548575
v 0.040771 0.564776 -3.552622
v 0.020785 0.554568 -3.554298
v 0.020785 0.560430 -3.548575
v 0.020785 0.558713 -3.552622
v 0.074990 0.583726 -3.754818
v 0.078829 0.593845 -3.760541
v 0.076359 0.589118 -3.756494
v 0.059190 0.570476 -3.754818
v 0.059190 0.576338 -3.760641
v 0.059190 0.574621 -3.756524
v 0.040771 0.560631 -3.754818
v 0.040771 0.566492 -3.760641
v 0.040771 0.564775 -3.756524
v 0.020785 0.554568 -3.754818
v 0.020785 0.560430 -3.760641
v 0.020785 0.558713 -3.756524
v 0.026091 0.227416 -3.754818
v 0.051179 0.227416 -3.754818
v 0.026091 0.227416 -3.554298
v 0.051179 0.227416 -3.554298
v 0.026091 0.135959 -3.615269
v 0.051179 0.135959 -3.615269
v 0.026091 0.135959 -3.645765
v 0.051179 0.135959 -3.645765
v 0.026091 0.176758 -3.645765
v 0.051179 0.176758 -3.645765
v 0.051179 0.176758 -3.722824
v 0.026091 0.176758 -3.722824
v 0.026091 0.204873 -3.754818
v 0.051179 0.204873 -3.754818
v 0.051179 0.204873 -3.722824
v 0.065320 0.176758 -3.722824
v 0.065320 0.204873 -3.722824
v 0.051179 0.191190 -3.754818
v 0.051179 0.176758 -3.740386
v 0.051179 0.180984 -3.750587
v 0.026091 0.191190 -3.754818
v 0.026091 0.176758 -3.740386
v 0.026091 0.180984 -3.750587
v 0.065320 0.176758 -3.740386
v 0.065305 0.180984 -3.750587
v 0.062087 0.204873 -3.754818
v 0.062087 0.191190 -3.754818
v 0.065320 0.204873 -3.750587
v -0.020785 0.769416 -4.897920
v -0.040771 0.763353 -4.897920
v -0.059191 0.753508 -4.897920
v -0.075335 0.740258 -4.897920
v -0.088585 0.724113 -4.897920
v -0.098430 0.705694 -4.897920
v -0.104411 0.685735 -4.897920
v -0.106571 0.664922 -4.897920
v -0.104411 0.644111 -4.897920
v -0.098430 0.624151 -4.897920
v -0.088585 0.605732 -4.897920
v -0.075335 0.589587 -4.897920
v -0.059190 0.576337 -4.897920
v -0.040771 0.566492 -4.897920
v -0.020785 0.560429 -4.897920
v -0.017305 0.751923 -4.897920
v -0.033946 0.746875 -4.897920
v -0.049282 0.738678 -4.897920
v -0.062724 0.727646 -4.897920
v -0.073755 0.714204 -4.897920
v -0.081953 0.698868 -4.897920
v -0.087000 0.682228 -4.897920
v -0.088705 0.664922 -4.897920
v -0.087000 0.647617 -4.897920
v -0.081952 0.630977 -4.897920
v -0.073755 0.615641 -4.897920
v -0.062724 0.602199 -4.897920
v -0.049282 0.591167 -4.897920
v -0.033946 0.582970 -4.897920
v -0.017305 0.577922 -4.897920
v -0.020785 0.769417 -1.350212
v -0.040771 0.763354 -1.350212
v -0.059191 0.753509 -1.350212
v -0.075335 0.740259 -1.350212
v -0.088585 0.724114 -1.350212
v -0.098430 0.705695 -1.350212
v -0.104411 0.685736 -1.350212
v -0.106571 0.664923 -1.350212
v -0.104411 0.644112 -1.350212
v -0.098430 0.624152 -1.350212
v -0.088585 0.605733 -1.350212
v -0.075335 0.589588 -1.350212
v -0.059190 0.576338 -1.350212
v -0.040771 0.566493 -1.350212
v -0.020785 0.560430 -1.350212
v -0.024076 0.785962 -0.898967
v -0.047227 0.778939 -0.898967
v -0.068563 0.767535 -0.898967
v -0.087264 0.752188 -0.898967
v -0.102611 0.733486 -0.898967
v -0.114016 0.712151 -0.898967
v -0.121038 0.689000 -0.898967
v -0.123410 0.664924 -0.898967
v -0.121038 0.640848 -0.898967
v -0.114016 0.617697 -0.898967
v -0.102611 0.596361 -0.898967
v -0.087264 0.577660 -0.898967
v -0.068563 0.562312 -0.898967
v -0.047227 0.550908 -0.898967
v -0.024076 0.543885 -0.898967
v -0.024076 0.785962 -0.275716
v -0.047227 0.778940 -0.275716
v -0.068563 0.767535 -0.275716
v -0.087264 0.752188 -0.275716
v -0.102611 0.733487 -0.275716
v -0.114016 0.712151 -0.275716
v -0.121038 0.689000 -0.275716
v -0.123410 0.664924 -0.275716
v -0.121038 0.640848 -0.275716
v -0.114016 0.617697 -0.275716
v -0.102611 0.596361 -0.275716
v -0.087264 0.577660 -0.275716
v -0.068563 0.562312 -0.275716
v -0.047227 0.550908 -0.275716
v -0.024076 0.543885 -0.275716
v -0.025120 0.791211 -0.271953
v -0.049275 0.783884 -0.271953
v -0.071536 0.771985 -0.271953
v -0.091048 0.755972 -0.271953
v -0.107061 0.736460 -0.271953
v -0.118960 0.714199 -0.271953
v -0.126287 0.690044 -0.271953
v -0.128762 0.664924 -0.271953
v -0.126287 0.639804 -0.271953
v -0.118960 0.615649 -0.271953
v -0.107061 0.593388 -0.271953
v -0.091048 0.573876 -0.271953
v -0.071536 0.557862 -0.271953
v -0.049275 0.545964 -0.271953
v -0.025120 0.538636 -0.271953
v -0.025120 0.791211 0.019939
v -0.049275 0.783884 0.019939
v -0.071536 0.771985 0.019939
v -0.091048 0.755972 0.019939
v -0.107061 0.736460 0.019939
v -0.118960 0.714199 0.019939
v -0.126287 0.690044 0.019939
v -0.104411 0.685736 0.004583
v -0.126287 0.639804 0.019939
v -0.118960 0.615649 0.019939
v -0.107061 0.593388 0.019939
v -0.091048 0.573876 0.019939
v -0.071536 0.557862 0.019939
v -0.049275 0.545964 0.019939
v -0.025120 0.538636 0.019939
v -0.059191 0.753508 -3.554298
v -0.075335 0.740258 -3.554298
v -0.088585 0.724113 -3.554298
v -0.098430 0.705694 -3.554298
v -0.104411 0.685735 -3.554298
v -0.106571 0.664923 -3.554298
v -0.104411 0.644111 -3.554298
v -0.098430 0.624152 -3.554298
v -0.088585 0.605732 -3.554298
v -0.020785 0.769416 -3.554298
v -0.040771 0.763353 -3.554298
v -0.075335 0.740258 -3.754818
v -0.088585 0.724113 -3.754818
v -0.098430 0.705694 -3.754818
v -0.104411 0.685735 -3.754818
v -0.106571 0.664923 -3.754818
v -0.104411 0.644111 -3.754818
v -0.098430 0.624151 -3.754818
v -0.088585 0.605732 -3.754818
v -0.020785 0.769416 -3.754818
v -0.040771 0.763353 -3.754818
v -0.059191 0.753508 -3.754818
v -0.075335 0.740258 -4.464860
v -0.088585 0.724113 -4.464860
v -0.098430 0.705694 -4.464860
v -0.104411 0.685735 -4.464860
v -0.106571 0.664923 -4.464860
v -0.104411 0.644111 -4.464860
v -0.098430 0.624151 -4.464860
v -0.088585 0.605732 -4.464860
v -0.020785 0.769416 -4.464860
v -0.040771 0.763353 -4.464860
v -0.059191 0.753508 -4.464860
v -0.075335 0.740258 -4.634994
v -0.088585 0.724113 -4.634994
v -0.098430 0.705694 -4.634994
v -0.104411 0.685735 -4.634994
v -0.106571 0.664923 -4.634994
v -0.104411 0.644111 -4.634994
v -0.098430 0.624151 -4.634994
v -0.088585 0.605732 -4.634994
v -0.020785 0.769416 -4.634994
v -0.040771 0.763353 -4.634994
v -0.059191 0.753508 -4.634994
v -0.020785 0.539200 -4.464860
v -0.040771 0.539200 -4.464860
v -0.059190 0.539200 -4.464860
v -0.074990 0.539200 -4.464860
v -0.074990 0.539200 -4.634994
v -0.059190 0.539200 -4.634994
v -0.040771 0.539200 -4.634994
v -0.020785 0.539200 -4.634994
v -0.026091 0.522877 -4.634994
v -0.051179 0.515267 -4.634994
v -0.074990 0.502908 -4.634994
v -0.094566 0.486276 -4.634994
v -0.111198 0.466010 -4.634994
v -0.123557 0.442889 -4.634994
v -0.131167 0.417801 -4.634994
v -0.133737 0.391710 -4.634994
v -0.131167 0.365619 -4.634994
v -0.123557 0.340531 -4.634994
v -0.111198 0.317409 -4.634994
v -0.094566 0.297143 -4.634994
v -0.074300 0.280511 -4.634994
v -0.051179 0.268153 -4.634994
v -0.026091 0.260542 -4.634994
v -0.026091 0.522877 -4.464860
v -0.051179 0.515267 -4.464860
v -0.074990 0.502908 -4.464860
v -0.094566 0.486276 -4.464860
v -0.111198 0.466010 -4.464860
v -0.123557 0.442889 -4.464860
v -0.131167 0.417801 -4.464860
v -0.133737 0.391710 -4.464860
v -0.131167 0.365619 -4.464860
v -0.123557 0.340531 -4.464860
v -0.111198 0.317410 -4.464860
v -0.094566 0.297143 -4.464860
v -0.074300 0.280511 -4.464860
v -0.051179 0.268153 -4.464860
v -0.026091 0.260542 -4.464860
v -0.026091 0.522878 -3.754818
v -0.051179 0.515267 -3.754818
v -0.074990 0.502908 -3.754818
v -0.094566 0.486277 -3.754818
v -0.111198 0.466010 -3.754818
v -0.123557 0.442889 -3.754818
v -0.131167 0.417801 -3.754818
v -0.133737 0.391710 -3.754818
v -0.131167 0.365619 -3.754818
v -0.123557 0.340531 -3.754818
v -0.111198 0.317410 -3.754818
v -0.094566 0.297144 -3.754818
v -0.074300 0.280512 -3.754818
v -0.051179 0.268281 -3.754818
v -0.026091 0.268281 -3.754818
v -0.026091 0.522878 -3.554298
v -0.051179 0.515267 -3.554298
v -0.074990 0.502909 -3.554298
v -0.094566 0.486277 -3.554298
v -0.111198 0.466010 -3.554298
v -0.123557 0.442889 -3.554298
v -0.131167 0.417801 -3.554298
v -0.133737 0.391710 -3.554298
v -0.131167 0.365619 -3.554298
v -0.123557 0.340531 -3.554298
v -0.111198 0.317410 -3.554298
v -0.094566 0.297144 -3.554298
v -0.074300 0.280512 -3.554298
v -0.051179 0.268281 -3.554298
v -0.026091 0.268281 -3.554298
v -0.020736 0.495959 -3.554298
v -0.040676 0.489910 -3.554298
v -0.059052 0.480088 -3.554298
v -0.075159 0.466869 -3.554298
v -0.088377 0.450762 -3.554298
v -0.098200 0.432386 -3.554298
v -0.104248 0.412446 -3.554298
v -0.106291 0.391710 -3.554298
v -0.104248 0.370974 -3.554298
v -0.098200 0.351034 -3.554298
v -0.088377 0.332658 -3.554298
v -0.075159 0.316551 -3.554298
v -0.059052 0.303333 -3.554298
v -0.040675 0.293510 -3.554298
v -0.020736 0.287462 -3.554298
v -0.020736 0.495959 -3.754818
v -0.040676 0.489910 -3.754818
v -0.059052 0.480088 -3.754818
v -0.075159 0.466869 -3.754818
v -0.088377 0.450762 -3.754818
v -0.098200 0.432386 -3.754818
v -0.104248 0.412446 -3.754818
v -0.106291 0.391710 -3.754818
v -0.104248 0.370974 -3.754818
v -0.098200 0.351034 -3.754818
v -0.088377 0.332658 -3.754818
v -0.075159 0.316551 -3.754818
v -0.059052 0.303333 -3.754818
v -0.040675 0.293510 -3.754818
v -0.020736 0.287462 -3.754818
v -0.020754 0.496045 -4.634994
v -0.040710 0.489992 -4.634994
v -0.059101 0.480161 -4.634994
v -0.075222 0.466932 -4.634994
v -0.088451 0.450811 -4.634994
v -0.098282 0.432420 -4.634994
v -0.104336 0.412463 -4.634994
v -0.106380 0.391710 -4.634994
v -0.104335 0.370956 -4.634994
v -0.098282 0.351000 -4.634994
v -0.088451 0.332608 -4.634994
v -0.075222 0.316488 -4.634994
v -0.059101 0.303258 -4.634994
v -0.040709 0.293428 -4.634994
v -0.020753 0.287374 -4.634994
v -0.020754 0.496046 -4.464860
v -0.040710 0.489992 -4.464860
v -0.059101 0.480161 -4.464860
v -0.075222 0.466932 -4.464860
v -0.088451 0.450811 -4.464860
v -0.098282 0.432420 -4.464860
v -0.104336 0.412463 -4.464860
v -0.106380 0.391710 -4.464860
v -0.104335 0.370956 -4.464860
v -0.098282 0.351000 -4.464860
v -0.088451 0.332609 -4.464860
v -0.075222 0.316488 -4.464860
v -0.059101 0.303258 -4.464860
v -0.040709 0.293428 -4.464860
v -0.020753 0.287374 -4.464860
v -0.074990 0.584501 -4.464860
v -0.078426 0.593353 -4.459893
v -0.076241 0.589200 -4.463405
v -0.059190 0.571251 -4.464860
v -0.059190 0.576337 -4.459893
v -0.059190 0.574848 -4.463405
v -0.040771 0.561406 -4.464860
v -0.040771 0.566492 -4.459893
v -0.040771 0.565002 -4.463405
v -0.020785 0.555343 -4.464860
v -0.020785 0.560429 -4.459893
v -0.020785 0.558940 -4.463405
v -0.074990 0.584501 -4.634994
v -0.078367 0.593282 -4.639960
v -0.076223 0.589180 -4.636448
v -0.059190 0.571251 -4.634994
v -0.059190 0.576337 -4.640047
v -0.059190 0.574848 -4.636474
v -0.040771 0.561406 -4.634994
v -0.040771 0.566492 -4.640047
v -0.040771 0.565002 -4.636474
v -0.020785 0.555343 -4.634994
v -0.020785 0.560429 -4.640047
v -0.020785 0.558940 -4.636474
v -0.020785 0.542981 -3.554298
v -0.040771 0.542981 -3.554298
v -0.059190 0.542981 -3.554298
v -0.074990 0.542981 -3.554298
v -0.074990 0.542981 -3.754818
v -0.059190 0.542981 -3.754818
v -0.040771 0.542981 -3.754818
v -0.020785 0.542981 -3.754818
v -0.074990 0.583726 -3.554298
v -0.078897 0.593928 -3.548575
v -0.076378 0.589142 -3.552622
v -0.059190 0.570476 -3.554298
v -0.059190 0.576338 -3.548575
v -0.059190 0.574621 -3.552622
v -0.040771 0.560631 -3.554298
v -0.040771 0.566492 -3.548575
v -0.040771 0.564776 -3.552622
v -0.020785 0.554568 -3.554298
v -0.020785 0.560430 -3.548575
v -0.020785 0.558713 -3.552622
v -0.074990 0.583726 -3.754818
v -0.078829 0.593845 -3.760541
v -0.076359 0.589118 -3.756494
v -0.059190 0.570476 -3.754818
v -0.059190 0.576338 -3.760641
v -0.059190 0.574621 -3.756524
v -0.040771 0.560631 -3.754818
v -0.040771 0.566492 -3.760641
v -0.040771 0.564775 -3.756524
v -0.020785 0.554568 -3.754818
v -0.020785 0.560430 -3.760641
v -0.020785 0.558713 -3.756524
v -0.026091 0.227416 -3.754818
v -0.051179 0.227416 -3.754818
v -0.026091 0.227416 -3.554298
v -0.051179 0.227416 -3.554298
v -0.026091 0.135959 -3.615269
v -0.051179 0.135959 -3.615269
v -0.026091 0.135959 -3.645765
v -0.051179 0.135959 -3.645765
v -0.026091 0.176758 -3.645765
v -0.051179 0.176758 -3.645765
v -0.051179 0.176758 -3.722824
v -0.026091 0.176758 -3.722824
v -0.026091 0.204873 -3.754818
v -0.051179 0.204873 -3.754818
v -0.051179 0.204873 -3.722824
v -0.065320 0.176758 -3.722824
v -0.065320 0.204873 -3.722824
v -0.051179 0.191190 -3.754818
v -0.051179 0.176758 -3.740386
v -0.051179 0.180984 -3.750587
v -0.026091 0.191190 -3.754818
v -0.026091 0.176758 -3.740386
v -0.026091 0.180984 -3.750587
v -0.065320 0.176758 -3.740386
v 0.000000 0.558382 -4.897920
v 0.000000 0.771463 -4.897920
v 0.000000 0.576218 -4.897920
v 0.000000 0.753627 -4.897920
v 0.000000 0.558383 -1.350212
v 0.000000 0.771464 -1.350212
v 0.000000 0.541514 -0.898967
v 0.000000 0.788334 -0.898967
v 0.000000 0.541514 -0.275716
v 0.000000 0.788334 -0.275716
v 0.000000 0.536162 -0.271953
v 0.000000 0.793685 -0.271953
v 0.000000 0.536162 0.019939
v 0.000000 0.793686 0.019939
v 0.000000 0.771463 -3.554298
v 0.000000 0.771463 -3.754818
v 0.000000 0.771463 -4.464860
v 0.000000 0.771463 -4.634994
v 0.000000 0.539200 -4.634994
v 0.000000 0.539200 -4.464860
v 0.000000 0.257973 -4.634994
v 0.000000 0.525447 -4.634994
v 0.000000 0.257973 -4.464860
v 0.000000 0.525447 -4.464860
v 0.000000 0.268281 -3.754818
v 0.000000 0.525447 -3.754818
v 0.000000 0.268281 -3.554298
v 0.000000 0.525447 -3.554298
v 0.000000 0.285419 -3.554298
v 0.000000 0.498001 -3.554298
v 0.000000 0.285419 -3.754818
v 0.000000 0.498001 -3.754818
v 0.000000 0.285330 -4.634994
v 0.000000 0.498090 -4.634994
v 0.000000 0.285330 -4.464860
v 0.000000 0.498090 -4.464860
v 0.000000 0.558382 -4.459893
v 0.000000 0.553296 -4.464860
v 0.000000 0.556892 -4.463405
v 0.000000 0.558382 -4.640047
v 0.000000 0.553296 -4.634994
v 0.000000 0.556892 -4.636474
v 0.000000 0.542981 -3.754818
v 0.000000 0.542981 -3.554298
v 0.000000 0.558383 -3.548575
v 0.000000 0.552521 -3.554298
v 0.000000 0.556666 -3.552622
v 0.000000 0.558382 -3.760641
v 0.000000 0.552521 -3.754818
v 0.000000 0.556666 -3.756524
v 0.000000 0.227416 -3.754818
v 0.000000 0.227416 -3.554298
v 0.000000 0.135959 -3.615269
v 0.000000 0.135959 -3.645765
v 0.000000 0.176758 -3.645765
v 0.000000 0.176758 -3.722824
v 0.000000 0.204873 -3.754818
v 0.000000 0.176758 -3.740386
v 0.000000 0.191190 -3.754818
v 0.000000 0.180984 -3.750587
v -0.065305 0.180984 -3.750587
v -0.062087 0.204873 -3.754818
v -0.062087 0.191190 -3.754818
v -0.065320 0.204873 -3.750587
v 0.017305 0.751924 -1.352530
v 0.033946 0.746876 -1.352530
v 0.049282 0.738679 -1.352530
v 0.062724 0.727647 -1.352530
v 0.073755 0.714205 -1.352530
v 0.081953 0.698869 -1.352530
v 0.087000 0.682229 -1.352530
v 0.088705 0.664923 -1.352530
v 0.087000 0.647618 -1.352530
v 0.081952 0.630978 -1.352530
v 0.073755 0.615642 -1.352530
v 0.062724 0.602200 -1.352530
v 0.049282 0.591168 -1.352530
v 0.033946 0.582971 -1.352530
v 0.017305 0.577923 -1.352530
v -0.017305 0.751924 -1.352530
v -0.033946 0.746876 -1.352530
v -0.049282 0.738679 -1.352530
v -0.062724 0.727647 -1.352530
v -0.073755 0.714205 -1.352530
v -0.081953 0.698869 -1.352530
v -0.087000 0.682229 -1.352530
v -0.088705 0.664923 -1.352530
v -0.087000 0.647618 -1.352530
v -0.081952 0.630978 -1.352530
v -0.073755 0.615642 -1.352530
v -0.062724 0.602200 -1.352530
v -0.049282 0.591168 -1.352530
v -0.033946 0.582971 -1.352530
v -0.017305 0.577923 -1.352530
v 0.000000 0.576219 -1.352530
v 0.000000 0.753628 -1.352530
v 0.017506 0.752933 -0.898681
v 0.034339 0.747826 -0.898681
v 0.049853 0.739534 -0.898681
v 0.063451 0.728375 -0.898681
v 0.074610 0.714777 -0.898681
v 0.082903 0.699263 -0.898681
v 0.088009 0.682430 -0.898681
v 0.089733 0.664924 -0.898681
v 0.088009 0.647417 -0.898681
v 0.082903 0.630584 -0.898681
v 0.074610 0.615070 -0.898681
v 0.063451 0.601473 -0.898681
v 0.049853 0.590313 -0.898681
v 0.034339 0.582021 -0.898681
v 0.017506 0.576915 -0.898681
v -0.017506 0.752933 -0.898681
v -0.034339 0.747826 -0.898681
v -0.049853 0.739534 -0.898681
v -0.063451 0.728375 -0.898681
v -0.074610 0.714777 -0.898681
v -0.082903 0.699263 -0.898681
v -0.088009 0.682430 -0.898681
v -0.089733 0.664924 -0.898681
v -0.088009 0.647417 -0.898681
v -0.082903 0.630584 -0.898681
v -0.074610 0.615070 -0.898681
v -0.063451 0.601473 -0.898681
v -0.049853 0.590313 -0.898681
v -0.034339 0.582021 -0.898681
v -0.017506 0.576915 -0.898681
v 0.000000 0.575190 -0.898681
v 0.000000 0.754657 -0.898681
v 0.000000 0.754657 -0.131425
v 0.000000 0.575191 -0.131425
v -0.017506 0.576915 -0.131425
v -0.034339 0.582021 -0.131425
v -0.049853 0.590313 -0.131425
v -0.063451 0.601473 -0.131425
v -0.074610 0.615071 -0.131425
v -0.082903 0.630584 -0.131425
v -0.088009 0.647418 -0.131425
v -0.089733 0.664924 -0.131425
v -0.088009 0.682430 -0.131425
v -0.082903 0.699263 -0.131425
v -0.074610 0.714777 -0.131425
v -0.063451 0.728375 -0.131425
v -0.049853 0.739534 -0.131425
v -0.034339 0.747826 -0.131425
v -0.017506 0.752933 -0.131425
v 0.017506 0.576915 -0.131425
v 0.034339 0.582021 -0.131425
v 0.049853 0.590313 -0.131425
v 0.063451 0.601473 -0.131425
v 0.074610 0.615071 -0.131425
v 0.082903 0.630584 -0.131425
v 0.088009 0.647418 -0.131425
v 0.089733 0.664924 -0.131425
v 0.088009 0.682430 -0.131425
v 0.082903 0.699263 -0.131425
v 0.074610 0.714777 -0.131425
v 0.063451 0.728375 -0.131425
v 0.049853 0.739534 -0.131425
v 0.034339 0.747826 -0.131425
v 0.017506 0.752933 -0.131425
v 0.000000 0.756461 -0.126838
v 0.000000 0.573387 -0.126838
v -0.017858 0.575146 -0.126838
v -0.035029 0.580355 -0.126838
v -0.050855 0.588814 -0.126838
v -0.064726 0.600197 -0.126838
v -0.076110 0.614069 -0.126838
v -0.084569 0.629894 -0.126838
v -0.089778 0.647066 -0.126838
v -0.091537 0.664924 -0.126838
v -0.089778 0.682782 -0.126838
v -0.084569 0.699953 -0.126838
v -0.076110 0.715779 -0.126838
v -0.064726 0.729650 -0.126838
v -0.050855 0.741034 -0.126838
v -0.035030 0.749493 -0.126838
v -0.017858 0.754702 -0.126838
v 0.017858 0.575146 -0.126838
v 0.035029 0.580355 -0.126838
v 0.050855 0.588814 -0.126838
v 0.064726 0.600197 -0.126838
v 0.076110 0.614069 -0.126838
v 0.084569 0.629894 -0.126838
v 0.089778 0.647066 -0.126838
v 0.091537 0.664924 -0.126838
v 0.089778 0.682782 -0.126838
v 0.084569 0.699953 -0.126838
v 0.076110 0.715779 -0.126838
v 0.064726 0.729650 -0.126838
v 0.050855 0.741034 -0.126838
v 0.035030 0.749493 -0.126838
v 0.017858 0.754702 -0.126838
v 0.000000 0.756461 0.004583
v 0.000000 0.573387 0.004583
v -0.017858 0.575146 0.004583
v -0.035029 0.580355 0.004583
v -0.050855 0.588814 0.004583
v -0.064726 0.600197 0.004583
v -0.076110 0.614069 0.004583
v -0.084569 0.629894 0.004583
v -0.089778 0.647066 0.004583
v -0.091537 0.664924 0.004583
v -0.089778 0.682782 0.004583
v -0.084569 0.699953 0.004583
v -0.076110 0.715779 0.004583
v -0.064726 0.729650 0.004583
v -0.050855 0.741034 0.004583
v -0.035030 0.749493 0.004583
v -0.017858 0.754702 0.004583
v 0.017858 0.575146 0.004583
v 0.035029 0.580355 0.004583
v 0.050855 0.588814 0.004583
v 0.064726 0.600197 0.004583
v 0.076110 0.614069 0.004583
v 0.084569 0.629894 0.004583
v 0.084569 0.699953 0.004583
v 0.076110 0.715779 0.004583
v 0.064726 0.729650 0.004583
v 0.050855 0.741034 0.004583
v 0.035030 0.749493 0.004583
v 0.017858 0.754702 0.004583
v 0.000000 0.764077 0.008836
v 0.000000 0.565771 0.008836
v -0.019344 0.567676 0.008836
v -0.037944 0.573318 0.008836
v -0.055086 0.582481 0.008836
v -0.070112 0.594812 0.008836
v -0.082443 0.609837 0.008836
v -0.091606 0.626979 0.008836
v -0.097230 0.645616 0.008836
v -0.097230 0.684231 0.008836
v -0.091606 0.702868 0.008836
v -0.082443 0.720010 0.008836
v -0.070112 0.735036 0.008836
v -0.055087 0.747367 0.008836
v -0.037944 0.756530 0.008836
v -0.019344 0.762172 0.008836
v 0.019344 0.567676 0.008836
v 0.037944 0.573318 0.008836
v 0.055086 0.582481 0.008836
v 0.070112 0.594812 0.008836
v 0.082443 0.609837 0.008836
v 0.091606 0.626979 0.008836
v 0.091606 0.702868 0.008836
v 0.082443 0.720010 0.008836
v 0.070112 0.735036 0.008836
v 0.055087 0.747367 0.008836
v 0.037944 0.756530 0.008836
v 0.019344 0.762172 0.008836
v 0.000000 0.764077 0.019939
v 0.000000 0.565771 0.019939
v -0.019344 0.567676 0.019939
v -0.037944 0.573318 0.019939
v -0.055086 0.582481 0.019939
v -0.070112 0.594812 0.019939
v -0.082443 0.609837 0.019939
v -0.091606 0.626979 0.019939
v -0.097230 0.645616 0.019939
v -0.097230 0.684231 0.019939
v -0.091606 0.702868 0.019939
v -0.082443 0.720010 0.019939
v -0.070112 0.735036 0.019939
v -0.055087 0.747367 0.019939
v -0.037944 0.756530 0.019939
v -0.019344 0.762172 0.019939
v 0.019344 0.567676 0.019939
v 0.037944 0.573318 0.019939
v 0.055086 0.582481 0.019939
v 0.070112 0.594812 0.019939
v 0.082443 0.609837 0.019939
v 0.091606 0.626979 0.019939
v 0.091606 0.702868 0.019939
v 0.082443 0.720010 0.019939
v 0.070112 0.735036 0.019939
v 0.055087 0.747367 0.019939
v 0.037944 0.756530 0.019939
v 0.019344 0.762172 0.019939
v 0.049275 0.783884 -0.020303
v 0.071536 0.771985 -0.020303
v 0.091048 0.755972 -0.020303
v 0.107061 0.736460 -0.020303
v 0.118960 0.714199 -0.020303
v 0.126287 0.689984 -0.020303
v 0.126287 0.640046 -0.020303
v 0.118960 0.615649 -0.020303
v 0.107061 0.593388 -0.020303
v 0.000000 0.536162 -0.020303
v 0.091048 0.573876 -0.020303
v 0.071536 0.557862 -0.020303
v 0.000000 0.793686 -0.020303
v 0.049275 0.545964 -0.020303
v 0.025120 0.791211 -0.020303
v 0.025120 0.538636 -0.020303
v -0.049275 0.783884 -0.020303
v -0.071536 0.771985 -0.020303
v -0.091048 0.755972 -0.020303
v -0.107061 0.736460 -0.020303
v -0.118960 0.714199 -0.020303
v -0.126287 0.690044 -0.020303
v -0.128762 0.664924 -0.020303
v -0.126287 0.639804 -0.020303
v -0.118960 0.615649 -0.020303
v -0.107061 0.593388 -0.020303
v -0.091048 0.573876 -0.020303
v -0.071536 0.557862 -0.020303
v -0.049275 0.545964 -0.020303
v -0.025120 0.791211 -0.020303
v -0.025120 0.538636 -0.020303
v 0.017858 0.754702 -0.020303
v 0.000000 0.756461 -0.020303
v 0.064726 0.600197 -0.020303
v 0.076110 0.614069 -0.020303
v 0.084569 0.629894 -0.020303
v 0.089778 0.682782 -0.020303
v 0.084569 0.699953 -0.020303
v 0.035030 0.749493 -0.020303
v 0.076110 0.715779 -0.020303
v -0.017858 0.575146 -0.020303
v 0.000000 0.573387 -0.020303
v 0.064726 0.729650 -0.020303
v 0.050855 0.741034 -0.020303
v -0.050855 0.588814 -0.020303
v -0.035029 0.580355 -0.020303
v -0.091537 0.664924 -0.020303
v -0.089778 0.647066 -0.020303
v -0.076110 0.614069 -0.020303
v -0.064726 0.600197 -0.020303
v -0.084569 0.699953 -0.020303
v -0.089778 0.682782 -0.020303
v -0.084569 0.629894 -0.020303
v -0.064726 0.729650 -0.020303
v -0.076110 0.715779 -0.020303
v -0.035030 0.749493 -0.020303
v -0.050855 0.741034 -0.020303
v -0.017858 0.754702 -0.020303
v 0.017858 0.575146 -0.020303
v 0.035029 0.580355 -0.020303
v 0.050855 0.588814 -0.020303
v 0.095606 0.640046 0.019939
v 0.087685 0.640046 0.004583
v 0.087685 0.640046 -0.020303
v 0.095606 0.640046 0.008836
v 0.091537 0.664924 -0.020303
v 0.089778 0.647066 -0.020303
v 0.087602 0.689984 -0.020303
v 0.128762 0.664924 -0.020303
v 0.087602 0.689984 0.004583
v 0.095523 0.689984 0.008836
v 0.095523 0.689984 0.019939
v 0.023239 0.781757 0.019939
v 0.000000 0.784046 0.019939
v 0.045586 0.774978 0.019939
v 0.066180 0.763970 0.019939
v 0.084232 0.749156 0.019939
v 0.099046 0.731104 0.019939
v 0.110054 0.710510 0.019939
v 0.110054 0.619338 0.019939
v 0.099046 0.598743 0.019939
v 0.084232 0.580692 0.019939
v 0.066180 0.565878 0.019939
v 0.045586 0.554870 0.019939
v 0.023239 0.548091 0.019939
v 0.000000 0.545802 0.019939
v -0.023239 0.548091 0.019939
v -0.045586 0.554870 0.019939
v -0.066180 0.565878 0.019939
v -0.084232 0.580692 0.019939
v -0.103315 0.598743 0.019939
v -0.103315 0.619338 0.019939
v -0.103315 0.644349 0.019939
v -0.103315 0.685519 0.019939
v -0.103315 0.710510 0.019939
v -0.103315 0.731104 0.019939
v -0.084232 0.749156 0.019939
v -0.066180 0.763970 0.019939
v -0.045586 0.774978 0.019939
v -0.023239 0.781757 0.019939
v 0.116271 0.689984 0.019939
v 0.116298 0.640046 0.019939
v 0.116298 0.640046 -0.020303
v 0.119260 0.664924 -0.020303
v 0.116271 0.689984 -0.020303
v -0.066180 0.763970 0.194388
v -0.118960 0.714199 0.289955
v -0.126287 0.690044 0.289955
v -0.107061 0.736460 0.194388
v -0.126287 0.639804 0.289955
v -0.118960 0.615649 0.289955
v -0.107061 0.593388 0.289955
v -0.103315 0.598743 0.289955
v -0.103315 0.619338 0.289955
v -0.103315 0.644349 0.289955
v -0.103315 0.644349 0.194388
v -0.103315 0.685519 0.289955
v -0.103315 0.710510 0.289955
v -0.103315 0.731104 0.289955
v -0.126287 0.690044 0.246602
v -0.103315 0.644349 0.246602
v -0.103315 0.664924 0.246602
v -0.118960 0.714199 0.246602
v -0.103315 0.619338 0.246602
v -0.103315 0.598743 0.246602
v -0.107061 0.593388 0.246602
v -0.128762 0.664924 0.246602
v -0.126287 0.639804 0.246602
v -0.103315 0.731104 0.246602
v -0.118960 0.615649 0.246602
v -0.103315 0.710510 0.246602
v -0.103315 0.685519 0.246602
v -0.103315 0.619338 0.194388
v -0.107061 0.593388 0.194388
v -0.103315 0.710510 0.194388
v -0.103315 0.685519 0.194388
v -0.126287 0.690044 0.194388
v -0.103315 0.664924 0.194388
v -0.118960 0.714199 0.194388
v -0.103315 0.598743 0.194388
v -0.128762 0.664924 0.194388
v -0.126287 0.639804 0.194388
v -0.118960 0.615649 0.194388
v -0.126287 0.690044 0.004583
v -0.128762 0.664924 0.004583
v -0.126287 0.639804 0.004583
v -0.106571 0.664924 0.004583
v -0.104411 0.644112 0.004583
v -0.097230 0.684231 0.004583
v -0.099050 0.664924 0.004583
v -0.097230 0.645616 0.004583
v 0.025120 0.791211 0.289955
v 0.000000 0.793686 0.289955
v 0.049275 0.783884 0.289955
v 0.071536 0.771985 0.289955
v 0.091048 0.755972 0.289955
v -0.025120 0.791211 0.289955
v -0.049275 0.783884 0.289955
v -0.071536 0.771985 0.289955
v -0.091048 0.755972 0.289955
v -0.107061 0.736460 0.289955
v 0.000000 0.784046 0.289955
v 0.023239 0.781757 0.289955
v 0.045586 0.774978 0.289955
v 0.066180 0.763970 0.289955
v 0.084232 0.749156 0.289955
v -0.084232 0.749156 0.289955
v -0.066180 0.763970 0.289955
v -0.045586 0.774978 0.289955
v -0.023239 0.781757 0.289955
v 0.091048 0.755972 0.194388
v 0.066180 0.763970 0.194388
v 0.084232 0.749156 0.194388
v 0.071536 0.771985 0.194387
v 0.049275 0.783884 0.194387
v -0.045586 0.774978 0.194387
v -0.023239 0.781757 0.194387
v 0.045586 0.774978 0.194387
v -0.084232 0.749156 0.194388
v -0.025120 0.791211 0.194387
v 0.000000 0.793686 0.194387
v 0.023239 0.781757 0.194387
v -0.049275 0.783884 0.194387
v 0.000000 0.784046 0.194387
v -0.071536 0.771985 0.194387
v -0.091048 0.755972 0.194388
v 0.025120 0.791211 0.194387
v -0.103315 0.731104 0.194388
v 0.084232 0.749156 0.246602
v 0.049275 0.783884 0.246602
v -0.023239 0.781757 0.246602
v 0.071536 0.771985 0.246602
v 0.066180 0.763970 0.246602
v -0.066180 0.763970 0.246602
v -0.025120 0.791211 0.246602
v 0.091048 0.755972 0.246602
v -0.049275 0.783884 0.246602
v -0.071536 0.771985 0.246602
v -0.091048 0.755972 0.246602
v -0.045586 0.774978 0.246602
v 0.045586 0.774978 0.246602
v -0.084232 0.749156 0.246602
v 0.000000 0.793686 0.246602
v 0.023239 0.781757 0.246602
v 0.000000 0.784046 0.246602
v -0.107061 0.736460 0.246602
v 0.025120 0.791211 0.246602
v 0.091048 0.755972 0.171630
v 0.091048 0.755972 0.112696
v -0.066180 0.763970 0.171630
v -0.066180 0.763970 0.112696
v 0.066180 0.763970 0.171630
v 0.066180 0.763970 0.112696
v -0.107061 0.736460 0.171630
v -0.107061 0.736460 0.112696
v 0.071536 0.771985 0.171630
v 0.071536 0.771985 0.112696
v -0.045586 0.774978 0.171630
v -0.045586 0.774978 0.112696
v 0.049275 0.783884 0.112696
v 0.049275 0.783884 0.171630
v -0.103315 0.710510 0.171630
v -0.103315 0.710510 0.112696
v -0.103315 0.685519 0.171630
v -0.103315 0.685519 0.112697
v 0.084232 0.749156 0.112696
v 0.084232 0.749156 0.171630
v -0.126287 0.690044 0.112696
v -0.126287 0.690044 0.171630
v -0.118960 0.714199 0.112696
v -0.118960 0.714199 0.171630
v 0.045586 0.774978 0.171630
v 0.045586 0.774978 0.112696
v -0.084232 0.749156 0.171630
v -0.084232 0.749156 0.112696
v 0.000000 0.793686 0.171630
v 0.000000 0.793686 0.112696
v 0.023239 0.781757 0.171630
v 0.023239 0.781757 0.112696
v 0.000000 0.784046 0.171630
v 0.000000 0.784046 0.112696
v 0.025120 0.791211 0.171630
v 0.025120 0.791211 0.112696
v -0.103315 0.731104 0.171630
v -0.103315 0.731104 0.112696
v -0.023239 0.781757 0.112696
v -0.023239 0.781757 0.171630
v -0.025120 0.791211 0.112696
v -0.025120 0.791211 0.171630
v -0.049275 0.783884 0.112696
v -0.049275 0.783884 0.171630
v -0.071536 0.771985 0.112696
v -0.071536 0.771985 0.171630
v -0.091048 0.755972 0.112696
v -0.091048 0.755972 0.171630
v -0.000000 0.285169 -4.768478
v -0.020785 0.287217 -4.768478
v -0.040771 0.293279 -4.768478
v -0.059191 0.303125 -4.768478
v -0.075336 0.316374 -4.768478
v -0.088585 0.332519 -4.768478
v -0.098431 0.350939 -4.768478
v -0.104493 0.370925 -4.768478
v -0.106540 0.391710 -4.768478
v -0.104493 0.412495 -4.768478
v -0.098431 0.432481 -4.768478
v -0.088585 0.450901 -4.768478
v -0.075336 0.467045 -4.768478
v -0.059191 0.480295 -4.768478
v -0.040771 0.490140 -4.768478
v -0.020785 0.496203 -4.768478
v -0.000000 0.498250 -4.768478
v 0.020785 0.496203 -4.768478
v 0.040771 0.490140 -4.768478
v 0.059191 0.480295 -4.768478
v 0.075335 0.467045 -4.768478
v 0.088585 0.450900 -4.768478
v 0.098430 0.432481 -4.768478
v 0.104493 0.412495 -4.768478
v 0.106540 0.391710 -4.768478
v 0.104493 0.370925 -4.768478
v 0.098430 0.350938 -4.768478
v 0.088585 0.332519 -4.768478
v 0.075335 0.316374 -4.768478
v 0.059190 0.303125 -4.768478
v 0.040771 0.293279 -4.768478
v 0.020785 0.287217 -4.768478
v -0.000000 0.285171 0.026639
v -0.020785 0.287218 0.026639
v -0.040771 0.293281 0.026639
v -0.059191 0.303126 0.026639
v -0.075336 0.316376 0.026639
v -0.088585 0.332521 0.026639
v -0.098431 0.350940 0.026639
v -0.104493 0.370926 0.026639
v -0.106540 0.391711 0.026639
v -0.104493 0.412496 0.026639
v -0.098431 0.432482 0.026639
v -0.088585 0.450902 0.026639
v -0.075336 0.467047 0.026639
v -0.059191 0.480296 0.026639
v -0.040771 0.490142 0.026639
v -0.020785 0.496204 0.026639
v -0.000000 0.498252 0.026639
v 0.020785 0.496204 0.026639
v 0.040771 0.490142 0.026639
v 0.059191 0.480296 0.026639
v 0.075335 0.467047 0.026639
v 0.088585 0.450902 0.026639
v 0.098430 0.432482 0.026639
v 0.104493 0.412496 0.026639
v 0.106540 0.391711 0.026639
v 0.104493 0.370926 0.026639
v 0.098430 0.350940 0.026639
v 0.088585 0.332521 0.026639
v 0.075335 0.316376 0.026639
v 0.059190 0.303126 0.026639
v 0.040771 0.293281 0.026639
v 0.020785 0.287218 0.026639
v -0.000000 0.293403 0.026639
v -0.019179 0.295292 0.026639
v -0.037621 0.300886 0.026639
v -0.054617 0.309971 0.026639
v -0.069515 0.322197 0.026639
v -0.081741 0.337094 0.026639
v -0.090825 0.354090 0.026639
v -0.096420 0.372532 0.026639
v -0.098309 0.391711 0.026639
v -0.096420 0.410890 0.026639
v -0.090825 0.429332 0.026639
v -0.081741 0.446329 0.026639
v -0.069515 0.461226 0.026639
v -0.054617 0.473452 0.026639
v -0.037621 0.482537 0.026639
v -0.019179 0.488131 0.026639
v -0.000000 0.490020 0.026639
v 0.019179 0.488131 0.026639
v 0.037621 0.482536 0.026639
v 0.054617 0.473452 0.026639
v 0.069515 0.461226 0.026639
v 0.081741 0.446328 0.026639
v 0.090825 0.429332 0.026639
v 0.096420 0.410890 0.026639
v 0.098308 0.391711 0.026639
v 0.096419 0.372532 0.026639
v 0.090825 0.354090 0.026639
v 0.081740 0.337094 0.026639
v 0.069514 0.322196 0.026639
v 0.054617 0.309970 0.026639
v 0.037621 0.300886 0.026639
v 0.019179 0.295292 0.026639
v -0.000000 0.391710 -4.768478
v 0.037621 0.300885 -4.586490
v 0.054617 0.309970 -4.586490
v 0.069514 0.322196 -4.586490
v 0.081740 0.337093 -4.586490
v 0.090825 0.354089 -4.586490
v 0.096419 0.372531 -4.586490
v 0.098308 0.391710 -4.586490
v 0.096420 0.410890 -4.586490
v 0.090825 0.429332 -4.586490
v 0.081741 0.446328 -4.586490
v 0.069515 0.461225 -4.586490
v 0.054617 0.473451 -4.586490
v 0.037621 0.482536 -4.586490
v 0.019179 0.488130 -4.586490
v -0.000000 0.490019 -4.586490
v -0.019179 0.488130 -4.586490
v -0.037621 0.482536 -4.586490
v -0.054617 0.473451 -4.586490
v -0.069515 0.461225 -4.586490
v -0.081741 0.446328 -4.586490
v -0.090825 0.429332 -4.586490
v -0.096420 0.410890 -4.586490
v -0.098309 0.391711 -4.586490
v -0.096420 0.372531 -4.586490
v -0.090825 0.354089 -4.586490
v -0.081741 0.337093 -4.586490
v -0.069515 0.322196 -4.586490
v -0.054617 0.309970 -4.586490
v -0.037621 0.300885 -4.586490
v -0.019179 0.295291 -4.586490
v -0.000000 0.293402 -4.586490
v 0.019179 0.295291 -4.586490
v -0.000000 0.391711 -4.586490
v -0.000000 0.301376 -4.808768
v -0.017623 0.303112 -4.808768
v -0.034569 0.308252 -4.808768
v -0.050187 0.316600 -4.808768
v -0.063876 0.327834 -4.808768
v -0.075110 0.341523 -4.808768
v -0.083458 0.357141 -4.808768
v -0.088598 0.374086 -4.808768
v -0.090334 0.391710 -4.808768
v -0.088598 0.409333 -4.808768
v -0.083458 0.426279 -4.808768
v -0.075110 0.441897 -4.808768
v -0.063876 0.455586 -4.808768
v -0.050187 0.466820 -4.808768
v -0.034569 0.475168 -4.808768
v -0.017623 0.480308 -4.808768
v -0.000000 0.482044 -4.808768
v 0.017623 0.480308 -4.808768
v 0.034569 0.475168 -4.808768
v 0.050187 0.466820 -4.808768
v 0.063876 0.455586 -4.808768
v 0.075110 0.441897 -4.808768
v 0.083458 0.426279 -4.808768
v 0.088598 0.409333 -4.808768
v 0.090334 0.391710 -4.808768
v 0.088598 0.374086 -4.808768
v 0.083458 0.357140 -4.808768
v 0.075110 0.341523 -4.808768
v 0.063876 0.327834 -4.808768
v 0.050187 0.316600 -4.808768
v 0.034569 0.308252 -4.808768
v 0.017623 0.303112 -4.808768
v -0.000000 0.320371 -4.873205
v -0.000000 0.301376 -4.854302
v -0.000000 0.310873 -4.870673
v -0.000000 0.303921 -4.863754
v -0.017623 0.303112 -4.854302
v -0.013918 0.321742 -4.873205
v -0.017127 0.305608 -4.863754
v -0.015771 0.312427 -4.870673
v -0.034569 0.308252 -4.854302
v -0.027300 0.325801 -4.873205
v -0.033596 0.310603 -4.863754
v -0.030935 0.317027 -4.870673
v -0.050187 0.316600 -4.854302
v -0.039634 0.332394 -4.873206
v -0.048773 0.318716 -4.863754
v -0.044910 0.324497 -4.870673
v -0.063876 0.327834 -4.854302
v -0.050444 0.341265 -4.873205
v -0.062076 0.329634 -4.863754
v -0.057160 0.334550 -4.870673
v -0.075110 0.341523 -4.854302
v -0.059316 0.352076 -4.873205
v -0.072994 0.342937 -4.863754
v -0.067213 0.346799 -4.870673
v -0.083458 0.357141 -4.854302
v -0.065909 0.364410 -4.873205
v -0.081107 0.358114 -4.863754
v -0.074683 0.360775 -4.870673
v -0.088598 0.374086 -4.854302
v -0.069968 0.377792 -4.873205
v -0.086102 0.374583 -4.863754
v -0.079283 0.375939 -4.870673
v -0.090334 0.391710 -4.854302
v -0.071339 0.391710 -4.873205
v -0.087789 0.391710 -4.863754
v -0.080837 0.391710 -4.870673
v -0.088598 0.409333 -4.854302
v -0.069968 0.405627 -4.873205
v -0.086102 0.408837 -4.863754
v -0.079283 0.407480 -4.870673
v -0.083458 0.426279 -4.854302
v -0.065909 0.419010 -4.873205
v -0.081107 0.425305 -4.863754
v -0.074683 0.422645 -4.870673
v -0.075110 0.441897 -4.854302
v -0.059316 0.431344 -4.873205
v -0.072994 0.440483 -4.863754
v -0.067213 0.436620 -4.870673
v -0.063876 0.455586 -4.854302
v -0.050444 0.442154 -4.873205
v -0.062076 0.453786 -4.863754
v -0.057160 0.448870 -4.870673
v -0.050187 0.466820 -4.854302
v -0.039634 0.451026 -4.873205
v -0.048773 0.464704 -4.863754
v -0.044910 0.458923 -4.870673
v -0.034569 0.475168 -4.854302
v -0.027300 0.457619 -4.873205
v -0.033596 0.472817 -4.863754
v -0.030935 0.466393 -4.870673
v -0.017623 0.480308 -4.854302
v -0.013918 0.461678 -4.873205
v -0.017127 0.477812 -4.863754
v -0.015770 0.470993 -4.870673
v -0.000000 0.482044 -4.854302
v -0.000000 0.463049 -4.873205
v -0.000000 0.479499 -4.863754
v -0.000000 0.472546 -4.870673
v 0.017623 0.480308 -4.854302
v 0.013917 0.461678 -4.873205
v 0.017127 0.477812 -4.863754
v 0.015770 0.470993 -4.870673
v 0.034569 0.475168 -4.854302
v 0.027300 0.457618 -4.873205
v 0.033595 0.472816 -4.863754
v 0.030935 0.466393 -4.870673
v 0.050187 0.466820 -4.854302
v 0.039634 0.451026 -4.873205
v 0.048773 0.464704 -4.863754
v 0.044910 0.458923 -4.870673
v 0.063876 0.455586 -4.854302
v 0.050444 0.442154 -4.873205
v 0.062076 0.453786 -4.863754
v 0.057160 0.448870 -4.870673
v 0.075110 0.441897 -4.854302
v 0.059316 0.431344 -4.873205
v 0.072994 0.440483 -4.863754
v 0.067213 0.436620 -4.870673
v 0.083458 0.426279 -4.854302
v 0.065909 0.419010 -4.873205
v 0.081107 0.425305 -4.863754
v 0.074683 0.422645 -4.870673
v 0.088598 0.409333 -4.854302
v 0.069968 0.405627 -4.873205
v 0.086102 0.408837 -4.863754
v 0.079283 0.407480 -4.870673
v 0.090334 0.391710 -4.854302
v 0.071339 0.391710 -4.873205
v 0.087789 0.391710 -4.863754
v 0.080836 0.391710 -4.870673
v 0.088598 0.374086 -4.854302
v 0.069968 0.377792 -4.873205
v 0.086102 0.374583 -4.863754
v 0.079283 0.375939 -4.870673
v 0.083458 0.357140 -4.854302
v 0.065909 0.364409 -4.873205
v 0.081106 0.358114 -4.863754
v 0.074683 0.360775 -4.870673
v 0.075110 0.341523 -4.854302
v 0.059316 0.352076 -4.873205
v 0.072994 0.342937 -4.863754
v 0.067213 0.346799 -4.870673
v 0.063876 0.327834 -4.854302
v 0.050444 0.341265 -4.873205
v 0.062076 0.329633 -4.863754
v 0.057160 0.334550 -4.870673
v 0.050187 0.316600 -4.854302
v 0.039634 0.332393 -4.873205
v 0.048773 0.318716 -4.863754
v 0.044910 0.324497 -4.870673
v 0.034569 0.308252 -4.854302
v 0.027300 0.325801 -4.873205
v 0.033595 0.310603 -4.863754
v 0.030935 0.317027 -4.870673
v 0.017623 0.303112 -4.854302
v 0.013917 0.321742 -4.873205
v 0.017127 0.305607 -4.863754
v 0.015770 0.312427 -4.870673
v -0.000000 0.367484 -4.823052
v -0.004726 0.367949 -4.823052
v -0.009271 0.369328 -4.823052
v -0.013459 0.371566 -4.823052
v -0.017131 0.374579 -4.823052
v -0.020143 0.378250 -4.823052
v -0.022382 0.382439 -4.823052
v -0.023761 0.386983 -4.823052
v -0.024226 0.391710 -4.823052
v -0.023761 0.396436 -4.823052
v -0.022382 0.400981 -4.823052
v -0.020143 0.405169 -4.823052
v -0.017131 0.408840 -4.823052
v -0.013459 0.411853 -4.823052
v -0.009271 0.414092 -4.823052
v -0.004726 0.415471 -4.823052
v -0.000000 0.415936 -4.823052
v 0.004726 0.415471 -4.823052
v 0.009271 0.414092 -4.823052
v 0.013459 0.411853 -4.823052
v 0.017130 0.408840 -4.823052
v 0.020143 0.405169 -4.823052
v 0.022382 0.400981 -4.823052
v 0.023761 0.396436 -4.823052
v 0.024226 0.391710 -4.823052
v 0.023761 0.386983 -4.823052
v 0.022382 0.382439 -4.823052
v 0.020143 0.378250 -4.823052
v 0.017130 0.374579 -4.823052
v 0.013459 0.371566 -4.823052
v 0.009271 0.369328 -4.823052
v 0.004726 0.367949 -4.823052
v -0.000000 0.391710 -4.823051
v -0.000000 0.365078 -4.873204
v -0.000000 0.367484 -4.870810
v -0.004726 0.367949 -4.870810
v -0.005196 0.365590 -4.873204
v -0.009271 0.369328 -4.870810
v -0.010192 0.367105 -4.873204
v -0.013459 0.371566 -4.870811
v -0.014796 0.369566 -4.873204
v -0.017131 0.374579 -4.870810
v -0.018832 0.372878 -4.873204
v -0.020143 0.378250 -4.870810
v -0.022144 0.376914 -4.873204
v -0.022382 0.382439 -4.870810
v -0.024605 0.381518 -4.873204
v -0.023761 0.386983 -4.870810
v -0.026120 0.386514 -4.873204
v -0.024226 0.391710 -4.870810
v -0.026632 0.391710 -4.873204
v -0.023761 0.396436 -4.870810
v -0.026120 0.396905 -4.873204
v -0.022382 0.400981 -4.870810
v -0.024605 0.401901 -4.873204
v -0.020143 0.405169 -4.870810
v -0.022144 0.406506 -4.873204
v -0.017131 0.408840 -4.870810
v -0.018832 0.410541 -4.873204
v -0.013459 0.411853 -4.870810
v -0.014796 0.413853 -4.873204
v -0.009271 0.414092 -4.870810
v -0.010192 0.416314 -4.873204
v -0.004726 0.415471 -4.870810
v -0.005196 0.417830 -4.873204
v -0.000000 0.415936 -4.870810
v -0.000000 0.418342 -4.873204
v 0.004726 0.415471 -4.870810
v 0.005196 0.417830 -4.873204
v 0.009271 0.414092 -4.870810
v 0.010191 0.416314 -4.873204
v 0.013459 0.411853 -4.870810
v 0.014796 0.413853 -4.873204
v 0.017130 0.408840 -4.870810
v 0.018831 0.410541 -4.873204
v 0.020143 0.405169 -4.870810
v 0.022143 0.406506 -4.873204
v 0.022382 0.400981 -4.870810
v 0.024605 0.401901 -4.873204
v 0.023761 0.396436 -4.870810
v 0.026120 0.396905 -4.873204
v 0.024226 0.391710 -4.870810
v 0.026632 0.391710 -4.873204
v 0.023761 0.386983 -4.870810
v 0.026120 0.386514 -4.873204
v 0.022382 0.382439 -4.870810
v 0.024604 0.381518 -4.873204
v 0.020143 0.378250 -4.870810
v 0.022143 0.376914 -4.873204
v 0.017130 0.374579 -4.870810
v 0.018831 0.372878 -4.873204
v 0.013459 0.371566 -4.870810
v 0.014796 0.369566 -4.873204
v 0.009271 0.369328 -4.870810
v 0.010191 0.367105 -4.873204
v 0.004726 0.367949 -4.870810
v 0.005195 0.365590 -4.873204
v -0.000000 0.257078 -4.766614
v -0.026265 0.259665 -4.766614
v -0.051521 0.267326 -4.766614
v -0.074798 0.279768 -4.766614
v -0.095199 0.296511 -4.766614
v -0.111942 0.316912 -4.766614
v -0.124384 0.340189 -4.766614
v -0.132045 0.365444 -4.766614
v -0.134632 0.391710 -4.766614
v -0.132045 0.417975 -4.766614
v -0.124384 0.443231 -4.766614
v -0.111942 0.466507 -4.766614
v -0.095199 0.486909 -4.766614
v -0.074798 0.503652 -4.766614
v -0.051521 0.516094 -4.766614
v -0.026265 0.523755 -4.766614
v -0.000000 0.526342 -4.766614
v 0.026265 0.523755 -4.766614
v 0.051521 0.516093 -4.766614
v 0.074797 0.503652 -4.766614
v 0.095199 0.486909 -4.766614
v 0.111942 0.466507 -4.766614
v 0.124384 0.443231 -4.766614
v 0.132045 0.417975 -4.766614
v 0.134632 0.391710 -4.766614
v 0.132045 0.365444 -4.766614
v 0.124383 0.340188 -4.766614
v 0.111942 0.316912 -4.766614
v 0.095199 0.296511 -4.766614
v 0.074797 0.279767 -4.766614
v 0.051521 0.267326 -4.766614
v 0.026265 0.259665 -4.766614
v -0.000000 0.257078 -4.635517
v -0.026265 0.259665 -4.635517
v -0.051521 0.267326 -4.635517
v -0.074798 0.279768 -4.635517
v -0.095199 0.296511 -4.635517
v -0.111942 0.316912 -4.635517
v -0.124384 0.340189 -4.635517
v -0.132045 0.365444 -4.635517
v -0.134632 0.391710 -4.635517
v -0.132045 0.417975 -4.635517
v -0.124384 0.443231 -4.635517
v -0.111942 0.466507 -4.635517
v -0.095199 0.486909 -4.635517
v -0.074798 0.503652 -4.635517
v -0.051521 0.516094 -4.635517
v -0.026265 0.523755 -4.635517
v -0.000000 0.526342 -4.635517
v 0.026265 0.523755 -4.635517
v 0.051521 0.516093 -4.635517
v 0.074797 0.503652 -4.635517
v 0.095199 0.486909 -4.635517
v 0.111942 0.466507 -4.635517
v 0.124384 0.443231 -4.635517
v 0.132045 0.417975 -4.635517
v 0.134632 0.391710 -4.635517
v 0.132045 0.365444 -4.635517
v 0.124383 0.340188 -4.635517
v 0.111942 0.316912 -4.635517
v 0.095199 0.296511 -4.635517
v 0.074797 0.279767 -4.635517
v 0.051521 0.267326 -4.635517
v 0.026265 0.259665 -4.635517
v -0.000000 0.283992 -4.635517
v -0.021015 0.286062 -4.635517
v -0.041222 0.292192 -4.635517
v -0.059845 0.302146 -4.635517
v -0.076168 0.315542 -4.635517
v -0.089564 0.331865 -4.635517
v -0.099518 0.350488 -4.635517
v -0.105648 0.370695 -4.635517
v -0.107718 0.391710 -4.635517
v -0.105648 0.412725 -4.635517
v -0.099518 0.432932 -4.635517
v -0.089564 0.451555 -4.635517
v -0.076168 0.467878 -4.635517
v -0.059845 0.481274 -4.635517
v -0.041222 0.491228 -4.635517
v -0.021015 0.497358 -4.635517
v -0.000000 0.499428 -4.635517
v 0.021015 0.497358 -4.635517
v 0.041222 0.491228 -4.635517
v 0.059845 0.481274 -4.635517
v 0.076168 0.467878 -4.635517
v 0.089564 0.451555 -4.635517
v 0.099518 0.432932 -4.635517
v 0.105648 0.412725 -4.635517
v 0.107718 0.391710 -4.635517
v 0.105648 0.370695 -4.635517
v 0.099518 0.350488 -4.635517
v 0.089564 0.331865 -4.635517
v 0.076168 0.315542 -4.635517
v 0.059845 0.302146 -4.635517
v 0.041222 0.292191 -4.635517
v 0.021014 0.286062 -4.635517
v -0.000000 0.283992 -4.664434
v -0.021015 0.286062 -4.664434
v -0.041222 0.292192 -4.664434
v -0.059845 0.302146 -4.664434
v -0.076168 0.315542 -4.664434
v -0.089564 0.331865 -4.664434
v -0.099518 0.350488 -4.664434
v -0.105648 0.370695 -4.664434
v -0.107718 0.391710 -4.664434
v -0.105648 0.412725 -4.664434
v -0.099518 0.432932 -4.664434
v -0.089564 0.451555 -4.664434
v -0.076168 0.467878 -4.664434
v -0.059845 0.481274 -4.664434
v -0.041222 0.491228 -4.664434
v -0.021015 0.497358 -4.664434
v -0.000000 0.499428 -4.664434
v 0.021015 0.497358 -4.664434
v 0.041222 0.491228 -4.664434
v 0.059845 0.481274 -4.664434
v 0.076168 0.467878 -4.664434
v 0.089564 0.451555 -4.664434
v 0.099518 0.432932 -4.664434
v 0.105648 0.412725 -4.664434
v 0.107718 0.391710 -4.664434
v 0.105648 0.370695 -4.664434
v 0.099518 0.350488 -4.664434
v 0.089564 0.331865 -4.664434
v 0.076168 0.315542 -4.664434
v 0.059845 0.302146 -4.664434
v 0.041222 0.292191 -4.664434
v 0.021014 0.286062 -4.664434
v -0.000000 0.391710 -4.664435
v -0.017623 0.303112 -4.812983
v -0.000000 0.301376 -4.812983
v 0.017623 0.303112 -4.812983
v -0.034569 0.308252 -4.812983
v -0.050187 0.316600 -4.812983
v -0.063876 0.327834 -4.812983
v -0.075110 0.341523 -4.812983
v -0.083458 0.357141 -4.812983
v -0.088598 0.374086 -4.812983
v -0.090334 0.391710 -4.812983
v -0.088598 0.409333 -4.812983
v -0.083458 0.426279 -4.812983
v -0.075110 0.441897 -4.812983
v -0.063876 0.455586 -4.812983
v -0.050187 0.466820 -4.812983
v -0.034569 0.475168 -4.812983
v -0.017623 0.480308 -4.812983
v -0.000000 0.482044 -4.812983
v 0.017623 0.480308 -4.812983
v 0.034569 0.475168 -4.812983
v 0.050187 0.466820 -4.812983
v 0.063876 0.455586 -4.812983
v 0.075110 0.441897 -4.812983
v 0.083458 0.426279 -4.812983
v 0.088598 0.409333 -4.812983
v 0.090334 0.391710 -4.812983
v 0.088598 0.374086 -4.812983
v 0.083458 0.357140 -4.812983
v 0.075110 0.341523 -4.812983
v 0.063876 0.327834 -4.812983
v 0.050187 0.316600 -4.812983
v 0.034569 0.308252 -4.812983
v 0.093576 0.485286 -4.769210
v 0.073522 0.501744 -4.769210
v -0.129794 0.365892 -4.769210
v -0.122263 0.341067 -4.769210
v 0.110034 0.465232 -4.769210
v -0.132337 0.391710 -4.769210
v 0.122263 0.442353 -4.769210
v -0.129794 0.417527 -4.769210
v 0.129794 0.417527 -4.769210
v -0.122263 0.442353 -4.769210
v 0.132337 0.391710 -4.769210
v -0.110034 0.465232 -4.769210
v 0.129794 0.365892 -4.769210
v -0.093576 0.485286 -4.769210
v 0.122263 0.341067 -4.769210
v -0.073522 0.501744 -4.769210
v 0.110034 0.318187 -4.769210
v -0.050643 0.513973 -4.769210
v -0.025818 0.261916 -4.769210
v -0.000000 0.259373 -4.769210
v 0.093576 0.298133 -4.769210
v -0.025818 0.521504 -4.769210
v -0.050643 0.269447 -4.769210
v 0.073522 0.281676 -4.769210
v -0.000000 0.524047 -4.769210
v -0.073523 0.281676 -4.769210
v 0.050643 0.269446 -4.769210
v 0.025818 0.521504 -4.769210
v -0.093576 0.298134 -4.769210
v 0.025817 0.261916 -4.769210
v 0.050643 0.513973 -4.769210
v -0.110034 0.318187 -4.769210
v 0.026265 0.523755 -4.763873
v -0.000000 0.526342 -4.763873
v -0.095199 0.296511 -4.763873
v -0.074798 0.279768 -4.763873
v 0.026265 0.259665 -4.763873
v 0.051521 0.267326 -4.763873
v 0.051521 0.516093 -4.763873
v -0.111942 0.316912 -4.763873
v -0.000000 0.257078 -4.763873
v 0.074797 0.503652 -4.763873
v -0.124384 0.340189 -4.763873
v 0.095199 0.486909 -4.763873
v -0.132045 0.365444 -4.763873
v 0.111942 0.466507 -4.763873
v -0.134632 0.391710 -4.763873
v 0.124384 0.443231 -4.763873
v -0.132045 0.417975 -4.763873
v 0.132045 0.417975 -4.763873
v -0.124384 0.443231 -4.763873
v 0.134632 0.391710 -4.763873
v -0.111942 0.466507 -4.763873
v 0.132045 0.365444 -4.763873
v -0.095199 0.486909 -4.763873
v 0.124383 0.340188 -4.763873
v -0.074798 0.503652 -4.763873
v 0.111942 0.316912 -4.763873
v -0.051521 0.516094 -4.763873
v -0.026265 0.259665 -4.763873
v 0.095199 0.296511 -4.763873
v -0.026265 0.523755 -4.763873
v -0.051521 0.267326 -4.763873
v 0.074797 0.279767 -4.763873
v -0.000000 0.526342 -4.641025
v -0.074798 0.279768 -4.641025
v 0.051521 0.267326 -4.641025
v 0.026265 0.523755 -4.641025
v -0.095199 0.296511 -4.641025
v 0.026265 0.259665 -4.641025
v 0.051521 0.516093 -4.641025
v -0.111942 0.316912 -4.641025
v -0.000000 0.257078 -4.641025
v 0.074797 0.503652 -4.641025
v -0.124384 0.340189 -4.641025
v 0.095199 0.486909 -4.641025
v -0.132045 0.365444 -4.641025
v 0.111942 0.466507 -4.641025
v -0.134632 0.391710 -4.641025
v 0.124384 0.443231 -4.641025
v -0.132045 0.417975 -4.641025
v 0.132045 0.417975 -4.641025
v -0.124384 0.443231 -4.641025
v 0.134632 0.391710 -4.641025
v -0.111942 0.466507 -4.641025
v 0.132045 0.365444 -4.641025
v -0.095199 0.486909 -4.641025
v 0.124383 0.340188 -4.641025
v -0.074798 0.503652 -4.641025
v 0.111942 0.316912 -4.641025
v -0.051521 0.516094 -4.641025
v -0.026265 0.259665 -4.641025
v 0.095199 0.296511 -4.641025
v -0.026265 0.523755 -4.641025
v -0.051521 0.267326 -4.641025
v 0.074797 0.279767 -4.641025
v 0.005591 0.363603 -4.873204
v -0.000000 0.363053 -4.873204
v -0.005591 0.363603 -4.873204
v -0.010967 0.365234 -4.873204
v -0.015921 0.367882 -4.873204
v -0.020264 0.371446 -4.873204
v -0.023828 0.375789 -4.873204
v -0.026476 0.380743 -4.873204
v -0.028106 0.386119 -4.873204
v -0.028657 0.391710 -4.873204
v -0.028106 0.397300 -4.873204
v -0.026476 0.402676 -4.873204
v -0.023828 0.407631 -4.873204
v -0.020264 0.411973 -4.873204
v -0.015921 0.415537 -4.873204
v -0.010967 0.418186 -4.873204
v -0.005591 0.419816 -4.873204
v -0.000000 0.420367 -4.873204
v 0.005591 0.419816 -4.873204
v 0.010966 0.418185 -4.873204
v 0.015921 0.415537 -4.873204
v 0.020263 0.411973 -4.873204
v 0.023827 0.407631 -4.873204
v 0.026476 0.402676 -4.873204
v 0.028106 0.397300 -4.873204
v 0.028657 0.391710 -4.873204
v 0.028106 0.386119 -4.873204
v 0.026476 0.380743 -4.873204
v 0.023827 0.375789 -4.873204
v 0.020263 0.371446 -4.873204
v 0.015921 0.367882 -4.873204
v 0.010966 0.365234 -4.873204
v 0.065977 0.457687 -4.805406
v -0.091513 0.373507 -4.805406
v 0.077581 0.443548 -4.805406
v -0.093306 0.391710 -4.805406
v 0.086203 0.427416 -4.805406
v -0.091513 0.409913 -4.805406
v 0.091513 0.409913 -4.805406
v -0.086203 0.427416 -4.805406
v 0.093306 0.391710 -4.805406
v -0.077581 0.443548 -4.805406
v 0.091513 0.373507 -4.805406
v -0.065977 0.457687 -4.805406
v 0.086203 0.356003 -4.805406
v -0.051838 0.469291 -4.805406
v 0.077581 0.339872 -4.805406
v -0.035707 0.477913 -4.805406
v -0.018203 0.300197 -4.805406
v 0.065977 0.325733 -4.805406
v -0.018203 0.483223 -4.805406
v -0.035707 0.305507 -4.805406
v 0.051838 0.314129 -4.805406
v -0.000000 0.485016 -4.805406
v -0.051838 0.314129 -4.805406
v 0.035706 0.305506 -4.805406
v 0.018203 0.483223 -4.805406
v -0.065977 0.325733 -4.805406
v 0.018203 0.300197 -4.805406
v 0.035707 0.477913 -4.805406
v -0.077581 0.339872 -4.805406
v 0.051838 0.469291 -4.805406
v -0.086203 0.356003 -4.805406
v -0.000000 0.298404 -4.805406
v -0.000000 0.771914 -4.794920
v -0.014833 0.771914 -4.786356
v -0.014833 0.771914 -4.769229
v 0.000000 0.771914 -4.760666
v 0.014833 0.771914 -4.769229
v 0.014833 0.771914 -4.786356
v 0.014833 0.783934 -4.786356
v 0.014833 0.783934 -4.769229
v 0.000000 0.783934 -4.760666
v -0.014833 0.783934 -4.769229
v -0.014833 0.783934 -4.786356
v -0.000000 0.783934 -4.794920
v 0.001690 0.817334 -4.782437
v 0.003177 0.814825 -4.786521
v 0.004280 0.810980 -4.789553
v 0.004867 0.806264 -4.791166
v 0.004867 0.801246 -4.791166
v 0.004280 0.796530 -4.789553
v 0.003177 0.817334 -4.781579
v 0.005971 0.814825 -4.784908
v 0.008044 0.810980 -4.787380
v 0.009148 0.806264 -4.788695
v 0.009148 0.801246 -4.788695
v 0.008044 0.796530 -4.787380
v 0.004280 0.817334 -4.780264
v 0.008044 0.814825 -4.782437
v 0.010838 0.810980 -4.784050
v 0.012325 0.806264 -4.784908
v 0.012325 0.801246 -4.784908
v 0.010838 0.796530 -4.784050
v -0.000000 0.818206 -4.777793
v 0.004867 0.817334 -4.778651
v 0.009148 0.814825 -4.779406
v 0.012325 0.810980 -4.779966
v 0.014015 0.806264 -4.780264
v 0.014015 0.801246 -4.780264
v 0.012325 0.796530 -4.779966
v 0.004867 0.817334 -4.776935
v 0.009148 0.814825 -4.776180
v 0.012325 0.810980 -4.775620
v 0.014015 0.806264 -4.775322
v 0.014015 0.801246 -4.775322
v 0.012325 0.796530 -4.775620
v 0.004280 0.817334 -4.775322
v 0.008044 0.814825 -4.773149
v 0.010838 0.810980 -4.771535
v 0.012325 0.806264 -4.770678
v 0.012325 0.801246 -4.770678
v 0.010838 0.796530 -4.771535
v 0.003177 0.817334 -4.774007
v 0.005971 0.814825 -4.770678
v 0.008044 0.810980 -4.768206
v 0.009148 0.806264 -4.766891
v 0.009148 0.801246 -4.766891
v 0.008044 0.796530 -4.768206
v 0.001690 0.817334 -4.773149
v 0.003177 0.814825 -4.769064
v 0.004280 0.810980 -4.766033
v 0.004867 0.806264 -4.764420
v 0.004867 0.801246 -4.764420
v 0.004280 0.796530 -4.766033
v 0.000000 0.817334 -4.772851
v 0.000000 0.814825 -4.768504
v 0.000000 0.810980 -4.765278
v 0.000000 0.806264 -4.763562
v 0.000000 0.801246 -4.763562
v 0.000000 0.796530 -4.765278
v -0.001690 0.817334 -4.773149
v -0.003177 0.814825 -4.769064
v -0.004280 0.810980 -4.766033
v -0.004867 0.806264 -4.764420
v -0.004867 0.801246 -4.764420
v -0.004280 0.796530 -4.766033
v -0.003177 0.817334 -4.774007
v -0.005971 0.814825 -4.770678
v -0.008044 0.810980 -4.768206
v -0.009148 0.806264 -4.766891
v -0.009148 0.801246 -4.766891
v -0.008044 0.796530 -4.768206
v -0.004280 0.817334 -4.775321
v -0.008044 0.814825 -4.773149
v -0.010838 0.810980 -4.771535
v -0.012325 0.806264 -4.770678
v -0.012325 0.801246 -4.770678
v -0.010838 0.796530 -4.771535
v -0.004867 0.817334 -4.776935
v -0.009148 0.814825 -4.776180
v -0.012325 0.810980 -4.775620
v -0.014015 0.806264 -4.775321
v -0.014015 0.801246 -4.775321
v -0.012325 0.796530 -4.775620
v -0.004867 0.817334 -4.778651
v -0.009148 0.814825 -4.779406
v -0.012325 0.810980 -4.779966
v -0.014015 0.806264 -4.780264
v -0.014015 0.801246 -4.780264
v -0.012325 0.796530 -4.779966
v -0.004280 0.817334 -4.780264
v -0.008044 0.814825 -4.782437
v -0.010838 0.810980 -4.784050
v -0.012325 0.806264 -4.784908
v -0.012325 0.801246 -4.784908
v -0.010838 0.796530 -4.784050
v -0.003177 0.817334 -4.781579
v -0.005971 0.814825 -4.784908
v -0.008044 0.810980 -4.787380
v -0.009148 0.806264 -4.788694
v -0.009148 0.801246 -4.788694
v -0.008044 0.796530 -4.787380
v -0.001690 0.817334 -4.782437
v -0.003177 0.814825 -4.786521
v -0.004280 0.810980 -4.789553
v -0.004867 0.806264 -4.791166
v -0.004867 0.801246 -4.791166
v -0.004280 0.796530 -4.789553
v -0.000000 0.817334 -4.782735
v -0.000000 0.814825 -4.787082
v -0.000000 0.810980 -4.790308
v -0.000000 0.806264 -4.792024
v -0.000000 0.801246 -4.792024
v -0.000000 0.796530 -4.790308
v 0.003437 0.792418 -4.787235
v 0.006459 0.792418 -4.785491
v 0.008702 0.792418 -4.782817
v 0.009896 0.792418 -4.779538
v 0.009896 0.792418 -4.776048
v 0.008702 0.792418 -4.772769
v 0.006459 0.792418 -4.770095
v 0.003437 0.792418 -4.768351
v 0.000000 0.792418 -4.767745
v -0.003437 0.792418 -4.768351
v -0.006459 0.792418 -4.770095
v -0.008702 0.792418 -4.772769
v -0.009896 0.792418 -4.776048
v -0.009896 0.792418 -4.779538
v -0.008702 0.792418 -4.782817
v -0.006459 0.792418 -4.785491
v -0.003437 0.792418 -4.787235
v -0.000000 0.792418 -4.787841
v 0.003437 0.768413 -4.787235
v 0.006459 0.768413 -4.785491
v 0.008702 0.768413 -4.782817
v 0.009896 0.768413 -4.779538
v 0.009896 0.768413 -4.776048
v 0.008702 0.768413 -4.772769
v 0.006459 0.768413 -4.770095
v 0.003437 0.768413 -4.768351
v 0.000000 0.768413 -4.767745
v -0.003437 0.768413 -4.768351
v -0.006459 0.768413 -4.770095
v -0.008702 0.768413 -4.772769
v -0.009896 0.768413 -4.776048
v -0.009896 0.768413 -4.779538
v -0.008702 0.768413 -4.782817
v -0.006459 0.768413 -4.785491
v -0.003437 0.768413 -4.787235
v -0.000000 0.768413 -4.787841
v 0.142110 0.566940 1.364919
v 0.142110 0.610867 1.364919
v 0.142110 0.560206 1.354842
v 0.142110 0.557842 1.342956
v 0.142110 0.619964 1.342956
v 0.142110 0.617600 1.354842
v 0.142110 0.617600 1.331069
v 0.142110 0.560206 1.331069
v 0.142110 0.566940 1.320993
v 0.142110 0.610867 1.320993
v 0.142110 0.600790 1.314260
v 0.142110 0.577017 1.314260
v 0.142110 0.588903 1.311895
v 0.142110 0.600790 1.371652
v 0.142110 0.588903 1.374017
v 0.142110 0.577017 1.371652
v 0.148727 0.566940 1.364919
v 0.148727 0.610867 1.364919
v 0.148727 0.560206 1.354842
v 0.148727 0.557842 1.342956
v 0.148727 0.619964 1.342956
v 0.148727 0.617600 1.354842
v 0.148727 0.617600 1.331069
v 0.148727 0.560206 1.331069
v 0.148727 0.566940 1.320993
v 0.148727 0.610867 1.320993
v 0.148727 0.600790 1.314260
v 0.148727 0.577017 1.314260
v 0.148727 0.588903 1.311895
v 0.148727 0.600790 1.371652
v 0.148727 0.588903 1.374017
v 0.148727 0.577017 1.371652
v 0.148727 0.588903 1.342956
v 0.142752 0.417728 1.475163
v 0.142752 0.427308 1.473257
v 0.142752 0.417728 1.425098
v 0.142752 0.408149 1.427004
v 0.142752 0.427308 1.427004
v 0.142752 0.435429 1.432430
v 0.142752 0.400028 1.432430
v 0.142752 0.394601 1.440551
v 0.142752 0.440855 1.440551
v 0.142752 0.440855 1.459710
v 0.142752 0.442761 1.450131
v 0.142752 0.392696 1.450131
v 0.142752 0.394601 1.459710
v 0.142752 0.435429 1.467831
v 0.142752 0.400028 1.467831
v 0.142752 0.408149 1.473257
v 0.148085 0.400028 1.467831
v 0.148085 0.435429 1.467831
v 0.148085 0.394601 1.459710
v 0.148085 0.392696 1.450131
v 0.148085 0.442761 1.450131
v 0.148085 0.440855 1.459710
v 0.148085 0.440855 1.440551
v 0.148085 0.394601 1.440551
v 0.148085 0.400028 1.432430
v 0.148085 0.435429 1.432430
v 0.148085 0.427308 1.427004
v 0.148085 0.408149 1.427004
v 0.148085 0.417728 1.425098
v 0.148085 0.427308 1.473257
v 0.148085 0.417728 1.475163
v 0.148085 0.408149 1.473257
v 0.148085 0.407923 1.459936
v 0.148085 0.427534 1.459936
v 0.148085 0.404917 1.455437
v 0.148085 0.403861 1.450131
v 0.148085 0.431595 1.450131
v 0.148085 0.430540 1.455437
v 0.148085 0.430540 1.444824
v 0.148085 0.404917 1.444824
v 0.148085 0.407923 1.440325
v 0.148085 0.427534 1.440325
v 0.148085 0.423035 1.437319
v 0.148085 0.412422 1.437319
v 0.148085 0.417728 1.436264
v 0.148085 0.423035 1.462942
v 0.148085 0.417728 1.463997
v 0.148085 0.412422 1.462942
v 0.145935 0.410339 1.457520
v 0.145935 0.425118 1.457520
v 0.145935 0.408073 1.454130
v 0.145935 0.407278 1.450131
v 0.145935 0.428179 1.450131
v 0.145935 0.427383 1.454130
v 0.145935 0.427383 1.446131
v 0.145935 0.408073 1.446131
v 0.145935 0.410339 1.442741
v 0.145935 0.425118 1.442741
v 0.145935 0.421727 1.440476
v 0.145935 0.413729 1.440476
v 0.145935 0.417728 1.439680
v 0.145935 0.421727 1.459785
v 0.145935 0.417728 1.460581
v 0.145935 0.413729 1.459785
v 0.145935 0.417728 1.450131
v -0.142110 0.566940 1.364919
v -0.142110 0.610867 1.364919
v -0.142110 0.560206 1.354842
v -0.142110 0.557842 1.342956
v -0.142110 0.619964 1.342956
v -0.142110 0.617600 1.354842
v -0.142110 0.617600 1.331069
v -0.142110 0.560206 1.331069
v -0.142110 0.566940 1.320993
v -0.142110 0.610867 1.320993
v -0.142110 0.600790 1.314260
v -0.142110 0.577017 1.314260
v -0.142110 0.588903 1.311895
v -0.142110 0.600790 1.371652
v -0.142110 0.588903 1.374017
v -0.142110 0.577017 1.371652
v -0.148727 0.566940 1.364919
v -0.148727 0.610867 1.364919
v -0.148727 0.560206 1.354842
v -0.148727 0.557842 1.342956
v -0.148727 0.619964 1.342956
v -0.148727 0.617600 1.354842
v -0.148727 0.617600 1.331069
v -0.148727 0.560206 1.331069
v -0.148727 0.566940 1.320993
v -0.148727 0.610867 1.320993
v -0.148727 0.600790 1.314260
v -0.148727 0.577017 1.314260
v -0.148727 0.588903 1.311895
v -0.148727 0.600790 1.371652
v -0.148727 0.588903 1.374017
v -0.148727 0.577017 1.371652
v -0.148727 0.588903 1.342956
v -0.142752 0.417728 1.475163
v -0.142752 0.427308 1.473257
v -0.142752 0.417728 1.425098
v -0.142752 0.408149 1.427004
v -0.142752 0.427308 1.427004
v -0.142752 0.435429 1.432430
v -0.142752 0.400028 1.432430
v -0.142752 0.394601 1.440551
v -0.142752 0.440855 1.440551
v -0.142752 0.440855 1.459710
v -0.142752 0.442761 1.450131
v -0.142752 0.392696 1.450131
v -0.142752 0.394601 1.459710
v -0.142752 0.435429 1.467831
v -0.142752 0.400028 1.467831
v -0.142752 0.408149 1.473257
v -0.148085 0.400028 1.467831
v -0.148085 0.435429 1.467831
v -0.148085 0.394601 1.459710
v -0.148085 0.392696 1.450131
v -0.148085 0.442761 1.450131
v -0.148085 0.440855 1.459710
v -0.148085 0.440855 1.440551
v -0.148085 0.394601 1.440551
v -0.148085 0.400028 1.432430
v -0.148085 0.435429 1.432430
v -0.148085 0.427308 1.427004
v -0.148085 0.408149 1.427004
v -0.148085 0.417728 1.425098
v -0.148085 0.427308 1.473257
v -0.148085 0.417728 1.475163
v -0.148085 0.408149 1.473257
v -0.148085 0.407923 1.459936
v -0.148085 0.427534 1.459936
v -0.148085 0.404917 1.455437
v -0.148085 0.403861 1.450131
v -0.148085 0.431595 1.450131
v -0.148085 0.430540 1.455437
v -0.148085 0.430540 1.444824
v -0.148085 0.404917 1.444824
v -0.148085 0.407923 1.440325
v -0.148085 0.427534 1.440325
v -0.148085 0.423035 1.437319
v -0.148085 0.412422 1.437319
v -0.148085 0.417728 1.436264
v -0.148085 0.423035 1.462942
v -0.148085 0.417728 1.463997
v -0.148085 0.412422 1.462942
v -0.145935 0.410339 1.457520
v -0.145935 0.425118 1.457520
v -0.145935 0.408073 1.454130
v -0.145935 0.407278 1.450131
v -0.145935 0.428179 1.450131
v -0.145935 0.427383 1.454130
v -0.145935 0.427383 1.446131
v -0.145935 0.408073 1.446131
v -0.145935 0.410339 1.442741
v -0.145935 0.425118 1.442741
v -0.145935 0.421727 1.440476
v -0.145935 0.413729 1.440476
v -0.145935 0.417728 1.439680
v -0.145935 0.421727 1.459785
v -0.145935 0.417728 1.460581
v -0.145935 0.413729 1.459785
v -0.145935 0.417728 1.450131
v 0.142763 0.383874 0.609289
v 0.142763 0.419134 0.609289
v 0.142763 0.378469 0.601201
v 0.142763 0.376571 0.591659
v 0.142763 0.426437 0.591659
v 0.142763 0.424539 0.601201
v 0.142763 0.424539 0.582118
v 0.142763 0.378469 0.582118
v 0.142763 0.383874 0.574029
v 0.142763 0.419134 0.574029
v 0.142763 0.411045 0.568624
v 0.142763 0.391963 0.568624
v 0.142763 0.401504 0.566727
v 0.142763 0.411046 0.614694
v 0.142763 0.401504 0.616592
v 0.142763 0.391963 0.614694
v 0.148075 0.383874 0.609289
v 0.148075 0.419134 0.609289
v 0.148075 0.378469 0.601201
v 0.148075 0.376571 0.591659
v 0.148075 0.426437 0.591659
v 0.148075 0.424539 0.601201
v 0.148075 0.424539 0.582118
v 0.148075 0.378469 0.582118
v 0.148075 0.383874 0.574029
v 0.148075 0.419134 0.574029
v 0.148075 0.411045 0.568624
v 0.148075 0.391963 0.568624
v 0.148075 0.401504 0.566727
v 0.148075 0.411046 0.614694
v 0.148075 0.401504 0.616592
v 0.148075 0.391963 0.614694
v 0.148075 0.401504 0.591659
v -0.143530 0.633901 0.401788
v -0.143530 0.658981 0.401788
v -0.143530 0.630057 0.396034
v -0.143530 0.628707 0.389248
v -0.143530 0.664175 0.389248
v -0.143530 0.662825 0.396034
v -0.143530 0.662825 0.382461
v -0.143530 0.630057 0.382461
v -0.143530 0.633901 0.376708
v -0.143530 0.658981 0.376708
v -0.143530 0.653228 0.372864
v -0.143530 0.639655 0.372864
v -0.143530 0.646441 0.371514
v -0.143530 0.653228 0.405632
v -0.143530 0.646441 0.406982
v -0.143530 0.639655 0.405632
v -0.147308 0.633901 0.401788
v -0.147308 0.658981 0.401788
v -0.147308 0.630057 0.396034
v -0.147308 0.628707 0.389248
v -0.147308 0.664175 0.389248
v -0.147308 0.662825 0.396034
v -0.147308 0.662825 0.382461
v -0.147308 0.630057 0.382461
v -0.147308 0.633901 0.376708
v -0.147308 0.658981 0.376708
v -0.147308 0.653228 0.372864
v -0.147308 0.639655 0.372864
v -0.147308 0.646441 0.371514
v -0.147308 0.653228 0.405632
v -0.147308 0.646441 0.406982
v -0.147308 0.639655 0.405632
v -0.147308 0.646441 0.389248
v -0.058201 0.788281 0.169141
v 0.058201 0.788281 0.169141
v -0.058201 0.796112 0.115169
v 0.058201 0.796112 0.158701
v -0.058201 0.796112 0.158701
v 0.058201 0.796112 0.115169
v -0.058201 0.752764 0.169141
v 0.058201 0.752764 0.169141
v -0.058201 0.752764 0.360782
v 0.058201 0.752764 0.360782
v -0.058201 0.713863 0.447039
v 0.058201 0.713863 0.447039
v -0.058201 0.556570 0.447039
v 0.058201 0.556570 0.447039
v -0.058201 0.556570 0.299330
v 0.058201 0.556570 0.299330
v -0.058201 0.596034 0.299330
v 0.058201 0.596034 0.299330
v -0.058201 0.596034 0.178682
v 0.058201 0.596034 0.178682
v -0.058201 0.574110 0.156366
v 0.058201 0.574110 0.156366
v -0.058201 0.574110 0.115169
v 0.058201 0.574110 0.115169
v 0.079615 0.648921 0.215853
v 0.079615 0.681154 0.215853
v 0.079615 0.648921 0.038435
v 0.079615 0.681154 0.038435
v 0.072418 0.710597 0.368565
v 0.072418 0.719042 0.370244
v 0.072418 0.726201 0.375028
v 0.072418 0.730985 0.382187
v 0.072418 0.732665 0.390632
v 0.072418 0.730985 0.399077
v 0.072418 0.726201 0.406236
v 0.072418 0.719042 0.411020
v 0.072418 0.710597 0.412700
v 0.072418 0.702152 0.411020
v 0.072418 0.694993 0.406236
v 0.072418 0.690209 0.399077
v 0.072418 0.688529 0.390632
v 0.072418 0.690209 0.382187
v 0.072418 0.694993 0.375028
v 0.072418 0.702152 0.370244
v 0.020933 0.760486 0.019786
v 0.041061 0.754935 0.019786
v 0.059611 0.745921 0.019786
v 0.075870 0.733791 0.019786
v 0.089214 0.719010 0.019786
v 0.095758 0.702146 0.019786
v 0.095758 0.683848 0.019786
v 0.095758 0.664818 0.019786
v 0.095758 0.645789 0.019786
v 0.095758 0.627491 0.019786
v 0.089214 0.610627 0.019786
v 0.075870 0.595846 0.019786
v 0.059611 0.583716 0.019786
v 0.041061 0.574702 0.019786
v 0.020933 0.569151 0.019786
v 0.020933 0.760486 0.036318
v 0.041061 0.754935 0.036318
v 0.059611 0.745921 0.036318
v 0.075870 0.733791 0.036318
v 0.089214 0.719010 0.036318
v 0.095758 0.702146 0.036318
v 0.095758 0.681154 0.038435
v 0.095758 0.648921 0.038435
v 0.095758 0.648921 0.215853
v 0.095758 0.627491 0.036318
v 0.089214 0.610627 0.036318
v 0.075870 0.595846 0.036318
v 0.059611 0.583716 0.036318
v 0.041061 0.574702 0.036318
v 0.020933 0.569151 0.036318
v 0.002312 0.676613 0.019786
v 0.004546 0.675929 0.019786
v 0.006604 0.674818 0.019786
v 0.008408 0.673322 0.019786
v 0.009889 0.671500 0.019786
v 0.010989 0.669421 0.019786
v 0.011667 0.667165 0.019786
v 0.011895 0.664818 0.019786
v 0.011667 0.662472 0.019786
v 0.010989 0.660216 0.019786
v 0.009889 0.658137 0.019786
v 0.008408 0.656315 0.019786
v 0.006604 0.654819 0.019786
v 0.004546 0.653708 0.019786
v 0.004546 0.675929 0.037567
v 0.006604 0.674818 0.037567
v 0.008408 0.673322 0.037567
v 0.009889 0.671500 0.037567
v 0.010989 0.669421 0.037567
v 0.011667 0.667165 0.037567
v 0.011895 0.664818 0.037567
v 0.011667 0.662472 0.037567
v 0.010989 0.660216 0.037567
v 0.009889 0.658137 0.037567
v 0.008408 0.656315 0.037567
v 0.006604 0.654819 0.037567
v 0.004546 0.653708 0.037567
v 0.002312 0.653024 0.037567
v 0.095758 0.554903 0.085378
v 0.095758 0.664819 0.737607
v 0.095758 0.645789 0.737607
v -0.002312 0.653024 0.019786
v -0.002312 0.676613 0.037567
v -0.002312 0.653024 0.037567
v 0.095758 0.568571 0.036318
v 0.082739 0.563157 0.036318
v 0.050336 0.558773 0.036318
v 0.050326 0.554903 0.049120
v 0.082739 0.554903 0.066077
v -0.020933 0.760486 0.019786
v -0.041061 0.754935 0.019786
v -0.059611 0.745921 0.019786
v -0.075870 0.733791 0.019786
v -0.089214 0.719010 0.019786
v -0.095758 0.702146 0.019786
v -0.095758 0.683848 0.019786
v -0.095758 0.664818 0.019786
v -0.095758 0.645789 0.019786
v -0.095758 0.627491 0.019786
v -0.089214 0.610627 0.019786
v -0.075870 0.595846 0.019786
v -0.059611 0.583716 0.019786
v -0.041061 0.574702 0.019786
v -0.020933 0.569151 0.019786
v -0.020933 0.760486 0.036318
v -0.041061 0.754935 0.036318
v -0.059611 0.745921 0.036318
v -0.075870 0.733791 0.036318
v -0.089214 0.719010 0.036318
v -0.095758 0.702146 0.036318
v -0.095758 0.683848 0.036318
v -0.095758 0.664818 0.036318
v -0.095758 0.645789 0.036318
v -0.095758 0.627491 0.036318
v -0.089214 0.610627 0.036318
v -0.075870 0.595846 0.036318
v -0.059611 0.583716 0.036318
v -0.041061 0.574702 0.036318
v -0.020933 0.569151 0.036318
v -0.002312 0.676613 0.019786
v -0.004546 0.675929 0.019786
v -0.006604 0.674818 0.019786
v -0.008408 0.673322 0.019786
v -0.009889 0.671500 0.019786
v -0.010989 0.669421 0.019786
v -0.011667 0.667165 0.019786
v -0.011895 0.664818 0.019786
v -0.011667 0.662472 0.019786
v -0.010989 0.660216 0.019786
v -0.009889 0.658137 0.019786
v -0.008408 0.656315 0.019786
v -0.006604 0.654819 0.019786
v -0.004546 0.653708 0.019786
v -0.004546 0.675929 0.037567
v -0.006604 0.674818 0.037567
v -0.008408 0.673322 0.037567
v -0.009889 0.671500 0.037567
v -0.010989 0.669421 0.037567
v -0.011667 0.667165 0.037567
v -0.011895 0.664818 0.037567
v -0.011667 0.662472 0.037567
v -0.010989 0.660216 0.037567
v -0.009889 0.658137 0.037567
v -0.008408 0.656315 0.037567
v -0.006604 0.654819 0.037567
v -0.004546 0.653708 0.037567
v -0.095758 0.554903 0.085378
v -0.095758 0.664819 0.737607
v -0.095758 0.645789 0.737607
v 0.000000 0.567277 0.019786
v 0.000000 0.762360 0.019786
v 0.000000 0.567277 0.036318
v 0.000000 0.762360 0.036318
v 0.000000 0.652793 0.019786
v 0.000000 0.676844 0.019786
v 0.002312 0.653024 0.019786
v 0.000000 0.652793 0.037567
v 0.000000 0.676844 0.037567
v 0.002312 0.676613 0.037567
v -0.095758 0.568571 0.036318
v -0.082739 0.563157 0.036318
v -0.050336 0.558773 0.036318
v 0.000000 0.556847 0.036318
v 0.000000 0.554903 0.042462
v -0.050326 0.554903 0.049120
v -0.082739 0.554903 0.066077
v -0.095758 0.691499 0.687279
v 0.095758 0.691499 0.687279
v -0.095758 0.680976 0.737607
v 0.095758 0.680976 0.737607
v 0.059611 0.745921 0.687279
v 0.075870 0.733791 0.687279
v 0.041061 0.754935 0.687279
v -0.075870 0.733791 0.687279
v 0.089214 0.719010 0.687279
v 0.020933 0.760486 0.687279
v -0.041061 0.754935 0.687279
v -0.020933 0.760486 0.687279
v -0.059611 0.745921 0.687279
v -0.089214 0.719010 0.687279
v -0.095758 0.702146 0.687279
v 0.095758 0.702146 0.687279
v 0.000000 0.762360 0.687279
v 0.000000 0.680976 0.737607
v 0.000000 0.691499 0.687279
v -0.095758 0.631016 0.727661
v -0.095758 0.631016 0.737607
v 0.095758 0.631016 0.727660
v 0.095758 0.631016 0.737607
v 0.000000 0.631016 0.737607
v 0.000000 0.631016 0.727660
v 0.000000 0.554904 0.727660
v -0.059727 0.554904 0.727660
v 0.059727 0.554904 0.727660
v 0.082934 0.554904 0.727660
v 0.095758 0.554904 0.727660
v -0.082934 0.554904 0.727660
v -0.095758 0.554904 0.727660
v 0.000000 0.762360 0.113214
v 0.020933 0.760486 0.113214
v 0.095758 0.648921 0.113214
v 0.041061 0.754935 0.113214
v 0.059611 0.745921 0.113214
v 0.075870 0.733791 0.113214
v 0.089214 0.719010 0.113214
v -0.095758 0.664818 0.113214
v -0.020933 0.760486 0.113214
v -0.095758 0.645789 0.113214
v -0.041061 0.754935 0.113214
v -0.059611 0.745921 0.113214
v -0.075870 0.733791 0.113214
v -0.089214 0.719010 0.113214
v 0.095758 0.681154 0.113214
v -0.095758 0.702146 0.113214
v 0.095758 0.702146 0.113214
v -0.095758 0.690221 0.113214
v -0.095758 0.630428 0.113214
v 0.095758 0.630428 0.113214
v -0.095758 0.702146 0.591736
v 0.095758 0.702146 0.591736
v 0.000000 0.762360 0.591736
v 0.095758 0.664819 0.591736
v 0.020933 0.760486 0.591736
v 0.095758 0.645789 0.591736
v 0.041061 0.754935 0.591736
v 0.059611 0.745921 0.591736
v 0.075870 0.733791 0.591736
v 0.089214 0.719010 0.591736
v -0.095758 0.664819 0.591736
v -0.020933 0.760486 0.591736
v -0.095758 0.645789 0.591736
v -0.041061 0.754935 0.591736
v -0.059611 0.745921 0.591736
v -0.075870 0.733791 0.591736
v -0.089214 0.719010 0.591736
v 0.095758 0.691277 0.591736
v -0.095758 0.691277 0.591736
v -0.095758 0.630914 0.591736
v 0.095758 0.630914 0.591736
v 0.095758 0.554904 0.591736
v 0.059611 0.554904 0.591736
v 0.082894 0.554904 0.591736
v -0.095758 0.554904 0.591736
v -0.059611 0.554904 0.591736
v -0.082894 0.554904 0.591736
v 0.000000 0.554904 0.591736
v 0.000000 0.554903 0.113215
v 0.030997 0.554903 0.113215
v 0.059611 0.554903 0.113215
v -0.030997 0.554903 0.113215
v -0.059611 0.554903 0.113215
v 0.095758 0.554904 0.390630
v 0.082820 0.554904 0.390630
v 0.059611 0.554904 0.390630
v 0.095758 0.664818 0.390630
v 0.095758 0.645789 0.390630
v 0.059611 0.745921 0.390630
v 0.075870 0.733791 0.390630
v 0.095758 0.630682 0.390630
v 0.095758 0.690209 0.382187
v 0.078403 0.730985 0.399077
v 0.082722 0.726201 0.375028
v 0.078403 0.730985 0.382187
v 0.095758 0.690209 0.399077
v 0.095758 0.688529 0.390632
v 0.095758 0.694993 0.406236
v 0.076887 0.732665 0.390632
v 0.095758 0.702152 0.411020
v 0.092478 0.710597 0.368565
v 0.095758 0.702152 0.370244
v 0.092478 0.710597 0.412700
v 0.089185 0.719042 0.370244
v 0.082722 0.726201 0.406236
v 0.089185 0.719042 0.411020
v 0.095758 0.694993 0.375028
v 0.081714 0.716841 0.375558
v 0.081714 0.710597 0.374316
v 0.081714 0.722134 0.379095
v 0.081714 0.725671 0.384389
v 0.081714 0.726913 0.390632
v 0.081714 0.725671 0.396876
v 0.081714 0.722134 0.402169
v 0.081714 0.716841 0.405706
v 0.081714 0.710597 0.406948
v 0.081714 0.704353 0.405706
v 0.081714 0.699060 0.402169
v 0.081714 0.695523 0.396876
v 0.081714 0.694281 0.390632
v 0.081714 0.695523 0.384389
v 0.081714 0.699060 0.379095
v 0.081714 0.704353 0.375558
v 0.095758 0.681154 0.215853
v 0.079615 0.648921 0.113214
v 0.079615 0.681154 0.113214
v 0.000000 0.645789 0.737607
v 0.000000 0.664819 0.737607
v 0.077361 0.665217 0.215790
v 0.077361 0.657367 0.213686
v 0.077361 0.651620 0.207940
v 0.077361 0.649517 0.200090
v 0.077361 0.651620 0.192240
v 0.077361 0.657367 0.186493
v 0.077361 0.665217 0.184390
v 0.077361 0.673066 0.186493
v 0.077361 0.678813 0.192240
v 0.077361 0.680916 0.200090
v 0.077361 0.678813 0.207940
v 0.077361 0.673066 0.213686
v 0.102441 0.665217 0.215790
v 0.102441 0.657367 0.213686
v 0.102441 0.651620 0.207940
v 0.102441 0.649517 0.200090
v 0.102441 0.651620 0.192240
v 0.102441 0.657367 0.186493
v 0.102441 0.665217 0.184390
v 0.102441 0.673066 0.186493
v 0.102441 0.678813 0.192240
v 0.102441 0.680916 0.200090
v 0.102441 0.678813 0.207940
v 0.102441 0.673066 0.213686
v 0.096923 0.680935 0.175934
v 0.100799 0.680935 0.217043
v 0.066303 0.680935 0.097561
v 0.087497 0.680935 0.169418
v 0.066303 0.680935 0.165168
v 0.111805 0.680935 0.217043
v 0.100799 0.680935 0.186701
v 0.118829 0.680935 0.182621
v 0.097197 0.680935 0.070916
v 0.097197 0.680935 0.027143
v 0.111762 0.680935 0.018171
v 0.111762 0.680935 0.002674
v 0.092659 0.680935 0.000294
v 0.092659 0.680935 -0.003246
v 0.112037 0.680935 -0.022957
v 0.118829 0.680935 -0.022957
v 0.096923 0.649281 0.175934
v 0.100799 0.649281 0.217043
v 0.066303 0.649281 0.097561
v 0.087497 0.649281 0.169418
v 0.066303 0.649281 0.165168
v 0.111805 0.649281 0.217043
v 0.100799 0.649281 0.186701
v 0.118829 0.649281 0.182621
v 0.097197 0.649281 0.070916
v 0.097197 0.649281 0.027143
v 0.111762 0.649281 0.018171
v 0.111762 0.649281 0.002674
v 0.092659 0.649281 0.000294
v 0.092659 0.649281 -0.003246
v 0.112037 0.649281 -0.022957
v 0.118829 0.649281 -0.022957
v -0.096923 0.680935 0.175934
v -0.100799 0.680935 0.217043
v -0.066303 0.680935 0.097561
v -0.087497 0.680935 0.169418
v -0.066303 0.680935 0.165168
v -0.111805 0.680935 0.217043
v -0.100799 0.680935 0.186701
v -0.118829 0.680935 0.182621
v -0.097197 0.680935 0.070916
v -0.097197 0.680935 0.027143
v -0.111762 0.680935 0.018171
v -0.111762 0.680935 0.002674
v -0.092659 0.680935 0.000294
v -0.092659 0.680935 -0.003246
v -0.112037 0.680935 -0.022957
v -0.118829 0.680935 -0.022957
v -0.096923 0.649281 0.175934
v -0.100799 0.649281 0.217043
v -0.066303 0.649281 0.097561
v -0.087497 0.649281 0.169418
v -0.066303 0.649281 0.165168
v -0.111805 0.649281 0.217043
v -0.100799 0.649281 0.186701
v -0.118829 0.649281 0.182621
v -0.097197 0.649281 0.070916
v -0.097197 0.649281 0.027143
v -0.111762 0.649281 0.018171
v -0.111762 0.649281 0.002674
v -0.092659 0.649281 0.000294
v -0.092659 0.649281 -0.003246
v -0.112037 0.649281 -0.022957
v -0.118829 0.649281 -0.022957
v 0.111558 0.457102 0.239200
v 0.078712 0.457102 0.239200
v 0.046390 0.472532 0.239200
v 0.046390 0.482639 0.239200
v 0.111558 0.502344 0.239200
v 0.111558 0.535801 0.275383
v 0.111558 0.532535 0.261271
v 0.111558 0.526606 0.251265
v 0.111558 0.515731 0.243146
v 0.111558 0.535801 0.648559
v 0.111558 0.478403 0.702492
v 0.111558 0.500358 0.696601
v 0.111558 0.517328 0.686563
v 0.111558 0.529133 0.669638
v 0.111558 0.457102 0.702492
v 0.093183 0.457102 0.239200
v 0.093183 0.502344 0.239200
v 0.093183 0.535801 0.275383
v 0.093183 0.532535 0.261271
v 0.093183 0.526606 0.251265
v 0.093183 0.515731 0.243146
v 0.093183 0.535801 0.742088
v 0.093183 0.478403 0.702492
v 0.093183 0.500358 0.696601
v 0.093183 0.517328 0.686563
v 0.093183 0.529133 0.669638
v 0.093183 0.457102 0.702492
v 0.111558 0.535801 0.634731
v 0.093183 0.535801 0.634731
v 0.111558 0.457102 0.634731
v 0.093183 0.457102 0.634731
v 0.111558 0.535801 0.455495
v 0.093183 0.535801 0.648559
v 0.111558 0.457102 0.455495
v 0.093183 0.457102 0.455495
v 0.071825 0.535801 0.239200
v 0.071825 0.554909 0.239200
v 0.093183 0.554909 0.239200
v 0.093183 0.535801 0.239200
v 0.119023 0.457102 0.455495
v 0.130634 0.457102 0.467242
v 0.127233 0.457102 0.459031
v 0.130634 0.457102 0.622954
v 0.119023 0.457102 0.634731
v 0.127233 0.457102 0.631164
v 0.119023 0.535801 0.634731
v 0.130634 0.535801 0.622954
v 0.127233 0.535801 0.631164
v 0.130634 0.535801 0.467241
v 0.119023 0.535801 0.455495
v 0.127233 0.535801 0.459031
v 0.071825 0.535801 0.103372
v 0.071825 0.554909 0.103372
v 0.093183 0.554909 0.275383
v 0.093183 0.535801 0.455495
v 0.093183 0.554909 0.455495
v 0.093183 0.554909 0.634731
v 0.093183 0.554909 0.648559
v 0.093183 0.554909 0.742088
v 0.093183 0.495018 0.742088
v 0.046390 0.554909 0.648559
v 0.046390 0.554909 0.634731
v 0.046390 0.554909 0.275383
v 0.046390 0.554909 0.455495
v 0.046390 0.457102 0.455495
v 0.046390 0.457102 0.634731
v 0.046390 0.457102 0.702492
v 0.046390 0.495018 0.742088
v 0.046390 0.554909 0.742088
v 0.046390 0.535801 0.742088
v 0.111558 0.457102 0.277375
v 0.093183 0.457102 0.277375
v 0.111558 0.457102 0.308244
v 0.093183 0.457102 0.308244
v 0.046390 0.457102 0.308244
v 0.070187 0.457102 0.277375
v 0.093183 0.482639 0.729161
v 0.046390 0.482639 0.729161
v 0.046390 0.482639 0.308244
v 0.046390 0.482639 0.455495
v 0.046390 0.482639 0.634731
v 0.046390 0.470007 0.277375
v 0.046390 0.482639 0.277375
v -0.111558 0.457102 0.239200
v -0.078712 0.457102 0.239200
v -0.046390 0.472532 0.239200
v -0.046390 0.482639 0.239200
v -0.111558 0.502344 0.239200
v -0.111558 0.535801 0.275383
v -0.111558 0.532535 0.261271
v -0.111558 0.526606 0.251265
v -0.111558 0.515731 0.243146
v -0.111558 0.535801 0.648559
v -0.111558 0.478403 0.702492
v -0.111558 0.500358 0.696601
v -0.111558 0.517328 0.686563
v -0.111558 0.529133 0.669638
v -0.111558 0.457102 0.702492
v -0.093183 0.457102 0.239200
v -0.093183 0.502344 0.239200
v -0.093183 0.535801 0.275383
v -0.093183 0.532535 0.261271
v -0.093183 0.526606 0.251265
v -0.093183 0.515731 0.243146
v -0.093183 0.535801 0.742088
v -0.093183 0.478403 0.702492
v -0.093183 0.500358 0.696601
v -0.093183 0.517328 0.686563
v -0.093183 0.529133 0.669638
v -0.093183 0.457102 0.702492
v -0.111558 0.535801 0.634731
v -0.093183 0.535801 0.634731
v -0.111558 0.457102 0.634731
v -0.093183 0.457102 0.634731
v -0.111558 0.535801 0.455495
v -0.093183 0.535801 0.648559
v -0.111558 0.457102 0.455495
v -0.093183 0.457102 0.455495
v -0.071825 0.535801 0.239200
v -0.071825 0.554909 0.239200
v -0.093183 0.554909 0.239200
v -0.093183 0.535801 0.239200
v -0.119023 0.457102 0.455495
v -0.130634 0.457102 0.467242
v -0.127233 0.457102 0.459031
v -0.130634 0.457102 0.622954
v -0.119023 0.457102 0.634731
v -0.127233 0.457102 0.631164
v -0.119023 0.535801 0.634731
v -0.130634 0.535801 0.622954
v -0.127233 0.535801 0.631164
v -0.130634 0.535801 0.467241
v -0.119023 0.535801 0.455495
v -0.127233 0.535801 0.459031
v -0.071825 0.535801 0.103372
v -0.071825 0.554909 0.103372
v -0.093183 0.554909 0.275383
v -0.093183 0.535801 0.455495
v -0.093183 0.554909 0.455495
v -0.093183 0.554909 0.634731
v -0.093183 0.554909 0.648559
v -0.093183 0.554909 0.742088
v -0.093183 0.495018 0.742088
v -0.046390 0.554909 0.648559
v -0.046390 0.554909 0.634731
v -0.046390 0.554909 0.275383
v -0.046390 0.554909 0.455495
v -0.046390 0.457102 0.455495
v -0.046390 0.457102 0.634731
v -0.046390 0.457102 0.702492
v -0.046390 0.495018 0.742088
v -0.046390 0.554909 0.742088
v -0.046390 0.535801 0.742088
v -0.111558 0.457102 0.277375
v -0.093183 0.457102 0.277375
v -0.111558 0.457102 0.308244
v -0.093183 0.457102 0.308244
v -0.046390 0.457102 0.308244
v -0.070187 0.457102 0.277375
v -0.093183 0.482639 0.729161
v -0.046390 0.482639 0.729161
v 0.000000 0.535801 0.103372
v 0.000000 0.554909 0.103372
v 0.000000 0.535801 0.239200
v 0.000000 0.535801 0.742088
v 0.000000 0.554909 0.742088
v 0.000000 0.554909 0.455495
v 0.000000 0.554909 0.275383
v 0.000000 0.554909 0.634731
v 0.000000 0.554909 0.648559
v 0.000000 0.495018 0.742088
v 0.000000 0.482639 0.729161
v -0.046390 0.482639 0.308244
v -0.046390 0.482639 0.455495
v -0.046390 0.482639 0.634731
v 0.000000 0.482639 0.634731
v 0.000000 0.482639 0.455495
v 0.000000 0.482639 0.308244
v 0.000000 0.482639 0.239200
v -0.046390 0.470007 0.277375
v 0.000000 0.482639 0.277375
v -0.046390 0.482639 0.277375
v 0.000000 0.294297 -0.044154
v -0.018999 0.296168 -0.044154
v -0.037267 0.301710 -0.044154
v -0.054103 0.310709 -0.044154
v -0.068861 0.322820 -0.044154
v -0.080971 0.337577 -0.044154
v -0.089971 0.354413 -0.044154
v -0.095512 0.372682 -0.044154
v -0.097384 0.391680 -0.044154
v -0.095512 0.410679 -0.044154
v -0.089971 0.428947 -0.044154
v -0.080971 0.445784 -0.044154
v -0.068861 0.460541 -0.044154
v -0.054103 0.472652 -0.044154
v -0.037267 0.481651 -0.044154
v -0.018999 0.487193 -0.044154
v 0.000000 0.489064 -0.044154
v 0.018999 0.487193 -0.044154
v 0.037267 0.481651 -0.044154
v 0.054103 0.472652 -0.044154
v 0.068861 0.460541 -0.044154
v 0.080971 0.445784 -0.044154
v 0.089971 0.428947 -0.044154
v 0.095512 0.410679 -0.044154
v 0.097384 0.391680 -0.044154
v 0.095512 0.372682 -0.044154
v 0.089971 0.354413 -0.044154
v 0.080971 0.337577 -0.044154
v 0.068860 0.322820 -0.044154
v 0.054103 0.310709 -0.044154
v 0.037267 0.301710 -0.044154
v 0.018998 0.296168 -0.044154
v 0.000000 0.294297 0.020834
v -0.018999 0.296168 0.020834
v -0.037267 0.301710 0.020834
v -0.054103 0.310709 0.020834
v -0.068861 0.322820 0.020834
v -0.080971 0.337577 0.020834
v -0.089971 0.354413 0.020834
v -0.095512 0.372682 0.020834
v -0.097384 0.391680 0.020834
v -0.095512 0.410679 0.020834
v -0.089971 0.428947 0.020834
v -0.080971 0.445784 0.020834
v -0.068861 0.460541 0.020834
v -0.054103 0.472652 0.020834
v -0.037267 0.481651 0.020834
v -0.018999 0.487193 0.020834
v 0.000000 0.489064 0.020834
v 0.018999 0.487193 0.020834
v 0.037267 0.481651 0.020834
v 0.054103 0.472652 0.020834
v 0.068861 0.460541 0.020834
v 0.080971 0.445784 0.020834
v 0.089971 0.428947 0.020834
v 0.095512 0.410679 0.020834
v 0.097384 0.391680 0.020834
v 0.095512 0.372682 0.020834
v 0.089971 0.354413 0.020834
v 0.080971 0.337577 0.020834
v 0.068860 0.322820 0.020834
v 0.054103 0.310709 0.020834
v 0.037267 0.301710 0.020834
v 0.018998 0.296168 0.020834
v 0.000000 0.303702 0.020834
v -0.017164 0.305392 0.020834
v -0.033668 0.310399 0.020834
v -0.048878 0.318529 0.020834
v -0.062210 0.329470 0.020834
v -0.073152 0.342802 0.020834
v -0.081282 0.358012 0.020834
v -0.086288 0.374517 0.020834
v -0.087979 0.391680 0.020834
v -0.086288 0.408844 0.020834
v -0.081282 0.425348 0.020834
v -0.073152 0.440559 0.020834
v -0.062210 0.453891 0.020834
v -0.048878 0.464832 0.020834
v -0.033668 0.472962 0.020834
v -0.017164 0.477969 0.020834
v 0.000000 0.479659 0.020834
v 0.017164 0.477968 0.020834
v 0.033668 0.472962 0.020834
v 0.048878 0.464832 0.020834
v 0.062210 0.453891 0.020834
v 0.073152 0.440559 0.020834
v 0.081282 0.425348 0.020834
v 0.086288 0.408844 0.020834
v 0.087979 0.391680 0.020834
v 0.086288 0.374516 0.020834
v 0.081282 0.358012 0.020834
v 0.073151 0.342802 0.020834
v 0.062210 0.329470 0.020834
v 0.048878 0.318529 0.020834
v 0.033668 0.310399 0.020834
v 0.017164 0.305392 0.020834
v 0.000000 0.309540 0.026706
v -0.016025 0.311118 0.026706
v -0.031434 0.315793 0.026706
v -0.045635 0.323383 0.026706
v -0.058082 0.333598 0.026706
v -0.068297 0.346046 0.026706
v -0.075888 0.360247 0.026706
v -0.080562 0.375656 0.026706
v -0.082140 0.391680 0.026706
v -0.080562 0.407705 0.026706
v -0.075888 0.423114 0.026706
v -0.068297 0.437315 0.026706
v -0.058082 0.449762 0.026706
v -0.045635 0.459977 0.026706
v -0.031434 0.467568 0.026706
v -0.016025 0.472242 0.026706
v 0.000000 0.473821 0.026706
v 0.016025 0.472242 0.026706
v 0.031434 0.467568 0.026706
v 0.045635 0.459977 0.026706
v 0.058082 0.449762 0.026706
v 0.068297 0.437315 0.026706
v 0.075888 0.423114 0.026706
v 0.080562 0.407705 0.026706
v 0.082140 0.391680 0.026706
v 0.080562 0.375656 0.026706
v 0.075888 0.360247 0.026706
v 0.068297 0.346046 0.026706
v 0.058082 0.333598 0.026706
v 0.045635 0.323383 0.026706
v 0.031434 0.315793 0.026706
v 0.016025 0.311118 0.026706
v 0.000000 0.361273 0.026706
v -0.005932 0.361858 0.026706
v -0.011636 0.363588 0.026706
v -0.016893 0.366398 0.026706
v -0.021501 0.370179 0.026706
v -0.025282 0.374787 0.026706
v -0.028092 0.380044 0.026706
v -0.029823 0.385748 0.026706
v -0.030407 0.391680 0.026706
v -0.029823 0.397612 0.026706
v -0.028092 0.403317 0.026706
v -0.025282 0.408574 0.026706
v -0.021501 0.413181 0.026706
v -0.016893 0.416963 0.026706
v -0.011636 0.419773 0.026706
v -0.005932 0.421503 0.026706
v 0.000000 0.422087 0.026706
v 0.005932 0.421503 0.026706
v 0.011636 0.419773 0.026706
v 0.016893 0.416963 0.026706
v 0.021501 0.413181 0.026706
v 0.025282 0.408573 0.026706
v 0.028092 0.403317 0.026706
v 0.029823 0.397612 0.026706
v 0.030407 0.391680 0.026706
v 0.029823 0.385748 0.026706
v 0.028092 0.380044 0.026706
v 0.025282 0.374787 0.026706
v 0.021501 0.370179 0.026706
v 0.016893 0.366398 0.026706
v 0.011636 0.363588 0.026706
v 0.005932 0.361858 0.026706
v 0.000000 0.361273 -0.020926
v -0.005932 0.361858 -0.020926
v -0.011636 0.363588 -0.020926
v -0.016893 0.366398 -0.020926
v -0.021501 0.370179 -0.020926
v -0.025282 0.374787 -0.020926
v -0.028092 0.380044 -0.020926
v -0.029823 0.385748 -0.020926
v -0.030407 0.391680 -0.020926
v -0.029823 0.397612 -0.020926
v -0.028092 0.403317 -0.020926
v -0.025282 0.408574 -0.020926
v -0.021501 0.413181 -0.020926
v -0.016893 0.416963 -0.020926
v -0.011636 0.419773 -0.020926
v -0.005932 0.421503 -0.020926
v 0.000000 0.422087 -0.020926
v 0.005932 0.421503 -0.020926
v 0.011636 0.419773 -0.020926
v 0.016893 0.416963 -0.020926
v 0.021501 0.413181 -0.020926
v 0.025282 0.408573 -0.020926
v 0.028092 0.403317 -0.020926
v 0.029823 0.397612 -0.020926
v 0.030407 0.391680 -0.020926
v 0.029823 0.385748 -0.020926
v 0.028092 0.380044 -0.020926
v 0.025282 0.374787 -0.020926
v 0.021501 0.370179 -0.020926
v 0.016893 0.366398 -0.020926
v 0.011636 0.363588 -0.020926
v 0.005932 0.361858 -0.020926
v 0.125785 0.542100 -1.500230
v 0.125785 0.542101 0.729711
v 0.125785 0.448580 -1.118821
v 0.125785 0.448580 -1.047707
v 0.125785 0.466846 -1.028765
v 0.125785 0.466846 -0.840697
v 0.125785 0.481052 -0.826490
v 0.125785 0.481053 -0.580919
v 0.125785 0.494962 -0.559948
v 0.125785 0.494962 0.423807
v 0.125785 0.494962 0.533206
v 0.125785 0.476020 0.511459
v 0.125785 0.476020 0.445555
v 0.125785 0.494962 0.643401
v 0.125785 0.476020 0.654225
v 0.125785 0.476020 0.729711
v 0.125785 0.484754 -1.132445
v 0.125785 0.484754 -1.500230
v 0.111073 0.542100 -1.500230
v 0.111073 0.542101 0.729711
v 0.111073 0.448580 -1.118821
v 0.111074 0.448580 -1.047707
v 0.111073 0.466846 -1.028765
v 0.111073 0.466846 -0.840697
v 0.111073 0.481052 -0.826490
v 0.111074 0.481053 -0.580919
v 0.111073 0.494962 -0.559948
v 0.111074 0.494962 0.423807
v 0.111073 0.494962 0.533206
v 0.111073 0.476020 0.511459
v 0.111074 0.476020 0.445555
v 0.111073 0.494962 0.643401
v 0.111073 0.476020 0.654225
v 0.111073 0.476020 0.729711
v 0.111073 0.484754 -1.132445
v 0.111073 0.484754 -1.500230
v -0.125785 0.542100 -1.500230
v -0.125785 0.542101 0.729711
v -0.125785 0.448580 -1.118821
v -0.125785 0.448580 -1.047707
v -0.125785 0.466846 -1.028765
v -0.125785 0.476019 -0.736409
v -0.125785 0.494962 0.533206
v -0.125785 0.476020 0.511459
v -0.125785 0.494962 0.643401
v -0.125785 0.476020 0.654225
v -0.125785 0.476020 0.729711
v -0.125785 0.484754 -1.132445
v -0.125785 0.484754 -1.500230
v -0.110434 0.542100 -1.500230
v -0.110434 0.542101 0.729711
v -0.110435 0.448580 -1.118821
v -0.110434 0.448580 -1.047707
v -0.110434 0.466846 -1.028765
v -0.110434 0.466846 -0.745306
v -0.110434 0.476019 -0.736409
v -0.110434 0.494962 0.533206
v -0.110434 0.476020 0.511459
v -0.110434 0.494962 0.643401
v -0.110434 0.476020 0.654225
v -0.110434 0.476020 0.729711
v -0.110435 0.484754 -1.132445
v -0.110434 0.484754 -1.500230
v -0.121723 0.466846 -0.745306
v -0.121723 0.476019 -0.736409
v -0.125785 0.466846 -0.781814
v -0.110434 0.466846 -0.781814
v -0.125785 0.542100 -0.781814
v -0.110434 0.542100 -0.781814
v -0.125785 0.476034 -0.781814
v 0.148675 0.391175 -2.597829
v 0.145818 0.362170 -2.597829
v 0.137358 0.334279 -2.597829
v 0.123619 0.308575 -2.597829
v 0.105129 0.286045 -2.597829
v 0.082600 0.267556 -2.597829
v 0.056896 0.253817 -2.597829
v 0.029005 0.245356 -2.597829
v 0.029005 0.518061 -2.597830
v 0.056896 0.509600 -2.597830
v 0.082600 0.495861 -2.597830
v 0.105129 0.490926 -2.597830
v 0.123619 0.468396 -2.597830
v 0.137358 0.442460 -2.597830
v 0.145819 0.420180 -2.597829
v 0.106640 0.391175 -2.597829
v 0.104591 0.370370 -2.597829
v 0.098523 0.350365 -2.597829
v 0.088668 0.331928 -2.597829
v 0.075406 0.315769 -2.597829
v 0.059246 0.302506 -2.597829
v 0.040809 0.292652 -2.597829
v 0.020804 0.286583 -2.597829
v 0.020805 0.495766 -2.597830
v 0.040810 0.489697 -2.597830
v 0.059246 0.479843 -2.597830
v 0.075406 0.466581 -2.597830
v 0.088668 0.450421 -2.597830
v 0.098523 0.431984 -2.597830
v 0.104591 0.411979 -2.597829
v 0.148675 0.391175 -1.152874
v 0.145818 0.362170 -1.152874
v 0.137358 0.334279 -1.152874
v 0.123619 0.308576 -1.152874
v 0.105129 0.286046 -1.152874
v 0.082600 0.267556 -1.152874
v 0.056896 0.253817 -1.152874
v 0.029005 0.245357 -1.152874
v 0.029005 0.522333 -1.152874
v 0.056896 0.513873 -1.152874
v 0.082600 0.500134 -1.152874
v 0.105129 0.490927 -1.152874
v 0.123619 0.468397 -1.152874
v 0.137358 0.442460 -1.152874
v 0.145819 0.420180 -1.152874
v 0.097191 0.456116 -1.152874
v 0.082654 0.473829 -1.152874
v 0.107993 0.435907 -1.152874
v 0.114644 0.413979 -1.152874
v 0.116890 0.391175 -1.152874
v 0.114644 0.368371 -1.152874
v 0.107992 0.346443 -1.152874
v 0.097191 0.326234 -1.152874
v 0.082654 0.308521 -1.152874
v 0.064941 0.293984 -1.152874
v 0.044732 0.283183 -1.152874
v 0.022804 0.276531 -1.152874
v 0.022804 0.505819 -1.152874
v 0.044732 0.499167 -1.152874
v 0.064941 0.488366 -1.152874
v 0.104591 0.370371 -1.146222
v 0.106640 0.391175 -1.146222
v 0.098523 0.350366 -1.146222
v 0.088668 0.331929 -1.146222
v 0.075406 0.315769 -1.146222
v 0.059246 0.302507 -1.146222
v 0.040809 0.292652 -1.146222
v 0.020804 0.286584 -1.146222
v 0.020805 0.495766 -1.146222
v 0.040810 0.489698 -1.146222
v 0.059246 0.479843 -1.146222
v 0.075406 0.466581 -1.146222
v 0.088668 0.450421 -1.146222
v 0.098523 0.431984 -1.146222
v 0.104591 0.411979 -1.146222
v 0.097191 0.456116 -1.146222
v 0.082654 0.473829 -1.146222
v 0.107993 0.435907 -1.146222
v 0.114644 0.413979 -1.146222
v 0.116890 0.391175 -1.146222
v 0.114644 0.368371 -1.146222
v 0.107992 0.346443 -1.146222
v 0.097191 0.326234 -1.146222
v 0.082654 0.308521 -1.146222
v 0.064941 0.293984 -1.146222
v 0.044732 0.283183 -1.146222
v 0.022804 0.276531 -1.146222
v 0.022804 0.505819 -1.146222
v 0.044732 0.499167 -1.146222
v 0.064941 0.488366 -1.146222
v 0.029005 0.537573 -2.597830
v 0.056896 0.540183 -2.597830
v 0.082600 0.544425 -2.597830
v 0.105129 0.544425 -2.597830
v 0.029005 0.537574 -1.152874
v 0.056896 0.540184 -1.152874
v 0.082600 0.544425 -1.152874
v 0.105129 0.544425 -1.152874
v 0.145818 0.362170 -1.398654
v 0.148675 0.391175 -1.398654
v 0.137358 0.334279 -1.398654
v 0.123619 0.308575 -1.398654
v 0.105129 0.286046 -1.398654
v 0.145819 0.420180 -1.398654
v 0.082600 0.267556 -1.398654
v 0.056896 0.253817 -1.398654
v 0.029005 0.245357 -1.398654
v 0.056896 0.540184 -1.398654
v 0.029005 0.537574 -1.398654
v 0.082600 0.544425 -1.398654
v 0.105129 0.544425 -1.398654
v 0.105129 0.490927 -1.398654
v 0.123619 0.468397 -1.398654
v 0.137358 0.442460 -1.398654
v 0.105129 0.565797 -1.152874
v 0.082600 0.565797 -1.152874
v 0.082600 0.565796 -1.398654
v 0.105129 0.565796 -1.398654
v -0.148675 0.391175 -2.597829
v -0.145818 0.362170 -2.597829
v -0.137358 0.334279 -2.597829
v -0.123619 0.308575 -2.597829
v -0.105129 0.286045 -2.597829
v -0.082600 0.267556 -2.597829
v -0.056896 0.253817 -2.597829
v -0.029005 0.245356 -2.597829
v -0.029005 0.518061 -2.597830
v -0.056896 0.509600 -2.597830
v -0.082600 0.495861 -2.597830
v -0.105129 0.490926 -2.597830
v -0.123619 0.468396 -2.597830
v -0.137358 0.442460 -2.597830
v -0.145819 0.420180 -2.597829
v -0.106640 0.391175 -2.597829
v -0.104591 0.370370 -2.597829
v -0.098523 0.350365 -2.597829
v -0.088668 0.331928 -2.597829
v -0.075406 0.315769 -2.597829
v -0.059246 0.302506 -2.597829
v -0.040809 0.292652 -2.597829
v -0.020804 0.286583 -2.597829
v -0.020805 0.495766 -2.597830
v -0.040810 0.489697 -2.597830
v -0.059246 0.479843 -2.597830
v -0.075406 0.466581 -2.597830
v -0.088668 0.450421 -2.597830
v -0.098523 0.431984 -2.597830
v -0.104591 0.411979 -2.597829
v -0.148675 0.391175 -1.152874
v -0.145818 0.362170 -1.152874
v -0.137358 0.334279 -1.152874
v -0.123619 0.308576 -1.152874
v -0.105129 0.286046 -1.152874
v -0.082600 0.267556 -1.152874
v -0.056896 0.253817 -1.152874
v -0.029005 0.245357 -1.152874
v -0.029005 0.522333 -1.152874
v -0.056896 0.513873 -1.152874
v -0.082600 0.500134 -1.152874
v -0.105129 0.490927 -1.152874
v -0.123619 0.468397 -1.152874
v -0.137358 0.442460 -1.152874
v -0.145819 0.420180 -1.152874
v -0.097191 0.456116 -1.152874
v -0.082654 0.473829 -1.152874
v -0.107993 0.435907 -1.152874
v -0.114644 0.413979 -1.152874
v -0.116890 0.391175 -1.152874
v -0.114644 0.368371 -1.152874
v -0.107992 0.346443 -1.152874
v -0.097191 0.326234 -1.152874
v -0.082654 0.308521 -1.152874
v -0.064941 0.293984 -1.152874
v -0.044732 0.283183 -1.152874
v -0.022804 0.276531 -1.152874
v -0.022804 0.505819 -1.152874
v -0.044732 0.499167 -1.152874
v -0.064941 0.488366 -1.152874
v -0.104591 0.370371 -1.146222
v -0.106640 0.391175 -1.146222
v -0.098523 0.350366 -1.146222
v -0.088668 0.331929 -1.146222
v -0.075406 0.315769 -1.146222
v -0.059246 0.302507 -1.146222
v -0.040809 0.292652 -1.146222
v -0.020804 0.286584 -1.146222
v -0.020805 0.495766 -1.146222
v -0.040810 0.489698 -1.146222
v -0.059246 0.479843 -1.146222
v -0.075406 0.466581 -1.146222
v -0.088668 0.450421 -1.146222
v -0.098523 0.431984 -1.146222
v -0.104591 0.411979 -1.146222
v -0.097191 0.456116 -1.146222
v -0.082654 0.473829 -1.146222
v -0.107993 0.435907 -1.146222
v -0.114644 0.413979 -1.146222
v -0.116890 0.391175 -1.146222
v -0.114644 0.368371 -1.146222
v -0.107992 0.346443 -1.146222
v -0.097191 0.326234 -1.146222
v -0.082654 0.308521 -1.146222
v -0.064941 0.293984 -1.146222
v -0.044732 0.283183 -1.146222
v -0.022804 0.276531 -1.146222
v -0.022804 0.505819 -1.146222
v -0.044732 0.499167 -1.146222
v -0.064941 0.488366 -1.146222
v -0.029005 0.537573 -2.597830
v -0.056896 0.540183 -2.597830
v -0.082600 0.544425 -2.597830
v -0.105129 0.544425 -2.597830
v -0.029005 0.537574 -1.152874
v -0.056896 0.540184 -1.152874
v -0.082600 0.544425 -1.152874
v -0.105129 0.544425 -1.152874
v 0.000000 0.242499 -2.597829
v 0.000000 0.520918 -2.597830
v 0.000000 0.284534 -2.597829
v 0.000000 0.497815 -2.597830
v 0.000000 0.242500 -1.152874
v 0.000000 0.525190 -1.152874
v 0.000000 0.274285 -1.152874
v 0.000000 0.508065 -1.152874
v 0.000000 0.284535 -1.146222
v 0.000000 0.497815 -1.146222
v 0.000000 0.274285 -1.146222
v 0.000000 0.508065 -1.146222
v 0.000000 0.535616 -2.597830
v 0.000000 0.535616 -1.152874
v -0.145818 0.362170 -1.398654
v -0.148675 0.391175 -1.398654
v -0.137358 0.334279 -1.398654
v -0.123619 0.308575 -1.398654
v -0.105129 0.286046 -1.398654
v -0.145819 0.420180 -1.398654
v -0.082600 0.267556 -1.398654
v -0.056896 0.253817 -1.398654
v -0.029005 0.245357 -1.398654
v 0.000000 0.242500 -1.398654
v -0.056896 0.540184 -1.398654
v -0.029005 0.537574 -1.398654
v -0.082600 0.544425 -1.398654
v -0.105129 0.544425 -1.398654
v 0.000000 0.535616 -1.398654
v -0.105129 0.490927 -1.398654
v -0.123619 0.468397 -1.398654
v -0.137358 0.442460 -1.398654
v -0.105129 0.565797 -1.152874
v -0.082600 0.565797 -1.152874
v -0.082600 0.565796 -1.398654
v -0.105129 0.565796 -1.398654
v 0.104202 0.348013 -3.029010
v 0.093779 0.328513 -3.029010
v 0.079753 0.311422 -3.029010
v 0.062661 0.297395 -3.029010
v 0.043162 0.286973 -3.029010
v 0.022004 0.280554 -3.029010
v 0.000000 0.278387 -3.029010
v -0.022004 0.280554 -3.029010
v -0.043162 0.286973 -3.029010
v -0.062661 0.297395 -3.029010
v -0.079753 0.311422 -3.029010
v -0.093779 0.328513 -3.029010
v -0.104202 0.348013 -3.029010
v -0.110620 0.369171 -3.029010
v -0.104202 0.434336 -3.029010
v -0.093779 0.453836 -3.029010
v -0.079753 0.470927 -3.029010
v -0.062661 0.484954 -3.029010
v -0.043162 0.495376 -3.029010
v -0.022004 0.501795 -3.029010
v 0.000000 0.503962 -3.029010
v 0.022004 0.501795 -3.029010
v 0.043162 0.495376 -3.029010
v 0.062661 0.484954 -3.029010
v 0.079753 0.470927 -3.029010
v 0.093779 0.453836 -3.029010
v 0.104202 0.434336 -3.029010
v 0.110620 0.413178 -3.029010
v 0.145253 0.391175 -2.945626
v 0.142462 0.362837 -2.945626
v 0.134197 0.335589 -2.945626
v 0.120774 0.310476 -2.945626
v 0.102710 0.288465 -2.945626
v 0.080698 0.270401 -2.945626
v 0.055586 0.256978 -2.945626
v 0.028338 0.248712 -2.945626
v 0.000000 0.245921 -2.945626
v -0.028337 0.248712 -2.945626
v -0.055586 0.256978 -2.945626
v -0.080698 0.270401 -2.945626
v -0.102710 0.288465 -2.945626
v -0.120774 0.310476 -2.945626
v -0.134197 0.335589 -2.945626
v -0.142462 0.362837 -2.945626
v -0.145253 0.391175 -2.945626
v -0.142462 0.419512 -2.945626
v -0.134197 0.446761 -2.945626
v -0.120774 0.471873 -2.945626
v -0.102710 0.493884 -2.945626
v -0.080698 0.511948 -2.945626
v -0.055586 0.525371 -2.945626
v -0.028337 0.533637 -2.945626
v 0.000000 0.536428 -2.945626
v 0.028338 0.533637 -2.945626
v 0.055586 0.525371 -2.945626
v 0.080699 0.511948 -2.945626
v 0.102710 0.493884 -2.945626
v 0.120774 0.471873 -2.945626
v 0.134197 0.446760 -2.945626
v 0.142462 0.419512 -2.945626
v 0.145233 0.390972 -3.019577
v 0.142469 0.362900 -3.019577
v 0.134197 0.335588 -3.019577
v 0.121211 0.340967 -3.029010
v 0.130393 0.337164 -3.026247
v 0.120774 0.310476 -3.019577
v 0.109087 0.318285 -3.029010
v 0.117351 0.312763 -3.026247
v 0.102710 0.288465 -3.019577
v 0.092771 0.298404 -3.029010
v 0.099799 0.291376 -3.026247
v 0.080698 0.270401 -3.019577
v 0.072889 0.282088 -3.029010
v 0.078411 0.273824 -3.026247
v 0.055586 0.256978 -3.019577
v 0.050207 0.269964 -3.029010
v 0.054011 0.260781 -3.026247
v 0.028338 0.248712 -3.019577
v 0.025595 0.262498 -3.029010
v 0.027534 0.252750 -3.026247
v 0.000000 0.245921 -3.019577
v 0.000000 0.259977 -3.029010
v 0.000000 0.250038 -3.026247
v -0.028337 0.248712 -3.019577
v -0.025595 0.262498 -3.029010
v -0.027534 0.252750 -3.026247
v -0.055586 0.256978 -3.019577
v -0.050207 0.269964 -3.029010
v -0.054011 0.260781 -3.026247
v -0.080698 0.270401 -3.019577
v -0.072889 0.282088 -3.029010
v -0.078411 0.273824 -3.026247
v -0.102710 0.288465 -3.019577
v -0.092771 0.298404 -3.029010
v -0.099799 0.291376 -3.026247
v -0.120774 0.310476 -3.019577
v -0.109087 0.318285 -3.029010
v -0.117351 0.312763 -3.026247
v -0.134197 0.335588 -3.019577
v -0.121211 0.340967 -3.029010
v -0.130393 0.337164 -3.026247
v -0.142462 0.362837 -3.019577
v -0.128677 0.365579 -3.029010
v -0.138425 0.363640 -3.026247
v -0.142499 0.419140 -3.019577
v -0.134197 0.446761 -3.019578
v -0.121211 0.441382 -3.029010
v -0.130393 0.445185 -3.026247
v -0.120774 0.471873 -3.019578
v -0.109087 0.464064 -3.029010
v -0.117351 0.469586 -3.026247
v -0.102710 0.493884 -3.019578
v -0.092771 0.483945 -3.029010
v -0.099799 0.490973 -3.026247
v -0.080698 0.511948 -3.019578
v -0.072889 0.500261 -3.029010
v -0.078411 0.508525 -3.026247
v -0.055586 0.525371 -3.019578
v -0.050207 0.512385 -3.029010
v -0.054011 0.521568 -3.026247
v -0.028337 0.533637 -3.019578
v -0.025595 0.519851 -3.029010
v -0.027534 0.529599 -3.026247
v 0.000000 0.536428 -3.019578
v 0.000000 0.522372 -3.029010
v 0.000000 0.532311 -3.026247
v 0.028338 0.533637 -3.019578
v 0.025596 0.519851 -3.029010
v 0.027534 0.529599 -3.026247
v 0.055586 0.525371 -3.019578
v 0.050207 0.512385 -3.029010
v 0.054011 0.521568 -3.026247
v 0.080699 0.511948 -3.019578
v 0.072890 0.500261 -3.029010
v 0.078411 0.508525 -3.026247
v 0.102710 0.493884 -3.019578
v 0.092771 0.483945 -3.029010
v 0.099799 0.490973 -3.026247
v 0.120774 0.471873 -3.019578
v 0.109087 0.464064 -3.029010
v 0.117351 0.469586 -3.026248
v 0.134197 0.446760 -3.019578
v 0.121211 0.441381 -3.029010
v 0.130393 0.445185 -3.026247
v 0.142462 0.419512 -3.019577
v 0.128677 0.416770 -3.029010
v 0.138425 0.418709 -3.026247
v 0.145233 0.390972 -3.014745
v 0.142462 0.419512 -3.014745
v 0.134197 0.335588 -3.014745
v 0.120774 0.310476 -3.014745
v 0.102710 0.288465 -3.014745
v 0.080698 0.270401 -3.014745
v 0.055586 0.256978 -3.014745
v 0.028338 0.248712 -3.014745
v 0.000000 0.245921 -3.014745
v -0.028337 0.248712 -3.014745
v -0.055586 0.256978 -3.014745
v -0.080698 0.270401 -3.014745
v -0.102710 0.288465 -3.014745
v -0.120774 0.310476 -3.014745
v -0.134197 0.335588 -3.014745
v -0.142462 0.362837 -3.014745
v -0.142499 0.419140 -3.014745
v -0.134197 0.446761 -3.014745
v -0.120774 0.471873 -3.014745
v -0.102710 0.493884 -3.014745
v -0.080698 0.511948 -3.014745
v -0.055586 0.525371 -3.014745
v -0.028337 0.533637 -3.014745
v 0.000000 0.536428 -3.014745
v 0.028338 0.533637 -3.014745
v 0.055586 0.525371 -3.014745
v 0.080699 0.511948 -3.014745
v 0.102710 0.493884 -3.014745
v 0.120774 0.471873 -3.014745
v 0.134197 0.446760 -3.014745
v 0.112787 0.391175 -2.945626
v 0.110620 0.369171 -2.945626
v 0.104202 0.348013 -2.945626
v 0.093779 0.328513 -2.945626
v 0.079753 0.311422 -2.945626
v 0.062661 0.297395 -2.945626
v 0.043162 0.286973 -2.945626
v 0.022004 0.280555 -2.945626
v 0.000000 0.278387 -2.945626
v -0.022004 0.280555 -2.945626
v -0.043162 0.286973 -2.945626
v -0.062661 0.297395 -2.945626
v -0.079753 0.311422 -2.945626
v -0.093779 0.328513 -2.945626
v -0.104202 0.348013 -2.945626
v -0.110620 0.369171 -2.945626
v -0.112787 0.391175 -2.945626
v -0.110620 0.413178 -2.945626
v -0.104202 0.434336 -2.945626
v -0.093779 0.453836 -2.945626
v -0.079753 0.470927 -2.945626
v -0.062661 0.484954 -2.945626
v -0.043162 0.495376 -2.945626
v -0.022004 0.501795 -2.945626
v 0.000000 0.503962 -2.945626
v 0.022004 0.501795 -2.945626
v 0.043162 0.495376 -2.945626
v 0.062661 0.484954 -2.945626
v 0.079753 0.470927 -2.945626
v 0.093779 0.453836 -2.945626
v 0.104202 0.434336 -2.945626
v 0.110620 0.413178 -2.945626
v -0.145242 0.391066 -3.014745
v -0.112460 0.387857 -3.014745
v 0.109691 0.366109 -3.014745
v 0.142469 0.362900 -3.014745
v 0.141117 0.391375 -3.026247
v 0.112491 0.394178 -3.029010
v 0.131081 0.392358 -3.029010
v -0.128377 0.417757 -3.029010
v -0.138415 0.418740 -3.026247
v -0.109783 0.415937 -3.029009
v -0.109783 0.415937 -3.014745
v 0.112491 0.394178 -3.014745
v 0.109691 0.366109 -3.029009
v 0.128285 0.364289 -3.029010
v 0.138323 0.363306 -3.026247
v -0.145243 0.391066 -3.019577
v -0.141086 0.390659 -3.026247
v -0.131050 0.389676 -3.029010
v -0.112460 0.387857 -3.029010
v 0.028338 0.533783 -2.989487
v 0.055587 0.525517 -2.989487
v 0.080699 0.512094 -2.989487
v 0.102711 0.494030 -2.989487
v 0.120775 0.472018 -2.989487
v 0.134198 0.446906 -2.989487
v 0.142464 0.419657 -2.989486
v 0.145255 0.391319 -2.989486
v 0.142464 0.362981 -2.989486
v 0.134198 0.335733 -2.989486
v 0.120775 0.310620 -2.989486
v 0.102710 0.288609 -2.989486
v 0.080699 0.270544 -2.989486
v 0.055586 0.257122 -2.989486
v 0.028338 0.248856 -2.989486
v 0.120408 0.571523 -2.577080
v 0.153251 0.544570 -2.577080
v 0.180204 0.511727 -2.577080
v 0.200232 0.474258 -2.577080
v 0.212565 0.433601 -2.577080
v 0.216729 0.391319 -2.577080
v 0.212565 0.349037 -2.577080
v 0.200231 0.308381 -2.577080
v 0.180203 0.270911 -2.577080
v 0.153250 0.238069 -2.577080
v 0.120408 0.211116 -2.577080
v 0.082938 0.191088 -2.577080
v 0.042281 0.178755 -2.577080
v 0.120408 0.571523 -2.727056
v 0.153251 0.544570 -2.727056
v 0.180204 0.511727 -2.727056
v 0.200232 0.474258 -2.727056
v 0.212565 0.433601 -2.727056
v 0.216729 0.391319 -2.727056
v 0.212565 0.349037 -2.727056
v 0.200231 0.308381 -2.727056
v 0.180203 0.270911 -2.727056
v 0.153250 0.238069 -2.727056
v 0.120408 0.211116 -2.727056
v 0.082938 0.191088 -2.727056
v 0.042281 0.178755 -2.727056
v 0.118270 0.214315 -2.792082
v 0.115475 0.218498 -2.857108
v 0.079540 0.199291 -2.857108
v 0.081466 0.194643 -2.792082
v 0.145255 0.391320 -1.517024
v 0.040549 0.187463 -2.857108
v 0.041531 0.182529 -2.792082
v 0.142464 0.419657 -1.517024
v 0.134198 0.446906 -1.517024
v 0.115475 0.564140 -2.857108
v 0.118270 0.568323 -2.792082
v 0.120775 0.472019 -1.517024
v 0.146972 0.538291 -2.857108
v 0.150530 0.541849 -2.792082
v 0.102711 0.494030 -1.517024
v 0.172821 0.506794 -2.857108
v 0.177004 0.509590 -2.792082
v 0.028338 0.248856 -1.517024
v 0.192028 0.470860 -2.857108
v 0.196676 0.472785 -2.792082
v 0.055586 0.257122 -1.517024
v 0.203856 0.431869 -2.857108
v 0.208791 0.432850 -2.792082
v 0.134198 0.335733 -1.517024
v 0.207850 0.391319 -2.857108
v 0.212881 0.391319 -2.792082
v 0.120775 0.310620 -1.517024
v 0.203856 0.350770 -2.857108
v 0.208790 0.349788 -2.792082
v 0.092883 0.502096 -1.517024
v 0.192028 0.311778 -2.857108
v 0.196676 0.309853 -2.792082
v 0.102710 0.288609 -1.517024
v 0.172821 0.275844 -2.857108
v 0.177004 0.273049 -2.792082
v 0.146972 0.244347 -2.857108
v 0.150529 0.240790 -2.792082
v 0.212565 0.433601 -1.516905
v 0.216729 0.391320 -1.516905
v 0.212565 0.349038 -1.516905
v 0.200231 0.308381 -1.516905
v 0.180203 0.270911 -1.516905
v 0.153250 0.238069 -1.516905
v 0.120408 0.211116 -1.516905
v 0.082938 0.191088 -1.516905
v 0.042281 0.178755 -1.516905
v 0.120408 0.571523 -1.516905
v 0.153251 0.544570 -1.516905
v 0.180204 0.511728 -1.516905
v 0.200232 0.474258 -1.516905
v 0.192918 0.429693 -1.546108
v 0.212565 0.433601 -1.575797
v 0.192918 0.429693 -1.605028
v 0.212565 0.433601 -1.634688
v 0.192918 0.429693 -1.663948
v 0.212565 0.433601 -1.693580
v 0.192918 0.429693 -1.722869
v 0.212565 0.433601 -1.752472
v 0.192918 0.429693 -1.781789
v 0.212565 0.433601 -1.811364
v 0.192918 0.429693 -1.840709
v 0.212565 0.433601 -1.870255
v 0.192918 0.429693 -1.899630
v 0.212565 0.433601 -1.929147
v 0.192918 0.429693 -1.958550
v 0.212565 0.433601 -1.988039
v 0.192918 0.429693 -2.017470
v 0.212565 0.433601 -2.046931
v 0.192918 0.429693 -2.076391
v 0.212565 0.433601 -2.105822
v 0.192918 0.429693 -2.135311
v 0.212565 0.433601 -2.164714
v 0.192918 0.429693 -2.194232
v 0.212565 0.433601 -2.223606
v 0.192918 0.429693 -2.253152
v 0.212565 0.433601 -2.282498
v 0.192918 0.429693 -2.312072
v 0.212565 0.433601 -2.341389
v 0.192918 0.429693 -2.370992
v 0.212565 0.433601 -2.400281
v 0.192918 0.429693 -2.429913
v 0.212565 0.433601 -2.459173
v 0.192918 0.429693 -2.488833
v 0.212565 0.433601 -2.518064
v 0.192918 0.429693 -2.547754
v 0.196697 0.391319 -2.547753
v 0.216729 0.391319 -2.518064
v 0.196697 0.391319 -2.488833
v 0.216729 0.391319 -2.459172
v 0.196697 0.391319 -2.429913
v 0.216729 0.391319 -2.400281
v 0.196697 0.391319 -2.370992
v 0.216729 0.391319 -2.341389
v 0.196697 0.391319 -2.312072
v 0.216729 0.391319 -2.282497
v 0.196697 0.391319 -2.253152
v 0.216729 0.391319 -2.223606
v 0.196697 0.391319 -2.194231
v 0.216729 0.391319 -2.164714
v 0.196697 0.391319 -2.135311
v 0.216729 0.391319 -2.105822
v 0.196697 0.391319 -2.076391
v 0.216729 0.391319 -2.046931
v 0.196697 0.391319 -2.017470
v 0.216729 0.391319 -1.988039
v 0.196697 0.391319 -1.958550
v 0.216729 0.391319 -1.929147
v 0.196697 0.391319 -1.899630
v 0.216729 0.391319 -1.870256
v 0.196697 0.391319 -1.840710
v 0.216729 0.391319 -1.811364
v 0.196697 0.391319 -1.781789
v 0.216729 0.391319 -1.752472
v 0.196697 0.391319 -1.722869
v 0.216729 0.391319 -1.693580
v 0.196697 0.391319 -1.663948
v 0.216729 0.391319 -1.634689
v 0.196697 0.391320 -1.605028
v 0.216729 0.391319 -1.575797
v 0.196697 0.391320 -1.546108
v 0.192918 0.352945 -2.547753
v 0.212565 0.349037 -2.518064
v 0.192918 0.352945 -2.488833
v 0.212565 0.349037 -2.459172
v 0.192918 0.352946 -2.429913
v 0.212565 0.349037 -2.400281
v 0.192918 0.352946 -2.370992
v 0.212565 0.349038 -2.341389
v 0.192918 0.352946 -2.312072
v 0.212565 0.349038 -2.282497
v 0.192918 0.352946 -2.253152
v 0.212565 0.349038 -2.223606
v 0.192918 0.352946 -2.194231
v 0.212565 0.349038 -2.164714
v 0.192918 0.352946 -2.135311
v 0.212565 0.349038 -2.105822
v 0.192918 0.352946 -2.076391
v 0.212565 0.349038 -2.046931
v 0.192918 0.352946 -2.017470
v 0.212565 0.349038 -1.988039
v 0.192918 0.352946 -1.958550
v 0.212565 0.349038 -1.929147
v 0.192918 0.352946 -1.899630
v 0.212565 0.349038 -1.870256
v 0.192918 0.352946 -1.840710
v 0.212565 0.349038 -1.811364
v 0.192918 0.352946 -1.781789
v 0.212565 0.349038 -1.752472
v 0.192918 0.352946 -1.722869
v 0.212565 0.349038 -1.693580
v 0.192918 0.352946 -1.663948
v 0.212565 0.349038 -1.634689
v 0.192918 0.352946 -1.605028
v 0.212565 0.349038 -1.575797
v 0.192918 0.352946 -1.546108
v 0.181725 0.316046 -2.547753
v 0.200231 0.308381 -2.518064
v 0.181725 0.316046 -2.488833
v 0.200231 0.308381 -2.459172
v 0.181725 0.316046 -2.429913
v 0.200231 0.308381 -2.400281
v 0.181725 0.316046 -2.370992
v 0.200231 0.308381 -2.341389
v 0.181725 0.316046 -2.312072
v 0.200231 0.308381 -2.282497
v 0.181725 0.316047 -2.253152
v 0.200231 0.308381 -2.223606
v 0.181725 0.316047 -2.194231
v 0.200231 0.308381 -2.164714
v 0.181725 0.316047 -2.135311
v 0.200231 0.308381 -2.105822
v 0.181725 0.316047 -2.076391
v 0.200231 0.308381 -2.046931
v 0.181725 0.316047 -2.017470
v 0.200231 0.308381 -1.988039
v 0.181725 0.316047 -1.958550
v 0.200231 0.308381 -1.929147
v 0.181725 0.316047 -1.899630
v 0.200231 0.308381 -1.870256
v 0.181725 0.316047 -1.840710
v 0.200231 0.308381 -1.811364
v 0.181725 0.316047 -1.781789
v 0.200231 0.308381 -1.752472
v 0.181725 0.316047 -1.722869
v 0.200231 0.308381 -1.693580
v 0.181725 0.316047 -1.663948
v 0.200231 0.308381 -1.634689
v 0.181725 0.316047 -1.605028
v 0.200231 0.308381 -1.575797
v 0.181725 0.316047 -1.546108
v 0.163548 0.282040 -2.547753
v 0.180203 0.270911 -2.518064
v 0.163548 0.282040 -2.488833
v 0.180203 0.270911 -2.459172
v 0.163548 0.282040 -2.429913
v 0.180203 0.270911 -2.400281
v 0.163548 0.282040 -2.370992
v 0.180203 0.270911 -2.341389
v 0.163548 0.282040 -2.312072
v 0.180203 0.270911 -2.282497
v 0.163548 0.282040 -2.253152
v 0.180203 0.270911 -2.223606
v 0.163548 0.282040 -2.194231
v 0.180203 0.270911 -2.164714
v 0.163548 0.282040 -2.135311
v 0.180203 0.270911 -2.105822
v 0.163548 0.282040 -2.076391
v 0.180203 0.270911 -2.046931
v 0.163548 0.282040 -2.017470
v 0.180203 0.270911 -1.988039
v 0.163548 0.282040 -1.958550
v 0.180203 0.270911 -1.929147
v 0.163548 0.282040 -1.899630
v 0.180203 0.270911 -1.870256
v 0.163548 0.282040 -1.840710
v 0.180203 0.270911 -1.811364
v 0.163548 0.282040 -1.781789
v 0.180203 0.270911 -1.752472
v 0.163548 0.282040 -1.722869
v 0.180203 0.270911 -1.693580
v 0.163548 0.282040 -1.663948
v 0.180203 0.270911 -1.634689
v 0.163548 0.282040 -1.605028
v 0.180203 0.270911 -1.575797
v 0.163548 0.282040 -1.546108
v 0.139086 0.252233 -2.547753
v 0.153250 0.238069 -2.518064
v 0.139086 0.252233 -2.488833
v 0.153250 0.238069 -2.459172
v 0.139086 0.252233 -2.429913
v 0.153250 0.238069 -2.400281
v 0.139086 0.252233 -2.370992
v 0.153250 0.238069 -2.341389
v 0.139086 0.252233 -2.312072
v 0.153250 0.238069 -2.282497
v 0.139086 0.252233 -2.253152
v 0.153250 0.238069 -2.223606
v 0.139086 0.252233 -2.194231
v 0.153250 0.238069 -2.164714
v 0.139086 0.252233 -2.135311
v 0.153250 0.238069 -2.105822
v 0.139086 0.252233 -2.076391
v 0.153250 0.238069 -2.046931
v 0.139086 0.252233 -2.017470
v 0.153250 0.238069 -1.988039
v 0.139086 0.252233 -1.958550
v 0.153250 0.238069 -1.929147
v 0.139086 0.252233 -1.899630
v 0.153250 0.238069 -1.870256
v 0.139086 0.252233 -1.840710
v 0.153250 0.238069 -1.811364
v 0.139086 0.252233 -1.781789
v 0.153250 0.238069 -1.752472
v 0.139086 0.252234 -1.722869
v 0.153250 0.238069 -1.693580
v 0.139086 0.252234 -1.663948
v 0.153250 0.238069 -1.634689
v 0.139086 0.252234 -1.605028
v 0.153250 0.238069 -1.575797
v 0.139086 0.252234 -1.546108
v 0.109279 0.227771 -2.547753
v 0.120408 0.211116 -2.518064
v 0.109279 0.227772 -2.488833
v 0.120408 0.211116 -2.459172
v 0.109279 0.227772 -2.429913
v 0.120408 0.211116 -2.400281
v 0.109279 0.227772 -2.370992
v 0.120408 0.211116 -2.341389
v 0.109279 0.227772 -2.312072
v 0.120408 0.211116 -2.282497
v 0.109279 0.227772 -2.253152
v 0.120408 0.211116 -2.223606
v 0.109279 0.227772 -2.194231
v 0.120408 0.211116 -2.164714
v 0.109279 0.227772 -2.135311
v 0.120408 0.211116 -2.105822
v 0.109279 0.227772 -2.076391
v 0.120408 0.211116 -2.046931
v 0.109279 0.227772 -2.017470
v 0.120408 0.211116 -1.988039
v 0.109279 0.227772 -1.958550
v 0.120408 0.211116 -1.929147
v 0.109279 0.227772 -1.899630
v 0.120408 0.211116 -1.870255
v 0.109279 0.227772 -1.840710
v 0.120408 0.211116 -1.811364
v 0.109279 0.227772 -1.781789
v 0.120408 0.211116 -1.752472
v 0.109279 0.227772 -1.722869
v 0.120408 0.211116 -1.693580
v 0.109279 0.227772 -1.663948
v 0.120408 0.211116 -1.634688
v 0.109279 0.227772 -1.605028
v 0.120408 0.211116 -1.575797
v 0.109279 0.227772 -1.546108
v 0.075273 0.209595 -2.547753
v 0.082938 0.191088 -2.518064
v 0.075273 0.209595 -2.488833
v 0.082938 0.191088 -2.459172
v 0.075273 0.209595 -2.429913
v 0.082938 0.191088 -2.400281
v 0.075273 0.209595 -2.370992
v 0.082938 0.191088 -2.341389
v 0.075273 0.209595 -2.312072
v 0.082938 0.191088 -2.282497
v 0.075273 0.209595 -2.253152
v 0.082938 0.191088 -2.223606
v 0.075273 0.209595 -2.194231
v 0.082938 0.191088 -2.164714
v 0.075273 0.209595 -2.135311
v 0.082938 0.191088 -2.105822
v 0.075273 0.209595 -2.076391
v 0.082938 0.191088 -2.046931
v 0.075273 0.209595 -2.017470
v 0.082938 0.191088 -1.988039
v 0.075273 0.209595 -1.958550
v 0.082938 0.191088 -1.929147
v 0.075273 0.209595 -1.899630
v 0.082938 0.191088 -1.870255
v 0.075273 0.209595 -1.840709
v 0.082938 0.191088 -1.811364
v 0.075273 0.209595 -1.781789
v 0.082938 0.191088 -1.752472
v 0.075273 0.209595 -1.722869
v 0.082938 0.191088 -1.693580
v 0.075273 0.209595 -1.663948
v 0.082938 0.191088 -1.634688
v 0.075273 0.209595 -1.605028
v 0.082938 0.191088 -1.575797
v 0.075273 0.209595 -1.546108
v 0.038373 0.198402 -2.547753
v 0.042281 0.178755 -2.518064
v 0.038373 0.198402 -2.488833
v 0.042281 0.178755 -2.459172
v 0.038373 0.198402 -2.429913
v 0.042281 0.178755 -2.400281
v 0.038373 0.198402 -2.370992
v 0.042281 0.178755 -2.341389
v 0.038373 0.198402 -2.312072
v 0.042281 0.178755 -2.282497
v 0.038373 0.198402 -2.253152
v 0.042281 0.178755 -2.223606
v 0.038373 0.198402 -2.194231
v 0.042281 0.178755 -2.164714
v 0.038373 0.198402 -2.135311
v 0.042281 0.178755 -2.105822
v 0.038373 0.198402 -2.076391
v 0.042281 0.178755 -2.046931
v 0.038373 0.198402 -2.017470
v 0.042281 0.178755 -1.988039
v 0.038373 0.198402 -1.958550
v 0.042281 0.178755 -1.929147
v 0.038373 0.198402 -1.899630
v 0.042281 0.178755 -1.870255
v 0.038373 0.198402 -1.840709
v 0.042281 0.178755 -1.811364
v 0.038373 0.198402 -1.781789
v 0.042281 0.178755 -1.752472
v 0.038373 0.198402 -1.722869
v 0.042281 0.178755 -1.693580
v 0.038373 0.198402 -1.663948
v 0.042281 0.178755 -1.634688
v 0.038373 0.198402 -1.605028
v 0.042281 0.178755 -1.575797
v 0.038373 0.198402 -1.546108
v 0.109279 0.554867 -2.547754
v 0.120408 0.571523 -2.518064
v 0.109279 0.554867 -2.488833
v 0.120408 0.571523 -2.459173
v 0.109279 0.554867 -2.429913
v 0.120408 0.571523 -2.400281
v 0.109279 0.554867 -2.370992
v 0.120408 0.571523 -2.341389
v 0.109279 0.554867 -2.312072
v 0.120408 0.571523 -2.282498
v 0.109279 0.554867 -2.253152
v 0.120408 0.571523 -2.223606
v 0.109279 0.554867 -2.194232
v 0.120408 0.571523 -2.164714
v 0.109279 0.554867 -2.135311
v 0.120408 0.571523 -2.105823
v 0.109279 0.554867 -2.076391
v 0.120408 0.571523 -2.046931
v 0.109279 0.554867 -2.017471
v 0.120408 0.571523 -1.988039
v 0.109279 0.554867 -1.958550
v 0.120408 0.571523 -1.929147
v 0.109279 0.554867 -1.899630
v 0.120408 0.571523 -1.870256
v 0.109279 0.554867 -1.840710
v 0.120408 0.571523 -1.811364
v 0.109279 0.554867 -1.781789
v 0.120408 0.571523 -1.752472
v 0.109279 0.554867 -1.722869
v 0.120408 0.571523 -1.693580
v 0.109279 0.554867 -1.663948
v 0.120408 0.571523 -1.634689
v 0.109279 0.554867 -1.605028
v 0.120408 0.571523 -1.575797
v 0.109279 0.554867 -1.546108
v 0.139086 0.530405 -2.547754
v 0.153251 0.544570 -2.518064
v 0.139086 0.530405 -2.488833
v 0.153251 0.544570 -2.459173
v 0.139086 0.530405 -2.429913
v 0.153251 0.544570 -2.400281
v 0.139086 0.530405 -2.370992
v 0.153251 0.544570 -2.341389
v 0.139086 0.530405 -2.312072
v 0.153251 0.544570 -2.282498
v 0.139086 0.530405 -2.253152
v 0.153251 0.544570 -2.223606
v 0.139086 0.530405 -2.194232
v 0.153251 0.544570 -2.164714
v 0.139086 0.530405 -2.135311
v 0.153251 0.544570 -2.105823
v 0.139086 0.530405 -2.076391
v 0.153251 0.544570 -2.046931
v 0.139086 0.530405 -2.017471
v 0.153251 0.544570 -1.988039
v 0.139086 0.530405 -1.958550
v 0.153251 0.544570 -1.929147
v 0.139086 0.530405 -1.899630
v 0.153251 0.544570 -1.870256
v 0.139086 0.530405 -1.840710
v 0.153251 0.544570 -1.811364
v 0.139086 0.530406 -1.781789
v 0.153251 0.544570 -1.752472
v 0.139086 0.530406 -1.722869
v 0.153251 0.544570 -1.693580
v 0.139086 0.530406 -1.663948
v 0.153251 0.544570 -1.634689
v 0.139086 0.530406 -1.605028
v 0.153251 0.544570 -1.575797
v 0.139086 0.530406 -1.546108
v 0.163548 0.500598 -2.547754
v 0.180204 0.511728 -2.518064
v 0.163548 0.500598 -2.488833
v 0.180204 0.511728 -2.459173
v 0.163548 0.500598 -2.429913
v 0.180204 0.511728 -2.400281
v 0.163548 0.500598 -2.370992
v 0.180204 0.511728 -2.341389
v 0.163548 0.500598 -2.312072
v 0.180204 0.511728 -2.282498
v 0.163548 0.500598 -2.253152
v 0.180204 0.511728 -2.223606
v 0.163548 0.500599 -2.194232
v 0.180204 0.511728 -2.164714
v 0.163548 0.500599 -2.135311
v 0.180204 0.511728 -2.105823
v 0.163548 0.500599 -2.076391
v 0.180204 0.511728 -2.046931
v 0.163548 0.500599 -2.017471
v 0.180204 0.511728 -1.988039
v 0.163548 0.500599 -1.958550
v 0.180204 0.511728 -1.929147
v 0.163548 0.500599 -1.899630
v 0.180204 0.511728 -1.870256
v 0.163548 0.500599 -1.840710
v 0.180204 0.511728 -1.811364
v 0.163548 0.500599 -1.781789
v 0.180204 0.511728 -1.752472
v 0.163548 0.500599 -1.722869
v 0.180204 0.511728 -1.693580
v 0.163548 0.500599 -1.663948
v 0.180204 0.511728 -1.634689
v 0.163548 0.500599 -1.605028
v 0.180204 0.511728 -1.575797
v 0.163548 0.500599 -1.546108
v 0.181725 0.466592 -2.547754
v 0.200232 0.474258 -2.518064
v 0.181725 0.466592 -2.488833
v 0.200232 0.474258 -2.459173
v 0.181725 0.466592 -2.429913
v 0.200232 0.474258 -2.400281
v 0.181725 0.466592 -2.370992
v 0.200232 0.474258 -2.341389
v 0.181725 0.466592 -2.312072
v 0.200232 0.474258 -2.282498
v 0.181725 0.466592 -2.253152
v 0.200232 0.474258 -2.223606
v 0.181725 0.466592 -2.194232
v 0.200232 0.474258 -2.164714
v 0.181725 0.466592 -2.135311
v 0.200232 0.474258 -2.105823
v 0.181725 0.466592 -2.076391
v 0.200232 0.474258 -2.046931
v 0.181725 0.466592 -2.017471
v 0.200232 0.474258 -1.988039
v 0.181725 0.466592 -1.958550
v 0.200232 0.474258 -1.929147
v 0.181725 0.466592 -1.899630
v 0.200232 0.474258 -1.870256
v 0.181725 0.466592 -1.840710
v 0.200232 0.474258 -1.811364
v 0.181725 0.466592 -1.781789
v 0.200232 0.474258 -1.752472
v 0.181725 0.466592 -1.722869
v 0.200232 0.474258 -1.693580
v 0.181725 0.466592 -1.663948
v 0.200232 0.474258 -1.634689
v 0.181725 0.466592 -1.605028
v 0.200232 0.474258 -1.575797
v 0.181725 0.466592 -1.546108
v 0.092883 0.502095 -2.577080
v 0.080701 0.512094 -2.577080
v 0.142464 0.362981 -2.577080
v 0.055587 0.525517 -2.577080
v 0.134198 0.335733 -2.577080
v 0.028338 0.533783 -2.577080
v 0.120775 0.310620 -2.577080
v 0.084734 0.580572 -2.857108
v 0.088923 0.584010 -2.792082
v 0.092127 0.586639 -2.727056
v 0.072978 0.570924 -2.947856
v 0.142464 0.362982 -1.517024
v 0.080699 0.270545 -1.517024
v 0.102710 0.288609 -2.577080
v 0.080699 0.270545 -2.577080
v 0.055586 0.257122 -2.577080
v 0.028338 0.248856 -2.577080
v 0.102711 0.494030 -2.577080
v 0.120775 0.472018 -2.577080
v 0.134198 0.446906 -2.577080
v 0.142464 0.419657 -2.577080
v 0.145255 0.391319 -2.577080
v 0.108027 0.229645 -2.948452
v 0.074410 0.211677 -2.948452
v 0.037934 0.200612 -2.948452
v 0.108027 0.552993 -2.948452
v 0.137492 0.528812 -2.948452
v 0.161674 0.499346 -2.948452
v 0.179642 0.465729 -2.948452
v 0.190707 0.429253 -2.948452
v 0.194443 0.391319 -2.948452
v 0.190707 0.353385 -2.948452
v 0.179642 0.316909 -2.948452
v 0.161674 0.283292 -2.948452
v 0.137492 0.253827 -2.948452
v 0.061785 0.556868 -2.989487
v 0.065382 0.566864 -2.981469
v 0.063578 0.563535 -2.987138
v 0.104438 0.547622 -2.981447
v 0.098579 0.538853 -2.989487
v 0.102360 0.544512 -2.987132
v 0.132925 0.524244 -2.981447
v 0.125467 0.516786 -2.989487
v 0.130279 0.521599 -2.987132
v 0.156303 0.495757 -2.981447
v 0.147534 0.489898 -2.989487
v 0.153192 0.493679 -2.987132
v 0.173674 0.463257 -2.981447
v 0.163931 0.459221 -2.989487
v 0.170218 0.461826 -2.987132
v 0.184372 0.427993 -2.981447
v 0.174028 0.425935 -2.989487
v 0.180703 0.427263 -2.987132
v 0.187984 0.391319 -2.981447
v 0.177437 0.391319 -2.989486
v 0.184243 0.391319 -2.987132
v 0.184372 0.354645 -2.981447
v 0.174028 0.356703 -2.989486
v 0.180703 0.355375 -2.987132
v 0.173674 0.319381 -2.981447
v 0.163930 0.323417 -2.989486
v 0.170218 0.320812 -2.987132
v 0.156303 0.286881 -2.981447
v 0.147533 0.292740 -2.989486
v 0.153192 0.288959 -2.987132
v 0.132924 0.258395 -2.981447
v 0.125467 0.265852 -2.989486
v 0.130279 0.261040 -2.987132
v 0.104438 0.235016 -2.981447
v 0.098579 0.243786 -2.989486
v 0.102360 0.238127 -2.987132
v 0.071938 0.217645 -2.981447
v 0.067902 0.227389 -2.989486
v 0.070506 0.221101 -2.987132
v 0.036674 0.206947 -2.981447
v 0.034616 0.217292 -2.989486
v 0.035944 0.210617 -2.987132
v 0.025626 0.551310 -2.981469
v 0.026779 0.543861 -2.989487
v 0.025964 0.549128 -2.987138
v 0.051457 0.551347 -2.989487
v 0.050268 0.558785 -2.981469
v 0.050616 0.556606 -2.987138
v 0.126461 0.530875 -1.134343
v 0.153251 0.544570 -1.162533
v 0.143452 0.534772 -1.138120
v 0.150625 0.541945 -1.148438
v 0.157159 0.496330 -1.134343
v 0.180204 0.511728 -1.162533
v 0.168682 0.504029 -1.138120
v 0.177116 0.509665 -1.148438
v 0.174626 0.463652 -1.134343
v 0.200232 0.474258 -1.162533
v 0.187429 0.468955 -1.138120
v 0.196801 0.472837 -1.148438
v 0.185382 0.428194 -1.134343
v 0.212565 0.433601 -1.162533
v 0.198973 0.430898 -1.138120
v 0.208923 0.432877 -1.148438
v 0.189014 0.391320 -1.134343
v 0.216729 0.391320 -1.162533
v 0.202872 0.391320 -1.138120
v 0.213016 0.391320 -1.148438
v 0.185382 0.354445 -1.134343
v 0.212565 0.349038 -1.162533
v 0.198973 0.351741 -1.138120
v 0.208923 0.349762 -1.148438
v 0.174626 0.318987 -1.134343
v 0.200231 0.308381 -1.162533
v 0.187429 0.313684 -1.138120
v 0.196801 0.309802 -1.148438
v 0.157159 0.286309 -1.134343
v 0.180203 0.270911 -1.162533
v 0.168681 0.278610 -1.138120
v 0.177116 0.272974 -1.148438
v 0.133653 0.257667 -1.134343
v 0.153250 0.238069 -1.162533
v 0.143452 0.247868 -1.138120
v 0.150625 0.240695 -1.148438
v 0.105010 0.234160 -1.134343
v 0.120408 0.211116 -1.162533
v 0.112709 0.222638 -1.138120
v 0.118345 0.214203 -1.148438
v 0.072332 0.216694 -1.134343
v 0.082938 0.191088 -1.162533
v 0.077635 0.203891 -1.138120
v 0.081517 0.194519 -1.148438
v 0.036875 0.205938 -1.134343
v 0.042281 0.178755 -1.162533
v 0.039578 0.192346 -1.138120
v 0.041557 0.182397 -1.148438
v 0.050268 0.558785 -2.582650
v 0.051176 0.553106 -2.577080
v 0.025626 0.551310 -2.582650
v 0.026506 0.545623 -2.577080
v 0.073734 0.565163 -2.577080
v 0.072978 0.570924 -2.582650
v 0.126461 0.480483 -1.135639
v 0.134198 0.446906 -1.139914
v 0.146011 0.451799 -1.134343
v 0.142464 0.419657 -1.139914
v 0.155004 0.422152 -1.134343
v 0.145255 0.391320 -1.139914
v 0.158041 0.391320 -1.134343
v 0.142464 0.362982 -1.139914
v 0.155004 0.360487 -1.134343
v 0.134198 0.335733 -1.139914
v 0.146011 0.330840 -1.134343
v 0.120775 0.310621 -1.139914
v 0.131406 0.303517 -1.134343
v 0.102710 0.288609 -1.139914
v 0.111752 0.279568 -1.134343
v 0.080699 0.270545 -1.139914
v 0.087803 0.259913 -1.134343
v 0.055586 0.257122 -1.139914
v 0.060479 0.245309 -1.134343
v 0.028338 0.248856 -1.139914
v 0.030832 0.236315 -1.134343
v 0.095389 0.584896 -2.583079
v 0.092883 0.579893 -2.577080
v 0.092883 0.556957 -2.547323
v 0.097807 0.560999 -2.547754
v 0.092883 0.579214 -2.518091
v 0.097807 0.583604 -2.518064
v 0.092883 0.556608 -2.488858
v 0.097807 0.560999 -2.488833
v 0.092883 0.579214 -2.459196
v 0.097807 0.583604 -2.459173
v 0.092883 0.556608 -2.429934
v 0.097807 0.560999 -2.429913
v 0.092883 0.579214 -2.400301
v 0.097807 0.583604 -2.400281
v 0.092883 0.556608 -2.371011
v 0.097807 0.560999 -2.370992
v 0.097807 0.583604 -2.341389
v 0.092883 0.579214 -2.341406
v 0.097807 0.583604 -2.282498
v 0.092883 0.579214 -2.282511
v 0.092883 0.579214 -2.223616
v 0.097807 0.583604 -2.223606
v 0.092883 0.556608 -2.253163
v 0.097807 0.560999 -2.253152
v 0.092883 0.556608 -2.312087
v 0.097807 0.560999 -2.312072
v 0.092883 0.556608 -2.194240
v 0.097807 0.560999 -2.194232
v 0.092883 0.579214 -2.164721
v 0.097807 0.583604 -2.164714
v 0.092883 0.556608 -2.135316
v 0.097807 0.560999 -2.135311
v 0.097807 0.583604 -2.105823
v 0.092883 0.579214 -2.105826
v 0.097807 0.583604 -2.046931
v 0.092883 0.579214 -2.046931
v 0.097807 0.583604 -1.988039
v 0.092883 0.579214 -1.988036
v 0.092883 0.579214 -1.929141
v 0.097807 0.583604 -1.929147
v 0.092883 0.556608 -2.076393
v 0.097807 0.560999 -2.076391
v 0.092883 0.556608 -2.017469
v 0.097807 0.560999 -2.017471
v 0.092883 0.556608 -1.958545
v 0.097807 0.560999 -1.958550
v 0.092883 0.556609 -1.899622
v 0.097807 0.560999 -1.899630
v 0.092883 0.579214 -1.870246
v 0.097807 0.583604 -1.870256
v 0.097807 0.583604 -1.811364
v 0.092883 0.579214 -1.811351
v 0.097807 0.583604 -1.752472
v 0.092883 0.579214 -1.752456
v 0.092883 0.579214 -1.693561
v 0.097807 0.583604 -1.693580
v 0.092883 0.556608 -1.840698
v 0.097807 0.560999 -1.840710
v 0.092883 0.556609 -1.781774
v 0.097807 0.560999 -1.781789
v 0.092883 0.556609 -1.722851
v 0.097807 0.560999 -1.722869
v 0.092883 0.556609 -1.663927
v 0.097807 0.560999 -1.663948
v 0.092883 0.579214 -1.634665
v 0.097807 0.583604 -1.634689
v 0.092883 0.556609 -1.605003
v 0.097807 0.560999 -1.605028
v 0.092883 0.579214 -1.575771
v 0.097807 0.583604 -1.575797
v 0.092883 0.556609 -1.546080
v 0.097807 0.561000 -1.546108
v 0.092883 0.579184 -1.516915
v 0.097807 0.583604 -1.516905
v 0.082938 0.191088 -1.402002
v 0.120408 0.211116 -1.402002
v 0.153250 0.238069 -1.402002
v 0.180203 0.270911 -1.402002
v 0.200231 0.308381 -1.402002
v 0.212565 0.349038 -1.402002
v 0.216729 0.391320 -1.402002
v 0.212565 0.433601 -1.402002
v 0.200232 0.474258 -1.402002
v 0.180204 0.511728 -1.402002
v 0.153251 0.544570 -1.402002
v 0.042281 0.178755 -1.402002
v 0.028338 0.248856 -1.402002
v 0.134198 0.446906 -1.402002
v 0.142464 0.419657 -1.402002
v 0.145255 0.391320 -1.402002
v 0.142464 0.362982 -1.402002
v 0.134198 0.335733 -1.402002
v 0.120775 0.310621 -1.402002
v 0.102710 0.288609 -1.402002
v 0.080699 0.270545 -1.402002
v 0.055586 0.257122 -1.402002
v 0.126461 0.566556 -1.162533
v 0.126461 0.561776 -1.148438
v 0.126461 0.548716 -1.138120
v 0.126461 0.566556 -1.402002
v 0.126461 0.461381 -1.402002
v 0.126461 0.461381 -1.139914
v 0.102711 0.494030 -1.402002
v 0.092883 0.502096 -1.402002
v 0.092883 0.579184 -1.402002
v 0.097807 0.583604 -1.402002
v -0.028338 0.533783 -2.989487
v -0.055587 0.525517 -2.989487
v -0.080699 0.512094 -2.989487
v -0.102711 0.494030 -2.989487
v -0.120775 0.472018 -2.989487
v -0.134198 0.446906 -2.989487
v -0.142464 0.419657 -2.989486
v -0.145255 0.391319 -2.989486
v -0.142464 0.362981 -2.989486
v -0.134198 0.335733 -2.989486
v -0.120775 0.310620 -2.989486
v -0.102710 0.288609 -2.989486
v -0.080699 0.270544 -2.989486
v -0.055586 0.257122 -2.989486
v -0.028338 0.248856 -2.989486
v -0.120408 0.571523 -2.577080
v -0.153251 0.544570 -2.577080
v -0.180204 0.511727 -2.577080
v -0.200232 0.474258 -2.577080
v -0.212565 0.433601 -2.577080
v -0.216729 0.391319 -2.577080
v -0.212565 0.349037 -2.577080
v -0.200231 0.308381 -2.577080
v -0.180203 0.270911 -2.577080
v -0.153250 0.238069 -2.577080
v -0.120408 0.211116 -2.577080
v -0.082938 0.191088 -2.577080
v -0.042281 0.178755 -2.577080
v -0.120408 0.571523 -2.727056
v -0.153251 0.544570 -2.727056
v -0.180204 0.511727 -2.727056
v -0.200232 0.474258 -2.727056
v -0.212565 0.433601 -2.727056
v -0.216729 0.391319 -2.727056
v -0.212565 0.349037 -2.727056
v -0.200231 0.308381 -2.727056
v -0.180203 0.270911 -2.727056
v -0.153250 0.238069 -2.727056
v -0.120408 0.211116 -2.727056
v -0.082938 0.191088 -2.727056
v -0.042281 0.178755 -2.727056
v -0.118270 0.214315 -2.792082
v -0.115475 0.218498 -2.857108
v -0.079540 0.199291 -2.857108
v -0.081466 0.194643 -2.792082
v -0.145255 0.391320 -1.517024
v -0.040549 0.187463 -2.857108
v -0.041531 0.182529 -2.792082
v -0.142464 0.419657 -1.517024
v -0.134198 0.446906 -1.517024
v -0.115475 0.564140 -2.857108
v -0.118270 0.568323 -2.792082
v -0.120775 0.472019 -1.517024
v -0.146972 0.538291 -2.857108
v -0.150530 0.541849 -2.792082
v -0.102711 0.494030 -1.517024
v -0.172821 0.506794 -2.857108
v -0.177004 0.509590 -2.792082
v -0.028338 0.248856 -1.517024
v -0.192028 0.470860 -2.857108
v -0.196676 0.472785 -2.792082
v -0.055586 0.257122 -1.517024
v -0.203856 0.431869 -2.857108
v -0.208791 0.432850 -2.792082
v -0.134198 0.335733 -1.517024
v -0.207850 0.391319 -2.857108
v -0.212881 0.391319 -2.792082
v -0.120775 0.310620 -1.517024
v -0.203856 0.350770 -2.857108
v -0.208790 0.349788 -2.792082
v -0.092883 0.502096 -1.517024
v -0.192028 0.311778 -2.857108
v -0.196676 0.309853 -2.792082
v -0.102710 0.288609 -1.517024
v -0.172821 0.275844 -2.857108
v -0.177004 0.273049 -2.792082
v -0.146972 0.244347 -2.857108
v -0.150529 0.240790 -2.792082
v -0.212565 0.433601 -1.516905
v -0.216729 0.391320 -1.516905
v -0.212565 0.349038 -1.516905
v -0.200231 0.308381 -1.516905
v -0.180203 0.270911 -1.516905
v -0.153250 0.238069 -1.516905
v -0.120408 0.211116 -1.516905
v -0.082938 0.191088 -1.516905
v -0.042281 0.178755 -1.516905
v -0.120408 0.571523 -1.516905
v -0.153251 0.544570 -1.516905
v -0.180204 0.511728 -1.516905
v -0.200232 0.474258 -1.516905
v -0.192918 0.429693 -1.546108
v -0.212565 0.433601 -1.575797
v -0.192918 0.429693 -1.605028
v -0.212565 0.433601 -1.634688
v -0.192918 0.429693 -1.663948
v -0.212565 0.433601 -1.693580
v -0.192918 0.429693 -1.722869
v -0.212565 0.433601 -1.752472
v -0.192918 0.429693 -1.781789
v -0.212565 0.433601 -1.811364
v -0.192918 0.429693 -1.840709
v -0.212565 0.433601 -1.870255
v -0.192918 0.429693 -1.899630
v -0.212565 0.433601 -1.929147
v -0.192918 0.429693 -1.958550
v -0.212565 0.433601 -1.988039
v -0.192918 0.429693 -2.017470
v -0.212565 0.433601 -2.046931
v -0.192918 0.429693 -2.076391
v -0.212565 0.433601 -2.105822
v -0.192918 0.429693 -2.135311
v -0.212565 0.433601 -2.164714
v -0.192918 0.429693 -2.194232
v -0.212565 0.433601 -2.223606
v -0.192918 0.429693 -2.253152
v -0.212565 0.433601 -2.282498
v -0.192918 0.429693 -2.312072
v -0.212565 0.433601 -2.341389
v -0.192918 0.429693 -2.370992
v -0.212565 0.433601 -2.400281
v -0.192918 0.429693 -2.429913
v -0.212565 0.433601 -2.459173
v -0.192918 0.429693 -2.488833
v -0.212565 0.433601 -2.518064
v -0.192918 0.429693 -2.547754
v -0.196697 0.391319 -2.547753
v -0.216729 0.391319 -2.518064
v -0.196697 0.391319 -2.488833
v -0.216729 0.391319 -2.459172
v -0.196697 0.391319 -2.429913
v -0.216729 0.391319 -2.400281
v -0.196697 0.391319 -2.370992
v -0.216729 0.391319 -2.341389
v -0.196697 0.391319 -2.312072
v -0.216729 0.391319 -2.282497
v -0.196697 0.391319 -2.253152
v -0.216729 0.391319 -2.223606
v -0.196697 0.391319 -2.194231
v -0.216729 0.391319 -2.164714
v -0.196697 0.391319 -2.135311
v -0.216729 0.391319 -2.105822
v -0.196697 0.391319 -2.076391
v -0.216729 0.391319 -2.046931
v -0.196697 0.391319 -2.017470
v -0.216729 0.391319 -1.988039
v -0.196697 0.391319 -1.958550
v -0.216729 0.391319 -1.929147
v -0.196697 0.391319 -1.899630
v -0.216729 0.391319 -1.870256
v -0.196697 0.391319 -1.840710
v -0.216729 0.391319 -1.811364
v -0.196697 0.391319 -1.781789
v -0.216729 0.391319 -1.752472
v -0.196697 0.391319 -1.722869
v -0.216729 0.391319 -1.693580
v -0.196697 0.391319 -1.663948
v -0.216729 0.391319 -1.634689
v -0.196697 0.391320 -1.605028
v -0.216729 0.391319 -1.575797
v -0.196697 0.391320 -1.546108
v -0.192918 0.352945 -2.547753
v -0.212565 0.349037 -2.518064
v -0.192918 0.352945 -2.488833
v -0.212565 0.349037 -2.459172
v -0.192918 0.352946 -2.429913
v -0.212565 0.349037 -2.400281
v -0.192918 0.352946 -2.370992
v -0.212565 0.349038 -2.341389
v -0.192918 0.352946 -2.312072
v -0.212565 0.349038 -2.282497
v -0.192918 0.352946 -2.253152
v -0.212565 0.349038 -2.223606
v -0.192918 0.352946 -2.194231
v -0.212565 0.349038 -2.164714
v -0.192918 0.352946 -2.135311
v -0.212565 0.349038 -2.105822
v -0.192918 0.352946 -2.076391
v -0.212565 0.349038 -2.046931
v -0.192918 0.352946 -2.017470
v -0.212565 0.349038 -1.988039
v -0.192918 0.352946 -1.958550
v -0.212565 0.349038 -1.929147
v -0.192918 0.352946 -1.899630
v -0.212565 0.349038 -1.870256
v -0.192918 0.352946 -1.840710
v -0.212565 0.349038 -1.811364
v -0.192918 0.352946 -1.781789
v -0.212565 0.349038 -1.752472
v -0.192918 0.352946 -1.722869
v -0.212565 0.349038 -1.693580
v -0.192918 0.352946 -1.663948
v -0.212565 0.349038 -1.634689
v -0.192918 0.352946 -1.605028
v -0.212565 0.349038 -1.575797
v -0.192918 0.352946 -1.546108
v -0.181725 0.316046 -2.547753
v -0.200231 0.308381 -2.518064
v -0.181725 0.316046 -2.488833
v -0.200231 0.308381 -2.459172
v -0.181725 0.316046 -2.429913
v -0.200231 0.308381 -2.400281
v -0.181725 0.316046 -2.370992
v -0.200231 0.308381 -2.341389
v -0.181725 0.316046 -2.312072
v -0.200231 0.308381 -2.282497
v -0.181725 0.316047 -2.253152
v -0.200231 0.308381 -2.223606
v -0.181725 0.316047 -2.194231
v -0.200231 0.308381 -2.164714
v -0.181725 0.316047 -2.135311
v -0.200231 0.308381 -2.105822
v -0.181725 0.316047 -2.076391
v -0.200231 0.308381 -2.046931
v -0.181725 0.316047 -2.017470
v -0.200231 0.308381 -1.988039
v -0.181725 0.316047 -1.958550
v -0.200231 0.308381 -1.929147
v -0.181725 0.316047 -1.899630
v -0.200231 0.308381 -1.870256
v -0.181725 0.316047 -1.840710
v -0.200231 0.308381 -1.811364
v -0.181725 0.316047 -1.781789
v -0.200231 0.308381 -1.752472
v -0.181725 0.316047 -1.722869
v -0.200231 0.308381 -1.693580
v -0.181725 0.316047 -1.663948
v -0.200231 0.308381 -1.634689
v -0.181725 0.316047 -1.605028
v -0.200231 0.308381 -1.575797
v -0.181725 0.316047 -1.546108
v -0.163548 0.282040 -2.547753
v -0.180203 0.270911 -2.518064
v -0.163548 0.282040 -2.488833
v -0.180203 0.270911 -2.459172
v -0.163548 0.282040 -2.429913
v -0.180203 0.270911 -2.400281
v -0.163548 0.282040 -2.370992
v -0.180203 0.270911 -2.341389
v -0.163548 0.282040 -2.312072
v -0.180203 0.270911 -2.282497
v -0.163548 0.282040 -2.253152
v -0.180203 0.270911 -2.223606
v -0.163548 0.282040 -2.194231
v -0.180203 0.270911 -2.164714
v -0.163548 0.282040 -2.135311
v -0.180203 0.270911 -2.105822
v -0.163548 0.282040 -2.076391
v -0.180203 0.270911 -2.046931
v -0.163548 0.282040 -2.017470
v -0.180203 0.270911 -1.988039
v -0.163548 0.282040 -1.958550
v -0.180203 0.270911 -1.929147
v -0.163548 0.282040 -1.899630
v -0.180203 0.270911 -1.870256
v -0.163548 0.282040 -1.840710
v -0.180203 0.270911 -1.811364
v -0.163548 0.282040 -1.781789
v -0.180203 0.270911 -1.752472
v -0.163548 0.282040 -1.722869
v -0.180203 0.270911 -1.693580
v -0.163548 0.282040 -1.663948
v -0.180203 0.270911 -1.634689
v -0.163548 0.282040 -1.605028
v -0.180203 0.270911 -1.575797
v -0.163548 0.282040 -1.546108
v -0.139086 0.252233 -2.547753
v -0.153250 0.238069 -2.518064
v -0.139086 0.252233 -2.488833
v -0.153250 0.238069 -2.459172
v -0.139086 0.252233 -2.429913
v -0.153250 0.238069 -2.400281
v -0.139086 0.252233 -2.370992
v -0.153250 0.238069 -2.341389
v -0.139086 0.252233 -2.312072
v -0.153250 0.238069 -2.282497
v -0.139086 0.252233 -2.253152
v -0.153250 0.238069 -2.223606
v -0.139086 0.252233 -2.194231
v -0.153250 0.238069 -2.164714
v -0.139086 0.252233 -2.135311
v -0.153250 0.238069 -2.105822
v -0.139086 0.252233 -2.076391
v -0.153250 0.238069 -2.046931
v -0.139086 0.252233 -2.017470
v -0.153250 0.238069 -1.988039
v -0.139086 0.252233 -1.958550
v -0.153250 0.238069 -1.929147
v -0.139086 0.252233 -1.899630
v -0.153250 0.238069 -1.870256
v -0.139086 0.252233 -1.840710
v -0.153250 0.238069 -1.811364
v -0.139086 0.252233 -1.781789
v -0.153250 0.238069 -1.752472
v -0.139086 0.252234 -1.722869
v -0.153250 0.238069 -1.693580
v -0.139086 0.252234 -1.663948
v -0.153250 0.238069 -1.634689
v -0.139086 0.252234 -1.605028
v -0.153250 0.238069 -1.575797
v -0.139086 0.252234 -1.546108
v -0.109279 0.227771 -2.547753
v -0.120408 0.211116 -2.518064
v -0.109279 0.227772 -2.488833
v -0.120408 0.211116 -2.459172
v -0.109279 0.227772 -2.429913
v -0.120408 0.211116 -2.400281
v -0.109279 0.227772 -2.370992
v -0.120408 0.211116 -2.341389
v -0.109279 0.227772 -2.312072
v -0.120408 0.211116 -2.282497
v -0.109279 0.227772 -2.253152
v -0.120408 0.211116 -2.223606
v -0.109279 0.227772 -2.194231
v -0.120408 0.211116 -2.164714
v -0.109279 0.227772 -2.135311
v -0.120408 0.211116 -2.105822
v -0.109279 0.227772 -2.076391
v -0.120408 0.211116 -2.046931
v -0.109279 0.227772 -2.017470
v -0.120408 0.211116 -1.988039
v -0.109279 0.227772 -1.958550
v -0.120408 0.211116 -1.929147
v -0.109279 0.227772 -1.899630
v -0.120408 0.211116 -1.870255
v -0.109279 0.227772 -1.840710
v -0.120408 0.211116 -1.811364
v -0.109279 0.227772 -1.781789
v -0.120408 0.211116 -1.752472
v -0.109279 0.227772 -1.722869
v -0.120408 0.211116 -1.693580
v -0.109279 0.227772 -1.663948
v -0.120408 0.211116 -1.634688
v -0.109279 0.227772 -1.605028
v -0.120408 0.211116 -1.575797
v -0.109279 0.227772 -1.546108
v -0.075273 0.209595 -2.547753
v -0.082938 0.191088 -2.518064
v -0.075273 0.209595 -2.488833
v -0.082938 0.191088 -2.459172
v -0.075273 0.209595 -2.429913
v -0.082938 0.191088 -2.400281
v -0.075273 0.209595 -2.370992
v -0.082938 0.191088 -2.341389
v -0.075273 0.209595 -2.312072
v -0.082938 0.191088 -2.282497
v -0.075273 0.209595 -2.253152
v -0.082938 0.191088 -2.223606
v -0.075273 0.209595 -2.194231
v -0.082938 0.191088 -2.164714
v -0.075273 0.209595 -2.135311
v -0.082938 0.191088 -2.105822
v -0.075273 0.209595 -2.076391
v -0.082938 0.191088 -2.046931
v -0.075273 0.209595 -2.017470
v -0.082938 0.191088 -1.988039
v -0.075273 0.209595 -1.958550
v -0.082938 0.191088 -1.929147
v -0.075273 0.209595 -1.899630
v -0.082938 0.191088 -1.870255
v -0.075273 0.209595 -1.840709
v -0.082938 0.191088 -1.811364
v -0.075273 0.209595 -1.781789
v -0.082938 0.191088 -1.752472
v -0.075273 0.209595 -1.722869
v -0.082938 0.191088 -1.693580
v -0.075273 0.209595 -1.663948
v -0.082938 0.191088 -1.634688
v -0.075273 0.209595 -1.605028
v -0.082938 0.191088 -1.575797
v -0.075273 0.209595 -1.546108
v -0.038373 0.198402 -2.547753
v -0.042281 0.178755 -2.518064
v -0.038373 0.198402 -2.488833
v -0.042281 0.178755 -2.459172
v -0.038373 0.198402 -2.429913
v -0.042281 0.178755 -2.400281
v -0.038373 0.198402 -2.370992
v -0.042281 0.178755 -2.341389
v -0.038373 0.198402 -2.312072
v -0.042281 0.178755 -2.282497
v -0.038373 0.198402 -2.253152
v -0.042281 0.178755 -2.223606
v -0.038373 0.198402 -2.194231
v -0.042281 0.178755 -2.164714
v -0.038373 0.198402 -2.135311
v -0.042281 0.178755 -2.105822
v -0.038373 0.198402 -2.076391
v -0.042281 0.178755 -2.046931
v -0.038373 0.198402 -2.017470
v -0.042281 0.178755 -1.988039
v -0.038373 0.198402 -1.958550
v -0.042281 0.178755 -1.929147
v -0.038373 0.198402 -1.899630
v -0.042281 0.178755 -1.870255
v -0.038373 0.198402 -1.840709
v -0.042281 0.178755 -1.811364
v -0.038373 0.198402 -1.781789
v -0.042281 0.178755 -1.752472
v -0.038373 0.198402 -1.722869
v -0.042281 0.178755 -1.693580
v -0.038373 0.198402 -1.663948
v -0.042281 0.178755 -1.634688
v -0.038373 0.198402 -1.605028
v -0.042281 0.178755 -1.575797
v -0.038373 0.198402 -1.546108
v -0.109279 0.554867 -2.547754
v -0.120408 0.571523 -2.518064
v -0.109279 0.554867 -2.488833
v -0.120408 0.571523 -2.459173
v -0.109279 0.554867 -2.429913
v -0.120408 0.571523 -2.400281
v -0.109279 0.554867 -2.370992
v -0.120408 0.571523 -2.341389
v -0.109279 0.554867 -2.312072
v -0.120408 0.571523 -2.282498
v -0.109279 0.554867 -2.253152
v -0.120408 0.571523 -2.223606
v -0.109279 0.554867 -2.194232
v -0.120408 0.571523 -2.164714
v -0.109279 0.554867 -2.135311
v -0.120408 0.571523 -2.105823
v -0.109279 0.554867 -2.076391
v -0.120408 0.571523 -2.046931
v -0.109279 0.554867 -2.017471
v -0.120408 0.571523 -1.988039
v -0.109279 0.554867 -1.958550
v -0.120408 0.571523 -1.929147
v -0.109279 0.554867 -1.899630
v -0.120408 0.571523 -1.870256
v -0.109279 0.554867 -1.840710
v -0.120408 0.571523 -1.811364
v -0.109279 0.554867 -1.781789
v -0.120408 0.571523 -1.752472
v -0.109279 0.554867 -1.722869
v -0.120408 0.571523 -1.693580
v -0.109279 0.554867 -1.663948
v -0.120408 0.571523 -1.634689
v -0.109279 0.554867 -1.605028
v -0.120408 0.571523 -1.575797
v -0.109279 0.554867 -1.546108
v -0.139086 0.530405 -2.547754
v -0.153251 0.544570 -2.518064
v -0.139086 0.530405 -2.488833
v -0.153251 0.544570 -2.459173
v -0.139086 0.530405 -2.429913
v -0.153251 0.544570 -2.400281
v -0.139086 0.530405 -2.370992
v -0.153251 0.544570 -2.341389
v -0.139086 0.530405 -2.312072
v -0.153251 0.544570 -2.282498
v -0.139086 0.530405 -2.253152
v -0.153251 0.544570 -2.223606
v -0.139086 0.530405 -2.194232
v -0.153251 0.544570 -2.164714
v -0.139086 0.530405 -2.135311
v -0.153251 0.544570 -2.105823
v -0.139086 0.530405 -2.076391
v -0.153251 0.544570 -2.046931
v -0.139086 0.530405 -2.017471
v -0.153251 0.544570 -1.988039
v -0.139086 0.530405 -1.958550
v -0.153251 0.544570 -1.929147
v -0.139086 0.530405 -1.899630
v -0.153251 0.544570 -1.870256
v -0.139086 0.530405 -1.840710
v -0.153251 0.544570 -1.811364
v -0.139086 0.530406 -1.781789
v -0.153251 0.544570 -1.752472
v -0.139086 0.530406 -1.722869
v -0.153251 0.544570 -1.693580
v -0.139086 0.530406 -1.663948
v -0.153251 0.544570 -1.634689
v -0.139086 0.530406 -1.605028
v -0.153251 0.544570 -1.575797
v -0.139086 0.530406 -1.546108
v -0.163548 0.500598 -2.547754
v -0.180204 0.511728 -2.518064
v -0.163548 0.500598 -2.488833
v -0.180204 0.511728 -2.459173
v -0.163548 0.500598 -2.429913
v -0.180204 0.511728 -2.400281
v -0.163548 0.500598 -2.370992
v -0.180204 0.511728 -2.341389
v -0.163548 0.500598 -2.312072
v -0.180204 0.511728 -2.282498
v -0.163548 0.500598 -2.253152
v -0.180204 0.511728 -2.223606
v -0.163548 0.500599 -2.194232
v -0.180204 0.511728 -2.164714
v -0.163548 0.500599 -2.135311
v -0.180204 0.511728 -2.105823
v -0.163548 0.500599 -2.076391
v -0.180204 0.511728 -2.046931
v -0.163548 0.500599 -2.017471
v -0.180204 0.511728 -1.988039
v -0.163548 0.500599 -1.958550
v -0.180204 0.511728 -1.929147
v -0.163548 0.500599 -1.899630
v -0.180204 0.511728 -1.870256
v -0.163548 0.500599 -1.840710
v -0.180204 0.511728 -1.811364
v -0.163548 0.500599 -1.781789
v -0.180204 0.511728 -1.752472
v -0.163548 0.500599 -1.722869
v -0.180204 0.511728 -1.693580
v -0.163548 0.500599 -1.663948
v -0.180204 0.511728 -1.634689
v -0.163548 0.500599 -1.605028
v -0.180204 0.511728 -1.575797
v -0.163548 0.500599 -1.546108
v -0.181725 0.466592 -2.547754
v -0.200232 0.474258 -2.518064
v -0.181725 0.466592 -2.488833
v -0.200232 0.474258 -2.459173
v -0.181725 0.466592 -2.429913
v -0.200232 0.474258 -2.400281
v -0.181725 0.466592 -2.370992
v -0.200232 0.474258 -2.341389
v -0.181725 0.466592 -2.312072
v -0.200232 0.474258 -2.282498
v -0.181725 0.466592 -2.253152
v -0.200232 0.474258 -2.223606
v -0.181725 0.466592 -2.194232
v -0.200232 0.474258 -2.164714
v -0.181725 0.466592 -2.135311
v -0.200232 0.474258 -2.105823
v -0.181725 0.466592 -2.076391
v -0.200232 0.474258 -2.046931
v -0.181725 0.466592 -2.017471
v -0.200232 0.474258 -1.988039
v -0.181725 0.466592 -1.958550
v -0.200232 0.474258 -1.929147
v -0.181725 0.466592 -1.899630
v -0.200232 0.474258 -1.870256
v -0.181725 0.466592 -1.840710
v -0.200232 0.474258 -1.811364
v -0.181725 0.466592 -1.781789
v -0.200232 0.474258 -1.752472
v -0.181725 0.466592 -1.722869
v -0.200232 0.474258 -1.693580
v -0.181725 0.466592 -1.663948
v -0.200232 0.474258 -1.634689
v -0.181725 0.466592 -1.605028
v -0.200232 0.474258 -1.575797
v -0.181725 0.466592 -1.546108
v -0.092883 0.502095 -2.577080
v -0.080701 0.512094 -2.577080
v -0.142464 0.362981 -2.577080
v -0.055587 0.525517 -2.577080
v -0.134198 0.335733 -2.577080
v -0.028338 0.533783 -2.577080
v -0.120775 0.310620 -2.577080
v -0.084734 0.580572 -2.857108
v -0.088923 0.584010 -2.792082
v -0.092127 0.586639 -2.727056
v -0.072978 0.570924 -2.947856
v -0.142464 0.362982 -1.517024
v -0.080699 0.270545 -1.517024
v -0.102710 0.288609 -2.577080
v -0.080699 0.270545 -2.577080
v -0.055586 0.257122 -2.577080
v -0.028338 0.248856 -2.577080
v -0.102711 0.494030 -2.577080
v -0.120775 0.472018 -2.577080
v -0.134198 0.446906 -2.577080
v -0.142464 0.419657 -2.577080
v -0.145255 0.391319 -2.577080
v -0.108027 0.229645 -2.948452
v -0.074410 0.211677 -2.948452
v -0.037934 0.200612 -2.948452
v -0.108027 0.552993 -2.948452
v -0.137492 0.528812 -2.948452
v -0.161674 0.499346 -2.948452
v -0.179642 0.465729 -2.948452
v -0.190707 0.429253 -2.948452
v -0.194443 0.391319 -2.948452
v -0.190707 0.353385 -2.948452
v -0.179642 0.316909 -2.948452
v -0.161674 0.283292 -2.948452
v -0.137492 0.253827 -2.948452
v -0.061785 0.556868 -2.989487
v -0.065382 0.566864 -2.981469
v -0.063578 0.563535 -2.987138
v -0.104438 0.547622 -2.981447
v -0.098579 0.538853 -2.989487
v -0.102360 0.544512 -2.987132
v -0.132925 0.524244 -2.981447
v -0.125467 0.516786 -2.989487
v -0.130279 0.521599 -2.987132
v -0.156303 0.495757 -2.981447
v -0.147534 0.489898 -2.989487
v -0.153192 0.493679 -2.987132
v -0.173674 0.463257 -2.981447
v -0.163931 0.459221 -2.989487
v -0.170218 0.461826 -2.987132
v -0.184372 0.427993 -2.981447
v -0.174028 0.425935 -2.989487
v -0.180703 0.427263 -2.987132
v -0.187984 0.391319 -2.981447
v -0.177437 0.391319 -2.989486
v -0.184243 0.391319 -2.987132
v -0.184372 0.354645 -2.981447
v -0.174028 0.356703 -2.989486
v -0.180703 0.355375 -2.987132
v -0.173674 0.319381 -2.981447
v -0.163930 0.323417 -2.989486
v -0.170218 0.320812 -2.987132
v -0.156303 0.286881 -2.981447
v -0.147533 0.292740 -2.989486
v -0.153192 0.288959 -2.987132
v -0.132924 0.258395 -2.981447
v -0.125467 0.265852 -2.989486
v -0.130279 0.261040 -2.987132
v -0.104438 0.235016 -2.981447
v -0.098579 0.243786 -2.989486
v -0.102360 0.238127 -2.987132
v -0.071938 0.217645 -2.981447
v -0.067902 0.227389 -2.989486
v -0.070506 0.221101 -2.987132
v -0.036674 0.206947 -2.981447
v -0.034616 0.217292 -2.989486
v -0.035944 0.210617 -2.987132
v -0.025626 0.551310 -2.981469
v -0.026779 0.543861 -2.989487
v -0.025964 0.549128 -2.987138
v -0.051457 0.551347 -2.989487
v -0.050268 0.558785 -2.981469
v -0.050616 0.556606 -2.987138
v -0.126461 0.530875 -1.134343
v -0.153251 0.544570 -1.162533
v -0.143452 0.534772 -1.138120
v -0.150625 0.541945 -1.148438
v -0.157159 0.496330 -1.134343
v -0.180204 0.511728 -1.162533
v -0.168682 0.504029 -1.138120
v -0.177116 0.509665 -1.148438
v -0.174626 0.463652 -1.134343
v -0.200232 0.474258 -1.162533
v -0.187429 0.468955 -1.138120
v -0.196801 0.472837 -1.148438
v -0.185382 0.428194 -1.134343
v -0.212565 0.433601 -1.162533
v -0.198973 0.430898 -1.138120
v -0.208923 0.432877 -1.148438
v -0.189014 0.391320 -1.134343
v -0.216729 0.391320 -1.162533
v -0.202872 0.391320 -1.138120
v -0.213016 0.391320 -1.148438
v -0.185382 0.354445 -1.134343
v -0.212565 0.349038 -1.162533
v -0.198973 0.351741 -1.138120
v -0.208923 0.349762 -1.148438
v -0.174626 0.318987 -1.134343
v -0.200231 0.308381 -1.162533
v -0.187429 0.313684 -1.138120
v -0.196801 0.309802 -1.148438
v -0.157159 0.286309 -1.134343
v -0.180203 0.270911 -1.162533
v -0.168681 0.278610 -1.138120
v -0.177116 0.272974 -1.148438
v -0.133653 0.257667 -1.134343
v -0.153250 0.238069 -1.162533
v -0.143452 0.247868 -1.138120
v -0.150625 0.240695 -1.148438
v -0.105010 0.234160 -1.134343
v -0.120408 0.211116 -1.162533
v -0.112709 0.222638 -1.138120
v -0.118345 0.214203 -1.148438
v -0.072332 0.216694 -1.134343
v -0.082938 0.191088 -1.162533
v -0.077635 0.203891 -1.138120
v -0.081517 0.194519 -1.148438
v -0.036875 0.205938 -1.134343
v -0.042281 0.178755 -1.162533
v -0.039578 0.192346 -1.138120
v -0.041557 0.182397 -1.148438
v -0.050268 0.558785 -2.582650
v -0.051176 0.553106 -2.577080
v -0.025626 0.551310 -2.582650
v -0.026506 0.545623 -2.577080
v -0.073734 0.565163 -2.577080
v -0.072978 0.570924 -2.582650
v -0.126461 0.480483 -1.135639
v -0.134198 0.446906 -1.139914
v -0.146011 0.451799 -1.134343
v -0.142464 0.419657 -1.139914
v -0.155004 0.422152 -1.134343
v -0.145255 0.391320 -1.139914
v -0.158041 0.391320 -1.134343
v -0.142464 0.362982 -1.139914
v -0.155004 0.360487 -1.134343
v -0.134198 0.335733 -1.139914
v -0.146011 0.330840 -1.134343
v -0.120775 0.310621 -1.139914
v -0.131406 0.303517 -1.134343
v -0.102710 0.288609 -1.139914
v -0.111752 0.279568 -1.134343
v -0.080699 0.270545 -1.139914
v -0.087803 0.259913 -1.134343
v -0.055586 0.257122 -1.139914
v -0.060479 0.245309 -1.134343
v -0.028338 0.248856 -1.139914
v -0.030832 0.236315 -1.134343
v -0.095389 0.584896 -2.583079
v -0.092883 0.579893 -2.577080
v -0.092883 0.556957 -2.547323
v -0.097807 0.560999 -2.547754
v -0.092883 0.579214 -2.518091
v -0.097807 0.583604 -2.518064
v -0.092883 0.556608 -2.488858
v -0.097807 0.560999 -2.488833
v -0.092883 0.579214 -2.459196
v -0.097807 0.583604 -2.459173
v -0.092883 0.556608 -2.429934
v -0.097807 0.560999 -2.429913
v -0.092883 0.579214 -2.400301
v -0.097807 0.583604 -2.400281
v -0.092883 0.556608 -2.371011
v -0.097807 0.560999 -2.370992
v -0.097807 0.583604 -2.341389
v -0.092883 0.579214 -2.341406
v -0.097807 0.583604 -2.282498
v -0.092883 0.579214 -2.282511
v -0.092883 0.579214 -2.223616
v -0.097807 0.583604 -2.223606
v -0.092883 0.556608 -2.253163
v -0.097807 0.560999 -2.253152
v -0.092883 0.556608 -2.312087
v -0.097807 0.560999 -2.312072
v -0.092883 0.556608 -2.194240
v -0.097807 0.560999 -2.194232
v -0.092883 0.579214 -2.164721
v -0.097807 0.583604 -2.164714
v -0.092883 0.556608 -2.135316
v -0.097807 0.560999 -2.135311
v -0.097807 0.583604 -2.105823
v -0.092883 0.579214 -2.105826
v -0.097807 0.583604 -2.046931
v -0.092883 0.579214 -2.046931
v -0.097807 0.583604 -1.988039
v -0.092883 0.579214 -1.988036
v -0.092883 0.579214 -1.929141
v -0.097807 0.583604 -1.929147
v -0.092883 0.556608 -2.076393
v -0.097807 0.560999 -2.076391
v -0.092883 0.556608 -2.017469
v -0.097807 0.560999 -2.017471
v -0.092883 0.556608 -1.958545
v -0.097807 0.560999 -1.958550
v -0.092883 0.556609 -1.899622
v -0.097807 0.560999 -1.899630
v -0.092883 0.579214 -1.870246
v -0.097807 0.583604 -1.870256
v -0.097807 0.583604 -1.811364
v -0.092883 0.579214 -1.811351
v -0.097807 0.583604 -1.752472
v -0.092883 0.579214 -1.752456
v -0.092883 0.579214 -1.693561
v -0.097807 0.583604 -1.693580
v -0.092883 0.556608 -1.840698
v -0.097807 0.560999 -1.840710
v -0.092883 0.556609 -1.781774
v -0.097807 0.560999 -1.781789
v -0.092883 0.556609 -1.722851
v -0.097807 0.560999 -1.722869
v -0.092883 0.556609 -1.663927
v -0.097807 0.560999 -1.663948
v -0.092883 0.579214 -1.634665
v -0.097807 0.583604 -1.634689
v -0.092883 0.556609 -1.605003
v -0.097807 0.560999 -1.605028
v -0.092883 0.579214 -1.575771
v -0.097807 0.583604 -1.575797
v -0.092883 0.556609 -1.546080
v -0.097807 0.561000 -1.546108
v -0.092883 0.579184 -1.516915
v -0.097807 0.583604 -1.516905
v 0.000000 0.246065 -2.989486
v 0.000000 0.536574 -2.989487
v 0.000000 0.174590 -2.577080
v 0.000000 0.174590 -2.727056
v 0.000000 0.183470 -2.857108
v 0.000000 0.178438 -2.792082
v 0.000000 0.246065 -1.517024
v 0.000000 0.174591 -1.516905
v 0.000000 0.194622 -1.546108
v 0.000000 0.174591 -1.575797
v 0.000000 0.194622 -1.605028
v 0.000000 0.174591 -1.634688
v 0.000000 0.194622 -1.663948
v 0.000000 0.174591 -1.693580
v 0.000000 0.194622 -1.722869
v 0.000000 0.174591 -1.752472
v 0.000000 0.194622 -1.781789
v 0.000000 0.174591 -1.811363
v 0.000000 0.194622 -1.840709
v 0.000000 0.174591 -1.870255
v 0.000000 0.194622 -1.899630
v 0.000000 0.174591 -1.929147
v 0.000000 0.194622 -1.958550
v 0.000000 0.174591 -1.988039
v 0.000000 0.194622 -2.017470
v 0.000000 0.174591 -2.046930
v 0.000000 0.194622 -2.076391
v 0.000000 0.174591 -2.105822
v 0.000000 0.194622 -2.135311
v 0.000000 0.174591 -2.164714
v 0.000000 0.194622 -2.194231
v 0.000000 0.174591 -2.223606
v 0.000000 0.194622 -2.253152
v 0.000000 0.174590 -2.282497
v 0.000000 0.194622 -2.312072
v 0.000000 0.174590 -2.341389
v 0.000000 0.194622 -2.370992
v 0.000000 0.174590 -2.400281
v 0.000000 0.194622 -2.429913
v 0.000000 0.174590 -2.459172
v 0.000000 0.194622 -2.488833
v 0.000000 0.174590 -2.518064
v 0.000000 0.194622 -2.547753
v 0.000000 0.246065 -2.577080
v 0.000000 0.536574 -2.577080
v 0.000000 0.196876 -2.948452
v 0.000000 0.213882 -2.989486
v 0.000000 0.203336 -2.981447
v 0.000000 0.207077 -2.987132
v 0.000000 0.548786 -2.981469
v 0.000000 0.541224 -2.989487
v 0.000000 0.546571 -2.987138
v 0.000000 0.174591 -1.162533
v 0.000000 0.202306 -1.134343
v 0.000000 0.178304 -1.148438
v 0.000000 0.188448 -1.138120
v 0.000000 0.543012 -2.577080
v 0.000000 0.548787 -2.582650
v 0.000000 0.233279 -1.134343
v 0.000000 0.246065 -1.139914
v -0.082938 0.191088 -1.402002
v -0.120408 0.211116 -1.402002
v -0.153250 0.238069 -1.402002
v -0.180203 0.270911 -1.402002
v -0.200231 0.308381 -1.402002
v -0.212565 0.349038 -1.402002
v -0.216729 0.391320 -1.402002
v -0.212565 0.433601 -1.402002
v -0.200232 0.474258 -1.402002
v -0.180204 0.511728 -1.402002
v -0.153251 0.544570 -1.402002
v -0.042281 0.178755 -1.402002
v 0.000000 0.174591 -1.402002
v 0.000000 0.246065 -1.402002
v -0.028338 0.248856 -1.402002
v -0.134198 0.446906 -1.402002
v -0.142464 0.419657 -1.402002
v -0.145255 0.391320 -1.402002
v -0.142464 0.362982 -1.402002
v -0.134198 0.335733 -1.402002
v -0.120775 0.310621 -1.402002
v -0.102710 0.288609 -1.402002
v -0.080699 0.270545 -1.402002
v -0.055586 0.257122 -1.402002
v -0.126461 0.566556 -1.162533
v -0.126461 0.561776 -1.148438
v -0.126461 0.548716 -1.138120
v -0.126461 0.566556 -1.402002
v -0.126461 0.461381 -1.402002
v -0.126461 0.461381 -1.139914
v -0.102711 0.494030 -1.402002
v -0.092883 0.502096 -1.402002
v -0.092883 0.579184 -1.402002
v -0.097807 0.583604 -1.402002
v 0.112410 0.466209 1.394615
v 0.112410 0.677628 1.021388
v 0.112410 0.577071 1.434565
v 0.112410 0.466209 1.441973
v 0.112410 0.499472 1.394615
v 0.112410 0.537809 1.359660
v 0.112410 0.604900 0.988124
v 0.112410 0.677628 0.932309
v 0.112410 0.546717 0.909645
v 0.112410 0.512213 0.904909
v 0.112410 0.512213 0.854169
v 0.112410 0.535757 0.796527
v 0.112410 0.535757 0.177379
v 0.112410 0.617551 0.860866
v 0.112410 0.596443 0.765068
v 0.112410 0.606600 0.834023
v 0.112410 0.599564 0.802090
v 0.112410 0.585726 0.119129
v 0.112410 0.571411 0.922161
v 0.112410 0.589546 0.939171
v 0.112410 0.600502 0.961401
v 0.112410 0.532999 0.818090
v 0.112410 0.525151 0.837304
v 0.112410 0.530292 1.377936
v 0.112410 0.517513 1.389588
v 0.112410 0.615781 1.381704
v 0.112410 0.544293 1.441973
v 0.112410 0.602377 1.414775
v 0.112410 0.504640 0.039466
v 0.112410 0.581159 0.097015
v 0.112410 0.571588 0.077240
v 0.112410 0.560142 0.062114
v 0.112410 0.544399 0.050685
v 0.112410 0.526781 0.043906
v 0.112410 0.504640 0.149284
v 0.112410 0.518987 0.153240
v 0.112410 0.527855 0.159084
v 0.112410 0.533261 0.167287
v 0.054988 0.464836 0.039466
v 0.054988 0.464836 0.149284
v 0.104283 0.487648 0.149284
v 0.091356 0.475429 0.149284
v 0.075571 0.467746 0.149284
v 0.075571 0.467746 0.039466
v 0.091356 0.475429 0.039466
v 0.104283 0.487648 0.039466
v 0.043493 0.464836 0.149284
v 0.042005 0.464836 0.064020
v 0.028674 0.464836 0.081693
v 0.013758 0.464836 0.093475
v 0.042005 0.455710 0.039466
v 0.028674 0.449102 0.039466
v 0.013758 0.445011 0.039466
v 0.043493 0.464836 0.186110
v 0.102410 0.466209 1.394615
v 0.102410 0.677628 1.021388
v 0.102410 0.577071 1.434565
v 0.102410 0.466209 1.441973
v 0.102410 0.499472 1.394615
v 0.102410 0.537809 1.359660
v 0.102410 0.604900 0.988124
v 0.102410 0.677628 0.932309
v 0.102410 0.546717 0.909645
v 0.102410 0.512213 0.904909
v 0.102410 0.512213 0.854169
v 0.102410 0.535757 0.796527
v 0.102410 0.535757 0.177379
v 0.102410 0.617551 0.860866
v 0.102410 0.596443 0.765068
v 0.102410 0.606600 0.834023
v 0.102410 0.599564 0.802090
v 0.102410 0.585726 0.119129
v 0.102410 0.571411 0.922161
v 0.102410 0.589546 0.939171
v 0.102410 0.600502 0.961401
v 0.102410 0.532999 0.818090
v 0.102410 0.525151 0.837304
v 0.102410 0.530292 1.377936
v 0.102410 0.517513 1.389588
v 0.102410 0.615781 1.381704
v 0.102410 0.544293 1.441973
v 0.102410 0.602377 1.414775
v 0.102444 0.507070 0.039466
v 0.102410 0.581159 0.097015
v 0.102410 0.571588 0.077240
v 0.102410 0.560142 0.062114
v 0.102410 0.544399 0.050685
v 0.102410 0.526781 0.043906
v 0.102362 0.506719 0.149284
v 0.102410 0.518987 0.153240
v 0.102410 0.527855 0.159084
v 0.102410 0.533261 0.167287
v 0.052089 0.474732 0.038321
v 0.054284 0.474836 0.149284
v 0.096063 0.493639 0.149284
v 0.085601 0.483749 0.149284
v 0.072612 0.477427 0.149284
v 0.072612 0.477427 0.039466
v 0.085601 0.483749 0.039466
v 0.096063 0.493639 0.039466
v 0.043493 0.474836 0.149284
v 0.039655 0.475023 0.062379
v 0.027206 0.474993 0.080062
v 0.013024 0.474894 0.091893
v 0.037199 0.463960 0.036397
v 0.025329 0.457976 0.036175
v 0.011961 0.454275 0.036069
v 0.043493 0.474836 0.186909
v 0.043493 0.451316 0.263590
v 0.033892 0.449673 0.273049
v 0.040681 0.450154 0.270278
v 0.033892 0.459525 0.274761
v 0.043493 0.461169 0.265302
v 0.040681 0.460007 0.271990
v -0.112410 0.466209 1.394615
v -0.112410 0.677628 1.021388
v -0.112410 0.577071 1.434565
v -0.112410 0.466209 1.441973
v -0.112410 0.499472 1.394615
v -0.112410 0.537809 1.359660
v -0.112410 0.604900 0.988124
v -0.112410 0.677628 0.932309
v -0.112410 0.546717 0.909645
v -0.112410 0.512213 0.904909
v -0.112410 0.512213 0.854169
v -0.112410 0.535757 0.796527
v -0.112410 0.535757 0.177379
v -0.112410 0.617551 0.860866
v -0.112410 0.596443 0.765068
v -0.112410 0.606600 0.834023
v -0.112410 0.599564 0.802090
v -0.112410 0.585726 0.119129
v -0.112410 0.571411 0.922161
v -0.112410 0.589546 0.939171
v -0.112410 0.600502 0.961401
v -0.112410 0.532999 0.818090
v -0.112410 0.525151 0.837304
v -0.112410 0.530292 1.377936
v -0.112410 0.517513 1.389588
v -0.112410 0.615781 1.381704
v -0.112410 0.544293 1.441973
v -0.112410 0.602377 1.414775
v -0.112410 0.504640 0.039466
v -0.112410 0.581159 0.097015
v -0.112410 0.571588 0.077240
v -0.112410 0.560142 0.062114
v -0.112410 0.544399 0.050685
v -0.112410 0.526781 0.043906
v -0.112410 0.504640 0.149284
v -0.112410 0.518987 0.153240
v -0.112410 0.527855 0.159084
v -0.112410 0.533261 0.167287
v -0.054988 0.464836 0.039466
v -0.054988 0.464836 0.149284
v -0.104283 0.487648 0.149284
v -0.091356 0.475429 0.149284
v -0.075571 0.467746 0.149284
v -0.075571 0.467746 0.039466
v -0.091356 0.475429 0.039466
v -0.104283 0.487648 0.039466
v -0.043493 0.464836 0.149284
v -0.042005 0.464836 0.064020
v -0.028674 0.464836 0.081693
v -0.013758 0.464836 0.093475
v -0.042005 0.455710 0.039466
v -0.028674 0.449102 0.039466
v -0.013758 0.445011 0.039466
v -0.043493 0.464836 0.186110
v 0.000000 0.464836 0.098227
v 0.000000 0.443595 0.039466
v 0.000000 0.464836 0.149284
v 0.000000 0.464836 0.186110
v 0.000000 0.449673 0.273049
v -0.102410 0.466209 1.394615
v -0.102410 0.677628 1.021388
v -0.102410 0.577071 1.434565
v -0.102410 0.466209 1.441973
v -0.102410 0.499472 1.394615
v -0.102410 0.537809 1.359660
v -0.102410 0.604900 0.988124
v -0.102410 0.677628 0.932309
v -0.102410 0.546717 0.909645
v -0.102410 0.512213 0.904909
v -0.102410 0.512213 0.854169
v -0.102410 0.535757 0.796527
v -0.102410 0.535757 0.177379
v -0.102410 0.617551 0.860866
v -0.102410 0.596443 0.765068
v -0.102410 0.606600 0.834023
v -0.102410 0.599564 0.802090
v -0.102410 0.585726 0.119129
v -0.102410 0.571411 0.922161
v -0.102410 0.589546 0.939171
v -0.102410 0.600502 0.961401
v -0.102410 0.532999 0.818090
v -0.102410 0.525151 0.837304
v -0.102410 0.530292 1.377936
v -0.102410 0.517513 1.389588
v -0.102410 0.615781 1.381704
v -0.102410 0.544293 1.441973
v -0.102410 0.602377 1.414775
v -0.102444 0.507070 0.039466
v -0.102410 0.581159 0.097015
v -0.102410 0.571588 0.077240
v -0.102410 0.560142 0.062114
v -0.102410 0.544399 0.050685
v -0.102410 0.526781 0.043906
v -0.102362 0.506719 0.149284
v -0.102410 0.518987 0.153240
v -0.102410 0.527855 0.159084
v -0.102410 0.533261 0.167287
v -0.052089 0.474732 0.038321
v -0.054284 0.474836 0.149284
v -0.096063 0.493639 0.149284
v -0.085601 0.483749 0.149284
v -0.072612 0.477427 0.149284
v -0.072612 0.477427 0.039466
v -0.085601 0.483749 0.039466
v -0.096063 0.493639 0.039466
v -0.043493 0.474836 0.149284
v -0.039655 0.475023 0.062379
v -0.027206 0.474993 0.080062
v -0.013024 0.474894 0.091893
v -0.037199 0.463960 0.036397
v -0.025329 0.457976 0.036175
v -0.011961 0.454275 0.036069
v -0.043493 0.474836 0.186909
v 0.000000 0.474892 0.096828
v 0.000000 0.453045 0.036024
v 0.000000 0.474836 0.149284
v 0.000000 0.474836 0.186909
v 0.000000 0.459525 0.274761
v -0.043493 0.451316 0.263590
v -0.033892 0.449673 0.273049
v -0.040681 0.450154 0.270278
v -0.033892 0.459525 0.274761
v -0.043493 0.461169 0.265302
v -0.040681 0.460007 0.271990
v 0.000000 0.766784 1.520432
v -0.009040 0.766264 1.522154
v -0.016704 0.764781 1.527055
v -0.021825 0.762562 1.534391
v -0.023623 0.759945 1.543044
v -0.021825 0.757328 1.551697
v -0.016704 0.755109 1.559033
v -0.009040 0.753627 1.563935
v -0.000000 0.753106 1.565656
v 0.009040 0.753627 1.563935
v 0.016704 0.755109 1.559033
v 0.021825 0.757328 1.551697
v 0.023623 0.759945 1.543044
v 0.021825 0.762562 1.534391
v 0.016704 0.764781 1.527055
v 0.009040 0.766264 1.522154
v 0.000000 0.753455 1.516507
v -0.009040 0.752934 1.518228
v -0.016704 0.751451 1.523130
v -0.021825 0.749233 1.530466
v -0.023623 0.746616 1.539119
v -0.021825 0.743998 1.547772
v -0.016704 0.741780 1.555108
v -0.009040 0.740297 1.560009
v -0.000000 0.739776 1.561731
v 0.009040 0.740297 1.560009
v 0.016704 0.741780 1.555108
v 0.021825 0.743998 1.547772
v 0.023623 0.746616 1.539119
v 0.021825 0.749233 1.530466
v 0.016704 0.751451 1.523130
v 0.009040 0.752934 1.518228
v 0.000000 0.764617 1.527598
v -0.013975 0.762281 1.535321
v -0.013975 0.757609 1.550767
v 0.000000 0.755273 1.558491
v 0.013975 0.757609 1.550767
v 0.013975 0.762281 1.535321
v 0.000000 0.757738 1.525517
v -0.013975 0.755402 1.533240
v -0.013975 0.750730 1.548687
v 0.000000 0.748394 1.556410
v 0.013975 0.750730 1.548687
v 0.013975 0.755402 1.533240
v 0.000000 0.753066 1.540963
v -0.000000 0.753482 1.516305
v -0.009102 0.752961 1.518038
v -0.016818 0.751474 1.522975
v -0.021973 0.749250 1.530363
v -0.023784 0.746626 1.539078
v -0.021973 0.744003 1.547794
v -0.016818 0.741778 1.555182
v -0.009102 0.740292 1.560119
v -0.000000 0.739770 1.561852
v 0.009102 0.740292 1.560119
v 0.016818 0.741778 1.555182
v 0.021973 0.744003 1.547794
v 0.023784 0.746626 1.539078
v 0.021973 0.749250 1.530363
v 0.016818 0.751474 1.522975
v 0.009102 0.752961 1.518038
v 0.000000 0.764722 1.404027
v -0.006166 0.764535 1.404648
v -0.012062 0.763983 1.406482
v -0.017432 0.763089 1.409451
v -0.022039 0.761893 1.413423
v -0.025683 0.760447 1.418226
v -0.028205 0.758815 1.423649
v -0.029494 0.757066 1.429456
v 0.029494 0.757066 1.429456
v 0.028205 0.758815 1.423649
v 0.025683 0.760447 1.418226
v 0.022039 0.761893 1.413423
v 0.017432 0.763089 1.409451
v 0.012062 0.763983 1.406482
v 0.006166 0.764535 1.404648
v -0.029494 0.725963 1.532770
v 0.029494 0.725963 1.532770
v 0.000000 0.687205 1.661513
v -0.006166 0.687392 1.660892
v -0.012062 0.687944 1.659058
v -0.017432 0.688837 1.656090
v -0.022039 0.690033 1.652117
v -0.025683 0.691479 1.647314
v -0.028205 0.693112 1.641891
v -0.029494 0.694860 1.636084
v 0.029494 0.694860 1.636084
v 0.028205 0.693112 1.641891
v 0.025683 0.691479 1.647314
v 0.022039 0.690033 1.652117
v 0.017432 0.688837 1.656090
v 0.012062 0.687944 1.659058
v 0.006166 0.687392 1.660892
v 0.029494 0.709945 1.640548
v -0.029494 0.760357 1.574059
v 0.029494 0.772149 1.433919
v 0.029494 0.741047 1.537233
v -0.029494 0.768918 1.545624
v 0.028205 0.773615 1.428027
v 0.029494 0.768918 1.545624
v -0.028205 0.707915 1.646269
v -0.021973 0.771496 1.537060
v -0.023768 0.768895 1.545700
v -0.021973 0.766248 1.554491
v -0.009102 0.775207 1.524735
v -0.016818 0.773720 1.529672
v -0.016818 0.764024 1.561879
v -0.009102 0.762538 1.566816
v -0.000000 0.762016 1.568549
v 0.009102 0.775207 1.524735
v -0.000000 0.775728 1.523002
v 0.016818 0.773720 1.529672
v 0.009102 0.762538 1.566816
v 0.021973 0.771496 1.537061
v 0.016818 0.764024 1.561879
v 0.023768 0.768895 1.545700
v 0.021973 0.766248 1.554491
v -0.029494 0.735857 1.613732
v 0.029494 0.735857 1.613732
v -0.029494 0.742321 1.592259
v 0.029494 0.742321 1.592259
v -0.029494 0.730127 1.612007
v 0.029494 0.730127 1.612007
v -0.029494 0.723662 1.633479
v 0.029494 0.723662 1.633479
v -0.029494 0.748051 1.593985
v 0.029494 0.748051 1.593985
v -0.029494 0.717932 1.631754
v 0.029494 0.717932 1.631754
v -0.029494 0.709945 1.640548
v 0.025683 0.705730 1.651527
v -0.029494 0.741047 1.537233
v -0.025683 0.705730 1.651527
v 0.022039 0.704284 1.656330
v 0.017432 0.703088 1.660302
v 0.012062 0.702194 1.663270
v -0.029494 0.714841 1.642021
v -0.028205 0.713093 1.647828
v 0.025700 0.711468 1.653226
v -0.025700 0.711468 1.653226
v 0.029494 0.714841 1.642021
v 0.028205 0.713093 1.647828
v -0.017432 0.703088 1.660302
v -0.022039 0.704284 1.656330
v -0.012062 0.702194 1.663270
v 0.006166 0.701642 1.665105
v -0.006166 0.701642 1.665105
v 0.000000 0.701455 1.665725
v -0.029494 0.754574 1.572318
v 0.029494 0.760357 1.574059
v 0.029494 0.754574 1.572318
v -0.029494 0.772149 1.433919
v -0.029494 0.778218 1.493782
v 0.029494 0.778218 1.493782
v -0.029494 0.771695 1.515448
v 0.029494 0.777478 1.517189
v 0.029494 0.771695 1.515448
v -0.029494 0.777478 1.517189
v -0.029494 0.778952 1.470585
v 0.029494 0.778952 1.470585
v -0.029494 0.772487 1.492057
v 0.029494 0.772487 1.492057
v -0.029494 0.773222 1.468860
v 0.029494 0.773222 1.468860
v -0.029494 0.779686 1.447387
v 0.029494 0.779686 1.447387
v -0.029494 0.773956 1.445662
v 0.029494 0.773956 1.445662
v -0.025700 0.780420 1.424190
v -0.028205 0.778795 1.429587
v 0.025700 0.780420 1.424190
v -0.029494 0.777047 1.435394
v 0.028205 0.778795 1.429587
v 0.029494 0.777047 1.435394
v 0.025696 0.774690 1.422465
v -0.025696 0.774690 1.422465
v 0.006166 0.778786 1.408860
v 0.000000 0.778972 1.408239
v -0.006166 0.778786 1.408860
v -0.012062 0.778233 1.410694
v -0.017432 0.777340 1.413663
v -0.022039 0.776144 1.417635
v 0.012062 0.778233 1.410694
v 0.017432 0.777340 1.413663
v 0.022039 0.776144 1.417635
v -0.028205 0.773615 1.428027
v 0.028205 0.707915 1.646269
v 0.000000 0.777478 1.517189
v 0.000000 0.778218 1.493782
v 0.000000 0.778952 1.470585
v 0.000000 0.772487 1.492057
v 0.000000 0.773956 1.445662
v 0.000000 0.771695 1.515448
v 0.000000 0.779686 1.447387
v 0.000000 0.773222 1.468860
v 0.000000 0.754574 1.572318
v 0.000000 0.723662 1.633479
v 0.000000 0.730127 1.612007
v 0.000000 0.748051 1.593985
v 0.000000 0.735857 1.613732
v 0.000000 0.742321 1.592259
v 0.000000 0.717932 1.631754
v 0.000000 0.760357 1.574059
v 0.000000 0.774690 1.422465
v 0.000000 0.780420 1.424190
v 0.000000 0.711468 1.653226
v 0.000000 0.705730 1.651527
v 0.000000 0.725963 1.532770
v 0.000000 0.757066 1.429456
v 0.000000 0.694860 1.636084
v 0.030709 0.262975 1.242635
v 0.030709 0.324394 1.242635
v 0.030709 0.044758 1.284066
v 0.030709 0.245474 1.277970
v 0.030709 0.227714 1.299812
v 0.030709 0.209360 1.316242
v 0.030709 0.190562 1.328037
v 0.030709 0.171281 1.335940
v 0.030709 0.151296 1.338839
v 0.030709 0.130607 1.336732
v 0.030709 0.109436 1.330733
v 0.030709 0.087820 1.320100
v 0.030709 0.065611 1.304055
v 0.030709 0.270529 1.377526
v 0.030709 0.324394 1.377526
v 0.030709 0.033270 1.289707
v 0.030709 0.258159 1.357931
v 0.030709 0.239003 1.350319
v 0.030709 0.218742 1.349762
v 0.030709 0.197692 1.355851
v 0.030709 0.175389 1.361814
v 0.030709 0.151628 1.365989
v 0.030709 0.122922 1.363052
v 0.030709 0.095936 1.355738
v 0.030709 0.071780 1.341038
v 0.030709 0.049363 1.319368
v 0.022787 0.036133 1.280910
v 0.022787 0.031862 1.283494
v 0.028829 0.040496 1.281894
v 0.028829 0.032143 1.286006
v 0.013374 0.262975 1.242635
v 0.013374 0.044758 1.281858
v 0.013374 0.245474 1.272719
v 0.013374 0.227714 1.294560
v 0.013374 0.209360 1.310990
v 0.013374 0.190562 1.322785
v 0.013374 0.171281 1.330688
v 0.013374 0.151296 1.333587
v 0.013374 0.130607 1.331480
v 0.013374 0.109436 1.325481
v 0.013374 0.087820 1.314849
v 0.013374 0.065611 1.298804
v 0.013374 0.036175 1.279229
v 0.013374 0.031620 1.281692
v 0.013374 0.040496 1.279686
v -0.030709 0.262975 1.242635
v -0.030709 0.324394 1.242635
v 0.000000 0.262975 1.242635
v -0.030709 0.044758 1.284066
v 0.000000 0.044758 1.279696
v -0.030709 0.245474 1.277970
v -0.030709 0.227714 1.299812
v -0.030709 0.209360 1.316242
v -0.030709 0.190562 1.328037
v -0.030709 0.171281 1.335940
v -0.030709 0.151296 1.338839
v -0.030709 0.130607 1.336732
v -0.030709 0.109436 1.330733
v -0.030709 0.087820 1.320100
v -0.030709 0.065611 1.304055
v 0.000000 0.065611 1.296641
v 0.000000 0.087820 1.312686
v 0.000000 0.109436 1.323319
v 0.000000 0.130607 1.329318
v 0.000000 0.151296 1.331424
v 0.000000 0.171281 1.328526
v 0.000000 0.190562 1.320623
v 0.000000 0.209360 1.308827
v 0.000000 0.227714 1.292398
v 0.000000 0.245474 1.270556
v -0.030709 0.270529 1.377526
v -0.030709 0.324394 1.377526
v -0.030709 0.033270 1.289707
v -0.030709 0.258159 1.357931
v -0.030709 0.239003 1.350319
v -0.030709 0.218742 1.349762
v -0.030709 0.197692 1.355851
v -0.030709 0.175389 1.361814
v -0.030709 0.151628 1.365989
v -0.030709 0.122922 1.363052
v -0.030709 0.095936 1.355738
v -0.030709 0.071780 1.341038
v -0.030709 0.049363 1.319368
v 0.000000 0.036175 1.279215
v -0.022787 0.036133 1.280910
v 0.000000 0.031620 1.281692
v -0.022787 0.031862 1.283494
v -0.028829 0.040496 1.281894
v 0.000000 0.040496 1.278529
v -0.028829 0.032143 1.286006
v -0.013374 0.262975 1.242635
v -0.013374 0.044758 1.281858
v -0.013374 0.245474 1.272719
v -0.013374 0.227714 1.294560
v -0.013374 0.209360 1.310990
v -0.013374 0.190562 1.322785
v -0.013374 0.171281 1.330688
v -0.013374 0.151296 1.333587
v -0.013374 0.130607 1.331480
v -0.013374 0.109436 1.325481
v -0.013374 0.087820 1.314849
v -0.013374 0.065611 1.298804
v -0.013374 0.036175 1.279229
v -0.013374 0.031620 1.281692
v -0.013374 0.040496 1.279686
v 0.025727 0.314201 1.769714
v 0.047538 0.314201 1.754292
v 0.062111 0.314201 1.731212
v 0.067228 0.314201 1.712389
v 0.126647 0.273959 1.757228
v 0.106392 0.262203 1.753683
v 0.142267 0.301350 1.765527
v 0.029424 0.624703 1.862666
v 0.058016 0.617185 1.860388
v 0.084051 0.605020 1.856703
v 0.118801 0.573575 1.847176
v 0.149041 0.527942 1.833350
v 0.087565 0.255427 1.751613
v 0.063944 0.249233 1.749737
v 0.154546 0.449855 1.810989
v 0.150389 0.368748 1.785989
v 0.148492 0.336561 1.776195
v 0.121640 0.085838 2.078190
v 0.106393 0.077108 2.069893
v 0.133601 0.103879 2.095339
v 0.029426 0.387588 2.313922
v 0.058017 0.382371 2.308964
v 0.084052 0.373931 2.300941
v 0.118801 0.344025 2.280948
v 0.149042 0.299732 2.250559
v 0.087566 0.069195 2.062069
v 0.063945 0.064896 2.057984
v 0.154548 0.224913 2.208109
v 0.032457 0.064896 2.057984
v 0.147987 0.155108 2.144033
v 0.143934 0.128179 2.118437
v 0.032426 -0.219249 2.627988
v 0.063401 -0.222534 2.615056
v 0.091606 -0.227851 2.594130
v 0.115809 -0.236175 2.554937
v 0.134953 -0.244777 2.521079
v 0.146178 -0.254490 2.482846
v 0.154971 -0.264891 2.441910
v 0.154971 -0.275523 2.400059
v 0.148200 -0.285923 2.359123
v 0.134953 -0.295637 2.320891
v 0.115809 -0.304239 2.287033
v 0.091606 -0.311353 2.259029
v 0.063401 -0.316670 2.238104
v 0.032426 -0.319955 2.225171
v 0.149041 0.408583 2.032467
v 0.087566 0.191415 1.905668
v 0.063944 0.186308 1.902858
v 0.149188 0.287911 1.958795
v 0.146213 0.259253 1.943016
v 0.154547 0.363069 2.002818
v 0.032456 0.186308 1.902858
v 0.133933 0.227657 1.925621
v 0.106393 0.199666 1.910210
v 0.122942 0.209984 1.915891
v 0.029425 0.491168 2.077935
v 0.058016 0.484968 2.074522
v 0.084052 0.474936 2.068998
v 0.118801 0.448417 2.054398
v 0.032443 -0.088181 2.152620
v 0.063694 -0.085437 2.159178
v 0.089429 -0.079798 2.172195
v 0.110735 -0.071945 2.190295
v 0.129085 -0.060687 2.214681
v 0.141783 -0.047924 2.242188
v 0.149024 -0.032435 2.275409
v 0.142545 0.042551 2.433594
v 0.150688 0.015110 2.373349
v 0.151208 -0.015481 2.311356
v 0.032449 -0.024119 2.125181
v 0.063809 -0.022443 2.128567
v 0.088576 -0.017061 2.137148
v 0.108747 -0.009112 2.149501
v 0.123688 -0.001181 2.161078
v 0.137934 0.016549 2.186956
v 0.146693 0.037414 2.216166
v 0.145520 0.156887 2.368634
v 0.152455 0.111924 2.312063
v 0.149733 0.059714 2.246763
v 0.087566 0.147003 1.975999
v 0.148587 0.238269 2.039788
v 0.106393 0.154637 1.981293
v 0.120253 0.163088 1.987167
v 0.149042 0.348207 2.119694
v 0.063944 0.142270 1.972712
v 0.145074 0.210308 2.020059
v 0.154547 0.307389 2.090884
v 0.032457 0.142270 1.972712
v 0.134557 0.183151 2.001089
v 0.029425 0.434948 2.184612
v 0.058017 0.429135 2.180573
v 0.084052 0.419727 2.174039
v 0.118801 0.390378 2.153881
v 0.149041 0.469323 1.939122
v 0.063944 0.222798 1.829051
v 0.147353 0.302207 1.864560
v 0.154547 0.406384 1.912984
v 0.032456 0.222798 1.829051
v 0.136861 0.269016 1.849690
v 0.029425 0.558190 1.978950
v 0.058016 0.551394 1.975915
v 0.084051 0.540397 1.971004
v 0.118801 0.511677 1.958149
v 0.087565 0.228397 1.831552
v 0.149788 0.331953 1.877988
v 0.106392 0.234301 1.834829
v 0.124582 0.247001 1.839860
v 0.032436 -0.150664 2.179160
v 0.063568 -0.147496 2.188423
v 0.090364 -0.141716 2.204772
v 0.112913 -0.133817 2.227036
v 0.131604 -0.123516 2.255506
v 0.144537 -0.111905 2.287666
v 0.151576 -0.098426 2.324201
v 0.139474 -0.039476 2.462727
v 0.148752 -0.062373 2.415542
v 0.152823 -0.084074 2.362701
v 0.086676 0.429980 2.578727
v 0.059906 0.447607 2.573016
v 0.122813 -0.144582 2.749321
v 0.062597 -0.198622 2.757432
v 0.136511 -0.104296 2.741483
v 0.090453 -0.186080 2.755541
v 0.032007 -0.206462 2.758679
v 0.139967 0.333560 2.613800
v 0.030507 0.457829 2.569704
v 0.118801 0.399043 2.588752
v 0.142380 0.013047 2.706787
v 0.146514 0.118461 2.682090
v 0.146435 0.215176 2.652571
v 0.032432 -0.216054 2.196518
v 0.063497 -0.212725 2.207312
v 0.090896 -0.206958 2.225540
v 0.114154 -0.199133 2.250147
v 0.133038 -0.189239 2.280770
v 0.146106 -0.178067 2.315349
v 0.153030 -0.165512 2.353565
v 0.137525 -0.116394 2.482819
v 0.147650 -0.135185 2.440764
v 0.153743 -0.152352 2.393284
v 0.032453 0.022331 2.094095
v 0.063877 0.023161 2.095779
v 0.088071 0.027987 2.102093
v 0.107570 0.035417 2.111548
v 0.121866 0.043141 2.120806
v 0.135074 0.060235 2.141294
v 0.145314 0.084050 2.168931
v 0.147281 0.224693 2.327468
v 0.153502 0.168251 2.259862
v 0.148860 0.108562 2.196891
v 0.139408 -0.057915 2.731486
v 0.143371 0.270208 2.634739
v 0.085364 0.388106 2.441332
v 0.058961 0.401140 2.442488
v 0.123240 -0.162137 2.632764
v 0.136453 -0.120066 2.610075
v 0.091029 -0.194438 2.662743
v 0.032216 -0.203490 2.682662
v 0.144305 0.318671 2.443068
v 0.029966 0.408859 2.443311
v 0.118801 0.361186 2.435459
v 0.141045 -0.006306 2.583559
v 0.144525 0.084185 2.558746
v 0.145977 0.186032 2.510602
v 0.062999 -0.199988 2.675036
v 0.145326 0.247451 2.481104
v 0.138546 -0.073224 2.599464
v 0.138045 -0.093312 2.540235
v 0.084708 0.371718 2.372025
v 0.058489 0.382455 2.376614
v 0.123440 -0.184405 2.581450
v 0.136388 -0.144116 2.552822
v 0.091318 -0.209379 2.621510
v 0.032321 -0.209517 2.648580
v 0.146251 0.306188 2.363690
v 0.029696 0.388923 2.379505
v 0.118801 0.346807 2.358204
v 0.140272 -0.019887 2.521287
v 0.143511 0.063873 2.495370
v 0.145749 0.171459 2.439618
v 0.063200 -0.209453 2.638236
v 0.146303 0.236072 2.404286
v 0.087566 0.103880 2.026819
v 0.148287 0.190892 2.101337
v 0.106393 0.111904 2.034063
v 0.121409 0.120666 2.041502
v 0.149042 0.317087 2.197639
v 0.063945 0.099482 2.023082
v 0.144504 0.164014 2.078341
v 0.154548 0.260734 2.158923
v 0.032457 0.099482 2.023082
v 0.132939 0.139102 2.057148
v 0.029425 0.403364 2.258262
v 0.058017 0.397901 2.253690
v 0.084052 0.389062 2.246291
v 0.118801 0.357939 2.225269
v 0.086020 0.413634 2.509631
v 0.059433 0.428964 2.507353
v 0.123026 -0.149769 2.689086
v 0.136482 -0.108846 2.674102
v 0.090741 -0.186425 2.707260
v 0.032112 -0.202434 2.719412
v 0.142361 0.330159 2.524173
v 0.030236 0.437935 2.506108
v 0.118801 0.384705 2.511706
v 0.141780 0.004705 2.644034
v 0.145575 0.104291 2.619626
v 0.146206 0.200604 2.581587
v 0.062798 -0.196891 2.715081
v 0.144348 0.258830 2.557922
v 0.138977 -0.064574 2.664199
v 0.032429 -0.263642 2.209642
v 0.063453 -0.260333 2.221415
v 0.091221 -0.254772 2.240879
v 0.114912 -0.247273 2.267041
v 0.133915 -0.237970 2.299145
v 0.147065 -0.227466 2.335398
v 0.153919 -0.215898 2.374860
v 0.136347 -0.175195 2.500342
v 0.146976 -0.189828 2.460038
v 0.154305 -0.203896 2.415555
v 0.135987 -0.172199 2.543966
v 0.146893 0.215101 2.735709
v 0.148090 0.129533 2.761034
v 0.144066 0.017604 2.790734
v 0.118801 0.384398 2.691154
v 0.031047 0.457306 2.673766
v 0.135769 0.326182 2.708282
v 0.031797 -0.223027 2.837290
v 0.089876 -0.189981 2.834160
v 0.130736 -0.107070 2.819656
v 0.062196 -0.207550 2.834779
v 0.117858 -0.144777 2.826614
v 0.060850 0.444059 2.676893
v 0.087988 0.420937 2.682334
v 0.138719 -0.057377 2.809200
v 0.141416 0.266564 2.722466
v 0.077539 -0.845403 4.456144
v 0.141790 -0.692153 4.468845
v 0.184698 -0.110380 4.516410
v 0.156943 -0.623464 4.474473
v 0.165190 0.097433 4.533490
v 0.187668 -0.248411 4.505249
v 0.077500 0.276370 4.548025
v 0.173194 -0.523966 4.482709
v 0.179572 -0.019385 4.523865
v 0.142561 0.195119 4.541399
v 0.039615 0.295052 4.549552
v 0.111999 0.243531 4.545337
v 0.039636 -0.885802 4.452762
v 0.112053 -0.780036 4.461615
v 0.182808 -0.424012 4.490832
v 0.139064 -0.055056 2.771187
v 0.146664 0.215139 2.694140
v 0.147302 0.123997 2.721562
v 0.143223 0.018025 2.749093
v 0.118801 0.393325 2.639953
v 0.030777 0.459172 2.621735
v 0.137868 0.331257 2.660895
v 0.031902 -0.214295 2.798958
v 0.090165 -0.185224 2.794945
v 0.133623 -0.104788 2.781351
v 0.062396 -0.202712 2.797136
v 0.120335 -0.143215 2.788204
v 0.060378 0.447438 2.624954
v 0.087332 0.427064 2.630531
v 0.142393 0.268386 2.678603
v 0.117880 -0.178147 2.948840
v 0.062377 -0.256238 2.960904
v 0.090139 -0.231422 2.958496
v 0.031890 -0.274920 2.963809
v 0.061130 0.431575 2.817107
v 0.031194 0.445233 2.814329
v 0.088388 0.407719 2.821940
v 0.118801 0.370282 2.829804
v 0.135911 0.309092 2.845062
v 0.144686 -0.009479 2.916235
v 0.148713 0.101209 2.891764
v 0.142032 0.245172 2.857470
v 0.147419 0.190734 2.869166
v 0.139140 -0.079754 2.930603
v 0.130740 -0.134380 2.940462
v 0.086348 0.423978 2.543173
v 0.059669 0.440457 2.539178
v 0.122919 -0.147152 2.719142
v 0.136496 -0.106487 2.707920
v 0.090597 -0.186089 2.731251
v 0.032059 -0.204341 2.738939
v 0.141164 0.334030 2.567981
v 0.030371 0.450053 2.536900
v 0.118801 0.394045 2.549223
v 0.142080 0.008383 2.675747
v 0.146045 0.111376 2.650858
v 0.146321 0.210061 2.616073
v 0.062698 -0.197605 2.736119
v 0.143860 0.266690 2.595325
v 0.139193 -0.059532 2.698078
v 0.149041 0.377707 2.075498
v 0.063944 0.166390 1.938630
v 0.145643 0.236926 1.982178
v 0.154547 0.335989 2.046885
v 0.032456 0.166390 1.938630
v 0.134245 0.207517 1.964069
v 0.029425 0.460280 2.129384
v 0.058017 0.454273 2.125659
v 0.084052 0.444553 2.119630
v 0.118801 0.418709 2.103557
v 0.087566 0.171310 1.941662
v 0.148888 0.265291 1.999890
v 0.106393 0.179249 1.946547
v 0.121597 0.188638 1.952291
v 0.149041 0.498206 1.895491
v 0.063944 0.237726 1.791046
v 0.147922 0.320367 1.824228
v 0.154547 0.426952 1.868560
v 0.032456 0.237726 1.791046
v 0.138595 0.286459 1.810572
v 0.029424 0.590214 1.932499
v 0.058016 0.583119 1.929654
v 0.084051 0.571640 1.925050
v 0.118801 0.541819 1.913067
v 0.087565 0.243571 1.793390
v 0.150088 0.350656 1.836481
v 0.106392 0.249854 1.796234
v 0.125615 0.261984 1.800818
v 0.087566 0.210859 1.869308
v 0.149488 0.310885 1.919090
v 0.106393 0.217937 1.873219
v 0.123762 0.229446 1.878574
v 0.149041 0.438445 1.985540
v 0.063944 0.205505 1.866652
v 0.146783 0.281683 1.904487
v 0.154547 0.384456 1.957719
v 0.032456 0.205505 1.866652
v 0.135397 0.249289 1.888354
v 0.029425 0.524171 2.028188
v 0.058016 0.517673 2.024964
v 0.084052 0.507158 2.019747
v 0.118801 0.479539 2.006019
v 0.150081 0.468288 1.740913
v 0.084051 0.632109 1.784959
v 0.118801 0.600424 1.776405
v 0.150081 0.350144 1.709311
v 0.105955 0.277204 1.689608
v 0.126361 0.288302 1.692601
v 0.150081 0.553794 1.763816
v 0.150081 0.383900 1.718424
v 0.029424 0.652274 1.790403
v 0.058016 0.644572 1.788324
v 0.150081 0.313094 1.699307
v 0.087565 0.268204 1.686975
v 0.030512 -0.230659 2.607852
v 0.059658 -0.233751 2.595683
v 0.086198 -0.238753 2.575993
v 0.108973 -0.245448 2.549643
v 0.126986 -0.253542 2.517783
v 0.137549 -0.262682 2.481807
v 0.145823 -0.272468 2.443288
v 0.145823 -0.282473 2.403908
v 0.139451 -0.292260 2.365388
v 0.126986 -0.301400 2.329412
v 0.108973 -0.309494 2.297553
v 0.086199 -0.316188 2.271203
v 0.059658 -0.321191 2.251513
v 0.030512 -0.324283 2.239343
v 0.032428 -0.291799 2.217406
v 0.063427 -0.288501 2.229759
v 0.091414 -0.283063 2.249954
v 0.115361 -0.275756 2.277037
v 0.134434 -0.266804 2.310018
v 0.147632 -0.256695 2.347261
v 0.154445 -0.245711 2.387460
v 0.135650 -0.209986 2.510711
v 0.146577 -0.222159 2.471442
v 0.154638 -0.234393 2.428733
v 0.135554 -0.202608 2.534377
v 0.099879 -0.306821 2.308072
v 0.079005 -0.312957 2.283920
v 0.116389 -0.299403 2.337272
v 0.127814 -0.291026 2.370246
v 0.133653 -0.282056 2.405551
v 0.133653 -0.272886 2.441645
v 0.126070 -0.263916 2.476950
v 0.116389 -0.255539 2.509923
v 0.027966 -0.320376 2.254720
v 0.027966 -0.234566 2.592476
v 0.054680 -0.237400 2.581322
v 0.054680 -0.317542 2.265873
v 0.079005 -0.241984 2.563275
v 0.099879 -0.248120 2.539124
v 0.039257 -0.695351 3.987087
v 0.039206 -0.665769 3.915129
v 0.176742 0.062960 4.007437
v 0.164540 0.163526 4.010159
v 0.142561 0.250038 4.010830
v 0.182282 -0.016827 4.005962
v 0.076216 0.325240 4.011461
v 0.179962 -0.295116 4.002837
v 0.141687 -0.533006 3.997966
v 0.076706 -0.663574 3.993160
v 0.110849 -0.610589 3.996111
v 0.184814 -0.140056 4.005332
v 0.110161 0.295132 4.011106
v 0.156925 -0.471824 3.999181
v 0.038939 0.342395 4.011652
v 0.171265 -0.386021 4.001731
v 0.181895 -0.001857 3.923973
v 0.076010 0.332909 3.925320
v 0.179505 -0.274381 3.924425
v 0.141670 -0.507326 3.922272
v 0.076573 -0.634188 3.918708
v 0.156923 -0.447372 3.922786
v 0.176288 0.076102 3.924498
v 0.164436 0.174025 3.926128
v 0.142561 0.258710 3.925651
v 0.110655 -0.583226 3.921270
v 0.184355 -0.122656 3.925018
v 0.109865 0.303252 3.925340
v 0.038830 0.349812 3.925298
v 0.170955 -0.363797 3.924435
v 0.100065 0.474354 1.742661
v 0.054765 0.575868 1.769775
v 0.077408 0.555223 1.764202
v 0.096754 0.397136 1.721997
v 0.069322 0.347455 1.708584
v 0.082558 0.355255 1.710690
v 0.041664 0.339037 1.706312
v 0.096979 0.525863 1.756309
v 0.097989 0.419130 1.727935
v 0.019172 0.589007 1.773323
v 0.037802 0.583988 1.771968
v 0.091598 0.372993 1.715479
v 0.057055 0.343231 1.707444
v 0.021147 0.339023 1.706308
v 0.100065 0.481873 1.714810
v 0.054765 0.583386 1.741925
v 0.077408 0.562741 1.736351
v 0.096754 0.404655 1.694147
v 0.069322 0.354974 1.680734
v 0.082558 0.362774 1.682840
v 0.041664 0.346556 1.678461
v 0.096979 0.533382 1.728459
v 0.097989 0.426649 1.700085
v 0.019172 0.596526 1.745472
v 0.037802 0.591507 1.744117
v 0.091598 0.380512 1.687629
v 0.057055 0.350750 1.679594
v 0.021147 0.346542 1.678457
v 0.062111 0.252606 1.731212
v 0.048976 0.248599 1.752014
v 0.029903 0.244491 1.766761
v 0.067228 0.314201 1.699607
v 0.067184 0.257533 1.704221
v 0.051190 0.314201 1.699607
v 0.025980 0.314201 1.699607
v 0.067228 0.261000 1.685244
v 0.118801 0.590373 1.802897
v 0.148914 0.544116 1.789845
v 0.084051 0.621969 1.811815
v 0.058016 0.634320 1.815300
v 0.029424 0.641953 1.817453
v 0.145864 0.308696 1.724095
v 0.128143 0.281737 1.716307
v 0.150996 0.378228 1.743716
v 0.150439 0.345060 1.734347
v 0.106392 0.269978 1.713041
v 0.087565 0.262927 1.711172
v 0.152595 0.461190 1.767084
v 0.086243 0.313879 1.699520
v 0.111847 0.313548 1.699430
v 0.050336 0.314201 1.712389
v 0.025934 0.314201 1.712389
v 0.000000 0.314201 1.775129
v -0.025727 0.314201 1.769714
v -0.047538 0.314201 1.754292
v -0.062111 0.314201 1.731212
v -0.067228 0.314201 1.712389
v -0.126647 0.273959 1.757228
v -0.106392 0.262203 1.753683
v -0.142267 0.301350 1.765527
v -0.029424 0.624703 1.862666
v -0.058016 0.617185 1.860388
v -0.084051 0.605020 1.856703
v -0.118801 0.573575 1.847176
v -0.149041 0.527942 1.833350
v -0.087565 0.255427 1.751613
v -0.063944 0.249233 1.749737
v -0.154546 0.449855 1.810989
v -0.150389 0.368748 1.785989
v -0.148492 0.336561 1.776195
v -0.121640 0.085838 2.078190
v -0.106393 0.077108 2.069893
v -0.133601 0.103879 2.095339
v -0.029426 0.387588 2.313922
v -0.058017 0.382371 2.308964
v -0.084052 0.373931 2.300941
v -0.118801 0.344025 2.280948
v -0.149042 0.299732 2.250559
v -0.087566 0.069195 2.062069
v -0.063945 0.064896 2.057984
v -0.154548 0.224913 2.208109
v -0.032457 0.064896 2.057984
v -0.147987 0.155108 2.144033
v -0.143934 0.128179 2.118437
v -0.032426 -0.219249 2.627988
v -0.063401 -0.222534 2.615056
v -0.091606 -0.227851 2.594130
v -0.115809 -0.236175 2.554937
v -0.134953 -0.244777 2.521079
v -0.146178 -0.254490 2.482846
v -0.154971 -0.264891 2.441910
v -0.154971 -0.275523 2.400059
v -0.148200 -0.285923 2.359123
v -0.134953 -0.295637 2.320891
v -0.115809 -0.304239 2.287033
v -0.091606 -0.311353 2.259029
v -0.063401 -0.316670 2.238104
v -0.032426 -0.319955 2.225171
v -0.149041 0.408583 2.032467
v -0.087566 0.191415 1.905668
v -0.063944 0.186308 1.902858
v -0.149188 0.287911 1.958795
v -0.146213 0.259253 1.943016
v -0.154547 0.363069 2.002818
v -0.032456 0.186308 1.902858
v -0.133933 0.227657 1.925621
v -0.106393 0.199666 1.910210
v -0.122942 0.209984 1.915891
v -0.029425 0.491168 2.077935
v -0.058016 0.484968 2.074522
v -0.084052 0.474936 2.068998
v -0.118801 0.448417 2.054398
v -0.032443 -0.088181 2.152620
v -0.063694 -0.085437 2.159178
v -0.089429 -0.079798 2.172195
v -0.110735 -0.071945 2.190295
v -0.129085 -0.060687 2.214681
v -0.141783 -0.047924 2.242188
v -0.149024 -0.032435 2.275409
v -0.142545 0.042551 2.433594
v -0.150688 0.015110 2.373349
v -0.151208 -0.015481 2.311356
v -0.032449 -0.024119 2.125181
v -0.063809 -0.022443 2.128567
v -0.088576 -0.017061 2.137148
v -0.108747 -0.009112 2.149501
v -0.123688 -0.001181 2.161078
v -0.137934 0.016549 2.186956
v -0.146693 0.037414 2.216166
v -0.145520 0.156887 2.368634
v -0.152455 0.111924 2.312063
v -0.149733 0.059714 2.246763
v -0.087566 0.147003 1.975999
v -0.148587 0.238269 2.039788
v -0.106393 0.154637 1.981293
v -0.120253 0.163088 1.987167
v -0.149042 0.348207 2.119694
v -0.063944 0.142270 1.972712
v -0.145074 0.210308 2.020059
v -0.154547 0.307389 2.090884
v -0.032457 0.142270 1.972712
v -0.134557 0.183151 2.001089
v -0.029425 0.434948 2.184612
v -0.058017 0.429135 2.180573
v -0.084052 0.419727 2.174039
v -0.118801 0.390378 2.153881
v -0.149041 0.469323 1.939122
v -0.063944 0.222798 1.829051
v -0.147353 0.302207 1.864560
v -0.154547 0.406384 1.912984
v -0.032456 0.222798 1.829051
v -0.136861 0.269016 1.849690
v -0.029425 0.558190 1.978950
v -0.058016 0.551394 1.975915
v -0.084051 0.540397 1.971004
v -0.118801 0.511677 1.958149
v -0.087565 0.228397 1.831552
v -0.149788 0.331953 1.877988
v -0.106392 0.234301 1.834829
v -0.124582 0.247001 1.839860
v -0.032436 -0.150664 2.179160
v -0.063568 -0.147496 2.188423
v -0.090364 -0.141716 2.204772
v -0.112913 -0.133817 2.227036
v -0.131604 -0.123516 2.255506
v -0.144537 -0.111905 2.287666
v -0.151576 -0.098426 2.324201
v -0.139474 -0.039476 2.462727
v -0.148752 -0.062373 2.415542
v -0.152823 -0.084074 2.362701
v -0.086676 0.429980 2.578727
v -0.059906 0.447607 2.573016
v -0.122813 -0.144582 2.749321
v -0.062597 -0.198622 2.757432
v -0.136511 -0.104296 2.741483
v -0.090453 -0.186080 2.755541
v -0.032007 -0.206462 2.758679
v -0.139967 0.333560 2.613800
v -0.030507 0.457829 2.569704
v -0.118801 0.399043 2.588752
v -0.142380 0.013047 2.706787
v -0.146514 0.118461 2.682090
v -0.146435 0.215176 2.652571
v -0.032432 -0.216054 2.196518
v -0.063497 -0.212725 2.207312
v -0.090896 -0.206958 2.225540
v -0.114154 -0.199133 2.250147
v -0.133038 -0.189239 2.280770
v -0.146106 -0.178067 2.315349
v -0.153030 -0.165512 2.353565
v -0.137525 -0.116394 2.482819
v -0.147650 -0.135185 2.440764
v -0.153743 -0.152352 2.393284
v -0.032453 0.022331 2.094095
v -0.063877 0.023161 2.095779
v -0.088071 0.027987 2.102093
v -0.107570 0.035417 2.111548
v -0.121866 0.043141 2.120806
v -0.135074 0.060235 2.141294
v -0.145314 0.084050 2.168931
v -0.147281 0.224693 2.327468
v -0.153502 0.168251 2.259862
v -0.148860 0.108562 2.196891
v -0.139408 -0.057915 2.731486
v -0.143371 0.270208 2.634739
v -0.085364 0.388106 2.441332
v -0.058961 0.401140 2.442488
v -0.123240 -0.162137 2.632764
v -0.136453 -0.120066 2.610075
v -0.091029 -0.194438 2.662743
v -0.032216 -0.203490 2.682662
v -0.144305 0.318671 2.443068
v -0.029966 0.408859 2.443311
v -0.118801 0.361186 2.435459
v -0.141045 -0.006306 2.583559
v -0.144525 0.084185 2.558746
v -0.145977 0.186032 2.510602
v -0.062999 -0.199988 2.675036
v -0.145326 0.247451 2.481104
v -0.138546 -0.073224 2.599464
v -0.138045 -0.093312 2.540235
v -0.084708 0.371718 2.372025
v -0.058489 0.382455 2.376614
v -0.123440 -0.184405 2.581450
v -0.136388 -0.144116 2.552822
v -0.091318 -0.209379 2.621510
v -0.032321 -0.209517 2.648580
v -0.146251 0.306188 2.363690
v -0.029696 0.388923 2.379505
v -0.118801 0.346807 2.358204
v -0.140272 -0.019887 2.521287
v -0.143511 0.063873 2.495370
v -0.145749 0.171459 2.439618
v -0.063200 -0.209453 2.638236
v -0.146303 0.236072 2.404286
v -0.087566 0.103880 2.026819
v -0.148287 0.190892 2.101337
v -0.106393 0.111904 2.034063
v -0.121409 0.120666 2.041502
v -0.149042 0.317087 2.197639
v -0.063945 0.099482 2.023082
v -0.144504 0.164014 2.078341
v -0.154548 0.260734 2.158923
v -0.032457 0.099482 2.023082
v -0.132939 0.139102 2.057148
v -0.029425 0.403364 2.258262
v -0.058017 0.397901 2.253690
v -0.084052 0.389062 2.246291
v -0.118801 0.357939 2.225269
v -0.086020 0.413634 2.509631
v -0.059433 0.428964 2.507353
v -0.123026 -0.149769 2.689086
v -0.136482 -0.108846 2.674102
v -0.090741 -0.186425 2.707260
v -0.032112 -0.202434 2.719412
v -0.142361 0.330159 2.524173
v -0.030236 0.437935 2.506108
v -0.118801 0.384705 2.511706
v -0.141780 0.004705 2.644034
v -0.145575 0.104291 2.619626
v -0.146206 0.200604 2.581587
v -0.062798 -0.196891 2.715081
v -0.144348 0.258830 2.557922
v -0.138977 -0.064574 2.664199
v -0.032429 -0.263642 2.209642
v -0.063453 -0.260333 2.221415
v -0.091221 -0.254772 2.240879
v -0.114912 -0.247273 2.267041
v -0.133915 -0.237970 2.299145
v -0.147065 -0.227466 2.335398
v -0.153919 -0.215898 2.374860
v -0.136347 -0.175195 2.500342
v -0.146976 -0.189828 2.460038
v -0.154305 -0.203896 2.415555
v -0.135987 -0.172199 2.543966
v -0.146893 0.215101 2.735709
v -0.148090 0.129533 2.761034
v -0.144066 0.017604 2.790734
v -0.118801 0.384398 2.691154
v -0.031047 0.457306 2.673766
v -0.135769 0.326182 2.708282
v -0.031797 -0.223027 2.837290
v -0.089876 -0.189981 2.834160
v -0.130736 -0.107070 2.819656
v -0.062196 -0.207550 2.834779
v -0.117858 -0.144777 2.826614
v -0.060850 0.444059 2.676893
v -0.087988 0.420937 2.682334
v -0.138719 -0.057377 2.809200
v -0.141416 0.266564 2.722466
v -0.077539 -0.845403 4.456144
v -0.141790 -0.692153 4.468845
v -0.184698 -0.110380 4.516410
v -0.156943 -0.623464 4.474473
v -0.165190 0.097433 4.533490
v -0.187668 -0.248411 4.505249
v -0.077500 0.276370 4.548025
v -0.173194 -0.523966 4.482709
v -0.179572 -0.019385 4.523865
v -0.142561 0.195119 4.541399
v -0.039615 0.295052 4.549552
v -0.111999 0.243531 4.545337
v -0.039636 -0.885802 4.452762
v -0.112053 -0.780036 4.461615
v -0.182808 -0.424012 4.490832
v -0.139064 -0.055056 2.771187
v -0.146664 0.215139 2.694140
v -0.147302 0.123997 2.721562
v -0.143223 0.018025 2.749093
v -0.118801 0.393325 2.639953
v -0.030777 0.459172 2.621735
v -0.137868 0.331257 2.660895
v -0.031902 -0.214295 2.798958
v -0.090165 -0.185224 2.794945
v -0.133623 -0.104788 2.781351
v -0.062396 -0.202712 2.797136
v -0.120335 -0.143215 2.788204
v -0.060378 0.447438 2.624954
v -0.087332 0.427064 2.630531
v -0.142393 0.268386 2.678603
v -0.117880 -0.178147 2.948840
v -0.062377 -0.256238 2.960904
v -0.090139 -0.231422 2.958496
v 0.000000 -0.281272 2.964802
v -0.031890 -0.274920 2.963809
v 0.000000 0.449853 2.813390
v -0.061130 0.431575 2.817107
v -0.031194 0.445233 2.814329
v -0.088388 0.407719 2.821940
v -0.118801 0.370282 2.829804
v -0.135911 0.309092 2.845062
v -0.144686 -0.009479 2.916235
v -0.148713 0.101209 2.891764
v -0.142032 0.245172 2.857470
v -0.147419 0.190734 2.869166
v -0.139140 -0.079754 2.930603
v -0.130740 -0.134380 2.940462
v 0.000000 0.627246 1.863436
v 0.000000 0.389353 2.315600
v 0.000000 0.064896 2.057984
v 0.000000 -0.321067 2.220796
v 0.000000 -0.218137 2.632363
v 0.000000 0.186308 1.902858
v 0.000000 0.493266 2.079090
v 0.000000 -0.089115 2.150405
v 0.000000 -0.024686 2.124034
v 0.000000 0.142270 1.972712
v 0.000000 0.436915 2.185978
v 0.000000 0.560489 1.979976
v 0.000000 0.222798 1.829051
v 0.000000 -0.151738 2.176028
v 0.000000 -0.208742 2.758875
v 0.000000 0.461286 2.568584
v 0.000000 -0.217181 2.192867
v 0.000000 0.022049 2.093525
v 0.000000 -0.204733 2.685265
v 0.000000 0.411470 2.443590
v 0.000000 -0.209597 2.652097
v 0.000000 0.391111 2.380483
v 0.000000 0.099482 2.023082
v 0.000000 0.405212 2.259809
v 0.000000 -0.204285 2.720854
v 0.000000 0.440969 2.505687
v 0.000000 -0.264762 2.205659
v 0.000000 0.461787 2.672709
v 0.000000 -0.227668 2.837781
v 0.000000 0.301371 4.550069
v 0.000000 -0.899468 4.451618
v 0.000000 0.463142 2.620646
v 0.000000 -0.217665 2.799243
v -0.086348 0.423978 2.543173
v -0.059669 0.440457 2.539178
v -0.122919 -0.147152 2.719142
v -0.136496 -0.106487 2.707920
v -0.090597 -0.186089 2.731251
v -0.032059 -0.204341 2.738939
v -0.141164 0.334030 2.567981
v 0.000000 -0.206403 2.739758
v 0.000000 0.453299 2.536130
v -0.030371 0.450053 2.536900
v -0.118801 0.394045 2.549223
v -0.142080 0.008383 2.675747
v -0.146045 0.111376 2.650858
v -0.146321 0.210061 2.616073
v -0.062698 -0.197605 2.736119
v -0.143860 0.266690 2.595325
v -0.139193 -0.059532 2.698078
v -0.149041 0.377707 2.075498
v -0.063944 0.166390 1.938630
v -0.145643 0.236926 1.982178
v -0.154547 0.335989 2.046885
v -0.032456 0.166390 1.938630
v -0.134245 0.207517 1.964069
v 0.000000 0.462312 2.130645
v -0.029425 0.460280 2.129384
v -0.058017 0.454273 2.125659
v -0.084052 0.444553 2.119630
v -0.118801 0.418709 2.103557
v -0.087566 0.171310 1.941662
v 0.000000 0.166390 1.938630
v -0.148888 0.265291 1.999890
v -0.106393 0.179249 1.946547
v -0.121597 0.188638 1.952291
v -0.149041 0.498206 1.895491
v -0.063944 0.237726 1.791046
v -0.147922 0.320367 1.824228
v -0.154547 0.426952 1.868560
v -0.032456 0.237726 1.791046
v -0.138595 0.286459 1.810572
v 0.000000 0.592614 1.933462
v -0.029424 0.590214 1.932499
v -0.058016 0.583119 1.929654
v -0.084051 0.571640 1.925050
v -0.118801 0.541819 1.913067
v -0.087565 0.243571 1.793390
v 0.000000 0.237726 1.791046
v -0.150088 0.350656 1.836481
v -0.106392 0.249854 1.796234
v -0.125615 0.261984 1.800818
v -0.087566 0.210859 1.869308
v 0.000000 0.205505 1.866652
v -0.149488 0.310885 1.919090
v -0.106393 0.217937 1.873219
v -0.123762 0.229446 1.878574
v -0.149041 0.438445 1.985540
v -0.063944 0.205505 1.866652
v -0.146783 0.281683 1.904487
v -0.154547 0.384456 1.957719
v -0.032456 0.205505 1.866652
v -0.135397 0.249289 1.888354
v 0.000000 0.526369 2.029279
v -0.029425 0.524171 2.028188
v -0.058016 0.517673 2.024964
v -0.084052 0.507158 2.019747
v -0.118801 0.479539 2.006019
v -0.150081 0.468288 1.740913
v -0.084051 0.632109 1.784959
v -0.118801 0.600424 1.776405
v -0.150081 0.350144 1.709311
v -0.105955 0.277204 1.689608
v -0.126361 0.288302 1.692601
v -0.150081 0.553794 1.763816
v -0.150081 0.383900 1.718424
v -0.029424 0.652274 1.790403
v -0.058016 0.644572 1.788324
v -0.150081 0.313094 1.699307
v 0.000000 0.654880 1.791106
v -0.087565 0.268204 1.686975
v -0.030512 -0.230659 2.607852
v 0.000000 -0.229613 2.611969
v -0.059658 -0.233751 2.595683
v -0.086198 -0.238753 2.575993
v -0.108973 -0.245448 2.549643
v -0.126986 -0.253542 2.517783
v -0.137549 -0.262682 2.481807
v -0.145823 -0.272468 2.443288
v -0.145823 -0.282473 2.403908
v -0.139451 -0.292260 2.365388
v -0.126986 -0.301400 2.329412
v -0.108973 -0.309494 2.297553
v -0.086199 -0.316188 2.271203
v -0.059658 -0.321191 2.251513
v -0.030512 -0.324283 2.239343
v 0.000000 -0.325328 2.235227
v -0.032428 -0.291799 2.217406
v 0.000000 -0.292914 2.213228
v -0.063427 -0.288501 2.229759
v -0.091414 -0.283063 2.249954
v -0.115361 -0.275756 2.277037
v -0.134434 -0.266804 2.310018
v -0.147632 -0.256695 2.347261
v -0.154445 -0.245711 2.387460
v -0.135650 -0.209986 2.510711
v -0.146577 -0.222159 2.471442
v -0.154638 -0.234393 2.428733
v -0.135554 -0.202608 2.534377
v -0.099879 -0.306821 2.308072
v -0.079005 -0.312957 2.283920
v -0.116389 -0.299403 2.337272
v -0.127814 -0.291026 2.370246
v -0.133653 -0.282056 2.405551
v -0.133653 -0.272886 2.441645
v -0.126070 -0.263916 2.476950
v -0.116389 -0.255539 2.509923
v 0.000000 -0.321335 2.250947
v -0.027966 -0.320376 2.254720
v -0.027966 -0.234566 2.592476
v 0.000000 -0.233607 2.596249
v -0.054680 -0.237400 2.581322
v -0.054680 -0.317542 2.265873
v -0.079005 -0.241984 2.563275
v -0.099879 -0.248120 2.539124
v -0.039257 -0.695351 3.987087
v 0.000000 -0.705281 3.983002
v -0.039206 -0.665769 3.915129
v 0.000000 -0.675372 3.911180
v -0.176742 0.062960 4.007437
v -0.164540 0.163526 4.010159
v -0.142561 0.250038 4.010830
v -0.182282 -0.016827 4.005962
v -0.076216 0.325240 4.011461
v -0.179962 -0.295116 4.002837
v -0.141687 -0.533006 3.997966
v -0.076706 -0.663574 3.993160
v -0.110849 -0.610589 3.996111
v -0.184814 -0.140056 4.005332
v -0.110161 0.295132 4.011106
v -0.156925 -0.471824 3.999181
v 0.000000 0.348198 4.011717
v -0.038939 0.342395 4.011652
v -0.171265 -0.386021 4.001731
v -0.181895 -0.001857 3.923973
v -0.076010 0.332909 3.925320
v -0.179505 -0.274381 3.924425
v -0.141670 -0.507326 3.922272
v -0.076573 -0.634188 3.918708
v -0.156923 -0.447372 3.922786
v -0.176288 0.076102 3.924498
v -0.164436 0.174025 3.926128
v -0.142561 0.258710 3.925651
v -0.110655 -0.583226 3.921270
v -0.184355 -0.122656 3.925018
v -0.109865 0.303252 3.925340
v 0.000000 0.355530 3.925291
v -0.038830 0.349812 3.925298
v -0.170955 -0.363797 3.924435
v 0.000000 -0.695351 3.987087
v 0.000000 -0.665769 3.915129
v -0.100065 0.474354 1.742661
v -0.054765 0.575868 1.769775
v -0.077408 0.555223 1.764202
v -0.096754 0.397136 1.721997
v -0.069322 0.347455 1.708584
v -0.082558 0.355255 1.710690
v -0.041664 0.339037 1.706312
v -0.096979 0.525863 1.756309
v -0.097989 0.419130 1.727935
v -0.019172 0.589007 1.773323
v -0.037802 0.583988 1.771968
v -0.091598 0.372993 1.715479
v 0.000000 0.590704 1.773781
v -0.057055 0.343231 1.707444
v -0.021147 0.339023 1.706308
v 0.000000 0.339023 1.706308
v -0.100065 0.481873 1.714810
v -0.054765 0.583386 1.741925
v -0.077408 0.562741 1.736351
v -0.096754 0.404655 1.694147
v -0.069322 0.354974 1.680734
v -0.082558 0.362774 1.682840
v -0.041664 0.346556 1.678461
v -0.096979 0.533382 1.728459
v -0.097989 0.426649 1.700085
v -0.019172 0.596526 1.745472
v -0.037802 0.591507 1.744117
v -0.091598 0.380512 1.687629
v 0.000000 0.598223 1.745930
v -0.057055 0.350750 1.679594
v -0.021147 0.346542 1.678457
v 0.000000 0.346542 1.678457
v 0.000000 0.481879 1.714812
v 0.000000 0.533383 1.728459
v 0.000000 0.426649 1.700085
v 0.000000 0.404655 1.694147
v 0.000000 0.380512 1.687629
v 0.000000 0.242160 1.775129
v -0.062111 0.252606 1.731212
v -0.048976 0.248599 1.752014
v -0.029903 0.244491 1.766761
v -0.067228 0.314201 1.699607
v -0.067184 0.257533 1.704221
v -0.051190 0.314201 1.699607
v -0.025980 0.314201 1.699607
v 0.000000 0.314201 1.699607
v -0.067228 0.261000 1.685244
v -0.118801 0.590373 1.802897
v -0.148914 0.544116 1.789845
v -0.084051 0.621969 1.811815
v -0.058016 0.634320 1.815300
v -0.029424 0.641953 1.817453
v 0.000000 0.644535 1.818182
v -0.145864 0.308696 1.724095
v -0.128143 0.281737 1.716307
v -0.150996 0.378228 1.743716
v -0.150439 0.345060 1.734347
v -0.106392 0.269978 1.713041
v -0.087565 0.262927 1.711172
v -0.152595 0.461190 1.767084
v -0.086243 0.313879 1.699520
v -0.111847 0.313548 1.699430
v -0.050336 0.314201 1.712389
v -0.025934 0.314201 1.712389
v 0.000000 0.314201 1.712389
v 0.010400 -0.719568 3.898709
v 0.009891 -0.725628 3.897891
v 0.008414 -0.732295 3.900047
v 0.006113 -0.738917 3.904968
v 0.003214 -0.744846 3.912169
v 0.019782 -0.721400 3.903125
v 0.018814 -0.727370 3.902090
v 0.016004 -0.733777 3.903620
v 0.011627 -0.739994 3.907563
v 0.006113 -0.745411 3.913533
v 0.027227 -0.724252 3.910001
v 0.025895 -0.730083 3.908631
v 0.022027 -0.736085 3.909184
v 0.016004 -0.741670 3.911605
v 0.008414 -0.746293 3.915658
v 0.025895 -0.738993 3.916195
v 0.018814 -0.743783 3.916699
v 0.009891 -0.747403 3.918336
v 0.027227 -0.742216 3.923967
v 0.019782 -0.746125 3.922346
v 0.010400 -0.748635 3.921305
v 0.025895 -0.745439 3.931738
v 0.018814 -0.748467 3.927992
v 0.009891 -0.749866 3.924273
v 0.027227 -0.739409 3.946547
v 0.025895 -0.744498 3.943388
v 0.022027 -0.748347 3.938750
v 0.016004 -0.750579 3.933086
v 0.008414 -0.750976 3.926951
v 0.019782 -0.742261 3.953424
v 0.018814 -0.747211 3.949929
v 0.016004 -0.750655 3.944314
v 0.011627 -0.752256 3.937128
v 0.006113 -0.751858 3.929076
v 0.010400 -0.744093 3.957840
v 0.009891 -0.748953 3.954128
v 0.008414 -0.752137 3.947887
v 0.006113 -0.753332 3.939724
v 0.003214 -0.752424 3.930441
v 0.010400 -0.694609 3.978364
v 0.019782 -0.692777 3.973947
v 0.027227 -0.689925 3.967071
v 0.032008 -0.686331 3.958404
v 0.033655 -0.682347 3.948797
v 0.032008 -0.678362 3.939191
v 0.027227 -0.674768 3.930525
v 0.019782 -0.671916 3.923648
v 0.010400 -0.670084 3.919232
v 0.006968 -0.690562 3.968607
v 0.013254 -0.689336 3.965649
v 0.018243 -0.687424 3.961041
v 0.021446 -0.685016 3.955234
v 0.022549 -0.682347 3.948797
v 0.021446 -0.679677 3.942361
v 0.018243 -0.677269 3.936554
v 0.013254 -0.675358 3.931947
v 0.006968 -0.674131 3.928988
v 0.006968 -0.672274 3.976192
v 0.013254 -0.671047 3.973234
v 0.018243 -0.669136 3.968626
v 0.021446 -0.666727 3.962819
v 0.022549 -0.664058 3.956383
v 0.021446 -0.661388 3.949946
v 0.018243 -0.658980 3.944140
v 0.013254 -0.657069 3.939532
v 0.006968 -0.655842 3.936574
v 0.019782 -0.682609 3.919213
v 0.010400 -0.680777 3.914797
v 0.019782 -0.703470 3.969512
v 0.010400 -0.705302 3.973929
v 0.027228 -0.743496 3.940972
v 0.027228 -0.737383 3.916394
v 0.027228 -0.744161 3.932737
v 0.032008 -0.689055 3.934756
v 0.033655 -0.693039 3.944363
v 0.032008 -0.697024 3.953969
v 0.027228 -0.700618 3.962636
v 0.027228 -0.731085 3.911048
v 0.027228 -0.685461 3.926090
v 0.027228 -0.693039 3.944363
v 0.027228 -0.705930 3.939016
v 0.027228 -0.708798 3.943705
v 0.027228 -0.704655 3.933716
v 0.027227 -0.705082 3.928257
v 0.027227 -0.712963 3.947258
v 0.027227 -0.710729 3.919034
v 0.027227 -0.707175 3.923198
v 0.027227 -0.718022 3.949352
v 0.027227 -0.733470 3.945636
v 0.027227 -0.728803 3.948498
v 0.027227 -0.715396 3.916172
v 0.027227 -0.720718 3.914891
v 0.027227 -0.739116 3.936412
v 0.027227 -0.723480 3.949779
v 0.027227 -0.735400 3.920964
v 0.027227 -0.731235 3.917411
v 0.027227 -0.738263 3.925631
v 0.027227 -0.739543 3.930954
v 0.027227 -0.737023 3.941471
v 0.027227 -0.726177 3.915318
v 0.027228 -0.689524 3.935887
v 0.027228 -0.696559 3.952848
v 0.019782 -0.711648 3.907169
v 0.010400 -0.709816 3.902753
v 0.027227 -0.714499 3.914046
v 0.010400 -0.734340 3.961885
v 0.019782 -0.732509 3.957469
v 0.027227 -0.729657 3.950592
v -0.010400 -0.719568 3.898709
v -0.009891 -0.725628 3.897891
v -0.008414 -0.732295 3.900047
v -0.006113 -0.738917 3.904968
v -0.003214 -0.744846 3.912169
v -0.019782 -0.721400 3.903125
v -0.018814 -0.727370 3.902090
v -0.016004 -0.733777 3.903620
v -0.011627 -0.739994 3.907563
v -0.006113 -0.745411 3.913533
v -0.027227 -0.724252 3.910001
v -0.025895 -0.730083 3.908631
v -0.022027 -0.736085 3.909184
v -0.016004 -0.741670 3.911605
v -0.008414 -0.746293 3.915658
v -0.025895 -0.738993 3.916195
v -0.018814 -0.743783 3.916699
v -0.009891 -0.747403 3.918336
v -0.027227 -0.742216 3.923967
v -0.019782 -0.746125 3.922346
v -0.010400 -0.748635 3.921305
v -0.025895 -0.745439 3.931738
v -0.018814 -0.748467 3.927992
v -0.009891 -0.749866 3.924273
v -0.027227 -0.739409 3.946547
v -0.025895 -0.744498 3.943388
v -0.022027 -0.748347 3.938750
v -0.016004 -0.750579 3.933086
v -0.008414 -0.750976 3.926951
v -0.019782 -0.742261 3.953424
v -0.018814 -0.747211 3.949929
v -0.016004 -0.750655 3.944314
v -0.011627 -0.752256 3.937128
v -0.006113 -0.751858 3.929076
v -0.010400 -0.744093 3.957840
v -0.009891 -0.748953 3.954128
v -0.008414 -0.752137 3.947887
v -0.006113 -0.753332 3.939724
v -0.003214 -0.752424 3.930441
v -0.010400 -0.694609 3.978364
v -0.019782 -0.692777 3.973947
v -0.027227 -0.689925 3.967071
v -0.032008 -0.686331 3.958404
v -0.033655 -0.682347 3.948797
v -0.032008 -0.678362 3.939191
v -0.027227 -0.674768 3.930525
v -0.019782 -0.671916 3.923648
v -0.010400 -0.670084 3.919232
v -0.006968 -0.690562 3.968607
v -0.013254 -0.689336 3.965649
v -0.018243 -0.687424 3.961041
v -0.021446 -0.685016 3.955234
v -0.022549 -0.682347 3.948797
v -0.021446 -0.679677 3.942361
v -0.018243 -0.677269 3.936554
v -0.013254 -0.675358 3.931947
v -0.006968 -0.674131 3.928988
v -0.006968 -0.672274 3.976192
v -0.013254 -0.671047 3.973234
v -0.018243 -0.669136 3.968626
v -0.021446 -0.666727 3.962819
v -0.022549 -0.664058 3.956383
v -0.021446 -0.661388 3.949946
v -0.018243 -0.658980 3.944140
v -0.013254 -0.657069 3.939532
v -0.006968 -0.655842 3.936574
v 0.000000 -0.725028 3.896444
v 0.000000 -0.738546 3.904073
v 0.000000 -0.744650 3.911698
v 0.000000 -0.744724 3.959362
v 0.000000 -0.749553 3.955576
v 0.000000 -0.752647 3.949116
v 0.000000 -0.753704 3.940619
v 0.000000 -0.752619 3.930911
v 0.000000 -0.669453 3.917710
v 0.000000 -0.749499 3.920946
v 0.000000 -0.695240 3.979885
v 0.000000 -0.718937 3.897187
v 0.000000 -0.731785 3.898817
v 0.000000 -0.673708 3.927969
v 0.000000 -0.690985 3.969627
v 0.000000 -0.655419 3.935554
v 0.000000 -0.672697 3.977212
v 0.000000 -0.680146 3.913275
v -0.019782 -0.682609 3.919213
v -0.010400 -0.680777 3.914797
v 0.000000 -0.705933 3.975450
v -0.019782 -0.703470 3.969512
v -0.010400 -0.705302 3.973929
v -0.027228 -0.743496 3.940972
v -0.027228 -0.737383 3.916394
v -0.027228 -0.744161 3.932737
v -0.032008 -0.689055 3.934756
v -0.033655 -0.693039 3.944363
v -0.032008 -0.697024 3.953969
v -0.027228 -0.700618 3.962636
v -0.027228 -0.731085 3.911048
v -0.027228 -0.685461 3.926090
v -0.027228 -0.693039 3.944363
v -0.027228 -0.705930 3.939016
v -0.027228 -0.708798 3.943705
v -0.027228 -0.704655 3.933716
v -0.027227 -0.705082 3.928257
v -0.027227 -0.712963 3.947258
v -0.027227 -0.710729 3.919034
v -0.027227 -0.707175 3.923198
v -0.027227 -0.718022 3.949352
v -0.027227 -0.733470 3.945636
v -0.027227 -0.728803 3.948498
v -0.027227 -0.715396 3.916172
v -0.027227 -0.720718 3.914891
v -0.027227 -0.739116 3.936412
v -0.027227 -0.723480 3.949779
v -0.027227 -0.735400 3.920964
v -0.027227 -0.731235 3.917411
v -0.027227 -0.738263 3.925631
v -0.027227 -0.739543 3.930954
v -0.027227 -0.737023 3.941471
v -0.027227 -0.726177 3.915318
v -0.027228 -0.689524 3.935887
v -0.027228 -0.696559 3.952848
v 0.000000 -0.709185 3.901232
v -0.019782 -0.711648 3.907169
v -0.010400 -0.709816 3.902753
v -0.027227 -0.714499 3.914046
v 0.000000 -0.734972 3.963406
v -0.010400 -0.734340 3.961885
v -0.019782 -0.732509 3.957469
v -0.027227 -0.729657 3.950592
v -0.000000 0.103377 4.740823
v -0.014020 0.100573 4.740554
v -0.025906 0.092587 4.739787
v -0.033848 0.080636 4.738639
v -0.036637 0.066539 4.737285
v -0.033848 0.052442 4.735931
v -0.025906 0.040491 4.734784
v -0.014020 0.032506 4.734016
v -0.000000 0.029701 4.733747
v 0.014020 0.032506 4.734016
v 0.025906 0.040491 4.734784
v 0.033848 0.052442 4.735931
v 0.036637 0.066539 4.737285
v 0.033848 0.080636 4.738639
v 0.025906 0.092587 4.739787
v 0.014020 0.100573 4.740554
v -0.000000 0.104963 4.724304
v -0.014020 0.102159 4.724035
v -0.025906 0.094174 4.723268
v -0.033848 0.082223 4.722120
v -0.036637 0.068125 4.720767
v -0.033848 0.054028 4.719412
v -0.025906 0.042077 4.718265
v -0.014020 0.034092 4.717498
v -0.000000 0.031288 4.717228
v 0.014020 0.034092 4.717498
v 0.025906 0.042077 4.718265
v 0.033848 0.054028 4.719412
v 0.036637 0.068125 4.720767
v 0.033848 0.082223 4.722120
v 0.025906 0.094174 4.723268
v 0.014020 0.102159 4.724035
v -0.033848 0.053235 4.727672
v -0.036637 0.067332 4.729026
v 0.033848 0.081429 4.730380
v 0.036637 0.067332 4.729026
v -0.025906 0.041284 4.726524
v 0.025906 0.093380 4.731527
v -0.014020 0.033299 4.725757
v 0.014020 0.101366 4.732294
v -0.000000 0.030495 4.725488
v -0.014020 0.101366 4.732294
v -0.000000 0.104170 4.732563
v 0.014020 0.033299 4.725757
v -0.025906 0.093380 4.731527
v 0.025906 0.041284 4.726524
v -0.033848 0.081429 4.730380
v 0.033848 0.053235 4.727672
v 0.036668 -0.564799 4.693840
v 0.033879 -0.550703 4.695201
v 0.025937 -0.538754 4.696377
v 0.014051 -0.530773 4.697187
v 0.000031 -0.527974 4.697509
v -0.013989 -0.530783 4.697293
v -0.025875 -0.538773 4.696573
v -0.033817 -0.550727 4.695457
v -0.036606 -0.564825 4.694117
v -0.033817 -0.578922 4.692755
v -0.025875 -0.590870 4.691580
v -0.013989 -0.598852 4.690770
v 0.000031 -0.601651 4.690448
v 0.014051 -0.598841 4.690663
v 0.025937 -0.590851 4.691384
v 0.033879 -0.578897 4.692499
v 0.036606 -0.563216 4.677320
v 0.033817 -0.549119 4.678682
v 0.025875 -0.537171 4.679858
v 0.013989 -0.529190 4.680668
v -0.000031 -0.526391 4.680990
v -0.014051 -0.529200 4.680774
v -0.025937 -0.537190 4.680054
v -0.033879 -0.549144 4.678938
v -0.036668 -0.563242 4.677598
v -0.033879 -0.577339 4.676236
v -0.025937 -0.589287 4.675061
v -0.014051 -0.597268 4.674251
v -0.000031 -0.600067 4.673929
v 0.013989 -0.597258 4.674144
v 0.025875 -0.589268 4.674865
v 0.033817 -0.577314 4.675980
v -0.014020 -0.529992 4.689034
v -0.000000 -0.527182 4.689250
v 0.014020 -0.598050 4.682404
v -0.000000 -0.600859 4.682188
v -0.025906 -0.537981 4.688313
v 0.025906 -0.590060 4.683124
v -0.033848 -0.549936 4.687198
v 0.033848 -0.578106 4.684239
v -0.036637 -0.564034 4.685857
v 0.033848 -0.549911 4.686942
v 0.036637 -0.564007 4.685580
v -0.033848 -0.578130 4.684496
v 0.025906 -0.537963 4.688117
v -0.025906 -0.590079 4.683321
v 0.014020 -0.529981 4.688928
v -0.014020 -0.598060 4.682510
v 0.000000 0.030616 4.717778
v -0.018531 0.035612 4.718216
v -0.032096 0.049262 4.719413
v -0.037061 0.067909 4.721047
v -0.032096 0.086555 4.722682
v -0.018531 0.100205 4.723879
v 0.000000 0.105201 4.724317
v 0.018531 0.100205 4.723879
v 0.032096 0.086555 4.722682
v 0.037061 0.067909 4.721047
v 0.032096 0.049262 4.719413
v 0.018531 0.035612 4.718216
v 0.000000 -0.600675 4.674772
v -0.018531 -0.595678 4.675210
v -0.032096 -0.582028 4.676407
v -0.037061 -0.563382 4.678041
v -0.032096 -0.544736 4.679676
v -0.018531 -0.531085 4.680873
v 0.000000 -0.526089 4.681311
v 0.018531 -0.531085 4.680873
v 0.032096 -0.544736 4.679676
v 0.037061 -0.563382 4.678041
v 0.032096 -0.582028 4.676407
v 0.018531 -0.595678 4.675210
v 0.179621 -0.019295 4.523523
v 0.165235 0.097554 4.533150
v 0.142600 0.195267 4.541061
v 0.112083 -0.780153 4.461256
v 0.039647 -0.885947 4.452400
v 0.187719 -0.248383 4.504901
v 0.112029 0.243692 4.545000
v -0.184748 -0.110315 4.516066
v -0.077521 0.276540 4.547689
v -0.156985 -0.623538 4.474117
v -0.141829 -0.692245 4.468487
v -0.077560 -0.845537 4.455783
v -0.182858 -0.424032 4.490481
v 0.000000 0.301548 4.549734
v 0.039625 0.295227 4.549217
v 0.173241 -0.524013 4.482356
v -0.039647 -0.885947 4.452400
v 0.000000 -0.899617 4.451256
v 0.184748 -0.110315 4.516066
v 0.077521 0.276540 4.547689
v -0.112029 0.243692 4.545000
v 0.182858 -0.424032 4.490481
v -0.179621 -0.019295 4.523523
v 0.141829 -0.692245 4.468487
v 0.077560 -0.845537 4.455783
v 0.156985 -0.623538 4.474117
v -0.112083 -0.780153 4.461256
v -0.039625 0.295227 4.549217
v -0.187719 -0.248383 4.504901
v -0.165235 0.097554 4.533150
v -0.142600 0.195267 4.541061
v -0.173241 -0.524013 4.482356
v 0.174817 -0.054941 4.760792
v 0.160816 0.063505 4.770161
v 0.138787 0.162552 4.777861
v 0.109086 -0.826190 4.700190
v 0.038587 -0.933429 4.691571
v 0.182699 -0.287157 4.742668
v 0.109033 0.211639 4.781695
v -0.179807 -0.147204 4.753534
v -0.075448 0.244935 4.784312
v -0.152787 -0.667436 4.712707
v -0.138036 -0.737082 4.707228
v -0.075486 -0.892467 4.694863
v -0.177968 -0.465205 4.728633
v 0.000000 0.270284 4.786302
v 0.038566 0.263877 4.785799
v 0.168608 -0.566552 4.720726
v -0.038587 -0.933429 4.691571
v 0.000000 -0.947285 4.690458
v 0.179807 -0.147204 4.753534
v 0.075448 0.244935 4.784312
v -0.109033 0.211639 4.781695
v 0.177968 -0.465205 4.728633
v -0.174817 -0.054941 4.760792
v 0.138036 -0.737082 4.707228
v 0.075486 -0.892467 4.694863
v 0.152787 -0.667436 4.712707
v -0.109086 -0.826190 4.700190
v -0.038566 0.263877 4.785799
v -0.182699 -0.287157 4.742668
v -0.160816 0.063505 4.770161
v -0.138787 0.162552 4.777861
v -0.168608 -0.566552 4.720726
v -0.000000 -0.287157 4.742668
v -0.000000 -0.465205 4.728633
v -0.000000 -0.667436 4.712707
v -0.000000 -0.737082 4.707228
v -0.000000 -0.826190 4.700190
v -0.000000 -0.892467 4.694863
v -0.000000 -0.147204 4.753534
v -0.000000 -0.054941 4.760792
v -0.000000 0.162552 4.777861
v -0.000000 0.211639 4.781695
v -0.000000 0.244935 4.784312
v 0.000000 -0.960018 4.671539
v -0.039647 -0.945822 4.672682
v 0.173241 -0.569972 4.702638
v 0.182858 -0.466147 4.710763
v 0.077560 -0.903859 4.676065
v 0.039647 -0.945822 4.672682
v -0.173241 -0.569972 4.702638
v -0.182858 -0.466147 4.710763
v 0.165235 0.075493 4.753432
v 0.179621 -0.045849 4.743805
v -0.187719 -0.283745 4.725184
v -0.179621 -0.045849 4.743805
v -0.165235 0.075493 4.753432
v 0.142600 0.176963 4.761343
v 0.112029 0.227250 4.765283
v 0.184748 -0.140368 4.736348
v -0.077521 0.261361 4.767972
v -0.039625 0.280766 4.769499
v 0.187719 -0.283745 4.725184
v -0.112029 0.227250 4.765283
v 0.000000 0.287330 4.770017
v -0.142600 0.176963 4.761343
v 0.039625 0.280766 4.769499
v 0.077521 0.261361 4.767972
v -0.156985 -0.673324 4.694399
v -0.141829 -0.744673 4.688770
v -0.077560 -0.903859 4.676065
v -0.112083 -0.835961 4.681538
v -0.184748 -0.140368 4.736348
v 0.112083 -0.835961 4.681538
v 0.141829 -0.744673 4.688770
v 0.156985 -0.673324 4.694399
v 0.018531 -0.599439 4.718112
v -0.018531 -0.599439 4.718112
v 0.000000 -0.604439 4.717714
v -0.032096 -0.585779 4.719197
v 0.037061 -0.567120 4.720680
v 0.032096 -0.585779 4.719197
v -0.037061 -0.567120 4.720680
v -0.032096 -0.548458 4.722137
v 0.032096 -0.548458 4.722137
v -0.018531 -0.534796 4.723204
v 0.018531 -0.534796 4.723204
v 0.018531 0.031282 4.767612
v -0.018531 0.031282 4.767612
v 0.000000 0.026282 4.767217
v 0.000000 -0.529796 4.723594
v -0.032096 0.044942 4.768693
v 0.032096 0.044942 4.768693
v -0.037061 0.063602 4.770168
v 0.037061 0.063602 4.770169
v 0.032096 0.082265 4.771620
v -0.032096 0.082265 4.771620
v 0.018531 0.095927 4.772682
v -0.018531 0.095927 4.772682
v 0.000000 0.100927 4.773070
v 0.000000 -0.959230 4.680557
v 0.172404 -0.570505 4.711506
v 0.077185 -0.903262 4.685062
v -0.172404 -0.570505 4.711506
v 0.164437 0.072777 4.762055
v -0.178753 -0.048155 4.752475
v 0.141911 0.173904 4.769928
v -0.077147 0.258016 4.776525
v 0.186812 -0.285246 4.733943
v -0.141911 0.173904 4.769928
v 0.039434 0.277355 4.778045
v -0.156227 -0.673507 4.703308
v -0.077185 -0.903262 4.685062
v -0.183855 -0.142354 4.745053
v 0.111542 -0.835593 4.690508
v -0.039455 -0.945083 4.681695
v 0.181974 -0.467031 4.719593
v 0.039455 -0.945083 4.681695
v -0.181974 -0.467031 4.719593
v 0.178753 -0.048155 4.752475
v -0.186812 -0.285246 4.733943
v -0.164437 0.072777 4.762055
v 0.111488 0.224020 4.773849
v 0.183855 -0.142354 4.745053
v -0.039434 0.277355 4.778045
v -0.111488 0.224020 4.773849
v 0.000000 0.283897 4.778559
v 0.077147 0.258016 4.776525
v -0.141144 -0.744614 4.697705
v -0.111542 -0.835593 4.690508
v 0.141144 -0.744614 4.697705
v 0.156227 -0.673507 4.703308
s 1
f 111 5 1
f 114 7 2
f 2 8 3
f 3 9 4
f 5 9 10
f 10 14 15
f 7 11 12
f 7 13 8
f 8 14 9
f 6 112 11
f 14 18 19
f 11 112 16
f 14 20 15
f 11 17 12
f 13 17 18
f 19 23 24
f 16 112 21
f 19 25 20
f 17 21 22
f 17 23 18
f 22 28 23
f 24 28 29
f 21 112 26
f 24 30 25
f 22 26 27
f 27 33 28
f 28 34 29
f 26 112 31
f 29 35 30
f 26 32 27
f 35 38 39
f 32 113 36
f 33 36 37
f 34 37 38
f 31 112 113
f 39 115 40
f 36 113 117
f 37 117 110
f 38 110 115
f 102 45 41
f 43 47 48
f 43 49 44
f 44 50 45
f 106 47 42
f 46 52 47
f 48 52 53
f 48 54 49
f 46 101 51
f 49 55 50
f 55 59 60
f 51 57 52
f 52 58 53
f 54 58 59
f 51 101 56
f 56 101 63
f 67 71 60
f 59 67 60
f 57 63 64
f 99 62 94
f 45 80 41
f 57 65 58
f 40 87 39
f 15 97 10
f 58 66 59
f 15 95 96
f 65 76 66
f 63 101 73
f 1 61 99
f 67 76 77
f 64 73 74
f 50 79 45
f 30 90 25
f 65 74 75
f 77 70 67
f 75 83 84
f 94 68 86
f 35 89 30
f 76 84 85
f 73 101 82
f 5 100 1
f 76 86 77
f 74 82 83
f 86 69 77
f 41 81 40
f 39 88 35
f 83 92 84
f 55 78 50
f 25 95 20
f 85 92 93
f 82 101 104
f 60 72 55
f 85 94 86
f 83 104 91
f 10 98 5
f 91 104 103
f 92 103 107
f 93 107 108
f 94 108 99
f 109 106 42
f 106 101 46
f 105 44 102
f 109 43 105
f 118 3 116
f 118 114 2
f 114 112 6
f 116 4 111
f 41 99 101
f 116 111 1
f 1 41 40
f 111 4 5
f 114 6 7
f 2 7 8
f 3 8 9
f 5 4 9
f 10 9 14
f 7 6 11
f 7 12 13
f 8 13 14
f 14 13 18
f 14 19 20
f 11 16 17
f 13 12 17
f 19 18 23
f 19 24 25
f 17 16 21
f 17 22 23
f 22 27 28
f 24 23 28
f 24 29 30
f 22 21 26
f 27 32 33
f 28 33 34
f 29 34 35
f 26 31 32
f 35 34 38
f 32 31 113
f 33 32 36
f 34 33 37
f 39 38 115
f 37 36 117
f 38 37 110
f 102 44 45
f 43 42 47
f 43 48 49
f 44 49 50
f 106 46 47
f 46 51 52
f 48 47 52
f 48 53 54
f 49 54 55
f 55 54 59
f 51 56 57
f 52 57 58
f 54 53 58
f 67 70 71
f 59 66 67
f 57 56 63
f 99 61 62
f 45 79 80
f 57 64 65
f 40 81 87
f 15 96 97
f 58 65 66
f 15 20 95
f 65 75 76
f 1 100 61
f 67 66 76
f 64 63 73
f 50 78 79
f 30 89 90
f 65 64 74
f 77 69 70
f 75 74 83
f 94 62 68
f 35 88 89
f 76 75 84
f 5 98 100
f 76 85 86
f 74 73 82
f 86 68 69
f 41 80 81
f 39 87 88
f 83 91 92
f 55 72 78
f 25 90 95
f 85 84 92
f 60 71 72
f 85 93 94
f 83 82 104
f 10 97 98
f 92 91 103
f 93 92 107
f 94 93 108
f 105 43 44
f 109 42 43
f 118 2 3
f 116 3 4
f 108 107 99
f 107 103 99
f 103 104 99
f 104 101 99
f 101 106 41
f 106 109 41
f 109 105 41
f 105 102 41
f 1 40 112
f 40 115 110
f 112 40 113
f 110 117 40
f 117 113 40
f 112 114 1
f 114 118 1
f 118 116 1
f 1 99 41
f 195 122 184
f 121 126 122
f 120 123 124
f 120 125 121
f 119 194 123
f 123 128 124
f 124 129 125
f 123 194 127
f 125 130 126
f 128 133 129
f 127 194 131
f 129 134 130
f 127 132 128
f 131 194 135
f 133 138 134
f 131 136 132
f 133 136 137
f 137 142 138
f 135 140 136
f 136 141 137
f 135 194 139
f 141 198 197
f 142 197 143
f 140 139 198
f 187 148 144
f 147 152 148
f 146 149 150
f 147 150 151
f 145 189 149
f 150 155 151
f 149 189 153
f 151 156 152
f 149 154 150
f 154 161 155
f 153 189 159
f 152 172 148
f 143 179 142
f 156 161 162
f 154 159 160
f 184 158 180
f 156 171 152
f 169 165 162
f 138 182 134
f 162 168 169
f 160 166 167
f 176 164 169
f 134 183 130
f 160 168 161
f 159 189 166
f 166 174 167
f 130 185 126
f 148 177 144
f 168 174 175
f 166 189 173
f 126 186 122
f 144 178 143
f 168 176 169
f 142 181 138
f 122 157 184
f 175 191 188
f 180 163 176
f 162 170 156
f 176 188 180
f 174 173 191
f 190 145 146
f 190 147 187
f 196 121 195
f 196 195 184
f 196 119 120
f 192 190 144
f 193 180 192
f 143 192 144
f 139 194 193
f 180 188 191
f 275 202 264
f 201 206 202
f 200 203 204
f 200 205 201
f 199 274 203
f 203 208 204
f 205 208 209
f 203 274 207
f 205 210 206
f 208 213 209
f 207 274 211
f 210 213 214
f 208 211 212
f 211 274 215
f 214 217 218
f 212 215 216
f 213 216 217
f 218 221 222
f 215 220 216
f 216 221 217
f 215 274 219
f 221 278 277
f 222 277 223
f 220 219 278
f 267 228 224
f 228 231 232
f 226 229 230
f 226 231 227
f 225 269 229
f 231 234 235
f 229 269 233
f 231 236 232
f 229 234 230
f 235 240 241
f 233 269 239
f 232 252 228
f 223 259 222
f 235 242 236
f 233 240 234
f 264 238 260
f 236 251 232
f 249 245 242
f 218 262 214
f 241 249 242
f 240 246 247
f 256 244 249
f 214 263 210
f 240 248 241
f 239 269 246
f 246 254 247
f 210 265 206
f 228 257 224
f 248 254 255
f 246 269 253
f 206 266 202
f 224 258 223
f 248 256 249
f 222 261 218
f 202 237 264
f 255 271 268
f 260 243 256
f 242 250 236
f 256 268 260
f 254 253 271
f 270 225 226
f 270 227 267
f 276 201 275
f 276 275 264
f 276 199 200
f 272 270 224
f 272 264 260
f 224 273 272
f 219 274 273
f 260 268 271
f 355 282 344
f 281 286 282
f 280 283 284
f 281 284 285
f 279 354 283
f 283 288 284
f 284 289 285
f 283 354 287
f 285 290 286
f 289 292 293
f 287 354 291
f 290 293 294
f 288 291 292
f 291 354 295
f 293 298 294
f 292 295 296
f 293 296 297
f 298 301 302
f 295 300 296
f 296 301 297
f 295 354 299
f 301 358 357
f 302 357 303
f 300 299 358
f 347 308 304
f 307 312 308
f 306 309 310
f 307 310 311
f 305 349 309
f 310 315 311
f 309 349 313
f 311 316 312
f 310 313 314
f 314 321 315
f 313 349 319
f 312 332 308
f 303 339 302
f 315 322 316
f 314 319 320
f 344 318 340
f 316 331 312
f 329 325 322
f 298 342 294
f 321 329 322
f 320 326 327
f 336 324 329
f 294 343 290
f 321 327 328
f 319 349 326
f 326 334 327
f 290 345 286
f 308 337 304
f 327 335 328
f 326 349 333
f 286 346 282
f 304 338 303
f 329 335 336
f 302 341 298
f 282 317 344
f 335 351 348
f 340 323 336
f 322 330 316
f 336 348 340
f 334 333 351
f 350 305 306
f 350 307 347
f 356 281 355
f 356 355 344
f 356 279 280
f 352 350 304
f 353 340 352
f 303 352 304
f 299 354 353
f 340 348 351
f 435 362 424
f 361 366 362
f 360 363 364
f 361 364 365
f 359 434 363
f 363 368 364
f 364 369 365
f 363 434 367
f 365 370 366
f 368 373 369
f 367 434 371
f 369 374 370
f 368 371 372
f 371 434 375
f 373 378 374
f 371 376 372
f 372 377 373
f 377 382 378
f 375 380 376
f 377 380 381
f 375 434 379
f 381 438 437
f 382 437 383
f 380 379 438
f 427 388 384
f 388 391 392
f 386 389 390
f 387 390 391
f 385 429 389
f 390 395 391
f 389 429 393
f 392 395 396
f 390 393 394
f 394 401 395
f 393 429 399
f 392 412 388
f 383 419 382
f 395 402 396
f 394 399 400
f 424 398 420
f 396 411 392
f 409 405 402
f 378 422 374
f 402 408 409
f 399 407 400
f 416 404 409
f 374 423 370
f 400 408 401
f 399 429 406
f 406 414 407
f 370 425 366
f 388 417 384
f 408 414 415
f 406 429 413
f 366 426 362
f 384 418 383
f 408 416 409
f 382 421 378
f 362 397 424
f 415 431 428
f 420 403 416
f 402 410 396
f 416 428 420
f 414 413 431
f 430 385 386
f 430 387 427
f 436 361 435
f 436 435 424
f 436 359 360
f 432 430 384
f 433 420 432
f 383 432 384
f 379 434 433
f 420 428 431
f 195 121 122
f 121 125 126
f 120 119 123
f 120 124 125
f 123 127 128
f 124 128 129
f 125 129 130
f 128 132 133
f 129 133 134
f 127 131 132
f 133 137 138
f 131 135 136
f 133 132 136
f 137 141 142
f 135 139 140
f 136 140 141
f 141 140 198
f 142 141 197
f 187 147 148
f 147 151 152
f 146 145 149
f 147 146 150
f 150 154 155
f 151 155 156
f 149 153 154
f 154 160 161
f 152 171 172
f 143 178 179
f 156 155 161
f 154 153 159
f 184 157 158
f 156 170 171
f 169 164 165
f 138 181 182
f 162 161 168
f 160 159 166
f 176 163 164
f 134 182 183
f 160 167 168
f 166 173 174
f 130 183 185
f 148 172 177
f 168 167 174
f 126 185 186
f 144 177 178
f 168 175 176
f 142 179 181
f 122 186 157
f 175 174 191
f 180 158 163
f 162 165 170
f 176 175 188
f 190 146 147
f 196 120 121
f 184 193 196
f 193 194 119
f 196 193 119
f 192 189 145
f 145 190 192
f 190 187 144
f 193 184 180
f 143 193 192
f 193 143 198
f 143 197 198
f 198 139 193
f 191 173 192
f 173 189 192
f 192 180 191
f 275 201 202
f 201 205 206
f 200 199 203
f 200 204 205
f 203 207 208
f 205 204 208
f 205 209 210
f 208 212 213
f 210 209 213
f 208 207 211
f 214 213 217
f 212 211 215
f 213 212 216
f 218 217 221
f 215 219 220
f 216 220 221
f 221 220 278
f 222 221 277
f 267 227 228
f 228 227 231
f 226 225 229
f 226 230 231
f 231 230 234
f 231 235 236
f 229 233 234
f 235 234 240
f 232 251 252
f 223 258 259
f 235 241 242
f 233 239 240
f 264 237 238
f 236 250 251
f 249 244 245
f 218 261 262
f 241 248 249
f 240 239 246
f 256 243 244
f 214 262 263
f 240 247 248
f 246 253 254
f 210 263 265
f 228 252 257
f 248 247 254
f 206 265 266
f 224 257 258
f 248 255 256
f 222 259 261
f 202 266 237
f 255 254 271
f 260 238 243
f 242 245 250
f 256 255 268
f 270 226 227
f 276 200 201
f 264 273 276
f 273 274 199
f 276 273 199
f 272 269 225
f 225 270 272
f 270 267 224
f 272 273 264
f 224 223 273
f 273 223 278
f 223 277 278
f 278 219 273
f 271 253 272
f 253 269 272
f 272 260 271
f 355 281 282
f 281 285 286
f 280 279 283
f 281 280 284
f 283 287 288
f 284 288 289
f 285 289 290
f 289 288 292
f 290 289 293
f 288 287 291
f 293 297 298
f 292 291 295
f 293 292 296
f 298 297 301
f 295 299 300
f 296 300 301
f 301 300 358
f 302 301 357
f 347 307 308
f 307 311 312
f 306 305 309
f 307 306 310
f 310 314 315
f 311 315 316
f 310 309 313
f 314 320 321
f 312 331 332
f 303 338 339
f 315 321 322
f 314 313 319
f 344 317 318
f 316 330 331
f 329 324 325
f 298 341 342
f 321 328 329
f 320 319 326
f 336 323 324
f 294 342 343
f 321 320 327
f 326 333 334
f 290 343 345
f 308 332 337
f 327 334 335
f 286 345 346
f 304 337 338
f 329 328 335
f 302 339 341
f 282 346 317
f 335 334 351
f 340 318 323
f 322 325 330
f 336 335 348
f 350 306 307
f 356 280 281
f 344 353 356
f 353 354 279
f 356 353 279
f 352 349 305
f 305 350 352
f 350 347 304
f 353 344 340
f 303 353 352
f 353 303 358
f 303 357 358
f 358 299 353
f 351 333 352
f 333 349 352
f 352 340 351
f 435 361 362
f 361 365 366
f 360 359 363
f 361 360 364
f 363 367 368
f 364 368 369
f 365 369 370
f 368 372 373
f 369 373 374
f 368 367 371
f 373 377 378
f 371 375 376
f 372 376 377
f 377 381 382
f 375 379 380
f 377 376 380
f 381 380 438
f 382 381 437
f 427 387 388
f 388 387 391
f 386 385 389
f 387 386 390
f 390 394 395
f 392 391 395
f 390 389 393
f 394 400 401
f 392 411 412
f 383 418 419
f 395 401 402
f 394 393 399
f 424 397 398
f 396 410 411
f 409 404 405
f 378 421 422
f 402 401 408
f 399 406 407
f 416 403 404
f 374 422 423
f 400 407 408
f 406 413 414
f 370 423 425
f 388 412 417
f 408 407 414
f 366 425 426
f 384 417 418
f 408 415 416
f 382 419 421
f 362 426 397
f 415 414 431
f 420 398 403
f 402 405 410
f 416 415 428
f 430 386 387
f 436 360 361
f 424 433 436
f 433 434 359
f 436 433 359
f 432 429 385
f 385 430 432
f 430 427 384
f 433 424 420
f 383 433 432
f 433 383 438
f 383 437 438
f 438 379 433
f 431 413 432
f 413 429 432
f 432 420 431
f 453 469 470
f 456 552 510
f 454 470 471
f 592 540 591
f 454 472 455
f 591 539 579
f 580 530 586
f 579 538 581
f 582 529 580
f 581 537 583
f 584 528 582
f 583 536 588
f 589 527 584
f 586 542 585
f 588 535 587
f 452 468 469
f 508 513 496
f 500 502 508
f 472 512 455
f 490 511 472
f 457 476 458
f 499 501 508
f 486 485 507
f 474 515 507
f 465 484 466
f 458 477 459
f 466 485 467
f 459 478 460
f 467 486 468
f 460 479 461
f 468 487 469
f 462 479 480
f 469 488 470
f 462 481 463
f 470 489 471
f 463 482 464
f 456 475 457
f 471 490 472
f 464 483 465
f 507 518 490
f 478 477 507
f 442 506 441
f 449 505 448
f 441 503 440
f 448 502 447
f 455 501 454
f 440 496 439
f 447 500 446
f 454 499 453
f 446 498 445
f 453 497 452
f 445 495 444
f 452 494 451
f 444 492 443
f 451 473 450
f 443 493 442
f 450 491 449
f 516 511 518
f 513 515 517
f 456 517 474
f 513 510 509
f 496 509 439
f 515 516 518
f 590 526 589
f 455 516 504
f 504 514 508
f 519 575 531
f 519 532 520
f 520 533 521
f 521 534 522
f 522 535 523
f 523 536 524
f 524 537 525
f 526 537 538
f 526 539 527
f 528 539 540
f 529 540 541
f 530 541 542
f 439 547 440
f 585 541 592
f 593 520 594
f 594 521 595
f 531 570 568
f 595 522 597
f 606 577 571
f 598 531 596
f 597 523 599
f 603 544 604
f 600 532 598
f 599 524 601
f 602 533 600
f 601 525 590
f 587 534 602
f 545 556 555
f 548 545 547
f 549 558 550
f 553 548 547
f 559 564 563
f 562 565 566
f 564 567 563
f 557 562 558
f 555 560 559
f 571 578 572
f 573 572 574
f 568 569 567
f 570 576 569
f 565 574 566
f 551 550 552
f 606 607 605
f 552 553 551
f 547 555 440
f 439 551 553
f 456 548 554
f 552 558 510
f 461 602 460
f 445 590 446
f 460 600 459
f 444 601 445
f 459 598 458
f 443 599 444
f 458 596 457
f 442 597 443
f 441 595 442
f 440 594 441
f 468 592 467
f 446 589 447
f 462 587 461
f 451 585 468
f 447 584 448
f 463 588 462
f 448 582 449
f 464 583 463
f 449 580 450
f 465 581 464
f 450 586 451
f 466 579 465
f 467 591 466
f 510 604 509
f 604 557 509
f 561 604 565
f 603 562 566
f 603 574 543
f 596 564 560
f 596 556 548
f 593 559 563
f 593 567 519
f 519 569 576
f 593 555 559
f 551 557 549
f 604 573 565
f 543 574 572
f 603 558 562
f 605 543 572
f 573 544 571
f 577 605 578
f 610 608 607
f 605 608 543
f 544 610 606
f 543 609 544
f 544 606 571
f 578 605 572
f 453 452 469
f 456 554 552
f 454 453 470
f 592 541 540
f 454 471 472
f 591 540 539
f 580 529 530
f 579 539 538
f 582 528 529
f 581 538 537
f 584 527 528
f 583 537 536
f 589 526 527
f 586 530 542
f 588 536 535
f 452 451 468
f 508 514 513
f 508 496 503
f 503 506 508
f 506 493 508
f 493 492 508
f 492 495 508
f 495 498 508
f 498 500 508
f 472 511 512
f 490 518 511
f 457 475 476
f 504 508 501
f 508 502 505
f 491 508 505
f 491 473 508
f 473 494 508
f 494 497 508
f 497 499 508
f 484 483 507
f 483 482 507
f 507 490 489
f 484 507 485
f 489 488 507
f 488 487 507
f 487 486 507
f 474 517 515
f 465 483 484
f 458 476 477
f 466 484 485
f 459 477 478
f 467 485 486
f 460 478 479
f 468 486 487
f 462 461 479
f 469 487 488
f 462 480 481
f 470 488 489
f 463 481 482
f 456 474 475
f 471 489 490
f 464 482 483
f 507 515 518
f 476 475 507
f 475 474 507
f 507 482 481
f 476 507 477
f 481 480 507
f 480 479 507
f 479 478 507
f 442 493 506
f 449 491 505
f 441 506 503
f 448 505 502
f 455 504 501
f 440 503 496
f 447 502 500
f 454 501 499
f 446 500 498
f 453 499 497
f 445 498 495
f 452 497 494
f 444 495 492
f 451 494 473
f 443 492 493
f 450 473 491
f 516 512 511
f 513 514 515
f 456 510 517
f 513 517 510
f 496 513 509
f 515 514 516
f 590 525 526
f 455 512 516
f 504 516 514
f 519 576 575
f 519 531 532
f 520 532 533
f 521 533 534
f 522 534 535
f 523 535 536
f 524 536 537
f 526 525 537
f 526 538 539
f 528 527 539
f 529 528 540
f 530 529 541
f 439 553 547
f 585 542 541
f 593 519 520
f 594 520 521
f 564 596 568
f 596 531 568
f 531 575 570
f 595 521 522
f 598 532 531
f 597 522 523
f 603 543 544
f 600 533 532
f 599 523 524
f 602 534 533
f 601 524 525
f 587 535 534
f 545 546 556
f 548 546 545
f 549 557 558
f 553 554 548
f 559 560 564
f 562 561 565
f 564 568 567
f 557 561 562
f 555 556 560
f 571 577 578
f 573 571 572
f 568 570 569
f 570 575 576
f 565 573 574
f 551 549 550
f 606 610 607
f 552 554 553
f 547 545 555
f 439 509 551
f 456 457 548
f 552 550 558
f 461 587 602
f 445 601 590
f 460 602 600
f 444 599 601
f 459 600 598
f 443 597 599
f 458 598 596
f 442 595 597
f 441 594 595
f 440 593 594
f 468 585 592
f 446 590 589
f 462 588 587
f 451 586 585
f 447 589 584
f 463 583 588
f 448 584 582
f 464 581 583
f 449 582 580
f 465 579 581
f 450 580 586
f 466 591 579
f 467 592 591
f 510 603 604
f 604 561 557
f 603 566 574
f 548 457 596
f 596 560 556
f 556 546 548
f 593 563 567
f 519 567 569
f 593 440 555
f 551 509 557
f 604 544 573
f 603 510 558
f 577 606 605
f 610 609 608
f 605 607 608
f 544 609 610
f 543 608 609
f 611 612 613
f 618 623 625
f 617 626 624
f 621 611 613
f 622 614 611
f 620 612 614
f 624 631 642
f 626 627 631
f 625 638 627
f 630 619 620
f 630 636 635
f 629 637 636
f 627 637 628
f 634 620 622
f 633 630 634
f 632 629 633
f 632 627 628
f 639 622 621
f 640 634 639
f 641 633 640
f 642 632 641
f 644 649 650
f 646 643 644
f 618 646 616
f 652 615 617
f 651 647 652
f 650 648 651
f 648 649 625
f 611 614 612
f 618 616 623
f 617 615 626
f 621 622 611
f 622 620 614
f 620 619 612
f 624 626 631
f 626 625 627
f 625 623 638
f 630 635 619
f 630 629 636
f 629 628 637
f 627 638 637
f 634 630 620
f 633 629 630
f 632 628 629
f 632 631 627
f 639 634 622
f 640 633 634
f 641 632 633
f 642 631 632
f 644 643 649
f 646 645 643
f 618 645 646
f 652 647 615
f 651 648 647
f 650 649 648
f 625 626 647
f 626 615 647
f 645 618 643
f 618 625 643
f 625 647 648
f 649 643 625
f 665 669 673
f 691 1056 690
f 684 686 1123
f 976 989 997
f 694 688 1532
f 948 706 944
f 1687 809 804
f 1693 1481 1478
f 1690 730 1694
f 1691 731 1696
f 1694 734 1691
f 1692 733 1690
f 1469 738 732
f 734 737 731
f 730 740 734
f 729 739 733
f 732 735 729
f 733 736 730
f 740 743 737
f 736 746 740
f 735 745 739
f 738 741 735
f 739 742 736
f 1468 744 738
f 746 749 743
f 742 752 746
f 741 751 745
f 744 747 741
f 745 748 742
f 1472 750 744
f 1704 755 1705
f 1706 759 1704
f 1707 758 1708
f 1709 753 1707
f 1708 754 1706
f 750 1470 1495
f 759 762 755
f 754 766 759
f 753 765 758
f 757 760 753
f 758 761 754
f 756 764 757
f 840 763 756
f 761 773 766
f 760 772 765
f 764 767 760
f 765 768 761
f 763 771 764
f 763 792 794
f 766 769 762
f 720 1066 1067
f 721 1068 1069
f 717 1069 1070
f 716 1067 1068
f 718 1070 1071
f 715 1072 1066
f 1129 782 781
f 1130 784 782
f 1345 795 881
f 1072 775 1088
f 1128 783 784
f 790 727 791
f 786 724 787
f 788 726 789
f 785 728 786
f 873 725 788
f 789 722 790
f 791 723 785
f 794 887 888
f 793 1071 1084
f 792 886 887
f 1693 732 1695
f 812 1683 1687
f 1686 1480 1482
f 814 1686 1688
f 813 1684 1689
f 816 1687 1684
f 815 1685 1683
f 820 1473 814
f 819 816 813
f 822 812 816
f 821 811 815
f 817 814 811
f 818 815 812
f 825 822 819
f 828 818 822
f 827 817 821
f 823 820 817
f 824 821 818
f 826 1490 820
f 831 828 825
f 834 824 828
f 833 823 827
f 829 826 823
f 830 827 824
f 832 1493 826
f 837 1697 1698
f 842 1699 1697
f 841 1700 1701
f 835 1702 1700
f 836 1701 1699
f 839 1703 1702
f 845 842 837
f 850 836 842
f 849 835 841
f 843 839 835
f 844 841 836
f 847 838 839
f 846 840 838
f 857 844 850
f 856 843 849
f 851 847 843
f 852 849 844
f 855 846 847
f 846 878 848
f 853 850 845
f 1075 801 1076
f 1077 802 1078
f 1078 798 1079
f 1076 797 1077
f 1079 799 1080
f 1081 796 1075
f 1133 867 1134
f 1134 869 1132
f 1345 881 883
f 1095 1572 1545
f 1132 868 1135
f 809 876 877
f 805 871 872
f 807 874 875
f 810 870 871
f 806 873 874
f 803 875 876
f 804 877 870
f 885 880 884
f 799 1083 1080
f 886 878 885
f 888 1112 1108
f 887 1113 1112
f 1113 885 1117
f 1117 884 1107
f 880 854 884
f 794 888 770
f 789 895 788
f 871 902 903
f 790 896 789
f 872 903 904
f 787 889 894
f 791 897 790
f 874 905 906
f 781 890 889
f 875 906 907
f 782 891 890
f 876 907 908
f 872 899 866
f 877 908 909
f 866 900 867
f 867 901 869
f 785 898 791
f 868 869 901
f 786 892 785
f 787 893 786
f 788 905 873
f 870 909 902
f 895 920 919
f 905 932 906
f 896 921 920
f 894 910 918
f 906 933 907
f 897 922 921
f 889 911 910
f 907 934 908
f 904 923 899
f 890 914 911
f 908 935 909
f 899 924 900
f 900 926 901
f 898 916 922
f 892 917 916
f 909 928 902
f 893 918 917
f 902 929 903
f 905 919 931
f 903 930 904
f 932 935 933
f 916 917 931
f 1506 1103 1114
f 936 711 939
f 939 710 940
f 705 707 952
f 941 708 942
f 950 699 951
f 940 707 943
f 947 700 950
f 938 713 937
f 945 704 946
f 963 1111 1119
f 937 714 936
f 951 701 949
f 943 705 945
f 1705 957 953
f 946 703 947
f 942 712 938
f 949 702 948
f 944 709 941
f 1072 944 941
f 713 712 952
f 699 700 952
f 712 708 952
f 700 703 952
f 701 699 952
f 706 702 952
f 710 711 952
f 711 714 952
f 704 705 952
f 703 704 952
f 709 706 952
f 702 701 952
f 708 709 952
f 707 710 952
f 714 713 952
f 980 978 837
f 986 985 866
f 1002 1004 1129
f 962 1040 961
f 977 1020 981
f 1006 1323 1016
f 960 1038 963
f 982 1017 984
f 971 1018 983
f 1009 1322 1015
f 1014 1312 1005
f 1013 1318 1011
f 959 1041 960
f 985 1306 999
f 984 1032 969
f 956 1044 957
f 987 1307 1000
f 999 1300 993
f 1003 1320 1013
f 983 1022 979
f 955 1042 959
f 1007 1316 1009
f 1010 1315 1008
f 1000 1297 990
f 1012 1321 1014
f 1011 1317 1010
f 994 1302 995
f 991 1299 992
f 989 1304 997
f 961 1043 958
f 1016 1310 1003
f 1015 1308 1001
f 981 1019 982
f 980 1023 978
f 1008 1314 1007
f 995 1305 998
f 1002 1311 1004
f 992 1301 994
f 1001 1309 1002
f 969 1031 970
f 988 1293 986
f 971 1031 1030
f 966 1034 967
f 957 1048 953
f 965 1035 966
f 968 1047 954
f 963 1037 964
f 953 1036 965
f 967 1033 968
f 964 1039 962
f 958 1045 956
f 1004 1319 1012
f 979 1021 980
f 976 1024 977
f 978 1026 975
f 973 1025 976
f 975 1027 974
f 974 1029 972
f 996 1295 988
f 972 1028 973
f 990 1296 989
f 986 1292 985
f 954 1046 955
f 993 1298 991
f 998 1294 987
f 997 1303 996
f 1005 1313 1006
f 694 1054 688
f 684 1052 686
f 690 1055 689
f 692 1051 685
f 689 1059 693
f 697 1064 698
f 685 1050 684
f 686 1049 683
f 688 1057 691
f 687 1060 694
f 693 1058 692
f 696 1053 687
f 683 1063 697
f 695 1062 696
f 698 1061 695
f 1051 1058 1065
f 1053 1062 1065
f 1050 1051 1065
f 1056 1057 1065
f 1057 1054 1065
f 1059 1055 1065
f 1058 1059 1065
f 1060 1053 1065
f 1063 1049 1065
f 1062 1061 1065
f 1061 1064 1065
f 1054 1060 1065
f 1055 1056 1065
f 1052 1050 1065
f 1064 1063 1065
f 1049 1052 1065
f 883 1083 879
f 881 1082 883
f 1073 881 795
f 1084 795 793
f 1119 943 945
f 1114 1512 1506
f 1080 1570 1569
f 1077 1536 1076
f 1568 1080 1569
f 1567 1079 1568
f 1561 1078 1567
f 1571 1073 1084
f 1084 1566 1571
f 1066 1558 1556
f 1071 1565 1566
f 1068 1563 1557
f 1070 1564 1565
f 1069 1557 1564
f 1093 865 861
f 1092 863 858
f 860 1097 864
f 862 1094 860
f 1097 861 864
f 1098 858 865
f 1095 862 859
f 780 1087 777
f 863 1086 774
f 776 1090 927
f 778 927 1089
f 777 1090 779
f 774 1091 780
f 778 1088 775
f 1099 773 768
f 1100 772 767
f 1101 767 771
f 1110 768 772
f 1102 771 770
f 1109 769 773
f 888 1102 770
f 857 1103 852
f 856 1104 851
f 851 1105 855
f 852 1115 856
f 855 1106 854
f 853 1114 857
f 1106 884 854
f 1562 1107 1570
f 1560 1117 1562
f 1112 1560 1559
f 1108 1559 1571
f 1122 1137 915
f 1124 915 1136
f 913 1124 1136
f 925 1118 927
f 1089 1119 1088
f 1082 1570 1083
f 1553 1081 1555
f 1116 1514 1510
f 1134 1122 1124
f 1133 1124 1123
f 784 783 891
f 1118 1130 1120
f 927 1090 925
f 1095 1136 1096
f 1136 1094 1096
f 915 1097 1094
f 1097 1137 1139
f 1090 1087 1138
f 1093 1097 1139
f 925 1090 1138
f 1120 1129 1119
f 914 1141 912
f 926 1141 1142
f 1131 1143 914
f 926 1135 868
f 1128 1143 1131
f 1132 1142 1147
f 1145 1147 1142
f 1158 1160 1156
f 1188 1159 1155
f 1157 1156 1160
f 1155 1161 1158
f 1157 1163 1162
f 1160 1163 1157
f 1166 1164 1167
f 1153 1169 1149
f 1148 1541 1153
f 1550 1148 1573
f 1552 1152 1405
f 1398 1191 1182
f 1153 1541 1169
f 1152 1550 1573
f 1178 1150 1154
f 1162 1171 1166
f 1166 1170 1165
f 1175 1191 1151
f 1198 1202 1199
f 1173 1529 1177
f 1402 1170 1212
f 1174 1151 1150
f 1194 1190 1187
f 1193 1188 1186
f 1189 1194 1187
f 1195 1186 1190
f 1189 1196 1197
f 1194 1189 1197
f 1405 1152 1371
f 1140 1143 1144
f 1165 1401 1164
f 1205 1185 1181
f 1209 1180 1185
f 1203 1183 1179
f 1202 1196 1199
f 1210 1182 1191
f 1204 1184 1180
f 1183 1213 1400
f 1206 1181 1182
f 1400 1201 1198
f 1208 1179 1184
f 1092 1192 1085
f 1098 1159 1092
f 1093 1161 1098
f 1192 1086 1085
f 1193 1091 1086
f 1195 1087 1091
f 1194 1138 1087
f 1197 925 1138
f 1139 1160 1093
f 1137 1163 1139
f 1125 1162 1137
f 1121 1196 1200
f 1146 1202 1144
f 1147 1145 1171
f 1122 1168 1125
f 1118 1200 1202
f 1132 1147 1171
f 1122 1132 1171
f 1128 1118 1202
f 1146 1128 1202
f 1201 1144 1202
f 1170 1171 1145
f 1211 1144 1213
f 1212 1170 1145
f 1141 1143 1140
f 1325 1216 1214
f 1140 1144 1211
f 1176 1217 1172
f 1210 1227 1206
f 1177 1218 1173
f 1209 1225 1204
f 1174 1220 1175
f 1208 1224 1203
f 1178 1219 1174
f 1203 1228 1207
f 1175 1231 1210
f 1204 1229 1208
f 1173 1223 1178
f 1206 1226 1205
f 1172 1222 1177
f 1205 1230 1209
f 1260 1243 1244
f 1259 1262 1232
f 1267 1252 1268
f 1254 1271 1262
f 1276 1247 1267
f 1255 1232 1243
f 1268 1248 1238
f 1257 1280 1279
f 1285 1250 1286
f 1256 1244 1280
f 1237 1249 1285
f 1261 1279 1291
f 1286 1261 1291
f 1218 1235 1223
f 1290 1277 1289
f 1280 1245 1281
f 1289 1227 1231
f 1281 1246 1282
f 1287 1291 1290
f 1282 1230 1226
f 1288 1290 1289
f 1236 1285 1284
f 1220 1289 1231
f 1235 1284 1283
f 1239 1237 1236
f 1223 1283 1219
f 1240 1236 1235
f 1291 1278 1290
f 1256 1257 1255
f 1247 1251 1261
f 1238 1253 1237
f 1219 1288 1220
f 1283 1287 1288
f 1284 1286 1287
f 1277 1226 1227
f 1278 1282 1277
f 1279 1281 1278
f 1222 1240 1218
f 1270 1239 1240
f 1269 1238 1239
f 1241 1229 1225
f 1242 1234 1241
f 1243 1233 1242
f 1221 1265 1217
f 1274 1266 1265
f 1275 1267 1266
f 1264 1228 1224
f 1263 1273 1264
f 1262 1272 1263
f 1217 1270 1222
f 1265 1269 1270
f 1266 1268 1269
f 1234 1224 1229
f 1233 1264 1234
f 1232 1263 1233
f 1246 1225 1230
f 1245 1241 1246
f 1244 1242 1245
f 1025 1026 1018
f 1303 1307 1301
f 1038 1042 1034
f 1322 1317 1323
f 1325 1215 1326
f 1145 1140 1211
f 1333 1334 1335
f 1333 1331 1332
f 1327 1335 1328
f 1211 1329 1327
f 1332 1326 1334
f 1211 1328 1212
f 1327 1330 1333
f 1143 1146 1144
f 1332 1324 1325
f 1141 1140 1142
f 1144 1201 1213
f 1140 1145 1142
f 1211 1212 1145
f 1324 1258 1216
f 1271 1331 1272
f 1272 1330 1273
f 1273 1329 1228
f 1326 1251 1276
f 1334 1276 1275
f 1335 1275 1274
f 1328 1274 1221
f 1328 1176 1212
f 1329 1207 1228
f 715 1363 1362
f 1660 1338 1336
f 716 1368 1366
f 1344 795 1345
f 800 1361 796
f 1572 1349 1347
f 797 1367 802
f 1345 883 1343
f 720 1366 1363
f 801 1365 797
f 1347 1371 1346
f 1369 718 1344
f 1370 799 798
f 796 1364 801
f 1367 798 802
f 1339 1584 1340
f 719 1362 1359
f 1191 1397 1151
f 1151 1396 1150
f 1150 1393 1154
f 1393 1149 1154
f 1183 1388 1179
f 1391 1153 1149
f 1395 1182 1181
f 1394 1181 1185
f 1180 1394 1185
f 1184 1392 1180
f 1179 1389 1184
f 1573 1148 1342
f 1597 1611 1387
f 1444 1167 1403
f 1444 1408 1445
f 1368 717 1369
f 1198 1404 1400
f 1339 1341 1382
f 1349 1372 1347
f 1367 1396 1370
f 1359 1385 1358
f 1370 1397 1343
f 1358 1387 1360
f 1350 1374 1349
f 1344 1395 1369
f 1360 1384 1357
f 1336 1375 1350
f 1348 1342 1361
f 1338 1337 1336
f 1363 1388 1362
f 1351 1376 1338
f 1362 1386 1359
f 1351 1378 1377
f 1361 1390 1364
f 1353 1378 1352
f 1364 1391 1365
f 1354 1379 1353
f 1366 1389 1363
f 1355 1380 1354
f 1365 1393 1367
f 1339 1381 1355
f 1343 1399 1345
f 1368 1392 1366
f 1357 1383 1356
f 1346 1373 1348
f 1345 1398 1344
f 1368 1395 1394
f 1340 1383 1341
f 1390 1148 1153
f 1661 1669 1337
f 1382 1640 1636
f 1378 1463 1377
f 1466 1380 1381
f 1186 1451 1190
f 1448 1188 1155
f 1458 1607 1455
f 1190 1451 1452
f 1377 1459 1376
f 1603 1585 1341
f 1152 1342 1373
f 1173 1154 1149
f 1189 1199 1196
f 1461 1381 1382
f 1341 1581 1613
f 1417 1617 1624
f 1188 1450 1186
f 1401 1673 1650
f 1164 1403 1167
f 1344 718 793
f 1344 793 795
f 1343 883 879
f 799 1343 879
f 774 1420 1419
f 1408 860 864
f 1592 1600 1430
f 1436 1352 1351
f 1656 1658 1428
f 1435 1351 1338
f 1158 1446 1447
f 778 1422 776
f 863 1411 858
f 1633 1635 1433
f 1413 862 860
f 1674 1678 1572
f 1627 1631 1435
f 1415 1444 1403
f 1379 1464 1378
f 777 1423 1421
f 1465 1379 1380
f 1438 1353 1440
f 858 1412 865
f 1415 859 862
f 1437 1353 1352
f 775 1424 778
f 865 1409 861
f 780 1421 1420
f 1452 1187 1190
f 1643 1642 1434
f 1433 1355 1439
f 861 1408 864
f 863 1419 1410
f 1432 1621 1623
f 1439 1354 1438
f 1357 1604 1610
f 1453 1189 1187
f 776 1423 779
f 1454 1199 1189
f 1447 1155 1158
f 1416 1659 1657
f 1593 1458 1418
f 1441 1665 1416
f 1156 1446 1158
f 1162 1167 1157
f 1157 1445 1156
f 1459 1628 1630
f 1445 1409 1446
f 1409 1447 1446
f 1447 1411 1448
f 1411 1449 1448
f 1450 1410 1419
f 1451 1419 1420
f 1420 1452 1451
f 1421 1453 1452
f 1422 1453 1423
f 1424 1454 1422
f 1457 1424 1427
f 1456 1427 1426
f 1455 1426 1425
f 1458 1425 1431
f 1418 1431 1430
f 1462 1430 1434
f 1433 1462 1434
f 1466 1433 1439
f 1465 1439 1438
f 1438 1467 1465
f 1464 1440 1437
f 1436 1464 1437
f 1435 1463 1436
f 1432 1459 1435
f 1429 1460 1432
f 1416 1429 1428
f 1441 1428 1414
f 1442 1414 1407
f 1406 1442 1407
f 1403 1406 1415
f 1580 1645 1612
f 680 1497 1499
f 1504 653 1505
f 681 1499 1501
f 1476 672 1477
f 1497 678 1494
f 666 1481 1484
f 1494 677 1487
f 1711 756 1710
f 1500 655 1503
f 674 1476 1474
f 1483 668 1486
f 1479 662 1475
f 664 1479 1478
f 1482 669 1483
f 1487 676 1488
f 668 1485 1486
f 675 1474 1473
f 660 1495 1470
f 1492 1473 1490
f 1503 654 1504
f 1498 656 1500
f 658 1498 1496
f 665 1478 1481
f 659 1496 1495
f 667 1484 1485
f 653 1502 1505
f 1475 661 1469
f 682 1501 1502
f 1477 671 1480
f 1471 1470 1472
f 1480 670 1482
f 1695 729 1692
f 682 655 659
f 1488 1491 1493
f 1468 1471 1472
f 660 1491 676
f 1491 1490 1493
f 1471 1492 1491
f 1469 1489 1468
f 1489 675 1492
f 1518 1521 1519
f 1534 1529 1535
f 1537 1534 1535
f 1513 1172 1507
f 1514 1517 1515
f 1532 1540 1533
f 1506 1513 1507
f 1523 1524 1522
f 1510 1515 1511
f 1539 1543 1540
f 1551 1555 1081
f 1527 1530 1531
f 1528 1509 1529
f 1553 1554 1552
f 1075 1542 1548
f 1507 1172 1177
f 1520 1522 1521
f 1543 1547 1546
f 1536 1169 1538
f 1554 1551 1550
f 1530 1533 1531
f 1522 1524 1212
f 1548 1550 1551
f 1516 1519 1517
f 1525 1527 1524
f 1513 1510 1511
f 1508 1507 1509
f 1538 1541 1542
f 1547 1552 1546
f 1067 1556 1563
f 1559 1074 1073
f 1074 1562 1082
f 1563 1109 1099
f 1564 1110 1100
f 1565 1100 1101
f 1557 1099 1110
f 1566 1101 1102
f 1556 1111 1109
f 1571 1102 1108
f 1115 1567 1104
f 1104 1568 1105
f 1103 1561 1115
f 1105 1569 1106
f 1569 1107 1106
f 1561 1536 1077
f 1103 1508 1528
f 1542 1549 1548
f 1076 1536 1538
f 1542 1076 1538
f 1547 1544 1095
f 1545 800 1081
f 1655 1614 1338
f 1548 1551 1075
f 1075 1551 1081
f 1534 1103 1528
f 1149 1169 1537
f 1149 1535 1173
f 1546 1552 1405
f 1148 1549 1541
f 1405 1677 1681
f 1126 1525 1523
f 1119 1111 1558
f 1638 1633 1637
f 1611 1596 1610
f 1619 1614 1618
f 1636 1639 1635
f 1675 1678 1674
f 1631 1622 1621
f 1630 1627 1629
f 1652 1662 1651
f 1644 1642 1643
f 1619 1620 1337
f 1654 1656 1653
f 1626 1629 1625
f 1665 1659 1416
f 1678 1681 1680
f 1622 1623 1621
f 1669 1660 1668
f 1650 1672 1649
f 1646 1612 1645
f 1603 1598 1602
f 1599 1590 1598
f 1585 1602 1584
f 1681 1676 1680
f 1587 1582 1586
f 1579 1574 1578
f 1597 1576 1596
f 1667 1668 1666
f 1595 1643 1594
f 1641 1637 1642
f 1648 1649 1647
f 1589 1592 1588
f 1613 1646 1341
f 1657 1658 1656
f 1634 1635 1633
f 1609 1578 1608
f 1665 1647 1664
f 1617 1653 1616
f 1671 1651 1670
f 1620 1618 1655
f 1628 1631 1627
f 1575 1606 1574
f 1640 1645 1639
f 1615 1625 1614
f 1677 1670 1676
f 1661 1655 1660
f 1623 1617 1616
f 1601 1594 1600
f 1607 1588 1606
f 1605 1610 1604
f 1658 1665 1664
f 1673 1674 1672
f 1577 1586 1576
f 1612 1581 1580
f 1663 1666 1662
f 1581 1584 1580
f 1583 1608 1582
f 1593 1600 1592
f 1615 1619 1337
f 1591 1604 1590
f 1336 1668 1660
f 1602 1340 1584
f 1595 1601 1418
f 1617 1417 1654
f 1462 1641 1644
f 927 1120 1089
f 1688 806 807
f 1689 810 805
f 1684 804 810
f 1683 803 809
f 1685 807 803
f 727 1694 723
f 728 1696 724
f 723 1691 728
f 722 1690 727
f 726 1692 722
f 725 1695 726
f 1686 808 806
f 808 1693 725
f 811 1688 1685
f 1693 1682 1484
f 1682 1486 1485
f 1682 1485 1484
f 1475 1469 1693
f 1479 1475 1693
f 1693 1484 1481
f 1478 1479 1693
f 1686 1473 1474
f 1686 1474 1476
f 1486 1682 1483
f 1682 1686 1482
f 1483 1682 1482
f 1686 1476 1477
f 1686 1477 1480
f 1711 838 840
f 1488 832 1487
f 1709 1495 1710
f 1702 1487 832
f 1699 833 830
f 1700 832 829
f 1701 829 833
f 1697 830 834
f 1698 834 831
f 757 1710 756
f 751 1706 748
f 750 1707 747
f 747 1708 751
f 748 1704 752
f 752 1705 749
f 1500 1503 1710
f 1501 1499 1703
f 763 848 792
f 848 882 792
f 794 770 763
f 846 854 880
f 878 882 848
f 846 880 878
f 1710 1495 1496
f 1710 1496 1498
f 1505 1711 1504
f 1711 1710 1503
f 1504 1711 1503
f 1710 1498 1500
f 1711 1505 1502
f 1711 1502 1501
f 1494 1487 1703
f 1497 1494 1703
f 1703 1711 1501
f 1499 1497 1703
f 674 675 661
f 661 662 663
f 663 664 661
f 664 665 661
f 665 666 669
f 666 667 669
f 667 668 669
f 669 670 671
f 671 672 669
f 672 673 669
f 673 674 665
f 674 661 665
f 691 1057 1056
f 913 689 693
f 913 693 692
f 698 1126 697
f 1126 1123 697
f 913 692 685
f 913 685 1123
f 685 684 1123
f 683 697 1123
f 686 683 1123
f 1689 805 866
f 805 872 866
f 866 813 1689
f 866 991 813
f 991 992 813
f 969 970 995
f 970 813 995
f 984 969 998
f 998 969 995
f 813 992 994
f 982 984 987
f 981 982 1000
f 984 998 987
f 813 994 995
f 982 987 1000
f 977 981 990
f 981 1000 990
f 976 977 989
f 977 990 989
f 1127 972 973
f 1127 973 1126
f 973 976 1126
f 997 1126 976
f 1532 1126 695
f 1126 698 695
f 913 1539 689
f 1539 1532 691
f 690 689 1539
f 691 690 1539
f 1532 695 696
f 1532 696 687
f 688 691 1532
f 1532 687 694
f 948 702 706
f 1687 1683 809
f 1690 733 730
f 1691 734 731
f 1694 730 734
f 1692 729 733
f 1469 1468 738
f 734 740 737
f 730 736 740
f 729 735 739
f 732 738 735
f 733 739 736
f 740 746 743
f 736 742 746
f 735 741 745
f 738 744 741
f 739 745 742
f 1468 1472 744
f 746 752 749
f 742 748 752
f 741 747 751
f 744 750 747
f 745 751 748
f 1472 1470 750
f 1704 759 755
f 1706 754 759
f 1707 753 758
f 1709 757 753
f 1708 758 754
f 759 766 762
f 754 761 766
f 753 760 765
f 757 764 760
f 758 765 761
f 756 763 764
f 840 848 763
f 761 768 773
f 760 767 772
f 764 771 767
f 765 772 768
f 763 770 771
f 766 773 769
f 720 715 1066
f 721 716 1068
f 717 721 1069
f 716 720 1067
f 718 717 1070
f 715 719 1072
f 1129 1130 782
f 1130 1128 784
f 1072 719 775
f 1128 1131 783
f 790 722 727
f 786 728 724
f 788 725 726
f 785 723 728
f 873 808 725
f 789 726 722
f 791 727 723
f 794 792 887
f 793 718 1071
f 792 882 886
f 1693 1469 732
f 812 815 1683
f 814 1473 1686
f 813 816 1684
f 816 812 1687
f 815 811 1685
f 820 1490 1473
f 819 822 816
f 822 818 812
f 821 817 811
f 817 820 814
f 818 821 815
f 825 828 822
f 828 824 818
f 827 823 817
f 823 826 820
f 824 827 821
f 826 1493 1490
f 831 834 828
f 834 830 824
f 833 829 823
f 829 832 826
f 830 833 827
f 832 1488 1493
f 837 842 1697
f 842 836 1699
f 841 835 1700
f 835 839 1702
f 836 841 1701
f 839 838 1703
f 845 850 842
f 850 844 836
f 849 843 835
f 843 847 839
f 844 849 841
f 847 846 838
f 846 848 840
f 857 852 844
f 856 851 843
f 851 855 847
f 852 856 849
f 855 854 846
f 853 857 850
f 1075 796 801
f 1077 797 802
f 1078 802 798
f 1076 801 797
f 1079 798 799
f 1081 800 796
f 1133 866 867
f 1134 867 869
f 1095 859 1572
f 1132 869 868
f 809 803 876
f 805 810 871
f 807 806 874
f 810 804 870
f 806 808 873
f 803 807 875
f 804 809 877
f 885 878 880
f 799 879 1083
f 886 882 878
f 888 887 1112
f 887 886 1113
f 1113 886 885
f 1117 885 884
f 789 896 895
f 871 870 902
f 790 897 896
f 872 871 903
f 787 781 889
f 791 898 897
f 874 873 905
f 781 782 890
f 875 874 906
f 782 784 891
f 876 875 907
f 872 904 899
f 877 876 908
f 866 899 900
f 867 900 901
f 785 892 898
f 786 893 892
f 787 894 893
f 788 895 905
f 870 877 909
f 895 896 920
f 905 931 932
f 896 897 921
f 894 889 910
f 906 932 933
f 897 898 922
f 889 890 911
f 907 933 934
f 904 930 923
f 890 891 914
f 908 934 935
f 899 923 924
f 900 924 926
f 898 892 916
f 892 893 917
f 909 935 928
f 893 894 918
f 902 928 929
f 905 895 919
f 903 929 930
f 932 931 935
f 931 912 930
f 928 931 929
f 912 926 924
f 924 923 912
f 923 930 912
f 930 929 931
f 928 935 931
f 935 934 933
f 917 918 931
f 918 910 912
f 910 911 912
f 911 914 912
f 912 931 918
f 931 919 922
f 919 920 922
f 920 921 922
f 922 916 931
f 1506 1508 1103
f 936 714 711
f 939 711 710
f 941 709 708
f 950 700 699
f 940 710 707
f 947 703 700
f 938 712 713
f 945 705 704
f 787 724 781
f 724 1696 781
f 1696 731 781
f 731 966 1011
f 731 1011 1010
f 966 967 1011
f 1008 1007 731
f 1007 781 731
f 1010 1008 731
f 967 968 1013
f 1011 967 1013
f 968 954 1003
f 1013 968 1003
f 954 955 1016
f 1003 954 1016
f 955 959 1006
f 1016 955 1006
f 959 960 1005
f 1006 959 1005
f 1119 1005 960
f 963 964 1111
f 960 963 1119
f 937 713 714
f 951 699 701
f 943 707 705
f 965 966 749
f 966 731 737
f 737 743 966
f 953 749 1705
f 743 749 966
f 957 1705 956
f 1705 755 956
f 755 762 961
f 956 755 958
f 762 769 964
f 769 1111 964
f 964 962 762
f 962 961 762
f 755 961 958
f 749 953 965
f 946 704 703
f 942 708 712
f 949 701 702
f 944 706 709
f 1072 951 949
f 1072 949 948
f 942 938 1558
f 941 942 1558
f 1072 948 944
f 941 1558 1072
f 819 813 970
f 819 970 825
f 970 971 831
f 825 970 831
f 831 983 1698
f 837 1698 980
f 979 1698 983
f 853 845 972
f 845 837 975
f 1127 1116 853
f 974 972 845
f 972 1127 853
f 975 974 845
f 1698 979 980
f 983 831 971
f 978 975 837
f 993 991 866
f 1133 1123 1126
f 999 993 866
f 985 999 866
f 866 1133 986
f 1133 1126 997
f 986 1133 988
f 997 996 1133
f 996 988 1133
f 781 1007 1009
f 781 1009 1015
f 1005 1119 1129
f 781 1015 1001
f 781 1001 1002
f 1014 1005 1129
f 1012 1014 1129
f 1129 781 1002
f 1004 1012 1129
f 962 1039 1040
f 977 1024 1020
f 1006 1313 1323
f 960 1041 1038
f 982 1019 1017
f 971 1030 1018
f 1009 1316 1322
f 1014 1321 1312
f 1013 1320 1318
f 959 1042 1041
f 985 1292 1306
f 984 1017 1032
f 956 1045 1044
f 987 1294 1307
f 999 1306 1300
f 1003 1310 1320
f 983 1018 1022
f 955 1046 1042
f 1007 1314 1316
f 1010 1317 1315
f 1000 1307 1297
f 1012 1319 1321
f 1011 1318 1317
f 994 1301 1302
f 991 1298 1299
f 989 1296 1304
f 961 1040 1043
f 1016 1323 1310
f 1015 1322 1308
f 981 1020 1019
f 980 1021 1023
f 1008 1315 1314
f 995 1302 1305
f 1002 1309 1311
f 992 1299 1301
f 1001 1308 1309
f 969 1032 1031
f 988 1295 1293
f 971 970 1031
f 966 1035 1034
f 957 1044 1048
f 965 1036 1035
f 968 1033 1047
f 963 1038 1037
f 953 1048 1036
f 967 1034 1033
f 964 1037 1039
f 958 1043 1045
f 1004 1311 1319
f 979 1022 1021
f 976 1025 1024
f 978 1023 1026
f 973 1028 1025
f 975 1026 1027
f 974 1027 1029
f 996 1303 1295
f 972 1029 1028
f 990 1297 1296
f 986 1293 1292
f 954 1047 1046
f 993 1300 1298
f 998 1305 1294
f 997 1304 1303
f 1005 1312 1313
f 694 1060 1054
f 684 1050 1052
f 690 1056 1055
f 692 1058 1051
f 689 1055 1059
f 697 1063 1064
f 685 1051 1050
f 686 1052 1049
f 688 1054 1057
f 687 1053 1060
f 693 1059 1058
f 696 1062 1053
f 683 1049 1063
f 695 1061 1062
f 698 1064 1061
f 883 1082 1083
f 881 1074 1082
f 1073 1074 881
f 1084 1073 795
f 1072 1088 950
f 1088 1119 945
f 947 1088 946
f 1119 1558 940
f 1558 938 937
f 1558 937 936
f 950 951 1072
f 947 950 1088
f 1558 936 939
f 1558 939 940
f 946 1088 945
f 1119 940 943
f 1114 1116 1512
f 1080 1083 1570
f 1568 1079 1080
f 1567 1078 1079
f 1561 1077 1078
f 1571 1559 1073
f 1084 1071 1566
f 1066 1072 1558
f 1071 1070 1565
f 1068 1067 1563
f 1070 1069 1564
f 1069 1068 1557
f 1093 1098 865
f 1092 1085 863
f 860 1094 1097
f 862 1096 1094
f 1097 1093 861
f 1098 1092 858
f 1095 1096 862
f 780 1091 1087
f 863 1085 1086
f 776 779 1090
f 778 776 927
f 777 1087 1090
f 774 1086 1091
f 778 1089 1088
f 1099 1109 773
f 1100 1110 772
f 1101 1100 767
f 1110 1099 768
f 1102 1101 771
f 1109 1111 769
f 888 1108 1102
f 857 1114 1103
f 856 1115 1104
f 851 1104 1105
f 852 1103 1115
f 855 1105 1106
f 853 1116 1114
f 1106 1107 884
f 1562 1117 1107
f 1560 1113 1117
f 1112 1113 1560
f 1108 1112 1559
f 1122 1125 1137
f 1124 1122 915
f 913 1123 1124
f 925 1121 1118
f 1089 1120 1119
f 1082 1562 1570
f 1553 1545 1081
f 1116 1127 1514
f 1127 1518 1516
f 1127 1516 1514
f 1510 1512 1116
f 1134 1132 1122
f 1133 1134 1124
f 1118 1128 1130
f 1095 913 1136
f 1136 915 1094
f 915 1137 1097
f 1120 1130 1129
f 914 1143 1141
f 926 912 1141
f 891 783 914
f 783 1131 914
f 868 901 926
f 926 1142 1135
f 1128 1146 1143
f 1132 1135 1142
f 1158 1161 1160
f 1188 1192 1159
f 1155 1159 1161
f 1166 1165 1164
f 1550 1549 1148
f 1552 1554 1152
f 1398 1399 1191
f 1152 1554 1550
f 1178 1174 1150
f 1162 1168 1171
f 1166 1171 1170
f 1175 1210 1191
f 1198 1201 1202
f 1173 1535 1529
f 1402 1165 1170
f 1174 1175 1151
f 1194 1195 1190
f 1193 1192 1188
f 1195 1193 1186
f 1374 1375 1663
f 1375 1667 1663
f 1372 1374 1405
f 1374 1663 1405
f 1652 1671 1405
f 1663 1652 1405
f 1152 1373 1371
f 1371 1372 1405
f 1165 1402 1401
f 1205 1209 1185
f 1209 1204 1180
f 1203 1207 1183
f 1202 1200 1196
f 1210 1206 1182
f 1204 1208 1184
f 1183 1207 1213
f 1206 1205 1181
f 1400 1213 1201
f 1208 1203 1179
f 1092 1159 1192
f 1098 1161 1159
f 1093 1160 1161
f 1192 1193 1086
f 1193 1195 1091
f 1195 1194 1087
f 1194 1197 1138
f 1197 1196 925
f 1139 1163 1160
f 1137 1162 1163
f 1125 1168 1162
f 1121 925 1196
f 1122 1171 1168
f 1118 1121 1200
f 1325 1324 1216
f 1176 1221 1217
f 1210 1231 1227
f 1177 1222 1218
f 1209 1230 1225
f 1174 1219 1220
f 1208 1229 1224
f 1178 1223 1219
f 1203 1224 1228
f 1175 1220 1231
f 1204 1225 1229
f 1173 1218 1223
f 1206 1227 1226
f 1172 1217 1222
f 1205 1226 1230
f 1260 1255 1243
f 1259 1254 1262
f 1267 1247 1252
f 1254 1258 1271
f 1276 1251 1247
f 1255 1259 1232
f 1268 1252 1248
f 1257 1256 1280
f 1285 1249 1250
f 1256 1260 1244
f 1237 1253 1249
f 1261 1257 1279
f 1286 1250 1261
f 1218 1240 1235
f 1290 1278 1277
f 1280 1244 1245
f 1289 1277 1227
f 1281 1245 1246
f 1287 1286 1291
f 1282 1246 1230
f 1288 1287 1290
f 1236 1237 1285
f 1220 1288 1289
f 1235 1236 1284
f 1239 1238 1237
f 1223 1235 1283
f 1240 1239 1236
f 1291 1279 1278
f 1261 1214 1258
f 1214 1216 1258
f 1261 1258 1254
f 1254 1259 1261
f 1259 1255 1257
f 1261 1259 1257
f 1255 1260 1256
f 1215 1214 1251
f 1214 1261 1251
f 1247 1261 1252
f 1261 1250 1252
f 1250 1249 1248
f 1249 1253 1248
f 1248 1252 1250
f 1238 1248 1253
f 1219 1283 1288
f 1283 1284 1287
f 1284 1285 1286
f 1277 1282 1226
f 1278 1281 1282
f 1279 1280 1281
f 1222 1270 1240
f 1270 1269 1239
f 1269 1268 1238
f 1241 1234 1229
f 1242 1233 1234
f 1243 1232 1233
f 1221 1274 1265
f 1274 1275 1266
f 1275 1276 1267
f 1264 1273 1228
f 1263 1272 1273
f 1262 1271 1272
f 1217 1265 1270
f 1265 1266 1269
f 1266 1267 1268
f 1234 1264 1224
f 1233 1263 1264
f 1232 1262 1263
f 1246 1241 1225
f 1245 1242 1241
f 1244 1243 1242
f 1018 1030 1017
f 1030 1031 1017
f 1031 1032 1017
f 1017 1019 1020
f 1020 1024 1025
f 1025 1028 1026
f 1028 1029 1026
f 1029 1027 1026
f 1026 1023 1018
f 1023 1021 1018
f 1021 1022 1018
f 1017 1020 1018
f 1020 1025 1018
f 1303 1304 1296
f 1296 1297 1307
f 1307 1294 1301
f 1294 1305 1301
f 1305 1302 1301
f 1301 1299 1298
f 1298 1300 1306
f 1306 1292 1293
f 1293 1295 1303
f 1303 1296 1307
f 1301 1298 1306
f 1306 1293 1301
f 1293 1303 1301
f 1034 1035 1036
f 1036 1048 1044
f 1044 1045 1043
f 1043 1040 1044
f 1040 1039 1044
f 1039 1037 1038
f 1038 1041 1042
f 1042 1046 1034
f 1046 1047 1034
f 1047 1033 1034
f 1034 1036 1039
f 1036 1044 1039
f 1039 1038 1034
f 1323 1313 1312
f 1312 1321 1319
f 1319 1311 1309
f 1309 1308 1322
f 1322 1316 1314
f 1314 1315 1317
f 1317 1318 1320
f 1320 1310 1317
f 1310 1323 1317
f 1323 1312 1319
f 1319 1309 1322
f 1322 1314 1317
f 1323 1319 1322
f 1325 1214 1215
f 1333 1332 1334
f 1333 1330 1331
f 1327 1333 1335
f 1211 1213 1329
f 1332 1325 1326
f 1211 1327 1328
f 1327 1329 1330
f 1332 1331 1324
f 1324 1271 1258
f 1271 1324 1331
f 1272 1331 1330
f 1273 1330 1329
f 1326 1215 1251
f 1334 1326 1276
f 1335 1334 1275
f 1328 1335 1274
f 1328 1221 1176
f 1329 1213 1207
f 715 720 1363
f 1660 1655 1338
f 716 721 1368
f 800 1348 1361
f 1572 1336 1350
f 1572 1350 1349
f 1348 800 1346
f 800 1572 1347
f 1346 800 1347
f 797 1365 1367
f 720 716 1366
f 801 1364 1365
f 1347 1372 1371
f 1369 717 718
f 1370 1343 799
f 796 1361 1364
f 1367 1370 798
f 1339 1580 1584
f 719 715 1362
f 1191 1399 1397
f 1151 1397 1396
f 1150 1396 1393
f 1393 1391 1149
f 1183 1386 1388
f 1391 1390 1153
f 1395 1398 1182
f 1394 1395 1181
f 1180 1392 1394
f 1184 1389 1392
f 1179 1388 1389
f 1456 1455 1575
f 1455 1607 1575
f 1400 1404 1457
f 1457 1456 1400
f 1456 1575 1579
f 1456 1579 1400
f 1385 1386 1183
f 1387 1385 1183
f 1400 1579 1609
f 1387 1183 1597
f 1183 1400 1587
f 1599 1383 1591
f 1383 1384 1591
f 1400 1609 1583
f 1400 1583 1587
f 1384 1387 1611
f 1591 1384 1605
f 1605 1384 1611
f 1183 1587 1577
f 1577 1597 1183
f 1444 1157 1167
f 1444 1413 1408
f 1368 721 717
f 1198 1199 1404
f 1339 1340 1341
f 1349 1374 1372
f 1367 1393 1396
f 1359 1386 1385
f 1370 1396 1397
f 1358 1385 1387
f 1350 1375 1374
f 1344 1398 1395
f 1360 1387 1384
f 1336 1337 1375
f 1348 1373 1342
f 1338 1376 1337
f 1363 1389 1388
f 1351 1377 1376
f 1362 1388 1386
f 1351 1352 1378
f 1361 1342 1390
f 1353 1379 1378
f 1364 1390 1391
f 1354 1380 1379
f 1366 1392 1389
f 1355 1381 1380
f 1365 1391 1393
f 1339 1382 1381
f 1343 1397 1399
f 1368 1394 1392
f 1357 1384 1383
f 1346 1371 1373
f 1345 1399 1398
f 1368 1369 1395
f 1340 1356 1383
f 1390 1342 1148
f 1669 1667 1337
f 1667 1375 1337
f 1337 1620 1661
f 1638 1641 1461
f 1641 1462 1461
f 1461 1382 1636
f 1638 1461 1634
f 1382 1341 1646
f 1382 1646 1640
f 1634 1461 1636
f 1378 1464 1463
f 1466 1465 1380
f 1186 1450 1451
f 1448 1449 1188
f 1458 1589 1607
f 1377 1463 1459
f 1341 1383 1599
f 1341 1599 1603
f 1585 1581 1341
f 1152 1573 1342
f 1173 1178 1154
f 1461 1466 1381
f 1622 1460 1624
f 1460 1417 1624
f 1188 1449 1450
f 1401 1405 1679
f 1405 1681 1679
f 1443 1403 1401
f 1665 1441 1648
f 1441 1442 1648
f 1442 1443 1401
f 1401 1679 1675
f 1401 1675 1673
f 1442 1401 1650
f 1648 1442 1650
f 1164 1401 1403
f 774 780 1420
f 1408 1413 860
f 1430 1431 1592
f 1431 1606 1588
f 1431 1588 1592
f 1436 1437 1352
f 1658 1664 1428
f 1428 1429 1656
f 1429 1653 1656
f 1435 1436 1351
f 778 1424 1422
f 863 1410 1411
f 1433 1434 1642
f 1433 1642 1637
f 1639 1645 1339
f 1635 1639 1339
f 1339 1433 1635
f 1433 1637 1633
f 1413 1415 862
f 859 1406 1407
f 1414 1428 1664
f 859 1407 1649
f 1407 1414 1647
f 1666 1668 1336
f 1662 1666 1572
f 1666 1336 1572
f 1407 1647 1649
f 1414 1664 1647
f 1651 1662 1572
f 859 1649 1672
f 1670 1651 1572
f 1680 1676 1572
f 1676 1670 1572
f 1572 859 1674
f 859 1672 1674
f 1678 1680 1572
f 1338 1614 1625
f 1338 1625 1629
f 1432 1435 1621
f 1435 1338 1629
f 1627 1435 1629
f 1631 1621 1435
f 1415 1413 1444
f 1379 1467 1464
f 777 779 1423
f 1465 1467 1379
f 1438 1354 1353
f 858 1411 1412
f 1415 1406 859
f 1437 1440 1353
f 775 1427 1424
f 865 1412 1409
f 780 777 1421
f 1452 1453 1187
f 1434 1430 1643
f 1430 1600 1643
f 1600 1594 1643
f 1433 1339 1355
f 861 1409 1408
f 863 774 1419
f 1616 1653 1623
f 1653 1429 1623
f 1429 1432 1623
f 1439 1355 1354
f 719 1359 1358
f 719 1358 1360
f 1426 1427 775
f 1606 1431 1425
f 1425 1426 1574
f 1426 775 1578
f 1574 1426 1578
f 775 719 1586
f 719 1360 1610
f 1576 719 1596
f 719 1576 1586
f 1360 1357 1610
f 719 1610 1596
f 1606 1425 1574
f 1356 1340 1598
f 1340 1602 1598
f 1608 1578 775
f 1357 1356 1590
f 1356 1598 1590
f 1582 1608 775
f 1586 1582 775
f 1357 1590 1604
f 1453 1454 1189
f 776 1422 1423
f 1454 1404 1199
f 1447 1448 1155
f 1654 1417 1657
f 1417 1416 1657
f 1418 1601 1593
f 1593 1589 1458
f 1156 1445 1446
f 1162 1166 1167
f 1157 1444 1445
f 1337 1376 1615
f 1376 1459 1630
f 1459 1460 1622
f 1459 1622 1632
f 1626 1615 1376
f 1630 1626 1376
f 1459 1632 1628
f 1445 1408 1409
f 1409 1412 1447
f 1447 1412 1411
f 1411 1410 1449
f 1450 1449 1410
f 1451 1450 1419
f 1420 1421 1452
f 1421 1423 1453
f 1422 1454 1453
f 1424 1404 1454
f 1457 1404 1424
f 1456 1457 1427
f 1455 1456 1426
f 1458 1455 1425
f 1418 1458 1431
f 1462 1418 1430
f 1433 1461 1462
f 1466 1461 1433
f 1465 1466 1439
f 1438 1440 1467
f 1464 1467 1440
f 1436 1463 1464
f 1435 1459 1463
f 1432 1460 1459
f 1429 1417 1460
f 1416 1417 1429
f 1441 1416 1428
f 1442 1441 1414
f 1406 1443 1442
f 1403 1443 1406
f 1580 1339 1645
f 680 679 1497
f 1504 654 653
f 681 680 1499
f 1476 673 672
f 1497 679 678
f 666 665 1481
f 1494 678 677
f 1711 840 756
f 1500 656 655
f 674 673 1476
f 1483 669 668
f 1479 663 662
f 664 663 1479
f 1482 670 669
f 1487 677 676
f 668 667 1485
f 675 674 1474
f 660 659 1495
f 1492 675 1473
f 1503 655 654
f 1498 657 656
f 658 657 1498
f 665 664 1478
f 659 658 1496
f 667 666 1484
f 653 682 1502
f 1475 662 661
f 682 681 1501
f 1477 672 671
f 1471 660 1470
f 1480 671 670
f 1695 732 729
f 653 654 682
f 654 655 682
f 655 656 657
f 657 658 659
f 659 660 676
f 676 677 678
f 678 679 680
f 680 681 678
f 681 682 678
f 655 657 659
f 659 676 682
f 676 678 682
f 1488 676 1491
f 1468 1489 1471
f 660 1471 1491
f 1491 1492 1490
f 1471 1489 1492
f 1469 661 1489
f 1489 661 675
f 1518 1520 1521
f 1534 1528 1529
f 1537 1536 1534
f 1513 1176 1172
f 1514 1516 1517
f 1532 1539 1540
f 1506 1512 1513
f 1523 1525 1524
f 1510 1514 1515
f 1539 1544 1543
f 1527 1526 1530
f 1528 1508 1509
f 1553 1555 1554
f 1075 1076 1542
f 1177 1529 1509
f 1509 1507 1177
f 1520 1523 1522
f 1543 1544 1547
f 1536 1537 1169
f 1554 1555 1551
f 1530 1532 1533
f 1176 1513 1511
f 1176 1511 1515
f 1543 1402 1540
f 1402 1212 1533
f 1540 1402 1533
f 1176 1515 1517
f 1176 1517 1519
f 1531 1533 1212
f 1212 1176 1519
f 1212 1519 1521
f 1527 1531 1212
f 1524 1527 1212
f 1212 1521 1522
f 1548 1549 1550
f 1516 1518 1519
f 1525 1526 1527
f 1513 1512 1510
f 1508 1506 1507
f 1538 1169 1541
f 1547 1553 1552
f 1067 1066 1556
f 1559 1560 1074
f 1074 1560 1562
f 1563 1556 1109
f 1564 1557 1110
f 1565 1564 1100
f 1557 1563 1099
f 1566 1565 1101
f 1556 1558 1111
f 1571 1566 1102
f 1115 1561 1567
f 1104 1567 1568
f 1103 1534 1561
f 1105 1568 1569
f 1569 1570 1107
f 1561 1534 1536
f 1542 1541 1549
f 1544 1539 1095
f 1539 913 1095
f 1095 1545 1547
f 1545 1553 1547
f 1545 1572 800
f 1655 1618 1614
f 1149 1537 1535
f 1405 1401 1402
f 1402 1543 1405
f 1543 1546 1405
f 1405 1671 1677
f 1518 1127 1520
f 1127 1126 1523
f 1520 1127 1523
f 1126 1532 1530
f 1126 1530 1526
f 1126 1526 1525
f 1638 1634 1633
f 1611 1597 1596
f 1619 1615 1614
f 1636 1640 1639
f 1675 1679 1678
f 1631 1632 1622
f 1630 1628 1627
f 1652 1663 1662
f 1644 1641 1642
f 1654 1657 1656
f 1626 1630 1629
f 1678 1679 1681
f 1622 1624 1623
f 1669 1661 1660
f 1650 1673 1672
f 1646 1613 1612
f 1603 1599 1598
f 1599 1591 1590
f 1585 1603 1602
f 1681 1677 1676
f 1587 1583 1582
f 1579 1575 1574
f 1597 1577 1576
f 1667 1669 1668
f 1595 1644 1643
f 1641 1638 1637
f 1648 1650 1649
f 1589 1593 1592
f 1657 1659 1658
f 1634 1636 1635
f 1609 1579 1578
f 1665 1648 1647
f 1617 1654 1653
f 1671 1652 1651
f 1620 1619 1618
f 1628 1632 1631
f 1575 1607 1606
f 1640 1646 1645
f 1615 1626 1625
f 1677 1671 1670
f 1661 1620 1655
f 1623 1624 1617
f 1601 1595 1594
f 1607 1589 1588
f 1605 1611 1610
f 1658 1659 1665
f 1673 1675 1674
f 1577 1587 1586
f 1612 1613 1581
f 1663 1667 1666
f 1581 1585 1584
f 1583 1609 1608
f 1593 1601 1600
f 1591 1605 1604
f 1595 1418 1644
f 1418 1462 1644
f 927 1118 1120
f 1688 1686 806
f 1689 1684 810
f 1684 1687 804
f 1683 1685 803
f 1685 1688 807
f 727 1690 1694
f 728 1691 1696
f 723 1694 1691
f 722 1692 1690
f 726 1695 1692
f 725 1693 1695
f 1686 1682 808
f 808 1682 1693
f 811 814 1688
f 1711 1703 838
f 1709 750 1495
f 1702 1703 1487
f 1699 1701 833
f 1700 1702 832
f 1701 1700 829
f 1697 1699 830
f 1698 1697 834
f 757 1709 1710
f 751 1708 1706
f 750 1709 1707
f 747 1707 1708
f 748 1706 1704
f 752 1704 1705
f 1736 1732 1735
f 1714 1725 1727
f 1733 1717 1716
f 1717 1718 1716
f 1723 1719 1718
f 1722 1720 1719
f 1728 1726 1724
f 1729 1725 1726
f 1721 1724 1720
f 1719 1713 1718
f 1731 1740 1732
f 1735 1737 1736
f 1713 1737 1734
f 1741 1739 1738
f 1738 1733 1741
f 1714 1721 1722
f 1741 1733 1734
f 1733 1716 1734
f 1740 1741 1734
f 1735 1732 1740
f 1713 1734 1718
f 1734 1735 1740
f 1718 1734 1716
f 1725 1712 1720
f 1712 1713 1719
f 1720 1712 1719
f 1724 1726 1725
f 1720 1724 1725
f 1717 1730 1737
f 1730 1738 1737
f 1738 1739 1737
f 1739 1731 1736
f 1737 1739 1736
f 1737 1715 1723
f 1715 1714 1722
f 1714 1727 1721
f 1727 1729 1728
f 1721 1727 1728
f 1715 1722 1723
f 1723 1717 1737
f 1736 1731 1732
f 1714 1712 1725
f 1733 1730 1717
f 1717 1723 1718
f 1723 1722 1719
f 1722 1721 1720
f 1728 1729 1726
f 1729 1727 1725
f 1721 1728 1724
f 1731 1739 1740
f 1735 1734 1737
f 1713 1715 1737
f 1741 1740 1739
f 1738 1730 1733
f 1821 1902 1901
f 1748 1749 1747
f 2095 1744 1817
f 1827 1829 1830
f 2096 1747 2097
f 2093 1748 2096
f 1899 1745 1815
f 2094 1747 1744
f 1743 1750 1748
f 1817 1746 1745
f 2098 1743 2093
f 1752 1742 1743
f 1757 1753 1762
f 2101 1754 1757
f 1763 1755 1768
f 2104 1756 1763
f 1759 1751 1752
f 1758 1760 1759
f 1758 1762 1761
f 2103 1752 2098
f 2102 1759 2103
f 2102 1757 1758
f 1754 1766 1753
f 1765 1767 1766
f 1764 1768 1767
f 2106 1754 2099
f 2106 1764 1765
f 2105 1763 1764
f 1756 1769 1755
f 2100 1770 1756
f 1773 1771 1778
f 2109 1772 1773
f 1770 1776 1769
f 1789 1791 1790
f 1871 1790 1791
f 1775 1777 1776
f 1774 1778 1777
f 2107 1775 1770
f 2111 1774 1775
f 2110 1773 1774
f 1772 1781 1771
f 1780 1782 1781
f 2108 1780 1772
f 2118 1788 1789
f 2113 1779 1780
f 2161 1886 1882
f 1855 1790 1865
f 1787 1875 1887
f 1874 1783 1885
f 1790 1779 1789
f 1882 1787 1883
f 1789 2112 2118
f 1935 1942 1797
f 1909 1904 1923
f 1911 1795 1909
f 1916 2237 2239
f 1908 1798 1910
f 1792 1878 1876
f 1831 2125 2128
f 1878 1898 1894
f 1911 1931 1930
f 1922 1801 1888
f 1800 2146 1866
f 2274 1912 2280
f 1806 2123 1811
f 2124 1817 1816
f 1914 2122 2178
f 1915 1812 1916
f 1809 1805 1804
f 2238 1811 1810
f 2120 1811 2123
f 1915 1804 1913
f 1830 2128 2127
f 1824 1826 1825
f 1744 1749 1746
f 1819 1917 1918
f 1805 2273 2276
f 1788 1883 1791
f 2275 1897 2278
f 1798 1918 1910
f 1821 1900 1800
f 1827 2169 1903
f 1749 1828 1829
f 2126 1830 2127
f 1820 1800 1892
f 1829 1831 1830
f 1828 1822 1831
f 1833 1822 1823
f 1822 2129 2125
f 1849 1832 1833
f 1847 1845 1848
f 1846 2136 1845
f 1841 1836 1838
f 1834 2132 2130
f 1840 2133 2132
f 1839 2134 2133
f 1835 1840 1834
f 1843 1839 1840
f 1842 1838 1839
f 1847 1834 1846
f 2129 1844 2135
f 1846 2130 2137
f 1848 1844 1849
f 1838 2131 2134
f 1836 2138 2131
f 1845 2135 1844
f 1837 1850 1836
f 1856 1852 1859
f 1850 2141 2138
f 1858 2142 2141
f 1862 1854 1860
f 1851 1858 1850
f 1860 2140 2144
f 1852 2143 2139
f 1857 1859 1858
f 1859 2139 2142
f 1861 2144 2143
f 1853 1861 1852
f 1863 1860 1861
f 1854 2145 2140
f 1855 1864 1854
f 1865 1867 1864
f 1873 2146 2152
f 1864 2147 2145
f 1872 2152 2151
f 1871 1868 1867
f 1784 1787 1886
f 1869 2151 1997
f 1868 2147 1867
f 1875 1873 1872
f 1825 1821 1820
f 1874 1890 1889
f 1876 1881 1880
f 1919 1793 1908
f 1880 1906 1905
f 1786 1926 1907
f 1920 1877 1919
f 1755 1851 1837
f 1768 1837 1841
f 1767 1841 1842
f 1767 1843 1766
f 1766 1835 1753
f 1753 1847 1762
f 1762 1848 1761
f 1761 1849 1760
f 1760 1833 1751
f 1742 1833 1823
f 1750 1823 1828
f 1749 1824 1746
f 1746 1825 1745
f 1825 1815 1745
f 1769 1857 1851
f 1776 1856 1857
f 1777 1853 1856
f 1778 1863 1853
f 1771 1862 1863
f 1781 1855 1862
f 2117 1882 1788
f 1791 1870 1871
f 2148 1869 1997
f 1885 1785 1786
f 2163 1784 2114
f 1783 1884 1885
f 2115 1884 2163
f 1786 1890 1885
f 1911 1935 1797
f 1878 1893 1881
f 2278 1891 2277
f 1896 1820 1895
f 1895 1892 1898
f 1894 1892 1889
f 1894 1890 1893
f 1927 1939 1924
f 1814 1895 1818
f 1866 1874 1889
f 1921 1922 1888
f 1907 1893 1890
f 1921 1803 1913
f 1818 1898 1796
f 1881 1907 1906
f 2279 1805 2276
f 1817 1899 1816
f 2279 1815 2277
f 1886 2114 1784
f 1870 1869 1868
f 1887 1872 1869
f 1883 1887 1870
f 1866 1892 1800
f 1900 2167 2166
f 1903 2168 1902
f 1902 2167 1901
f 1800 2166 2119
f 1826 1903 1902
f 1906 1925 1799
f 1786 1907 1890
f 1794 1906 1799
f 1923 1879 1920
f 1905 1920 1880
f 1891 1913 1804
f 1897 1921 1891
f 1924 1931 1799
f 1880 1919 1876
f 1876 1908 1792
f 1910 1818 1796
f 1918 1814 1818
f 1808 1913 1803
f 1809 1916 1810
f 1806 2178 2121
f 2280 1802 2275
f 1802 1922 1897
f 1792 1910 1796
f 1810 2239 2238
f 1794 1911 1909
f 1794 1923 1905
f 1932 1946 1934
f 2200 1941 1928
f 2200 1929 2202
f 2202 1785 2115
f 1929 1786 1785
f 1928 1926 1929
f 1925 1924 1799
f 1926 1925 1907
f 1927 1925 1926
f 1936 1941 1937
f 2210 1933 1937
f 1930 1939 1938
f 1938 1940 1936
f 1938 1932 1934
f 1930 1934 1935
f 1936 1933 1932
f 2217 1937 1941
f 1928 1940 1927
f 2251 1946 1945
f 2253 2252 2218
f 2251 1945 1944
f 1942 1946 2251
f 1934 1943 1935
f 1932 1944 1945
f 1933 2221 1944
f 2027 2172 2032
f 1954 1953 1952
f 1949 2095 2023
f 2033 2035 2030
f 1952 2096 2097
f 1953 2093 2096
f 2165 2021 1950
f 1952 2094 1949
f 1955 1948 1953
f 1951 2023 1950
f 1948 2098 2093
f 1947 1957 1948
f 1958 1962 1967
f 1959 2101 1962
f 1960 1968 1973
f 1961 2104 1968
f 1956 1964 1957
f 1965 1963 1964
f 1963 1967 1962
f 1957 2103 2098
f 1964 2102 2103
f 2102 1962 2101
f 1959 1971 1970
f 1970 1972 1969
f 1969 1973 1968
f 1959 2106 2099
f 2106 1969 2105
f 2105 1968 2104
f 1961 1974 1975
f 2100 1975 2107
f 1976 1978 1983
f 1977 2109 1978
f 1975 1981 1980
f 1994 1996 1993
f 2078 1995 2071
f 1980 1982 1979
f 1979 1983 1978
f 2107 1980 2111
f 2111 1979 2110
f 2110 1978 2109
f 1977 1986 1985
f 1985 1987 1984
f 2108 1985 2113
f 2118 1993 2117
f 2113 1984 2112
f 2116 2161 2089
f 1995 2061 2071
f 1992 2082 1988
f 2081 1988 2082
f 1995 1984 1987
f 2089 1992 2116
f 1994 2112 1984
f 2219 2209 2003
f 2174 2180 2194
f 2001 2182 2180
f 2240 2187 2242
f 2004 2179 2181
f 2085 1998 2083
f 2125 2037 2128
f 2164 2085 2158
f 2182 2204 2005
f 2193 2007 2183
f 2146 2006 2072
f 2183 2281 2287
f 2123 2012 2017
f 2124 2023 2095
f 2122 2185 2178
f 2018 2186 2187
f 2011 2015 2010
f 2016 2015 2017
f 2120 2017 2011
f 2010 2186 2184
f 2128 2036 2127
f 2032 2030 2031
f 1954 1949 1951
f 2188 2292 2293
f 2273 2011 2283
f 2090 1993 1996
f 2162 2282 2285
f 2189 2004 2181
f 2170 2027 2006
f 2033 2169 2126
f 1954 2034 1955
f 2126 2036 2033
f 2006 2026 2156
f 2035 2037 2034
f 2034 2028 2029
f 2028 2039 2029
f 2129 2028 2125
f 2038 2055 2039
f 2051 2053 2054
f 2136 2052 2051
f 2042 2047 2044
f 2040 2132 2046
f 2046 2133 2045
f 2045 2134 2044
f 2041 2046 2049
f 2049 2045 2048
f 2048 2044 2047
f 2053 2040 2041
f 2129 2050 2038
f 2052 2130 2040
f 2050 2054 2055
f 2131 2044 2134
f 2138 2042 2131
f 2135 2051 2050
f 2043 2056 2057
f 2058 2062 2065
f 2141 2056 2138
f 2064 2142 2065
f 2060 2068 2066
f 2057 2064 2063
f 2140 2066 2144
f 2058 2143 2067
f 2063 2065 2062
f 2065 2139 2058
f 2067 2144 2066
f 2059 2067 2069
f 2069 2066 2068
f 2145 2060 2140
f 2061 2070 2071
f 2071 2073 2078
f 2080 2146 2072
f 2147 2070 2145
f 2079 2152 2080
f 2078 2074 2077
f 1992 1989 2116
f 2151 2075 1997
f 2147 2074 2073
f 2082 2080 2081
f 2027 2031 2026
f 2154 2081 2153
f 2088 2083 2087
f 1999 2190 2179
f 2176 2087 2175
f 1991 2177 2197
f 2084 2191 2190
f 1960 2057 1974
f 1973 2043 1960
f 1972 2047 1973
f 2049 1972 1971
f 2041 1971 1958
f 2053 1958 1967
f 2054 1967 1966
f 2055 1966 1965
f 2039 1965 1956
f 1947 2039 1956
f 1955 2029 1947
f 2030 1954 1951
f 2294 2030 1951
f 2297 2160 2296
f 1974 2063 1981
f 1981 2062 1982
f 1982 2059 1983
f 1983 2069 1976
f 1976 2068 1986
f 1986 2061 1987
f 2089 2117 1993
f 1996 2077 2090
f 2148 2075 2074
f 2092 1990 2091
f 1989 2163 2114
f 1988 2091 1989
f 2091 2115 2163
f 1991 2092 2154
f 2209 2182 2003
f 2157 2085 2088
f 2155 2285 2284
f 2284 2160 2021
f 2156 2159 2164
f 2156 2158 2153
f 2154 2158 2157
f 2214 2198 2195
f 2160 2298 2296
f 2072 2081 2080
f 2192 2150 2193
f 2177 2154 2157
f 2009 2192 2184
f 2164 2024 2002
f 2177 2088 2176
f 2011 2286 2283
f 2165 2023 2022
f 2286 2021 2165
f 2116 2114 2076
f 2075 2077 2074
f 2079 2149 2075
f 2090 2149 1992
f 2072 2156 2153
f 2167 2170 2166
f 2168 2173 2172
f 2167 2172 2171
f 2166 2006 2119
f 2032 2173 2033
f 2196 2176 2005
f 1991 2154 2177
f 2000 2176 2175
f 2086 2194 2191
f 2191 2175 2087
f 2184 2155 2010
f 2192 2162 2155
f 2204 2195 2005
f 2190 2087 2083
f 2179 2083 1998
f 2024 2181 2002
f 2236 2235 2292
f 2184 2014 2009
f 2187 2015 2016
f 2178 2012 2121
f 2008 2287 2282
f 2193 2008 2162
f 2181 1998 2002
f 2242 2016 2241
f 2000 2182 2005
f 2194 2000 2175
f 2224 2205 2208
f 2216 2200 2199
f 2201 2200 2202
f 2202 1990 2201
f 2201 1991 2197
f 2197 2199 2201
f 2196 2005 2195
f 2197 2177 2196
f 2196 2198 2197
f 2211 2216 2215
f 2206 2210 2212
f 2203 2214 2204
f 2213 2215 2214
f 2205 2213 2208
f 2208 2203 2209
f 2206 2211 2205
f 2212 2217 2216
f 2215 2199 2198
f 2218 2223 2224
f 2251 2270 2271
f 2218 2222 2223
f 2224 2219 2218
f 2220 2208 2209
f 2205 2222 2206
f 2206 2221 2207
f 2218 2219 2003
f 2084 2004 2231
f 2233 1793 1877
f 2018 2240 2225
f 2281 2150 2009
f 2288 2225 1803
f 2255 2265 2256
f 1812 1808 2225
f 2243 2257 2244
f 2003 2248 2247
f 2001 2226 2003
f 1797 1904 1795
f 2232 2256 2250
f 2226 2249 2248
f 2174 2228 2226
f 2227 1879 1904
f 2249 2253 2248
f 2228 2250 2249
f 2086 2231 2228
f 2230 1877 1879
f 2231 2004 2234
f 2246 2232 2234
f 2004 2235 2234
f 2234 1819 1798
f 2235 2025 2292
f 2235 1813 1819
f 2241 2017 2012
f 1809 1810 1811
f 2238 1914 1806
f 2239 1807 1914
f 2185 2241 2012
f 2013 2242 2185
f 2122 2225 2013
f 2225 2009 2014
f 2013 2225 2240
f 2014 2018 2225
f 1808 1803 2225
f 2225 2122 1807
f 1807 2237 2225
f 2237 1812 2225
f 2274 2288 1803
f 2236 2281 2288
f 2281 2007 2150
f 2259 2264 2255
f 2251 2266 2257
f 2243 1797 2251
f 1797 1942 2251
f 1798 2233 2234
f 2250 2231 2234
f 2245 2233 2230
f 2244 2230 2227
f 2243 2227 1797
f 2244 2258 2245
f 2250 2254 2249
f 2245 2259 2246
f 2003 2247 2218
f 2254 2260 2253
f 2218 2272 2222
f 2248 2218 2247
f 2246 2255 2232
f 2222 2269 2221
f 2221 2270 1944
f 2263 2264 2262
f 2262 2268 2267
f 2261 2267 2266
f 2229 2266 2271
f 2260 2262 2261
f 2252 2261 2229
f 2258 2268 2259
f 2256 2263 2254
f 2257 2267 2258
f 2229 2272 2252
f 2269 2271 2270
f 2298 2282 2287
f 2010 2284 2286
f 2283 2165 2022
f 2021 2295 2290
f 2291 2295 2297
f 2124 2283 2022
f 2287 2019 2188
f 1917 2275 1814
f 1804 2277 1891
f 1899 2276 1816
f 1896 2277 1815
f 1814 2278 1896
f 2276 2124 1816
f 1813 2280 1917
f 1888 2274 1803
f 2236 2274 1813
f 2289 2189 2024
f 2225 2288 2009
f 2009 2288 2281
f 1801 2274 1888
f 2293 2025 2189
f 2159 2289 2024
f 2026 2291 2159
f 1950 2290 2294
f 2236 2292 2019
f 2031 2290 2026
f 1950 2294 1951
f 2296 2287 2188
f 2293 2296 2188
f 2289 2297 2293
f 2020 2285 2298
f 2232 2250 2234
f 2233 2246 2234
f 1821 1826 1902
f 1748 1750 1749
f 2095 2094 1744
f 1827 1824 1829
f 2096 1748 1747
f 2093 1743 1748
f 2094 2097 1747
f 1743 1742 1750
f 1817 1744 1746
f 2098 1752 1743
f 1752 1751 1742
f 1757 1754 1753
f 2101 2099 1754
f 1763 1756 1755
f 2104 2100 1756
f 1759 1760 1751
f 1758 1761 1760
f 1758 1757 1762
f 2103 1759 1752
f 2102 1758 1759
f 2102 2101 1757
f 1754 1765 1766
f 1765 1764 1767
f 1764 1763 1768
f 2106 1765 1754
f 2106 2105 1764
f 2105 2104 1763
f 1756 1770 1769
f 2100 2107 1770
f 1773 1772 1771
f 2109 2108 1772
f 1770 1775 1776
f 1789 1788 1791
f 1871 1865 1790
f 1775 1774 1777
f 1774 1773 1778
f 2107 2111 1775
f 2111 2110 1774
f 2110 2109 1773
f 1772 1780 1781
f 1780 1779 1782
f 2108 2113 1780
f 2118 2117 1788
f 2113 2112 1779
f 2161 2076 1886
f 1855 1782 1790
f 1787 1783 1875
f 1874 1875 1783
f 1790 1782 1779
f 1882 1886 1787
f 1789 1779 2112
f 1935 1943 1942
f 1909 1795 1904
f 1911 1797 1795
f 1916 1812 2237
f 1908 1793 1798
f 1792 1796 1878
f 1831 1822 2125
f 1878 1796 1898
f 1911 1799 1931
f 1922 1912 1801
f 1800 2119 2146
f 2274 1801 1912
f 1806 2121 2123
f 2124 2095 1817
f 1914 1807 2122
f 1915 1808 1812
f 1809 1811 1805
f 2238 1806 1811
f 2120 1805 1811
f 1915 1809 1804
f 1830 1831 2128
f 1824 1827 1826
f 1744 1747 1749
f 1819 1813 1917
f 1805 2120 2273
f 1788 1882 1883
f 2275 1802 1897
f 1798 1819 1918
f 1821 1901 1900
f 1827 2126 2169
f 1749 1750 1828
f 2126 1827 1830
f 1820 1821 1800
f 1829 1828 1831
f 1828 1823 1822
f 1833 1832 1822
f 1822 1832 2129
f 1849 1844 1832
f 1847 1846 1845
f 1846 2137 2136
f 1841 1837 1836
f 1834 1840 2132
f 1840 1839 2133
f 1839 1838 2134
f 1835 1843 1840
f 1843 1842 1839
f 1842 1841 1838
f 1847 1835 1834
f 2129 1832 1844
f 1846 1834 2130
f 1848 1845 1844
f 1838 1836 2131
f 1836 1850 2138
f 1845 2136 2135
f 1837 1851 1850
f 1856 1853 1852
f 1850 1858 2141
f 1858 1859 2142
f 1862 1855 1854
f 1851 1857 1858
f 1860 1854 2140
f 1852 1861 2143
f 1857 1856 1859
f 1859 1852 2139
f 1861 1860 2144
f 1853 1863 1861
f 1863 1862 1860
f 1854 1864 2145
f 1855 1865 1864
f 1865 1871 1867
f 1873 1866 2146
f 1864 1867 2147
f 1872 1873 2152
f 1871 1870 1868
f 1784 1783 1787
f 1869 1872 2151
f 1868 2148 2147
f 1875 1874 1873
f 1825 1826 1821
f 1874 1885 1890
f 1876 1878 1881
f 1919 1877 1793
f 1880 1881 1906
f 1920 1879 1877
f 1755 1769 1851
f 1768 1755 1837
f 1767 1768 1841
f 1767 1842 1843
f 1766 1843 1835
f 1753 1835 1847
f 1762 1847 1848
f 1761 1848 1849
f 1760 1849 1833
f 1742 1751 1833
f 1750 1742 1823
f 1749 1829 1824
f 1746 1824 1825
f 1825 1820 1815
f 1769 1776 1857
f 1776 1777 1856
f 1777 1778 1853
f 1778 1771 1863
f 1771 1781 1862
f 1781 1782 1855
f 2117 2161 1882
f 1791 1883 1870
f 2148 1868 1869
f 1885 1884 1785
f 2163 1884 1784
f 1783 1784 1884
f 2115 1785 1884
f 1911 1930 1935
f 1878 1894 1893
f 2278 1897 1891
f 1896 1815 1820
f 1895 1820 1892
f 1894 1898 1892
f 1894 1889 1890
f 1927 1940 1939
f 1814 1896 1895
f 1866 1873 1874
f 1921 1888 1803
f 1818 1895 1898
f 1881 1893 1907
f 2279 1804 1805
f 1817 1745 1899
f 2279 1899 1815
f 1886 2076 2114
f 1870 1887 1869
f 1887 1875 1872
f 1883 1787 1887
f 1866 1889 1892
f 1900 1901 2167
f 1903 2169 2168
f 1902 2168 2167
f 1800 1900 2166
f 1826 1827 1903
f 1906 1907 1925
f 1794 1905 1906
f 1923 1904 1879
f 1905 1923 1920
f 1891 1921 1913
f 1897 1922 1921
f 1924 1939 1931
f 1880 1920 1919
f 1876 1919 1908
f 1910 1918 1818
f 1918 1917 1814
f 1808 1915 1913
f 1809 1915 1916
f 1806 1914 2178
f 2280 1912 1802
f 1802 1912 1922
f 1792 1908 1910
f 1810 1916 2239
f 1794 1799 1911
f 1794 1909 1923
f 1932 1945 1946
f 2200 2217 1941
f 2200 1928 1929
f 2202 1929 1785
f 1929 1926 1786
f 1928 1927 1926
f 1927 1924 1925
f 1936 1940 1941
f 2210 2207 1933
f 1930 1931 1939
f 1938 1939 1940
f 1938 1936 1932
f 1930 1938 1934
f 1936 1937 1933
f 2217 2210 1937
f 1928 1941 1940
f 2253 2260 2252
f 1942 1943 1946
f 1934 1946 1943
f 1932 1933 1944
f 1933 2207 2221
f 2027 2171 2172
f 1954 1955 1953
f 1949 2094 2095
f 2033 2036 2035
f 1952 1953 2096
f 1953 1948 2093
f 1952 2097 2094
f 1955 1947 1948
f 1951 1949 2023
f 1948 1957 2098
f 1947 1956 1957
f 1958 1959 1962
f 1959 2099 2101
f 1960 1961 1968
f 1961 2100 2104
f 1956 1965 1964
f 1965 1966 1963
f 1963 1966 1967
f 1957 1964 2103
f 1964 1963 2102
f 2102 1963 1962
f 1959 1958 1971
f 1970 1971 1972
f 1969 1972 1973
f 1959 1970 2106
f 2106 1970 1969
f 2105 1969 1968
f 1961 1960 1974
f 2100 1961 1975
f 1976 1977 1978
f 1977 2108 2109
f 1975 1974 1981
f 1994 1995 1996
f 2078 1996 1995
f 1980 1981 1982
f 1979 1982 1983
f 2107 1975 1980
f 2111 1980 1979
f 2110 1979 1978
f 1977 1976 1986
f 1985 1986 1987
f 2108 1977 1985
f 2118 1994 1993
f 2113 1985 1984
f 2116 2076 2161
f 1995 1987 2061
f 1992 2149 2082
f 2081 2092 1988
f 1995 1994 1984
f 2089 2090 1992
f 1994 2118 2112
f 2219 2220 2209
f 2174 2001 2180
f 2001 2003 2182
f 2240 2018 2187
f 2004 1999 2179
f 2085 2002 1998
f 2125 2028 2037
f 2164 2002 2085
f 2182 2203 2204
f 2193 2150 2007
f 2146 2119 2006
f 2183 2007 2281
f 2123 2121 2012
f 2124 2022 2023
f 2122 2013 2185
f 2018 2014 2186
f 2011 2017 2015
f 2120 2123 2017
f 2010 2015 2186
f 2128 2037 2036
f 2032 2033 2030
f 1954 1952 1949
f 2188 2019 2292
f 2273 2120 2011
f 2090 2089 1993
f 2162 2008 2282
f 2189 2025 2004
f 2170 2171 2027
f 2033 2173 2169
f 1954 2035 2034
f 2126 2127 2036
f 2006 2027 2026
f 2035 2036 2037
f 2034 2037 2028
f 2028 2038 2039
f 2129 2038 2028
f 2038 2050 2055
f 2051 2052 2053
f 2136 2137 2052
f 2042 2043 2047
f 2040 2130 2132
f 2046 2132 2133
f 2045 2133 2134
f 2041 2040 2046
f 2049 2046 2045
f 2048 2045 2044
f 2053 2052 2040
f 2129 2135 2050
f 2052 2137 2130
f 2050 2051 2054
f 2131 2042 2044
f 2138 2056 2042
f 2135 2136 2051
f 2043 2042 2056
f 2058 2059 2062
f 2141 2064 2056
f 2064 2141 2142
f 2060 2061 2068
f 2057 2056 2064
f 2140 2060 2066
f 2058 2139 2143
f 2063 2064 2065
f 2065 2142 2139
f 2067 2143 2144
f 2059 2058 2067
f 2069 2067 2066
f 2145 2070 2060
f 2061 2060 2070
f 2071 2070 2073
f 2080 2152 2146
f 2147 2073 2070
f 2079 2151 2152
f 2078 2073 2074
f 1992 1988 1989
f 2151 2079 2075
f 2147 2148 2074
f 2082 2079 2080
f 2027 2032 2031
f 2154 2092 2081
f 2088 2085 2083
f 1999 2084 2190
f 2176 2088 2087
f 2084 2086 2191
f 1960 2043 2057
f 1973 2047 2043
f 1972 2048 2047
f 2049 2048 1972
f 2041 2049 1971
f 2053 2041 1958
f 2054 2053 1967
f 2055 2054 1966
f 2039 2055 1965
f 1947 2029 2039
f 1955 2034 2029
f 2030 2035 1954
f 2294 2031 2030
f 2297 2295 2160
f 1974 2057 2063
f 1981 2063 2062
f 1982 2062 2059
f 1983 2059 2069
f 1976 2069 2068
f 1986 2068 2061
f 2089 2161 2117
f 1996 2078 2077
f 2148 1997 2075
f 2092 1991 1990
f 1989 2091 2163
f 1988 2092 2091
f 2091 1990 2115
f 2209 2203 2182
f 2157 2158 2085
f 2155 2162 2285
f 2284 2020 2160
f 2156 2026 2159
f 2156 2164 2158
f 2154 2153 2158
f 2214 2215 2198
f 2160 2020 2298
f 2072 2153 2081
f 2009 2150 2192
f 2164 2159 2024
f 2177 2157 2088
f 2011 2010 2286
f 2165 1950 2023
f 2286 2284 2021
f 2116 1989 2114
f 2075 2149 2077
f 2079 2082 2149
f 2090 2077 2149
f 2072 2006 2156
f 2167 2171 2170
f 2168 2169 2173
f 2167 2168 2172
f 2166 2170 2006
f 2032 2172 2173
f 2196 2177 2176
f 2000 2005 2176
f 2086 2174 2194
f 2191 2194 2175
f 2184 2192 2155
f 2192 2193 2162
f 2204 2214 2195
f 2190 2191 2087
f 2179 2190 2083
f 2024 2189 2181
f 2184 2186 2014
f 2187 2186 2015
f 2178 2185 2012
f 2008 2183 2287
f 2193 2183 2008
f 2181 2179 1998
f 2242 2187 2016
f 2000 2180 2182
f 2194 2180 2000
f 2224 2223 2205
f 2216 2217 2200
f 2201 2199 2200
f 2202 2115 1990
f 2201 1990 1991
f 2197 2198 2199
f 2196 2195 2198
f 2211 2212 2216
f 2206 2207 2210
f 2203 2213 2214
f 2213 2211 2215
f 2205 2211 2213
f 2208 2213 2203
f 2206 2212 2211
f 2212 2210 2217
f 2215 2216 2199
f 2251 1944 2270
f 2224 2220 2219
f 2220 2224 2208
f 2205 2223 2222
f 2206 2222 2221
f 2084 1999 2004
f 2233 1798 1793
f 2255 2264 2265
f 2243 2251 2257
f 2003 2226 2248
f 2001 2174 2226
f 1797 2227 1904
f 2232 2255 2256
f 2226 2228 2249
f 2174 2086 2228
f 2227 2230 1879
f 2249 2254 2253
f 2228 2231 2250
f 2086 2084 2231
f 2230 2233 1877
f 2004 2025 2235
f 2234 2235 1819
f 2235 2236 1813
f 2241 2016 2017
f 2238 2239 1914
f 2239 2237 1807
f 2185 2242 2241
f 2013 2240 2242
f 2236 2019 2281
f 2259 2268 2264
f 2251 2271 2266
f 2245 2246 2233
f 2244 2245 2230
f 2243 2244 2227
f 2244 2257 2258
f 2250 2256 2254
f 2245 2258 2259
f 2254 2263 2260
f 2218 2252 2272
f 2248 2253 2218
f 2246 2259 2255
f 2222 2272 2269
f 2221 2269 2270
f 2263 2265 2264
f 2262 2264 2268
f 2261 2262 2267
f 2229 2261 2266
f 2260 2263 2262
f 2252 2260 2261
f 2258 2267 2268
f 2256 2265 2263
f 2257 2266 2267
f 2229 2269 2272
f 2269 2229 2271
f 2298 2285 2282
f 2010 2155 2284
f 2283 2286 2165
f 2021 2160 2295
f 2291 2290 2295
f 2124 2273 2283
f 2287 2281 2019
f 1917 2280 2275
f 1804 2279 2277
f 1899 2279 2276
f 1896 2278 2277
f 1814 2275 2278
f 2276 2273 2124
f 1813 2274 2280
f 2236 2288 2274
f 2289 2293 2189
f 2293 2292 2025
f 2159 2291 2289
f 2026 2290 2291
f 1950 2021 2290
f 2031 2294 2290
f 2296 2298 2287
f 2293 2297 2296
f 2289 2291 2297
f 2020 2284 2285
f 2317 2301 2302
f 2303 2317 2302
f 2319 2303 2304
f 2305 2319 2304
f 2306 2320 2305
f 2307 2321 2306
f 2308 2322 2307
f 2309 2323 2308
f 2325 2309 2310
f 2326 2310 2311
f 2327 2311 2312
f 2299 3019 3017
f 2313 2327 2312
f 2300 2314 2299
f 3018 2313 3016
f 2316 2300 2301
f 2403 2332 2404
f 2404 2333 2405
f 2405 2334 2406
f 2406 2335 2407
f 2407 2336 2408
f 2408 2337 2409
f 2409 2338 2410
f 2410 2339 2411
f 2608 2339 2340
f 2611 2340 2341
f 2611 2342 2614
f 3030 2329 2412
f 2614 2343 2617
f 2412 2330 2413
f 2335 2351 2336
f 2336 2352 2337
f 2337 2353 2338
f 2338 2354 2339
f 2339 2355 2340
f 2341 2355 2356
f 2341 2357 2342
f 3021 2344 2329
f 2342 2358 2343
f 2330 2344 2345
f 2343 3022 3020
f 2330 2346 2331
f 2331 2347 2332
f 2332 2348 2333
f 2334 2348 2349
f 2334 2350 2335
f 2353 2369 2354
f 2354 2370 2355
f 2355 2371 2356
f 2356 2372 2357
f 3023 2359 2344
f 2357 2373 2358
f 2344 2360 2345
f 2358 3024 3022
f 2345 2361 2346
f 2346 2362 2347
f 2347 2363 2348
f 2348 2364 2349
f 2349 2365 2350
f 2350 2366 2351
f 2351 2367 2352
f 2352 2368 2353
f 2371 2387 2372
f 3025 2374 2359
f 2372 2388 2373
f 2359 2375 2360
f 3024 2388 3026
f 2361 2375 2376
f 2362 2376 2377
f 2362 2378 2363
f 2364 2378 2379
f 2365 2379 2380
f 2365 2381 2366
f 2366 2382 2367
f 2367 2383 2368
f 2368 2384 2369
f 2370 2384 2385
f 2371 2385 2386
f 3314 3436 3313
f 3293 2391 3294
f 3294 2392 3295
f 3295 2393 3296
f 3296 2394 3297
f 3200 3329 3201
f 3297 2395 3298
f 3299 2397 3300
f 3300 2398 3301
f 3301 2399 3303
f 3303 2400 3304
f 3304 2401 3306
f 3305 2389 3307
f 3306 2402 3308
f 3307 2390 3293
f 2632 2645 2644
f 2423 2403 2424
f 2422 2413 2423
f 3031 2433 3032
f 3061 2599 2616
f 3031 2412 2422
f 2607 2603 2619
f 2420 2411 2421
f 2419 2410 2420
f 2418 2409 2419
f 2417 2408 2418
f 2416 2407 2417
f 2415 2406 2416
f 2414 2405 2415
f 2617 3020 3060
f 2424 2425 2435
f 2414 2426 2425
f 2415 2427 2426
f 2416 2428 2427
f 2417 2429 2428
f 2418 2430 2429
f 2419 2431 2430
f 2420 2432 2431
f 2432 2620 2576
f 2622 2603 2604
f 2625 2604 2605
f 2626 2579 2623
f 2628 2605 2606
f 2629 2582 2626
f 3064 2606 3058
f 3063 2585 2629
f 2445 2435 2446
f 3017 2444 2299
f 2444 2434 2445
f 3033 2433 2444
f 2596 2453 2454
f 2310 2591 2311
f 2575 2451 2587
f 2442 2432 2443
f 2441 2431 2442
f 2440 2430 2441
f 2439 2429 2440
f 2438 2428 2439
f 2437 2427 2438
f 2436 2426 2437
f 2446 2425 2436
f 2423 2435 2434
f 2301 2436 2302
f 2302 2437 2303
f 2303 2438 2304
f 2304 2439 2305
f 2305 2440 2306
f 2306 2441 2307
f 2307 2442 2308
f 2308 2443 2309
f 2309 2588 2310
f 2590 2451 2452
f 2593 2452 2453
f 2311 2594 2312
f 2312 2597 2313
f 3056 2454 3034
f 2313 3055 3016
f 2299 2445 2300
f 2424 2404 2414
f 2507 2493 2492
f 2506 2492 2491
f 2505 2491 2490
f 2504 2490 2489
f 2503 2489 2488
f 2641 2652 2649
f 3042 2633 2514
f 2502 2488 2487
f 2512 2498 2497
f 2511 2497 2496
f 2510 2496 2495
f 2509 2495 2494
f 2524 2510 2509
f 2510 2526 2511
f 2511 2527 2512
f 2527 2513 2512
f 3045 2500 3043
f 2528 2514 2513
f 2515 2501 2500
f 2529 3042 2514
f 2501 2517 2502
f 2502 2518 2503
f 2518 2504 2503
f 2504 2520 2505
f 2520 2506 2505
f 2521 2507 2506
f 2522 2508 2507
f 2523 2509 2508
f 2542 2528 2527
f 3047 2515 3045
f 2543 2529 2528
f 2530 2516 2515
f 2544 3044 2529
f 2531 2517 2516
f 2532 2518 2517
f 2533 2519 2518
f 2534 2520 2519
f 2535 2521 2520
f 2536 2522 2521
f 2537 2523 2522
f 2538 2524 2523
f 2539 2525 2524
f 2540 2526 2525
f 2541 2527 2526
f 2487 2533 2532
f 2486 2532 2531
f 2486 2530 2485
f 2485 3047 3041
f 3040 2544 2499
f 2499 2543 2498
f 2498 2542 2497
f 2496 2542 2541
f 2495 2541 2540
f 2495 2539 2494
f 2494 2538 2493
f 2493 2537 2492
f 2492 2536 2491
f 2491 2535 2490
f 2489 2535 2534
f 2489 2533 2488
f 2557 2466 2467
f 2558 2467 2468
f 2545 3037 2455
f 2469 2558 2468
f 2456 2545 2455
f 3048 2469 3036
f 2547 2456 2457
f 2548 2457 2458
f 2459 2548 2458
f 2550 2459 2460
f 2461 2550 2460
f 2462 2551 2461
f 2463 2552 2462
f 2464 2553 2463
f 2465 2554 2464
f 2556 2465 2466
f 2574 2558 2559
f 2561 2545 2546
f 3050 2559 3048
f 2562 2546 2547
f 2563 2547 2548
f 2564 2548 2549
f 2565 2549 2550
f 2566 2550 2551
f 2567 2551 2552
f 2568 2552 2553
f 2569 2553 2554
f 2570 2554 2555
f 2571 2555 2556
f 2572 2556 2557
f 2573 2557 2558
f 2560 3049 2545
f 2474 2565 2475
f 2565 2476 2475
f 2566 2477 2476
f 2567 2478 2477
f 2568 2479 2478
f 2569 2480 2479
f 2480 2571 2481
f 2481 2572 2482
f 2482 2573 2483
f 2573 2484 2483
f 2484 3050 3038
f 3051 2470 3039
f 2560 2471 2470
f 2471 2562 2472
f 2472 2563 2473
f 2563 2474 2473
f 2475 2461 2460
f 2474 2460 2459
f 2473 2459 2458
f 2472 2458 2457
f 2484 3036 2469
f 2483 2469 2468
f 2482 2468 2467
f 2481 2467 2466
f 2480 2466 2465
f 2479 2465 2464
f 2478 2464 2463
f 2477 2463 2462
f 2476 2462 2461
f 2454 3037 3034
f 2453 2455 2454
f 2453 2452 2456
f 2451 2456 2452
f 3039 2447 3035
f 2470 2448 2447
f 2448 2471 2449
f 2471 2450 2449
f 2472 2451 2450
f 3053 2447 2584
f 2584 2448 2581
f 2581 2449 2578
f 2578 2450 2575
f 2588 2432 2576
f 2300 2446 2301
f 3052 2586 2585
f 3054 2584 2586
f 2585 2583 2582
f 2586 2581 2583
f 2582 2580 2579
f 2583 2578 2580
f 2579 2577 2576
f 2580 2575 2577
f 2587 2577 2575
f 2589 2576 2577
f 2587 2592 2589
f 2589 2591 2588
f 2590 2595 2592
f 2592 2594 2591
f 2593 2598 2595
f 2595 2597 2594
f 2596 3057 2598
f 2598 3055 2597
f 2422 2434 2433
f 2623 2576 2620
f 2508 2494 2493
f 3041 2606 2485
f 2485 2605 2486
f 2605 2604 2486
f 2486 2603 2487
f 2501 2602 2601
f 2601 2600 2501
f 2500 2600 2599
f 3043 2599 3059
f 2616 2600 2613
f 2613 2601 2610
f 2610 2602 2607
f 2603 2502 2487
f 3060 2618 2617
f 3062 2616 2618
f 2617 2615 2614
f 2618 2613 2615
f 2614 2612 2611
f 2615 2610 2612
f 2611 2609 2608
f 2612 2607 2609
f 2620 2411 2608
f 2619 2609 2607
f 2619 2624 2621
f 2621 2623 2620
f 2622 2627 2624
f 2624 2626 2623
f 2625 2630 2627
f 2627 2629 2626
f 2628 3065 2630
f 2630 3063 2629
f 2633 2636 2634
f 3067 2635 2633
f 2621 2608 2609
f 2498 2631 2499
f 2499 3066 3040
f 2635 2638 2636
f 3068 2637 2635
f 2637 2640 2638
f 3069 2639 2637
f 2640 2642 2641
f 2639 3071 2642
f 2514 2634 2513
f 2643 3074 3072
f 2649 2646 2641
f 2654 2655 2658
f 2636 2640 2634
f 2644 2651 2643
f 2631 3072 3066
f 2993 2874 2859
f 2632 2643 2631
f 2641 2647 2645
f 2642 3073 2652
f 2645 2647 2658
f 2651 3075 3074
f 2653 3073 3075
f 2648 2653 2651
f 2650 2652 2653
f 2649 2655 2654
f 2644 2657 2648
f 2657 2650 2648
f 2658 2657 2656
f 2645 2640 2641
f 2661 2677 2662
f 2663 2677 2678
f 2663 2679 2664
f 2665 2679 2680
f 2665 2681 2666
f 2667 2681 2682
f 2667 2683 2668
f 2669 2683 2684
f 2669 2685 2670
f 2670 2686 2671
f 2671 2687 2672
f 2659 3019 2674
f 2673 2687 2688
f 2660 2674 2675
f 2673 3018 3016
f 2660 2676 2661
f 2413 2331 2403
f 2692 2764 2765
f 2693 2765 2766
f 2694 2766 2767
f 2695 2767 2768
f 2696 2768 2769
f 2697 2769 2770
f 2698 2770 2771
f 2699 2771 2772
f 2969 2699 2772
f 2972 2700 2969
f 2702 2972 2975
f 2689 3030 2773
f 2703 2975 2978
f 2690 2773 2774
f 2696 2710 2695
f 2712 2696 2697
f 2698 2712 2697
f 2714 2698 2699
f 2715 2699 2700
f 2701 2715 2700
f 2702 2716 2701
f 2689 3023 3021
f 2718 2702 2703
f 2690 2704 2689
f 3022 2703 3020
f 2706 2690 2691
f 2707 2691 2692
f 2708 2692 2693
f 2709 2693 2694
f 2710 2694 2695
f 2729 2713 2714
f 2730 2714 2715
f 2731 2715 2716
f 2732 2716 2717
f 2719 3023 2704
f 2733 2717 2718
f 2720 2704 2705
f 3024 2718 3022
f 2721 2705 2706
f 2722 2706 2707
f 2723 2707 2708
f 2724 2708 2709
f 2725 2709 2710
f 2726 2710 2711
f 2727 2711 2712
f 2728 2712 2713
f 2747 2731 2732
f 2734 3025 2719
f 2748 2732 2733
f 2735 2719 2720
f 3024 2748 2733
f 2721 2735 2720
f 2722 2736 2721
f 2738 2722 2723
f 2724 2738 2723
f 2725 2739 2724
f 2741 2725 2726
f 2742 2726 2727
f 2743 2727 2728
f 2744 2728 2729
f 2730 2744 2729
f 2746 2730 2731
f 3308 3028 3302
f 2751 3309 3310
f 2752 3310 3311
f 2753 3311 3312
f 2754 3312 3313
f 3516 3429 3521
f 3428 3433 3429
f 3436 2754 3313
f 2758 3438 3317
f 2759 3317 3318
f 2760 3318 3319
f 2761 3319 3320
f 2762 3320 3321
f 2749 3305 3322
f 2763 3321 3323
f 2750 3322 3309
f 3006 3001 2995
f 2764 2784 2785
f 2774 2783 2784
f 2783 3032 2794
f 2960 3061 2977
f 2773 3031 2783
f 2964 2968 2980
f 2772 2781 2782
f 2771 2780 2781
f 2770 2779 2780
f 2769 2778 2779
f 2768 2777 2778
f 2767 2776 2777
f 2766 2775 2776
f 3020 2978 3060
f 2775 2796 2786
f 2776 2786 2787
f 2777 2787 2788
f 2778 2788 2789
f 2779 2789 2790
f 2780 2790 2791
f 2781 2791 2792
f 2782 2792 2793
f 2981 2793 2937
f 2983 2964 2980
f 2986 2965 2983
f 2984 2943 2987
f 2989 2966 2986
f 2987 2946 2990
f 3064 2967 2989
f 3063 2946 3052
f 2796 2806 2807
f 2805 3017 2659
f 2795 2805 2806
f 2794 3033 2805
f 2957 2814 2954
f 2952 2670 2671
f 2812 2936 2948
f 2793 2803 2804
f 2792 2802 2803
f 2791 2801 2802
f 2790 2800 2801
f 2789 2799 2800
f 2788 2798 2799
f 2787 2797 2798
f 2786 2807 2797
f 2785 2795 2796
f 2797 2661 2662
f 2798 2662 2663
f 2799 2663 2664
f 2800 2664 2665
f 2801 2665 2666
f 2802 2666 2667
f 2803 2667 2668
f 2804 2668 2669
f 2949 2669 2670
f 2951 2812 2948
f 2954 2813 2951
f 2955 2671 2672
f 2958 2672 2673
f 3056 2815 2957
f 3055 2673 3016
f 2806 2659 2660
f 2765 2785 2775
f 2854 2868 2853
f 2853 2867 2852
f 2852 2866 2851
f 2851 2865 2850
f 2850 2864 2849
f 3013 3002 3010
f 2994 3042 2875
f 2849 2863 2848
f 2859 2873 2858
f 2858 2872 2857
f 2857 2871 2856
f 2856 2870 2855
f 2871 2885 2870
f 2871 2887 2886
f 2872 2888 2887
f 2874 2888 2873
f 2861 3045 3043
f 2875 2889 2874
f 2862 2876 2861
f 3042 2890 2875
f 2862 2878 2877
f 2863 2879 2878
f 2865 2879 2864
f 2865 2881 2880
f 2867 2881 2866
f 2868 2882 2867
f 2869 2883 2868
f 2870 2884 2869
f 2889 2903 2888
f 2876 3047 3045
f 2890 2904 2889
f 2877 2891 2876
f 3044 2905 2890
f 2878 2892 2877
f 2879 2893 2878
f 2880 2894 2879
f 2881 2895 2880
f 2882 2896 2881
f 2883 2897 2882
f 2884 2898 2883
f 2885 2899 2884
f 2886 2900 2885
f 2887 2901 2886
f 2888 2902 2887
f 2848 2894 2849
f 2847 2893 2848
f 2891 2847 2846
f 3047 2846 3041
f 2905 3040 2860
f 2904 2860 2859
f 2903 2859 2858
f 2857 2903 2858
f 2856 2902 2857
f 2900 2856 2855
f 2899 2855 2854
f 2898 2854 2853
f 2897 2853 2852
f 2896 2852 2851
f 2850 2896 2851
f 2894 2850 2849
f 2827 2918 2828
f 2828 2919 2829
f 3037 2906 2816
f 2830 2919 2920
f 2817 2906 2907
f 2830 3048 3036
f 2817 2908 2818
f 2818 2909 2819
f 2820 2909 2910
f 2820 2911 2821
f 2822 2911 2912
f 2823 2912 2913
f 2824 2913 2914
f 2825 2914 2915
f 2826 2915 2916
f 2826 2917 2827
f 2919 2935 2920
f 2906 2922 2907
f 2920 3050 3048
f 2907 2923 2908
f 2908 2924 2909
f 2909 2925 2910
f 2910 2926 2911
f 2911 2927 2912
f 2912 2928 2913
f 2913 2929 2914
f 2914 2930 2915
f 2915 2931 2916
f 2916 2932 2917
f 2917 2933 2918
f 2918 2934 2919
f 3049 2921 2906
f 2835 2926 2925
f 2837 2926 2836
f 2838 2927 2837
f 2839 2928 2838
f 2840 2929 2839
f 2841 2930 2840
f 2841 2932 2931
f 2842 2933 2932
f 2843 2934 2933
f 2845 2934 2844
f 2845 3050 2935
f 2831 3051 3039
f 2832 2921 2831
f 2832 2923 2922
f 2833 2924 2923
f 2835 2924 2834
f 2822 2836 2821
f 2821 2835 2820
f 2820 2834 2819
f 2819 2833 2818
f 3036 2845 2830
f 2830 2844 2829
f 2829 2843 2828
f 2828 2842 2827
f 2827 2841 2826
f 2826 2840 2825
f 2825 2839 2824
f 2824 2838 2823
f 2823 2837 2822
f 3037 2815 3034
f 2816 2814 2815
f 2814 2817 2813
f 2817 2812 2813
f 2808 3039 3035
f 2809 2831 2808
f 2809 2810 2832
f 2811 2832 2810
f 2812 2833 2811
f 2808 3053 2945
f 2809 2945 2942
f 2810 2942 2939
f 2811 2939 2936
f 2949 2793 2804
f 2807 2660 2661
f 2947 3052 2946
f 2945 3054 2947
f 2944 2946 2943
f 2942 2947 2944
f 2941 2943 2940
f 2939 2944 2941
f 2938 2940 2937
f 2936 2941 2938
f 2938 2948 2936
f 2937 2950 2938
f 2948 2953 2951
f 2950 2952 2953
f 2951 2956 2954
f 2953 2955 2956
f 2954 2959 2957
f 2956 2958 2959
f 2957 3057 3056
f 2959 3055 3057
f 2784 2794 2795
f 2984 2937 2940
f 2855 2869 2854
f 3041 2967 3058
f 2846 2966 2967
f 2966 2847 2965
f 2847 2964 2965
f 2862 2963 2863
f 2962 2862 2961
f 2861 2961 2862
f 3043 2960 2861
f 2961 2977 2974
f 2962 2974 2971
f 2963 2971 2968
f 2863 2964 2848
f 2979 3060 2978
f 2977 3062 2979
f 2976 2978 2975
f 2974 2979 2976
f 2973 2975 2972
f 2971 2976 2973
f 2970 2972 2969
f 2968 2973 2970
f 2981 2772 2782
f 2970 2980 2968
f 2980 2985 2983
f 2982 2984 2985
f 2983 2988 2986
f 2985 2987 2988
f 2986 2991 2989
f 2988 2990 2991
f 2989 3065 3064
f 2991 3063 3065
f 2997 2994 2995
f 2996 3067 2994
f 2969 2982 2970
f 2992 2859 2860
f 3066 2860 3040
f 2999 2996 2997
f 2998 3068 2996
f 3001 2998 2999
f 3000 3069 2998
f 3003 3001 3002
f 3071 3000 3003
f 2995 2875 2874
f 2632 2634 2645
f 2993 3006 2995
f 3074 3004 3072
f 3007 3010 3002
f 3079 3076 3015
f 3001 2997 2995
f 3012 3005 3004
f 3072 2992 3066
f 2634 2640 2645
f 3004 2993 2992
f 3008 3002 3006
f 3073 3003 3013
f 3079 3008 3006
f 3075 3012 3074
f 3073 3014 3075
f 3014 3009 3012
f 3013 3011 3014
f 3076 3010 3015
f 3078 3005 3009
f 3078 3011 3076
f 3079 3078 3076
f 3006 3002 3001
f 3005 3006 2993
f 2319 3084 2318
f 2680 3102 2681
f 2320 3085 2319
f 2681 3103 2682
f 2321 3086 2320
f 2682 3104 2683
f 2322 3087 2321
f 2683 3105 2684
f 2323 3088 2322
f 2684 3106 2685
f 2324 3089 2323
f 2685 3107 2686
f 2325 3090 2324
f 2686 3108 2687
f 3019 3095 2674
f 2326 3091 2325
f 2687 3109 2688
f 2674 3096 2675
f 2327 3092 2326
f 2688 3110 3018
f 2314 3111 3019
f 2675 3097 2676
f 2328 3093 2327
f 2315 3080 2314
f 2676 3098 2677
f 3018 3094 2328
f 2316 3081 2315
f 2677 3099 2678
f 2317 3082 2316
f 2678 3100 2679
f 2318 3083 2317
f 2679 3101 2680
f 3111 3127 3095
f 3082 3115 3114
f 3108 3141 3109
f 3095 3128 3096
f 3083 3116 3115
f 3109 3142 3110
f 3097 3128 3129
f 3085 3116 3084
f 3097 3130 3098
f 3086 3117 3085
f 3098 3131 3099
f 3086 3119 3118
f 3099 3132 3100
f 3088 3119 3087
f 3100 3133 3101
f 3089 3120 3088
f 3101 3134 3102
f 3090 3121 3089
f 3103 3134 3135
f 3091 3122 3090
f 3103 3136 3104
f 3092 3123 3091
f 3104 3137 3105
f 3092 3125 3124
f 3080 3143 3111
f 3106 3137 3138
f 3094 3125 3093
f 3081 3112 3080
f 3106 3139 3107
f 3094 3142 3126
f 3082 3113 3081
f 3107 3140 3108
f 3137 3149 3138
f 3119 3169 3118
f 3112 3144 3143
f 3130 3156 3131
f 3125 3163 3124
f 3118 3170 3117
f 3136 3150 3137
f 3129 3157 3130
f 3124 3164 3123
f 3117 3171 3116
f 3135 3151 3136
f 3128 3158 3129
f 3123 3165 3122
f 3143 3160 3127
f 3141 3145 3142
f 3134 3152 3135
f 3139 3147 3140
f 3116 3172 3115
f 3122 3166 3121
f 3114 3174 3113
f 3127 3159 3128
f 3133 3153 3134
f 3142 3161 3126
f 3140 3146 3141
f 3121 3167 3120
f 3138 3148 3139
f 3132 3154 3133
f 3113 3175 3112
f 3120 3168 3119
f 3126 3162 3125
f 3131 3155 3132
f 3115 3173 3114
f 3147 3180 3179
f 3153 3184 3152
f 3174 3205 3206
f 3149 3182 3181
f 3165 3198 3166
f 3154 3187 3186
f 3148 3181 3180
f 3152 3183 3151
f 3153 3186 3185
f 3151 3182 3150
f 3156 3187 3155
f 3144 3207 3176
f 3157 3188 3156
f 3158 3189 3157
f 3168 3199 3200
f 3160 3191 3159
f 3159 3190 3158
f 3161 3177 3193
f 3162 3195 3163
f 3169 3202 3170
f 3144 3192 3160
f 3164 3197 3165
f 3175 3206 3207
f 3167 3198 3199
f 3162 3193 3194
f 3168 3201 3169
f 3172 3203 3204
f 3171 3202 3203
f 3146 3179 3178
f 3146 3177 3145
f 3163 3196 3164
f 3173 3204 3205
f 3324 3208 3325
f 3326 3229 3327
f 3201 3360 3202
f 3198 3356 3199
f 3331 3236 3324
f 3330 3232 3332
f 3333 3209 3334
f 3332 3233 3335
f 3335 3234 3336
f 3337 3211 3338
f 3333 3211 3210
f 3339 3216 3340
f 3341 3213 3342
f 3336 3235 3331
f 3343 3218 3344
f 3340 3215 3345
f 3342 3212 3337
f 3346 3220 3347
f 3344 3217 3339
f 3345 3214 3341
f 3348 3222 3349
f 3347 3219 3343
f 3325 3224 3350
f 3349 3221 3346
f 3351 3226 3352
f 3350 3223 3348
f 3353 3228 3326
f 3334 3225 3351
f 3327 3230 3328
f 3352 3227 3353
f 3236 3263 3264
f 3231 3260 3232
f 3209 3239 3238
f 3233 3260 3261
f 3234 3261 3262
f 3211 3241 3240
f 3211 3239 3210
f 3214 3242 3213
f 3234 3263 3235
f 3218 3247 3246
f 3216 3244 3215
f 3212 3242 3241
f 3221 3248 3220
f 3214 3244 3243
f 3222 3251 3250
f 3219 3248 3247
f 3208 3252 3224
f 3222 3249 3221
f 3226 3253 3254
f 3224 3251 3223
f 3227 3256 3228
f 3209 3253 3225
f 3229 3258 3230
f 3226 3255 3227
f 3208 3264 3237
f 3229 3256 3257
f 3362 3259 3231
f 3243 3270 3242
f 3262 3291 3263
f 3247 3274 3246
f 3245 3272 3244
f 3242 3269 3241
f 3249 3276 3248
f 3244 3271 3243
f 3251 3278 3250
f 3248 3275 3247
f 3237 3280 3252
f 3250 3277 3249
f 3253 3282 3254
f 3252 3279 3251
f 3255 3284 3256
f 3238 3281 3253
f 3257 3286 3258
f 3254 3283 3255
f 3264 3265 3237
f 3256 3285 3257
f 3363 3287 3259
f 3263 3292 3264
f 3259 3288 3260
f 3239 3266 3238
f 3260 3289 3261
f 3261 3290 3262
f 3241 3268 3240
f 3240 3267 3239
f 3265 3365 3366
f 3292 3367 3365
f 3367 3290 3368
f 3368 3289 3369
f 3289 3370 3369
f 3370 3287 3371
f 3371 3364 3393
f 3359 3200 3199
f 3354 3372 3394
f 3286 3373 3372
f 3285 3374 3373
f 3374 3283 3375
f 3375 3282 3376
f 3282 3377 3376
f 3281 3378 3377
f 3378 3267 3379
f 3379 3268 3380
f 3381 3268 3269
f 3382 3269 3270
f 3382 3271 3383
f 3384 3271 3272
f 3385 3272 3273
f 3386 3275 3387
f 3387 3276 3388
f 3389 3276 3277
f 3390 3277 3278
f 3391 3278 3279
f 3391 3280 3392
f 3392 3265 3366
f 3302 2748 3026
f 3309 2734 2735
f 3323 2747 2748
f 3322 3027 2734
f 3321 2746 2747
f 3320 2745 2746
f 3319 2744 2745
f 3318 2743 2744
f 3317 2742 2743
f 3316 2741 2742
f 3315 2740 2741
f 3314 2739 2740
f 3313 2738 2739
f 3312 2737 2738
f 3311 2736 2737
f 3310 2735 2736
f 2388 3302 3026
f 2374 3293 2375
f 2387 3308 2388
f 3027 3307 2374
f 2386 3306 2387
f 2385 3304 2386
f 2384 3303 2385
f 2383 3301 2384
f 2382 3300 2383
f 2381 3299 2382
f 2381 3298 3361
f 2380 3297 3298
f 2378 3297 2379
f 2377 3296 2378
f 2376 3295 2377
f 2375 3294 2376
f 3194 3353 3195
f 3197 3328 3198
f 3177 3351 3193
f 3195 3326 3196
f 3192 3348 3191
f 3193 3352 3194
f 3190 3346 3189
f 3176 3350 3192
f 3188 3343 3187
f 3191 3349 3190
f 3183 3341 3182
f 3186 3339 3185
f 3189 3347 3188
f 3181 3337 3180
f 3184 3345 3183
f 3187 3344 3186
f 3205 3331 3206
f 3182 3342 3181
f 3185 3340 3184
f 3179 3333 3178
f 3180 3338 3179
f 3204 3336 3205
f 3203 3335 3204
f 3178 3334 3177
f 3202 3332 3203
f 3206 3324 3207
f 3326 3197 3196
f 3493 3455 3496
f 3357 3286 3354
f 3355 3258 3357
f 3298 3393 3397
f 3202 3360 3330
f 3330 3362 3231
f 3199 3356 3359
f 3230 3356 3328
f 3396 3358 3359
f 3201 3329 3360
f 3198 3328 3356
f 3397 3360 3329
f 3487 3445 3495
f 3486 3459 3494
f 3356 3357 3395
f 3485 3456 3493
f 3385 3425 3384
f 3413 3406 3416
f 3412 3399 3415
f 3415 3453 3498
f 2760 3381 3382
f 2762 3381 2761
f 2763 3380 2762
f 2763 3378 3379
f 2402 3378 3028
f 3376 2402 2401
f 3375 2401 2400
f 2399 3375 2400
f 2398 3374 2399
f 3372 2398 2397
f 3394 2397 2396
f 2394 3393 2395
f 2393 3371 2394
f 3369 2393 2392
f 3484 3448 3488
f 3492 3460 3486
f 3481 3457 3485
f 3482 3447 3484
f 3298 3396 3361
f 3299 3396 3395
f 3299 3394 2396
f 3393 3363 3397
f 3360 3363 3362
f 3394 3357 3354
f 3399 3411 3453
f 3400 3410 3399
f 3413 3402 3407
f 3413 3419 3420
f 3402 3406 3407
f 3403 3405 3406
f 3416 3405 3417
f 3424 3419 3414
f 3483 3461 3492
f 3422 3402 3420
f 3421 3410 3423
f 3418 3403 3422
f 3423 3409 3424
f 3528 3479 3534
f 3424 3400 3412
f 2759 3382 3383
f 2759 3432 3426
f 3418 3405 3404
f 3428 3414 3430
f 3506 3478 3547
f 3427 3424 3428
f 3426 3422 3435
f 3480 3423 3427
f 3435 3420 3434
f 3434 3419 3433
f 3425 3417 3432
f 3431 3498 3401
f 3430 3413 3408
f 3429 3415 3431
f 3408 3416 3425
f 3433 3412 3429
f 3521 3431 3523
f 3523 3401 3506
f 3384 3432 3383
f 2758 3434 2757
f 3536 3427 3514
f 2759 3435 2758
f 3516 3427 3428
f 3532 3469 3539
f 3426 3417 3418
f 3298 2395 3393
f 3299 3395 3394
f 3438 3315 3316
f 3437 3314 3315
f 3316 3317 3438
f 3408 3433 3430
f 3385 3434 3408
f 3440 2757 3385
f 3439 3438 3440
f 3436 3439 2756
f 3246 3441 3218
f 3439 3443 3442
f 3385 3273 3245
f 2755 2756 3386
f 3441 3439 3442
f 3217 3443 3216
f 3441 3217 3218
f 2756 3441 3246
f 3216 3443 3245
f 3245 3443 3440
f 3440 3385 3245
f 3274 3386 3246
f 3386 2756 3246
f 3028 3323 3302
f 2513 2632 2498
f 3207 3325 3176
f 3449 3454 3445
f 3450 3460 3461
f 3450 3462 3449
f 3451 3459 3460
f 3447 3458 3448
f 3446 3457 3447
f 3455 3446 3444
f 3454 3444 3445
f 3453 3459 3452
f 3494 3411 3421
f 3489 3449 3487
f 3488 3458 3481
f 3496 3454 3497
f 3490 3450 3489
f 3534 3467 3513
f 3491 3451 3490
f 3495 3444 3499
f 3498 3452 3491
f 3497 3462 3483
f 3499 3446 3482
f 3547 3477 3545
f 3545 3475 3543
f 3530 3476 3532
f 3500 3465 3519
f 3543 3472 3541
f 3526 3480 3536
f 3539 3468 3510
f 3513 3466 3508
f 3519 3464 3504
f 3510 3398 3502
f 3508 3463 3500
f 3504 3470 3524
f 3502 3471 3526
f 3541 3473 3528
f 3524 3474 3530
f 3479 3482 3467
f 3476 3483 3469
f 3401 3491 3478
f 3473 3499 3479
f 3478 3490 3477
f 3477 3489 3475
f 3474 3497 3476
f 3463 3481 3465
f 3475 3487 3472
f 3471 3421 3480
f 3469 3492 3468
f 3467 3484 3466
f 3465 3485 3464
f 3468 3486 3398
f 3466 3488 3463
f 3464 3493 3470
f 3398 3494 3471
f 3472 3495 3473
f 3470 3496 3474
f 3367 3531 3365
f 3541 3532 3539
f 2749 3529 3029
f 3532 3534 3530
f 3390 3527 3389
f 3503 3526 3527
f 3368 3525 3367
f 3505 3524 3525
f 2391 3501 2392
f 3509 3500 3501
f 3391 3503 3390
f 3511 3502 3503
f 3369 3505 3368
f 3518 3504 3505
f 2390 3509 2391
f 3512 3508 3509
f 3392 3511 3391
f 3513 3530 3534
f 3389 3537 3388
f 3527 3536 3537
f 2750 3540 2749
f 3525 3513 3512
f 2392 3518 3369
f 3501 3519 3518
f 3365 3533 3366
f 3512 3531 3525
f 2751 3542 2750
f 3544 3543 3542
f 2752 3544 2751
f 3546 3545 3544
f 2389 3512 2390
f 3535 3533 3531
f 3366 3538 3392
f 3540 3533 3529
f 3386 3515 3517
f 3517 3514 3516
f 3388 3515 3387
f 3537 3514 3515
f 2754 3507 2753
f 3522 3506 3507
f 2755 3522 2754
f 3520 3523 3522
f 2753 3546 2752
f 3507 3547 3546
f 3029 3535 2389
f 3542 3538 3540
f 3386 3520 2755
f 3517 3521 3520
f 3539 3543 3541
f 3511 3543 3510
f 2691 2774 2764
f 2317 2316 2301
f 2303 2318 2317
f 2319 2318 2303
f 2305 2320 2319
f 2306 2321 2320
f 2307 2322 2321
f 2308 2323 2322
f 2309 2324 2323
f 2325 2324 2309
f 2326 2325 2310
f 2327 2326 2311
f 2299 2314 3019
f 2313 2328 2327
f 2300 2315 2314
f 3018 2328 2313
f 2316 2315 2300
f 2403 2331 2332
f 2404 2332 2333
f 2405 2333 2334
f 2406 2334 2335
f 2407 2335 2336
f 2408 2336 2337
f 2409 2337 2338
f 2410 2338 2339
f 2608 2411 2339
f 2611 2608 2340
f 2611 2341 2342
f 3030 3021 2329
f 2614 2342 2343
f 2412 2329 2330
f 2335 2350 2351
f 2336 2351 2352
f 2337 2352 2353
f 2338 2353 2354
f 2339 2354 2355
f 2341 2340 2355
f 2341 2356 2357
f 3021 3023 2344
f 2342 2357 2358
f 2330 2329 2344
f 2343 2358 3022
f 2330 2345 2346
f 2331 2346 2347
f 2332 2347 2348
f 2334 2333 2348
f 2334 2349 2350
f 2353 2368 2369
f 2354 2369 2370
f 2355 2370 2371
f 2356 2371 2372
f 3023 3025 2359
f 2357 2372 2373
f 2344 2359 2360
f 2358 2373 3024
f 2345 2360 2361
f 2346 2361 2362
f 2347 2362 2363
f 2348 2363 2364
f 2349 2364 2365
f 2350 2365 2366
f 2351 2366 2367
f 2352 2367 2368
f 2371 2386 2387
f 3025 3027 2374
f 2372 2387 2388
f 2359 2374 2375
f 3024 2373 2388
f 2361 2360 2375
f 2362 2361 2376
f 2362 2377 2378
f 2364 2363 2378
f 2365 2364 2379
f 2365 2380 2381
f 2366 2381 2382
f 2367 2382 2383
f 2368 2383 2384
f 2370 2369 2384
f 2371 2370 2385
f 3293 2390 2391
f 3294 2391 2392
f 3295 2392 2393
f 3296 2393 2394
f 3200 3358 3329
f 3297 2394 2395
f 3299 2396 2397
f 3300 2397 2398
f 3301 2398 2399
f 3303 2399 2400
f 3304 2400 2401
f 3305 3029 2389
f 3306 2401 2402
f 3307 2389 2390
f 2423 2413 2403
f 2422 2412 2413
f 3031 2422 2433
f 3061 3059 2599
f 3031 3030 2412
f 2607 2602 2603
f 2420 2410 2411
f 2419 2409 2410
f 2418 2408 2409
f 2417 2407 2408
f 2416 2406 2407
f 2415 2405 2406
f 2414 2404 2405
f 2617 2343 3020
f 2424 2414 2425
f 2414 2415 2426
f 2415 2416 2427
f 2416 2417 2428
f 2417 2418 2429
f 2418 2419 2430
f 2419 2420 2431
f 2420 2421 2432
f 2432 2421 2620
f 2622 2619 2603
f 2625 2622 2604
f 2626 2582 2579
f 2628 2625 2605
f 2629 2585 2582
f 3064 2628 2606
f 3063 3052 2585
f 2445 2434 2435
f 3017 3033 2444
f 2444 2433 2434
f 3033 3032 2433
f 2596 2593 2453
f 2310 2588 2591
f 2575 2450 2451
f 2442 2431 2432
f 2441 2430 2431
f 2440 2429 2430
f 2439 2428 2429
f 2438 2427 2428
f 2437 2426 2427
f 2436 2425 2426
f 2446 2435 2425
f 2423 2424 2435
f 2301 2446 2436
f 2302 2436 2437
f 2303 2437 2438
f 2304 2438 2439
f 2305 2439 2440
f 2306 2440 2441
f 2307 2441 2442
f 2308 2442 2443
f 2309 2443 2588
f 2590 2587 2451
f 2593 2590 2452
f 2311 2591 2594
f 2312 2594 2597
f 3056 2596 2454
f 2313 2597 3055
f 2299 2444 2445
f 2424 2403 2404
f 2507 2508 2493
f 2506 2507 2492
f 2505 2506 2491
f 2504 2505 2490
f 2503 2504 2489
f 2641 2642 2652
f 3042 3067 2633
f 2502 2503 2488
f 2512 2513 2498
f 2511 2512 2497
f 2510 2511 2496
f 2509 2510 2495
f 2524 2525 2510
f 2510 2525 2526
f 2511 2526 2527
f 2527 2528 2513
f 3045 2515 2500
f 2528 2529 2514
f 2515 2516 2501
f 2529 3044 3042
f 2501 2516 2517
f 2502 2517 2518
f 2518 2519 2504
f 2504 2519 2520
f 2520 2521 2506
f 2521 2522 2507
f 2522 2523 2508
f 2523 2524 2509
f 2542 2543 2528
f 3047 2530 2515
f 2543 2544 2529
f 2530 2531 2516
f 2544 3046 3044
f 2531 2532 2517
f 2532 2533 2518
f 2533 2534 2519
f 2534 2535 2520
f 2535 2536 2521
f 2536 2537 2522
f 2537 2538 2523
f 2538 2539 2524
f 2539 2540 2525
f 2540 2541 2526
f 2541 2542 2527
f 2487 2488 2533
f 2486 2487 2532
f 2486 2531 2530
f 2485 2530 3047
f 3040 3046 2544
f 2499 2544 2543
f 2498 2543 2542
f 2496 2497 2542
f 2495 2496 2541
f 2495 2540 2539
f 2494 2539 2538
f 2493 2538 2537
f 2492 2537 2536
f 2491 2536 2535
f 2489 2490 2535
f 2489 2534 2533
f 2557 2556 2466
f 2558 2557 2467
f 2545 3049 3037
f 2469 2559 2558
f 2456 2546 2545
f 3048 2559 2469
f 2547 2546 2456
f 2548 2547 2457
f 2459 2549 2548
f 2550 2549 2459
f 2461 2551 2550
f 2462 2552 2551
f 2463 2553 2552
f 2464 2554 2553
f 2465 2555 2554
f 2556 2555 2465
f 2574 2573 2558
f 2561 2560 2545
f 3050 2574 2559
f 2562 2561 2546
f 2563 2562 2547
f 2564 2563 2548
f 2565 2564 2549
f 2566 2565 2550
f 2567 2566 2551
f 2568 2567 2552
f 2569 2568 2553
f 2570 2569 2554
f 2571 2570 2555
f 2572 2571 2556
f 2573 2572 2557
f 2560 3051 3049
f 2474 2564 2565
f 2565 2566 2476
f 2566 2567 2477
f 2567 2568 2478
f 2568 2569 2479
f 2569 2570 2480
f 2480 2570 2571
f 2481 2571 2572
f 2482 2572 2573
f 2573 2574 2484
f 2484 2574 3050
f 3051 2560 2470
f 2560 2561 2471
f 2471 2561 2562
f 2472 2562 2563
f 2563 2564 2474
f 2475 2476 2461
f 2474 2475 2460
f 2473 2474 2459
f 2472 2473 2458
f 2484 3038 3036
f 2483 2484 2469
f 2482 2483 2468
f 2481 2482 2467
f 2480 2481 2466
f 2479 2480 2465
f 2478 2479 2464
f 2477 2478 2463
f 2476 2477 2462
f 2454 2455 3037
f 2453 2456 2455
f 2451 2457 2456
f 3039 2470 2447
f 2470 2471 2448
f 2471 2472 2450
f 2472 2457 2451
f 3053 3035 2447
f 2584 2447 2448
f 2581 2448 2449
f 2578 2449 2450
f 2588 2443 2432
f 2300 2445 2446
f 3052 3054 2586
f 3054 3053 2584
f 2585 2586 2583
f 2586 2584 2581
f 2582 2583 2580
f 2583 2581 2578
f 2579 2580 2577
f 2580 2578 2575
f 2587 2589 2577
f 2589 2588 2576
f 2587 2590 2592
f 2589 2592 2591
f 2590 2593 2595
f 2592 2595 2594
f 2593 2596 2598
f 2595 2598 2597
f 2596 3056 3057
f 2598 3057 3055
f 2422 2423 2434
f 2623 2579 2576
f 2508 2509 2494
f 3041 3058 2606
f 2485 2606 2605
f 2486 2604 2603
f 2501 2502 2602
f 2500 2501 2600
f 3043 2500 2599
f 2616 2599 2600
f 2613 2600 2601
f 2610 2601 2602
f 2603 2602 2502
f 3060 3062 2618
f 3062 3061 2616
f 2617 2618 2615
f 2618 2616 2613
f 2614 2615 2612
f 2615 2613 2610
f 2611 2612 2609
f 2612 2610 2607
f 2620 2421 2411
f 2619 2621 2609
f 2619 2622 2624
f 2621 2624 2623
f 2622 2625 2627
f 2624 2627 2626
f 2625 2628 2630
f 2627 2630 2629
f 2628 3064 3065
f 2630 3065 3063
f 2633 2635 2636
f 3067 3068 2635
f 2621 2620 2608
f 2498 2632 2631
f 2499 2631 3066
f 2635 2637 2638
f 3068 3069 2637
f 2637 2639 2640
f 3069 3070 2639
f 2640 2639 2642
f 2639 3070 3071
f 2514 2633 2634
f 2643 2651 3074
f 2649 2654 2646
f 2658 2647 2654
f 2647 2646 2654
f 2636 2638 2640
f 2644 2648 2651
f 2631 2643 3072
f 2993 2995 2874
f 2632 2644 2643
f 2641 2646 2647
f 2642 3071 3073
f 2656 2644 2658
f 2644 2645 2658
f 2651 2653 3075
f 2653 2652 3073
f 2648 2650 2653
f 2650 2649 2652
f 2649 2650 2655
f 2644 2656 2657
f 2657 2655 2650
f 2658 2655 2657
f 2661 2676 2677
f 2663 2662 2677
f 2663 2678 2679
f 2665 2664 2679
f 2665 2680 2681
f 2667 2666 2681
f 2667 2682 2683
f 2669 2668 2683
f 2669 2684 2685
f 2670 2685 2686
f 2671 2686 2687
f 2659 3017 3019
f 2673 2672 2687
f 2660 2659 2674
f 2673 2688 3018
f 2660 2675 2676
f 2413 2330 2331
f 2692 2691 2764
f 2693 2692 2765
f 2694 2693 2766
f 2695 2694 2767
f 2696 2695 2768
f 2697 2696 2769
f 2698 2697 2770
f 2699 2698 2771
f 2969 2700 2699
f 2972 2701 2700
f 2702 2701 2972
f 2689 3021 3030
f 2703 2702 2975
f 2690 2689 2773
f 2696 2711 2710
f 2712 2711 2696
f 2698 2713 2712
f 2714 2713 2698
f 2715 2714 2699
f 2701 2716 2715
f 2702 2717 2716
f 2689 2704 3023
f 2718 2717 2702
f 2690 2705 2704
f 3022 2718 2703
f 2706 2705 2690
f 2707 2706 2691
f 2708 2707 2692
f 2709 2708 2693
f 2710 2709 2694
f 2729 2728 2713
f 2730 2729 2714
f 2731 2730 2715
f 2732 2731 2716
f 2719 3025 3023
f 2733 2732 2717
f 2720 2719 2704
f 3024 2733 2718
f 2721 2720 2705
f 2722 2721 2706
f 2723 2722 2707
f 2724 2723 2708
f 2725 2724 2709
f 2726 2725 2710
f 2727 2726 2711
f 2728 2727 2712
f 2747 2746 2731
f 2734 3027 3025
f 2748 2747 2732
f 2735 2734 2719
f 3024 3026 2748
f 2721 2736 2735
f 2722 2737 2736
f 2738 2737 2722
f 2724 2739 2738
f 2725 2740 2739
f 2741 2740 2725
f 2742 2741 2726
f 2743 2742 2727
f 2744 2743 2728
f 2730 2745 2744
f 2746 2745 2730
f 3308 2402 3028
f 2751 2750 3309
f 2752 2751 3310
f 2753 2752 3311
f 2754 2753 3312
f 3516 3428 3429
f 3428 3430 3433
f 3436 2755 2754
f 2758 2757 3438
f 2759 2758 3317
f 2760 2759 3318
f 2761 2760 3319
f 2762 2761 3320
f 2749 3029 3305
f 2763 2762 3321
f 2750 2749 3322
f 2764 2774 2784
f 2774 2773 2783
f 2783 3031 3032
f 2960 3059 3061
f 2773 3030 3031
f 2964 2963 2968
f 2772 2771 2781
f 2771 2770 2780
f 2770 2769 2779
f 2769 2768 2778
f 2768 2767 2777
f 2767 2766 2776
f 2766 2765 2775
f 3020 2703 2978
f 2775 2785 2796
f 2776 2775 2786
f 2777 2776 2787
f 2778 2777 2788
f 2779 2778 2789
f 2780 2779 2790
f 2781 2780 2791
f 2782 2781 2792
f 2981 2782 2793
f 2983 2965 2964
f 2986 2966 2965
f 2984 2940 2943
f 2989 2967 2966
f 2987 2943 2946
f 3064 3058 2967
f 3063 2990 2946
f 2796 2795 2806
f 2805 3033 3017
f 2795 2794 2805
f 2794 3032 3033
f 2957 2815 2814
f 2952 2949 2670
f 2812 2811 2936
f 2793 2792 2803
f 2792 2791 2802
f 2791 2790 2801
f 2790 2789 2800
f 2789 2788 2799
f 2788 2787 2798
f 2787 2786 2797
f 2786 2796 2807
f 2785 2784 2795
f 2797 2807 2661
f 2798 2797 2662
f 2799 2798 2663
f 2800 2799 2664
f 2801 2800 2665
f 2802 2801 2666
f 2803 2802 2667
f 2804 2803 2668
f 2949 2804 2669
f 2951 2813 2812
f 2954 2814 2813
f 2955 2952 2671
f 2958 2955 2672
f 3056 3034 2815
f 3055 2958 2673
f 2806 2805 2659
f 2765 2764 2785
f 2854 2869 2868
f 2853 2868 2867
f 2852 2867 2866
f 2851 2866 2865
f 2850 2865 2864
f 3013 3003 3002
f 2994 3067 3042
f 2849 2864 2863
f 2859 2874 2873
f 2858 2873 2872
f 2857 2872 2871
f 2856 2871 2870
f 2871 2886 2885
f 2871 2872 2887
f 2872 2873 2888
f 2874 2889 2888
f 2861 2876 3045
f 2875 2890 2889
f 2862 2877 2876
f 3042 3044 2890
f 2862 2863 2878
f 2863 2864 2879
f 2865 2880 2879
f 2865 2866 2881
f 2867 2882 2881
f 2868 2883 2882
f 2869 2884 2883
f 2870 2885 2884
f 2889 2904 2903
f 2876 2891 3047
f 2890 2905 2904
f 2877 2892 2891
f 3044 3046 2905
f 2878 2893 2892
f 2879 2894 2893
f 2880 2895 2894
f 2881 2896 2895
f 2882 2897 2896
f 2883 2898 2897
f 2884 2899 2898
f 2885 2900 2899
f 2886 2901 2900
f 2887 2902 2901
f 2888 2903 2902
f 2848 2893 2894
f 2847 2892 2893
f 2891 2892 2847
f 3047 2891 2846
f 2905 3046 3040
f 2904 2905 2860
f 2903 2904 2859
f 2857 2902 2903
f 2856 2901 2902
f 2900 2901 2856
f 2899 2900 2855
f 2898 2899 2854
f 2897 2898 2853
f 2896 2897 2852
f 2850 2895 2896
f 2894 2895 2850
f 2827 2917 2918
f 2828 2918 2919
f 3037 3049 2906
f 2830 2829 2919
f 2817 2816 2906
f 2830 2920 3048
f 2817 2907 2908
f 2818 2908 2909
f 2820 2819 2909
f 2820 2910 2911
f 2822 2821 2911
f 2823 2822 2912
f 2824 2823 2913
f 2825 2824 2914
f 2826 2825 2915
f 2826 2916 2917
f 2919 2934 2935
f 2906 2921 2922
f 2920 2935 3050
f 2907 2922 2923
f 2908 2923 2924
f 2909 2924 2925
f 2910 2925 2926
f 2911 2926 2927
f 2912 2927 2928
f 2913 2928 2929
f 2914 2929 2930
f 2915 2930 2931
f 2916 2931 2932
f 2917 2932 2933
f 2918 2933 2934
f 3049 3051 2921
f 2835 2836 2926
f 2837 2927 2926
f 2838 2928 2927
f 2839 2929 2928
f 2840 2930 2929
f 2841 2931 2930
f 2841 2842 2932
f 2842 2843 2933
f 2843 2844 2934
f 2845 2935 2934
f 2845 3038 3050
f 2831 2921 3051
f 2832 2922 2921
f 2832 2833 2923
f 2833 2834 2924
f 2835 2925 2924
f 2822 2837 2836
f 2821 2836 2835
f 2820 2835 2834
f 2819 2834 2833
f 3036 3038 2845
f 2830 2845 2844
f 2829 2844 2843
f 2828 2843 2842
f 2827 2842 2841
f 2826 2841 2840
f 2825 2840 2839
f 2824 2839 2838
f 2823 2838 2837
f 3037 2816 2815
f 2816 2817 2814
f 2817 2818 2812
f 2808 2831 3039
f 2809 2832 2831
f 2811 2833 2832
f 2812 2818 2833
f 2808 3035 3053
f 2809 2808 2945
f 2810 2809 2942
f 2811 2810 2939
f 2949 2937 2793
f 2807 2806 2660
f 2947 3054 3052
f 2945 3053 3054
f 2944 2947 2946
f 2942 2945 2947
f 2941 2944 2943
f 2939 2942 2944
f 2938 2941 2940
f 2936 2939 2941
f 2938 2950 2948
f 2937 2949 2950
f 2948 2950 2953
f 2950 2949 2952
f 2951 2953 2956
f 2953 2952 2955
f 2954 2956 2959
f 2956 2955 2958
f 2957 2959 3057
f 2959 2958 3055
f 2784 2783 2794
f 2984 2981 2937
f 2855 2870 2869
f 3041 2846 2967
f 2846 2847 2966
f 2847 2848 2964
f 2862 2962 2963
f 2861 2960 2961
f 3043 3059 2960
f 2961 2960 2977
f 2962 2961 2974
f 2963 2962 2971
f 2863 2963 2964
f 2979 3062 3060
f 2977 3061 3062
f 2976 2979 2978
f 2974 2977 2979
f 2973 2976 2975
f 2971 2974 2976
f 2970 2973 2972
f 2968 2971 2973
f 2981 2969 2772
f 2970 2982 2980
f 2980 2982 2985
f 2982 2981 2984
f 2983 2985 2988
f 2985 2984 2987
f 2986 2988 2991
f 2988 2987 2990
f 2989 2991 3065
f 2991 2990 3063
f 2997 2996 2994
f 2996 3068 3067
f 2969 2981 2982
f 2992 2993 2859
f 3066 2992 2860
f 2999 2998 2996
f 2998 3069 3068
f 3001 3000 2998
f 3000 3070 3069
f 3003 3000 3001
f 3071 3070 3000
f 2995 2994 2875
f 3074 3012 3004
f 3007 3015 3010
f 3007 3008 3015
f 3008 3079 3015
f 3001 2999 2997
f 3012 3009 3005
f 3072 3004 2992
f 3004 3005 2993
f 3008 3007 3002
f 3073 3071 3003
f 3006 3005 3079
f 3005 3077 3079
f 3075 3014 3012
f 3073 3013 3014
f 3014 3011 3009
f 3013 3010 3011
f 3076 3011 3010
f 3078 3077 3005
f 3078 3009 3011
f 3079 3077 3078
f 2319 3085 3084
f 2680 3101 3102
f 2320 3086 3085
f 2681 3102 3103
f 2321 3087 3086
f 2682 3103 3104
f 2322 3088 3087
f 2683 3104 3105
f 2323 3089 3088
f 2684 3105 3106
f 2324 3090 3089
f 2685 3106 3107
f 2325 3091 3090
f 2686 3107 3108
f 3019 3111 3095
f 2326 3092 3091
f 2687 3108 3109
f 2674 3095 3096
f 2327 3093 3092
f 2688 3109 3110
f 2314 3080 3111
f 2675 3096 3097
f 2328 3094 3093
f 2315 3081 3080
f 2676 3097 3098
f 3018 3110 3094
f 2316 3082 3081
f 2677 3098 3099
f 2317 3083 3082
f 2678 3099 3100
f 2318 3084 3083
f 2679 3100 3101
f 3111 3143 3127
f 3082 3083 3115
f 3108 3140 3141
f 3095 3127 3128
f 3083 3084 3116
f 3109 3141 3142
f 3097 3096 3128
f 3085 3117 3116
f 3097 3129 3130
f 3086 3118 3117
f 3098 3130 3131
f 3086 3087 3119
f 3099 3131 3132
f 3088 3120 3119
f 3100 3132 3133
f 3089 3121 3120
f 3101 3133 3134
f 3090 3122 3121
f 3103 3102 3134
f 3091 3123 3122
f 3103 3135 3136
f 3092 3124 3123
f 3104 3136 3137
f 3092 3093 3125
f 3080 3112 3143
f 3106 3105 3137
f 3094 3126 3125
f 3081 3113 3112
f 3106 3138 3139
f 3094 3110 3142
f 3082 3114 3113
f 3107 3139 3140
f 3137 3150 3149
f 3119 3168 3169
f 3112 3175 3144
f 3130 3157 3156
f 3125 3162 3163
f 3118 3169 3170
f 3136 3151 3150
f 3129 3158 3157
f 3124 3163 3164
f 3117 3170 3171
f 3135 3152 3151
f 3128 3159 3158
f 3123 3164 3165
f 3143 3144 3160
f 3141 3146 3145
f 3134 3153 3152
f 3139 3148 3147
f 3116 3171 3172
f 3122 3165 3166
f 3114 3173 3174
f 3127 3160 3159
f 3133 3154 3153
f 3142 3145 3161
f 3140 3147 3146
f 3121 3166 3167
f 3138 3149 3148
f 3132 3155 3154
f 3113 3174 3175
f 3120 3167 3168
f 3126 3161 3162
f 3131 3156 3155
f 3115 3172 3173
f 3147 3148 3180
f 3153 3185 3184
f 3174 3173 3205
f 3149 3150 3182
f 3165 3197 3198
f 3154 3155 3187
f 3148 3149 3181
f 3152 3184 3183
f 3153 3154 3186
f 3151 3183 3182
f 3156 3188 3187
f 3144 3175 3207
f 3157 3189 3188
f 3158 3190 3189
f 3168 3167 3199
f 3160 3192 3191
f 3159 3191 3190
f 3161 3145 3177
f 3162 3194 3195
f 3169 3201 3202
f 3144 3176 3192
f 3164 3196 3197
f 3175 3174 3206
f 3167 3166 3198
f 3162 3161 3193
f 3168 3200 3201
f 3172 3171 3203
f 3171 3170 3202
f 3146 3147 3179
f 3146 3178 3177
f 3163 3195 3196
f 3173 3172 3204
f 3324 3236 3208
f 3326 3228 3229
f 3331 3235 3236
f 3330 3231 3232
f 3333 3210 3209
f 3332 3232 3233
f 3335 3233 3234
f 3337 3212 3211
f 3333 3338 3211
f 3339 3217 3216
f 3341 3214 3213
f 3336 3234 3235
f 3343 3219 3218
f 3340 3216 3215
f 3342 3213 3212
f 3346 3221 3220
f 3344 3218 3217
f 3345 3215 3214
f 3348 3223 3222
f 3347 3220 3219
f 3325 3208 3224
f 3349 3222 3221
f 3351 3225 3226
f 3350 3224 3223
f 3353 3227 3228
f 3334 3209 3225
f 3327 3229 3230
f 3352 3226 3227
f 3236 3235 3263
f 3231 3259 3260
f 3209 3210 3239
f 3233 3232 3260
f 3234 3233 3261
f 3211 3212 3241
f 3211 3240 3239
f 3214 3243 3242
f 3234 3262 3263
f 3218 3219 3247
f 3216 3245 3244
f 3212 3213 3242
f 3221 3249 3248
f 3214 3215 3244
f 3222 3223 3251
f 3219 3220 3248
f 3208 3237 3252
f 3222 3250 3249
f 3226 3225 3253
f 3224 3252 3251
f 3227 3255 3256
f 3209 3238 3253
f 3229 3257 3258
f 3226 3254 3255
f 3208 3236 3264
f 3229 3228 3256
f 3362 3363 3259
f 3243 3271 3270
f 3262 3290 3291
f 3247 3275 3274
f 3245 3273 3272
f 3242 3270 3269
f 3249 3277 3276
f 3244 3272 3271
f 3251 3279 3278
f 3248 3276 3275
f 3237 3265 3280
f 3250 3278 3277
f 3253 3281 3282
f 3252 3280 3279
f 3255 3283 3284
f 3238 3266 3281
f 3257 3285 3286
f 3254 3282 3283
f 3264 3292 3265
f 3256 3284 3285
f 3363 3364 3287
f 3263 3291 3292
f 3259 3287 3288
f 3239 3267 3266
f 3260 3288 3289
f 3261 3289 3290
f 3241 3269 3268
f 3240 3268 3267
f 3265 3292 3365
f 3292 3291 3367
f 3367 3291 3290
f 3368 3290 3289
f 3289 3288 3370
f 3370 3288 3287
f 3371 3287 3364
f 3359 3358 3200
f 3354 3286 3372
f 3286 3285 3373
f 3285 3284 3374
f 3374 3284 3283
f 3375 3283 3282
f 3282 3281 3377
f 3281 3266 3378
f 3378 3266 3267
f 3379 3267 3268
f 3381 3380 3268
f 3382 3381 3269
f 3382 3270 3271
f 3384 3383 3271
f 3385 3384 3272
f 3386 3274 3275
f 3387 3275 3276
f 3389 3388 3276
f 3390 3389 3277
f 3391 3390 3278
f 3391 3279 3280
f 3392 3280 3265
f 3302 3323 2748
f 3309 3322 2734
f 3323 3321 2747
f 3322 3305 3027
f 3321 3320 2746
f 3320 3319 2745
f 3319 3318 2744
f 3318 3317 2743
f 3317 3316 2742
f 3316 3315 2741
f 3315 3314 2740
f 3314 3313 2739
f 3313 3312 2738
f 3312 3311 2737
f 3311 3310 2736
f 3310 3309 2735
f 2388 3308 3302
f 2374 3307 3293
f 2387 3306 3308
f 3027 3305 3307
f 2386 3304 3306
f 2385 3303 3304
f 2384 3301 3303
f 2383 3300 3301
f 2382 3299 3300
f 2381 3361 3299
f 2381 2380 3298
f 2380 2379 3297
f 2378 3296 3297
f 2377 3295 3296
f 2376 3294 3295
f 2375 3293 3294
f 3194 3352 3353
f 3197 3327 3328
f 3177 3334 3351
f 3195 3353 3326
f 3192 3350 3348
f 3193 3351 3352
f 3190 3349 3346
f 3176 3325 3350
f 3188 3347 3343
f 3191 3348 3349
f 3183 3345 3341
f 3186 3344 3339
f 3189 3346 3347
f 3181 3342 3337
f 3184 3340 3345
f 3187 3343 3344
f 3205 3336 3331
f 3182 3341 3342
f 3185 3339 3340
f 3179 3338 3333
f 3180 3337 3338
f 3204 3335 3336
f 3203 3332 3335
f 3178 3333 3334
f 3202 3330 3332
f 3206 3331 3324
f 3326 3327 3197
f 3493 3456 3455
f 3357 3258 3286
f 3355 3230 3258
f 3330 3360 3362
f 3230 3355 3356
f 3356 3395 3359
f 3395 3396 3359
f 3358 3396 3329
f 3396 3397 3329
f 3487 3449 3445
f 3486 3460 3459
f 3356 3355 3357
f 3485 3457 3456
f 3385 3408 3425
f 3413 3407 3406
f 3412 3400 3399
f 3415 3399 3453
f 2760 2761 3381
f 2762 3380 3381
f 2763 3379 3380
f 2763 3028 3378
f 2402 3377 3378
f 3376 3377 2402
f 3375 3376 2401
f 2399 3374 3375
f 2398 3373 3374
f 3372 3373 2398
f 3394 3372 2397
f 2394 3371 3393
f 2393 3370 3371
f 3369 3370 2393
f 3484 3447 3448
f 3492 3461 3460
f 3481 3458 3457
f 3482 3446 3447
f 3298 3397 3396
f 3299 3361 3396
f 3393 3364 3363
f 3360 3397 3363
f 3394 3395 3357
f 3399 3410 3411
f 3400 3409 3410
f 3413 3420 3402
f 3413 3414 3419
f 3402 3403 3406
f 3403 3404 3405
f 3416 3406 3405
f 3424 3412 3419
f 3483 3462 3461
f 3422 3403 3402
f 3421 3411 3410
f 3418 3404 3403
f 3423 3410 3409
f 3528 3473 3479
f 3424 3409 3400
f 2759 2760 3382
f 2759 3383 3432
f 3418 3417 3405
f 3428 3424 3414
f 3506 3401 3478
f 3427 3423 3424
f 3426 3418 3422
f 3480 3421 3423
f 3435 3422 3420
f 3434 3420 3419
f 3425 3416 3417
f 3431 3415 3498
f 3430 3414 3413
f 3429 3412 3415
f 3408 3413 3416
f 3433 3419 3412
f 3521 3429 3431
f 3523 3431 3401
f 3384 3425 3432
f 2758 3435 3434
f 3536 3480 3427
f 2759 3426 3435
f 3516 3514 3427
f 3532 3476 3469
f 3426 3432 3417
f 3438 3437 3315
f 3437 3436 3314
f 3408 3434 3433
f 3385 2757 3434
f 3440 3438 2757
f 3439 3437 3438
f 3436 3437 3439
f 3439 3440 3443
f 2755 3436 2756
f 3441 2756 3439
f 3217 3442 3443
f 3441 3442 3217
f 3028 2763 3323
f 2513 2634 2632
f 3207 3324 3325
f 3449 3462 3454
f 3450 3451 3460
f 3450 3461 3462
f 3451 3452 3459
f 3447 3457 3458
f 3446 3456 3457
f 3455 3456 3446
f 3454 3455 3444
f 3453 3411 3459
f 3494 3459 3411
f 3489 3450 3449
f 3488 3448 3458
f 3496 3455 3454
f 3490 3451 3450
f 3534 3479 3467
f 3491 3452 3451
f 3495 3445 3444
f 3498 3453 3452
f 3497 3454 3462
f 3499 3444 3446
f 3547 3478 3477
f 3545 3477 3475
f 3530 3474 3476
f 3500 3463 3465
f 3543 3475 3472
f 3526 3471 3480
f 3539 3469 3468
f 3513 3467 3466
f 3519 3465 3464
f 3510 3468 3398
f 3508 3466 3463
f 3504 3464 3470
f 3502 3398 3471
f 3541 3472 3473
f 3524 3470 3474
f 3479 3499 3482
f 3476 3497 3483
f 3401 3498 3491
f 3473 3495 3499
f 3478 3491 3490
f 3477 3490 3489
f 3474 3496 3497
f 3463 3488 3481
f 3475 3489 3487
f 3471 3494 3421
f 3469 3483 3492
f 3467 3482 3484
f 3465 3481 3485
f 3468 3492 3486
f 3466 3484 3488
f 3464 3485 3493
f 3398 3486 3494
f 3472 3487 3495
f 3470 3493 3496
f 3367 3525 3531
f 3541 3528 3532
f 2749 3540 3529
f 3532 3528 3534
f 3390 3503 3527
f 3503 3502 3526
f 3368 3505 3525
f 3505 3504 3524
f 2391 3509 3501
f 3509 3508 3500
f 3391 3511 3503
f 3511 3510 3502
f 3369 3518 3505
f 3518 3519 3504
f 2390 3512 3509
f 3512 3513 3508
f 3392 3538 3511
f 3513 3524 3530
f 3389 3527 3537
f 3527 3526 3536
f 2750 3542 3540
f 3525 3524 3513
f 2392 3501 3518
f 3501 3500 3519
f 3365 3531 3533
f 3512 3535 3531
f 2751 3544 3542
f 3544 3545 3543
f 2752 3546 3544
f 3546 3547 3545
f 2389 3535 3512
f 3535 3529 3533
f 3366 3533 3538
f 3540 3538 3533
f 3386 3387 3515
f 3517 3515 3514
f 3388 3537 3515
f 3537 3536 3514
f 2754 3522 3507
f 3522 3523 3506
f 2755 3520 3522
f 3520 3521 3523
f 2753 3507 3546
f 3507 3506 3547
f 3029 3529 3535
f 3542 3511 3538
f 3386 3517 3520
f 3517 3516 3521
f 3539 3510 3543
f 3511 3542 3543
f 2691 2690 2774
f 3559 3592 3560
f 3573 3606 3574
f 3560 3593 3561
f 3574 3607 3575
f 3561 3594 3562
f 3548 3581 3549
f 3575 3608 3576
f 3562 3595 3563
f 3549 3582 3550
f 3576 3609 3577
f 3563 3596 3564
f 3550 3583 3551
f 3577 3610 3578
f 3564 3597 3565
f 3551 3584 3552
f 3578 3611 3579
f 3565 3598 3566
f 3552 3585 3553
f 3579 3580 3548
f 3566 3599 3567
f 3553 3586 3554
f 3567 3600 3568
f 3554 3587 3555
f 3568 3601 3569
f 3555 3588 3556
f 3569 3602 3570
f 3556 3589 3557
f 3570 3603 3571
f 3557 3590 3558
f 3571 3604 3572
f 3558 3591 3559
f 3572 3605 3573
f 3586 3619 3587
f 3601 3632 3633
f 3588 3619 3620
f 3601 3634 3602
f 3589 3620 3621
f 3603 3634 3635
f 3590 3621 3622
f 3604 3635 3636
f 3590 3623 3591
f 3604 3637 3605
f 3591 3624 3592
f 3605 3638 3606
f 3593 3624 3625
f 3607 3638 3639
f 3593 3626 3594
f 3581 3612 3613
f 3607 3640 3608
f 3595 3626 3627
f 3582 3613 3614
f 3608 3641 3609
f 3595 3628 3596
f 3583 3614 3615
f 3609 3642 3610
f 3597 3628 3629
f 3583 3616 3584
f 3611 3642 3643
f 3598 3629 3630
f 3585 3616 3617
f 3611 3612 3580
f 3598 3631 3599
f 3586 3617 3618
f 3599 3632 3600
f 3633 3653 3634
f 3574 3575 3644
f 3632 3654 3633
f 3573 3574 3644
f 3631 3655 3632
f 3572 3573 3644
f 3630 3656 3631
f 3571 3572 3644
f 3616 3670 3617
f 3628 3658 3629
f 3570 3571 3644
f 3642 3676 3643
f 3640 3646 3641
f 3569 3570 3644
f 3566 3567 3644
f 3626 3660 3627
f 3568 3569 3644
f 3552 3553 3644
f 3612 3674 3613
f 3567 3568 3644
f 3578 3579 3644
f 3638 3648 3639
f 3614 3672 3615
f 3564 3565 3644
f 3637 3649 3638
f 3550 3551 3644
f 3636 3650 3637
f 3576 3577 3644
f 3635 3651 3636
f 3562 3563 3644
f 3634 3652 3635
f 3548 3549 3644
f 3553 3554 3644
f 3629 3657 3630
f 3643 3675 3612
f 3617 3669 3618
f 3618 3668 3619
f 3619 3667 3620
f 3620 3666 3621
f 3621 3665 3622
f 3622 3664 3623
f 3623 3663 3624
f 3624 3662 3625
f 3625 3661 3626
f 3639 3647 3640
f 3613 3673 3614
f 3627 3659 3628
f 3615 3671 3616
f 3641 3645 3642
f 3554 3555 3644
f 3555 3556 3644
f 3556 3557 3644
f 3557 3558 3644
f 3558 3559 3644
f 3559 3560 3644
f 3560 3561 3644
f 3561 3562 3644
f 3575 3576 3644
f 3549 3550 3644
f 3563 3564 3644
f 3577 3578 3644
f 3551 3552 3644
f 3565 3566 3644
f 3579 3548 3644
f 3666 3667 3677
f 3651 3652 3677
f 3667 3668 3677
f 3675 3676 3677
f 3668 3669 3677
f 3676 3645 3677
f 3652 3653 3677
f 3669 3670 3677
f 3653 3654 3677
f 3670 3671 3677
f 3645 3646 3677
f 3654 3655 3677
f 3671 3672 3677
f 3646 3647 3677
f 3655 3656 3677
f 3672 3673 3677
f 3656 3657 3677
f 3673 3674 3677
f 3647 3648 3677
f 3660 3661 3677
f 3657 3658 3677
f 3674 3675 3677
f 3648 3649 3677
f 3661 3662 3677
f 3658 3659 3677
f 3662 3663 3677
f 3659 3660 3677
f 3649 3650 3677
f 3663 3664 3677
f 3664 3665 3677
f 3650 3651 3677
f 3665 3666 3677
f 3559 3591 3592
f 3573 3605 3606
f 3560 3592 3593
f 3574 3606 3607
f 3561 3593 3594
f 3548 3580 3581
f 3575 3607 3608
f 3562 3594 3595
f 3549 3581 3582
f 3576 3608 3609
f 3563 3595 3596
f 3550 3582 3583
f 3577 3609 3610
f 3564 3596 3597
f 3551 3583 3584
f 3578 3610 3611
f 3565 3597 3598
f 3552 3584 3585
f 3579 3611 3580
f 3566 3598 3599
f 3553 3585 3586
f 3567 3599 3600
f 3554 3586 3587
f 3568 3600 3601
f 3555 3587 3588
f 3569 3601 3602
f 3556 3588 3589
f 3570 3602 3603
f 3557 3589 3590
f 3571 3603 3604
f 3558 3590 3591
f 3572 3604 3605
f 3586 3618 3619
f 3601 3600 3632
f 3588 3587 3619
f 3601 3633 3634
f 3589 3588 3620
f 3603 3602 3634
f 3590 3589 3621
f 3604 3603 3635
f 3590 3622 3623
f 3604 3636 3637
f 3591 3623 3624
f 3605 3637 3638
f 3593 3592 3624
f 3607 3606 3638
f 3593 3625 3626
f 3581 3580 3612
f 3607 3639 3640
f 3595 3594 3626
f 3582 3581 3613
f 3608 3640 3641
f 3595 3627 3628
f 3583 3582 3614
f 3609 3641 3642
f 3597 3596 3628
f 3583 3615 3616
f 3611 3610 3642
f 3598 3597 3629
f 3585 3584 3616
f 3611 3643 3612
f 3598 3630 3631
f 3586 3585 3617
f 3599 3631 3632
f 3633 3654 3653
f 3632 3655 3654
f 3631 3656 3655
f 3630 3657 3656
f 3616 3671 3670
f 3628 3659 3658
f 3642 3645 3676
f 3640 3647 3646
f 3626 3661 3660
f 3612 3675 3674
f 3638 3649 3648
f 3614 3673 3672
f 3637 3650 3649
f 3636 3651 3650
f 3635 3652 3651
f 3634 3653 3652
f 3629 3658 3657
f 3643 3676 3675
f 3617 3670 3669
f 3618 3669 3668
f 3619 3668 3667
f 3620 3667 3666
f 3621 3666 3665
f 3622 3665 3664
f 3623 3664 3663
f 3624 3663 3662
f 3625 3662 3661
f 3639 3648 3647
f 3613 3674 3673
f 3627 3660 3659
f 3615 3672 3671
f 3641 3646 3645
f 3879 3841 3877
f 3915 3859 3913
f 3921 3862 3919
f 3911 3857 3909
f 3917 3860 3915
f 3907 3855 3905
f 3913 3858 3911
f 3903 3853 3901
f 3909 3856 3907
f 3899 3851 3897
f 3905 3854 3903
f 3895 3849 3893
f 3901 3852 3899
f 3891 3847 3889
f 3875 3839 3873
f 3933 3868 3931
f 3885 3844 3883
f 3897 3850 3895
f 3887 3845 3885
f 3927 3865 3925
f 3873 3838 3872
f 3881 3842 3879
f 3929 3866 3927
f 3923 3863 3921
f 3931 3867 3929
f 3883 3843 3881
f 3875 3841 3840
f 3925 3864 3923
f 3919 3861 3917
f 3834 4095 4066
f 3782 4082 4083
f 3730 4069 4070
f 3889 3846 3887
f 3786 4083 4084
f 3734 4070 4071
f 3790 4084 4085
f 3738 4071 4072
f 3794 4085 4086
f 3742 4072 4073
f 3798 4086 4087
f 3746 4073 4074
f 3802 4087 4088
f 3750 4074 4075
f 3806 4088 4089
f 3754 4075 4076
f 3810 4089 4090
f 3758 4076 4077
f 3814 4090 4091
f 3762 4077 4078
f 3818 4091 4092
f 3766 4078 4079
f 3711 4066 4065
f 3822 4092 4093
f 3770 4079 4080
f 3718 4064 4067
f 3826 4093 4094
f 3774 4080 4081
f 3722 4067 4068
f 3830 4094 4095
f 3778 4081 4082
f 3726 4068 4069
f 3893 3848 3891
f 3710 3717 3715
f 3712 3716 3717
f 3713 3714 3716
f 3715 3721 3719
f 3717 3720 3721
f 3720 3714 3718
f 3719 3725 3723
f 3721 3724 3725
f 3724 3718 3722
f 3727 3725 3729
f 3725 3728 3729
f 3724 3726 3728
f 3731 3729 3733
f 3733 3728 3732
f 3732 3726 3730
f 3731 3737 3735
f 3737 3732 3736
f 3732 3734 3736
f 3735 3741 3739
f 3741 3736 3740
f 3740 3734 3738
f 3743 3741 3745
f 3745 3740 3744
f 3740 3742 3744
f 3743 3749 3747
f 3749 3744 3748
f 3744 3746 3748
f 3751 3749 3753
f 3749 3752 3753
f 3748 3750 3752
f 3755 3753 3757
f 3757 3752 3756
f 3756 3750 3754
f 3755 3761 3759
f 3757 3760 3761
f 3756 3758 3760
f 3759 3765 3763
f 3765 3760 3764
f 3760 3762 3764
f 3767 3765 3769
f 3769 3764 3768
f 3764 3766 3768
f 3767 3773 3771
f 3769 3772 3773
f 3768 3770 3772
f 3775 3773 3777
f 3777 3772 3776
f 3776 3770 3774
f 3779 3777 3781
f 3781 3776 3780
f 3780 3774 3778
f 3779 3785 3783
f 3781 3784 3785
f 3780 3782 3784
f 3783 3789 3787
f 3789 3784 3788
f 3788 3782 3786
f 3787 3793 3791
f 3793 3788 3792
f 3788 3790 3792
f 3791 3797 3795
f 3793 3796 3797
f 3796 3790 3794
f 3799 3797 3801
f 3801 3796 3800
f 3800 3794 3798
f 3803 3801 3805
f 3805 3800 3804
f 3800 3802 3804
f 3803 3809 3807
f 3809 3804 3808
f 3808 3802 3806
f 3807 3813 3811
f 3809 3812 3813
f 3808 3810 3812
f 3815 3813 3817
f 3817 3812 3816
f 3816 3810 3814
f 3815 3821 3819
f 3821 3816 3820
f 3816 3818 3820
f 3823 3821 3825
f 3825 3820 3824
f 3824 3818 3822
f 3827 3825 3829
f 3829 3824 3828
f 3824 3826 3828
f 3827 3833 3831
f 3829 3832 3833
f 3832 3826 3830
f 3831 3837 3835
f 3833 3836 3837
f 3836 3830 3834
f 3835 3712 3710
f 3837 3713 3712
f 3713 3834 3711
f 3714 4065 4064
f 4223 3930 4222
f 4196 3876 4195
f 4215 3918 3916
f 4208 3904 3902
f 4202 3888 4201
f 4221 3930 3928
f 4194 3876 3874
f 4214 3916 3914
f 4208 3900 4207
f 4200 3888 3886
f 4220 3928 3926
f 4194 3871 4193
f 4214 3912 4213
f 4206 3900 3898
f 4199 3886 3884
f 4220 3924 4219
f 4212 3912 3910
f 4206 3896 4205
f 4198 3884 3882
f 4219 3922 4218
f 4212 3908 4211
f 4204 3896 3894
f 4198 3880 4197
f 4218 3920 4217
f 4210 3908 3906
f 4203 3894 3892
f 4192 3871 3934
f 4196 3880 3878
f 4216 3920 3918
f 4192 3932 4223
f 4210 3904 4209
f 4203 3890 4202
f 3867 3868 3870
f 3840 3841 3870
f 3853 3854 3870
f 3866 3867 3870
f 3839 3840 3870
f 3852 3853 3870
f 3865 3866 3870
f 3838 3839 3870
f 3851 3852 3870
f 3864 3865 3870
f 3850 3851 3870
f 3863 3864 3870
f 3849 3850 3870
f 3862 3863 3870
f 3848 3849 3870
f 3861 3862 3870
f 3847 3848 3870
f 3860 3861 3870
f 3846 3847 3870
f 3859 3860 3870
f 3845 3846 3870
f 3858 3859 3870
f 3844 3845 3870
f 3857 3858 3870
f 3843 3844 3870
f 3856 3857 3870
f 3869 3838 3870
f 3842 3843 3870
f 3855 3856 3870
f 3868 3869 3870
f 3841 3842 3870
f 3854 3855 3870
f 3872 3934 3871
f 3933 3932 3934
f 3931 3930 3932
f 3929 3928 3930
f 3925 3928 3927
f 3923 3926 3925
f 3921 3924 3923
f 3919 3922 3921
f 3919 3918 3920
f 3917 3916 3918
f 3913 3916 3915
f 3913 3912 3914
f 3909 3912 3911
f 3909 3908 3910
f 3905 3908 3907
f 3903 3906 3905
f 3903 3902 3904
f 3901 3900 3902
f 3899 3898 3900
f 3895 3898 3897
f 3893 3896 3895
f 3893 3892 3894
f 3889 3892 3891
f 3889 3888 3890
f 3885 3888 3887
f 3883 3886 3885
f 3881 3884 3883
f 3881 3880 3882
f 3877 3880 3879
f 3877 3876 3878
f 3875 3874 3876
f 3873 3871 3874
f 3872 3869 3933
f 4096 3954 3955
f 4098 3941 3942
f 4100 3955 3956
f 4101 3942 3943
f 4100 3957 4102
f 4101 3944 4103
f 4104 3957 3958
f 4103 3945 4105
f 4104 3959 4106
f 4105 3946 4107
f 4108 3959 3960
f 4107 3947 4109
f 4108 3961 4110
f 4111 3947 3948
f 4112 3961 3962
f 4111 3949 4113
f 4115 3936 4114
f 4116 3962 3963
f 4117 3949 3950
f 4114 3937 4118
f 4116 3964 4119
f 4120 3950 3951
f 4121 3937 3938
f 4119 3965 4122
f 4120 3952 4123
f 4121 3939 4124
f 4125 3965 3966
f 4123 3953 4126
f 4124 3940 4127
f 4125 3935 4115
f 4126 3954 4097
f 4127 3941 4099
f 3994 4025 4026
f 4160 3984 4163
f 4161 3971 4164
f 4162 3998 4165
f 4163 3985 4166
f 4164 3972 4167
f 4165 3967 4168
f 4166 3986 4169
f 4167 3973 4170
f 4169 3987 4171
f 4170 3974 4172
f 4171 3988 4173
f 4172 3975 4174
f 4173 3989 4175
f 4174 3976 4176
f 4175 3990 4177
f 4176 3977 4178
f 4177 3991 4179
f 4178 3978 4180
f 4179 3992 4181
f 4180 3979 4182
f 4181 3993 4183
f 4182 3980 4184
f 4183 3994 4185
f 4184 3981 4186
f 4168 3968 4187
f 4185 3995 4188
f 4186 3982 4189
f 4187 3969 4190
f 4188 3996 4191
f 4189 3983 4160
f 4190 3970 4161
f 3992 4023 4024
f 3991 4022 4023
f 3993 4024 4025
f 3978 4011 3979
f 3977 4010 3978
f 3980 4011 4012
f 3977 4008 4009
f 3990 4021 4022
f 3976 4007 4008
f 3988 4021 3989
f 3974 4007 3975
f 3988 4019 4020
f 3973 4006 3974
f 3986 4019 3987
f 3973 4004 4005
f 3985 4018 3986
f 3998 3999 3967
f 3971 4004 3972
f 3985 4016 4017
f 3998 4029 4030
f 3970 4003 3971
f 3984 4015 4016
f 3996 4029 3997
f 3969 4002 3970
f 3982 4015 3983
f 3995 4028 3996
f 3969 4000 4001
f 3982 4013 4014
f 3994 4027 3995
f 3968 3999 4000
f 3980 4013 3981
f 4191 3997 4162
f 4001 4034 4002
f 4014 4047 4015
f 4027 4060 4028
f 4000 4033 4001
f 4013 4046 4014
f 4026 4059 4027
f 3999 4032 4000
f 4012 4045 4013
f 4025 4058 4026
f 4011 4044 4012
f 4024 4057 4025
f 4010 4043 4011
f 4023 4056 4024
f 4009 4042 4010
f 4022 4055 4023
f 4008 4041 4009
f 4021 4054 4022
f 4007 4040 4008
f 4020 4053 4021
f 4006 4039 4007
f 4019 4052 4020
f 4005 4038 4006
f 4018 4051 4019
f 4004 4037 4005
f 4017 4050 4018
f 4030 4031 3999
f 4003 4036 4004
f 4016 4049 4017
f 4029 4062 4030
f 4002 4035 4003
f 4015 4048 4016
f 4028 4061 4029
f 4044 4043 4063
f 4057 4056 4063
f 4043 4042 4063
f 4056 4055 4063
f 4042 4041 4063
f 4055 4054 4063
f 4041 4040 4063
f 4054 4053 4063
f 4040 4039 4063
f 4053 4052 4063
f 4039 4038 4063
f 4052 4051 4063
f 4038 4037 4063
f 4051 4050 4063
f 4037 4036 4063
f 4050 4049 4063
f 4031 4062 4063
f 4036 4035 4063
f 4049 4048 4063
f 4062 4061 4063
f 4035 4034 4063
f 4048 4047 4063
f 4061 4060 4063
f 4034 4033 4063
f 4047 4046 4063
f 4060 4059 4063
f 4033 4032 4063
f 4046 4045 4063
f 4059 4058 4063
f 4032 4031 4063
f 4045 4044 4063
f 4058 4057 4063
f 4064 3678 3679
f 4069 3681 3682
f 4082 3694 3695
f 4095 3707 3708
f 4068 3680 3681
f 4081 3693 3694
f 4094 3706 3707
f 4067 3679 3680
f 4080 3692 3693
f 4093 3705 3706
f 4065 3709 3678
f 4079 3691 3692
f 4092 3704 3705
f 4078 3690 3691
f 4091 3703 3704
f 4077 3689 3690
f 4090 3702 3703
f 4076 3688 3689
f 4089 3701 3702
f 4075 3687 3688
f 4088 3700 3701
f 4074 3686 3687
f 4087 3699 3700
f 4073 3685 3686
f 4086 3698 3699
f 4072 3684 3685
f 4085 3697 3698
f 4071 3683 3684
f 4084 3696 3697
f 4070 3682 3683
f 4083 3695 3696
f 4066 3708 3709
f 4254 4127 4099
f 4251 4097 4253
f 4250 4115 4255
f 4252 4124 4127
f 4251 4123 4126
f 4247 4125 4250
f 4246 4124 4249
f 4245 4123 4248
f 4247 4119 4122
f 4243 4121 4246
f 4245 4117 4120
f 4244 4116 4119
f 4240 4118 4243
f 4242 4113 4117
f 4241 4112 4116
f 4255 4114 4240
f 4239 4111 4113
f 4238 4110 4112
f 4237 4109 4111
f 4234 4110 4236
f 4233 4109 4235
f 4232 4108 4234
f 4233 4105 4107
f 4232 4104 4106
f 4231 4103 4105
f 4230 4102 4104
f 4229 4101 4103
f 4228 4100 4102
f 4225 4101 4227
f 4226 4096 4100
f 4254 4098 4225
f 4253 4096 4224
f 3964 4133 3965
f 3937 4131 3938
f 3950 4129 3951
f 3963 4159 3964
f 3936 4158 3937
f 3949 4157 3950
f 3962 4156 3963
f 3935 4155 3936
f 3948 4154 3949
f 3961 4153 3962
f 3947 4152 3948
f 3960 4151 3961
f 3946 4150 3947
f 3959 4149 3960
f 3945 4148 3946
f 3958 4147 3959
f 3944 4146 3945
f 3957 4145 3958
f 3943 4144 3944
f 3956 4143 3957
f 3942 4142 3943
f 3955 4141 3956
f 3941 4140 3942
f 3954 4139 3955
f 3940 4138 3941
f 3953 4137 3954
f 3966 4136 3935
f 3939 4135 3940
f 3952 4134 3953
f 3965 4132 3966
f 3938 4130 3939
f 3951 4128 3952
f 4159 4162 4133
f 4158 4161 4131
f 4157 4160 4129
f 4156 4191 4159
f 4155 4190 4158
f 4154 4189 4157
f 4153 4188 4156
f 4136 4187 4155
f 4152 4186 4154
f 4151 4185 4153
f 4150 4184 4152
f 4149 4183 4151
f 4148 4182 4150
f 4147 4181 4149
f 4146 4180 4148
f 4145 4179 4147
f 4144 4178 4146
f 4143 4177 4145
f 4142 4176 4144
f 4141 4175 4143
f 4140 4174 4142
f 4139 4173 4141
f 4138 4172 4140
f 4137 4171 4139
f 4135 4170 4138
f 4134 4169 4137
f 4132 4168 4136
f 4130 4167 4135
f 4128 4166 4134
f 4133 4165 4132
f 4131 4164 4130
f 4129 4163 4128
f 3751 4202 3747
f 3779 4209 3775
f 3835 4223 3831
f 3807 4216 3803
f 3723 4197 4196
f 3835 4193 4192
f 3751 4204 4203
f 3779 4211 4210
f 3811 4217 3807
f 3731 4197 3727
f 3755 4205 4204
f 3787 4211 3783
f 3815 4218 3811
f 3731 4199 4198
f 3763 4205 3759
f 3787 4213 4212
f 3819 4219 3815
f 3735 4200 4199
f 3763 4207 4206
f 3795 4213 3791
f 3715 4193 3710
f 3819 4221 4220
f 3743 4200 3739
f 3771 4207 3767
f 3795 4215 4214
f 3715 4195 4194
f 3823 4222 4221
f 3747 4201 3743
f 3771 4209 4208
f 3803 4215 3799
f 3723 4195 3719
f 3831 4222 3827
f 3697 4224 3698
f 3684 4225 3685
f 3698 4226 3699
f 3685 4227 3686
f 3700 4226 4228
f 3687 4227 4229
f 3701 4228 4230
f 3687 4231 3688
f 3702 4230 4232
f 3689 4231 4233
f 3702 4234 3703
f 3689 4235 3690
f 3704 4234 4236
f 3691 4235 4237
f 3705 4236 4238
f 3691 4239 3692
f 3679 4255 4240
f 3705 4241 3706
f 3693 4239 4242
f 3679 4243 3680
f 3706 4244 3707
f 3693 4245 3694
f 3680 4246 3681
f 3707 4247 3708
f 3695 4245 4248
f 3682 4246 4249
f 3708 4250 3709
f 3696 4248 4251
f 3683 4249 4252
f 3709 4255 3678
f 3697 4251 4253
f 3684 4252 4254
f 3879 3842 3841
f 3915 3860 3859
f 3921 3863 3862
f 3911 3858 3857
f 3917 3861 3860
f 3907 3856 3855
f 3913 3859 3858
f 3903 3854 3853
f 3909 3857 3856
f 3899 3852 3851
f 3905 3855 3854
f 3895 3850 3849
f 3901 3853 3852
f 3891 3848 3847
f 3875 3840 3839
f 3933 3869 3868
f 3885 3845 3844
f 3897 3851 3850
f 3887 3846 3845
f 3927 3866 3865
f 3873 3839 3838
f 3881 3843 3842
f 3929 3867 3866
f 3923 3864 3863
f 3931 3868 3867
f 3883 3844 3843
f 3875 3877 3841
f 3925 3865 3864
f 3919 3862 3861
f 3834 3830 4095
f 3782 3778 4082
f 3730 3726 4069
f 3889 3847 3846
f 3786 3782 4083
f 3734 3730 4070
f 3790 3786 4084
f 3738 3734 4071
f 3794 3790 4085
f 3742 3738 4072
f 3798 3794 4086
f 3746 3742 4073
f 3802 3798 4087
f 3750 3746 4074
f 3806 3802 4088
f 3754 3750 4075
f 3810 3806 4089
f 3758 3754 4076
f 3814 3810 4090
f 3762 3758 4077
f 3818 3814 4091
f 3766 3762 4078
f 3711 3834 4066
f 3822 3818 4092
f 3770 3766 4079
f 3718 3714 4064
f 3826 3822 4093
f 3774 3770 4080
f 3722 3718 4067
f 3830 3826 4094
f 3778 3774 4081
f 3726 3722 4068
f 3893 3849 3848
f 3710 3712 3717
f 3712 3713 3716
f 3713 3711 3714
f 3715 3717 3721
f 3717 3716 3720
f 3720 3716 3714
f 3719 3721 3725
f 3721 3720 3724
f 3724 3720 3718
f 3727 3723 3725
f 3725 3724 3728
f 3724 3722 3726
f 3731 3727 3729
f 3733 3729 3728
f 3732 3728 3726
f 3731 3733 3737
f 3737 3733 3732
f 3732 3730 3734
f 3735 3737 3741
f 3741 3737 3736
f 3740 3736 3734
f 3743 3739 3741
f 3745 3741 3740
f 3740 3738 3742
f 3743 3745 3749
f 3749 3745 3744
f 3744 3742 3746
f 3751 3747 3749
f 3749 3748 3752
f 3748 3746 3750
f 3755 3751 3753
f 3757 3753 3752
f 3756 3752 3750
f 3755 3757 3761
f 3757 3756 3760
f 3756 3754 3758
f 3759 3761 3765
f 3765 3761 3760
f 3760 3758 3762
f 3767 3763 3765
f 3769 3765 3764
f 3764 3762 3766
f 3767 3769 3773
f 3769 3768 3772
f 3768 3766 3770
f 3775 3771 3773
f 3777 3773 3772
f 3776 3772 3770
f 3779 3775 3777
f 3781 3777 3776
f 3780 3776 3774
f 3779 3781 3785
f 3781 3780 3784
f 3780 3778 3782
f 3783 3785 3789
f 3789 3785 3784
f 3788 3784 3782
f 3787 3789 3793
f 3793 3789 3788
f 3788 3786 3790
f 3791 3793 3797
f 3793 3792 3796
f 3796 3792 3790
f 3799 3795 3797
f 3801 3797 3796
f 3800 3796 3794
f 3803 3799 3801
f 3805 3801 3800
f 3800 3798 3802
f 3803 3805 3809
f 3809 3805 3804
f 3808 3804 3802
f 3807 3809 3813
f 3809 3808 3812
f 3808 3806 3810
f 3815 3811 3813
f 3817 3813 3812
f 3816 3812 3810
f 3815 3817 3821
f 3821 3817 3816
f 3816 3814 3818
f 3823 3819 3821
f 3825 3821 3820
f 3824 3820 3818
f 3827 3823 3825
f 3829 3825 3824
f 3824 3822 3826
f 3827 3829 3833
f 3829 3828 3832
f 3832 3828 3826
f 3831 3833 3837
f 3833 3832 3836
f 3836 3832 3830
f 3835 3837 3712
f 3837 3836 3713
f 3713 3836 3834
f 3714 3711 4065
f 4223 3932 3930
f 4196 3878 3876
f 4215 4216 3918
f 4208 4209 3904
f 4202 3890 3888
f 4221 4222 3930
f 4194 4195 3876
f 4214 4215 3916
f 4208 3902 3900
f 4200 4201 3888
f 4220 4221 3928
f 4194 3874 3871
f 4214 3914 3912
f 4206 4207 3900
f 4199 4200 3886
f 4220 3926 3924
f 4212 4213 3912
f 4206 3898 3896
f 4198 4199 3884
f 4219 3924 3922
f 4212 3910 3908
f 4204 4205 3896
f 4198 3882 3880
f 4218 3922 3920
f 4210 4211 3908
f 4203 4204 3894
f 4192 4193 3871
f 4196 4197 3880
f 4216 4217 3920
f 4192 3934 3932
f 4210 3906 3904
f 4203 3892 3890
f 3872 3933 3934
f 3933 3931 3932
f 3931 3929 3930
f 3929 3927 3928
f 3925 3926 3928
f 3923 3924 3926
f 3921 3922 3924
f 3919 3920 3922
f 3919 3917 3918
f 3917 3915 3916
f 3913 3914 3916
f 3913 3911 3912
f 3909 3910 3912
f 3909 3907 3908
f 3905 3906 3908
f 3903 3904 3906
f 3903 3901 3902
f 3901 3899 3900
f 3899 3897 3898
f 3895 3896 3898
f 3893 3894 3896
f 3893 3891 3892
f 3889 3890 3892
f 3889 3887 3888
f 3885 3886 3888
f 3883 3884 3886
f 3881 3882 3884
f 3881 3879 3880
f 3877 3878 3880
f 3877 3875 3876
f 3875 3873 3874
f 3873 3872 3871
f 3872 3838 3869
f 4096 4097 3954
f 4098 4099 3941
f 4100 4096 3955
f 4101 4098 3942
f 4100 3956 3957
f 4101 3943 3944
f 4104 4102 3957
f 4103 3944 3945
f 4104 3958 3959
f 4105 3945 3946
f 4108 4106 3959
f 4107 3946 3947
f 4108 3960 3961
f 4111 4109 3947
f 4112 4110 3961
f 4111 3948 3949
f 4115 3935 3936
f 4116 4112 3962
f 4117 4113 3949
f 4114 3936 3937
f 4116 3963 3964
f 4120 4117 3950
f 4121 4118 3937
f 4119 3964 3965
f 4120 3951 3952
f 4121 3938 3939
f 4125 4122 3965
f 4123 3952 3953
f 4124 3939 3940
f 4125 3966 3935
f 4126 3953 3954
f 4127 3940 3941
f 3994 3993 4025
f 4160 3983 3984
f 4161 3970 3971
f 4162 3997 3998
f 4163 3984 3985
f 4164 3971 3972
f 4165 3998 3967
f 4166 3985 3986
f 4167 3972 3973
f 4169 3986 3987
f 4170 3973 3974
f 4171 3987 3988
f 4172 3974 3975
f 4173 3988 3989
f 4174 3975 3976
f 4175 3989 3990
f 4176 3976 3977
f 4177 3990 3991
f 4178 3977 3978
f 4179 3991 3992
f 4180 3978 3979
f 4181 3992 3993
f 4182 3979 3980
f 4183 3993 3994
f 4184 3980 3981
f 4168 3967 3968
f 4185 3994 3995
f 4186 3981 3982
f 4187 3968 3969
f 4188 3995 3996
f 4189 3982 3983
f 4190 3969 3970
f 3992 3991 4023
f 3991 3990 4022
f 3993 3992 4024
f 3978 4010 4011
f 3977 4009 4010
f 3980 3979 4011
f 3977 3976 4008
f 3990 3989 4021
f 3976 3975 4007
f 3988 4020 4021
f 3974 4006 4007
f 3988 3987 4019
f 3973 4005 4006
f 3986 4018 4019
f 3973 3972 4004
f 3985 4017 4018
f 3998 4030 3999
f 3971 4003 4004
f 3985 3984 4016
f 3998 3997 4029
f 3970 4002 4003
f 3984 3983 4015
f 3996 4028 4029
f 3969 4001 4002
f 3982 4014 4015
f 3995 4027 4028
f 3969 3968 4000
f 3982 3981 4013
f 3994 4026 4027
f 3968 3967 3999
f 3980 4012 4013
f 4191 3996 3997
f 4001 4033 4034
f 4014 4046 4047
f 4027 4059 4060
f 4000 4032 4033
f 4013 4045 4046
f 4026 4058 4059
f 3999 4031 4032
f 4012 4044 4045
f 4025 4057 4058
f 4011 4043 4044
f 4024 4056 4057
f 4010 4042 4043
f 4023 4055 4056
f 4009 4041 4042
f 4022 4054 4055
f 4008 4040 4041
f 4021 4053 4054
f 4007 4039 4040
f 4020 4052 4053
f 4006 4038 4039
f 4019 4051 4052
f 4005 4037 4038
f 4018 4050 4051
f 4004 4036 4037
f 4017 4049 4050
f 4030 4062 4031
f 4003 4035 4036
f 4016 4048 4049
f 4029 4061 4062
f 4002 4034 4035
f 4015 4047 4048
f 4028 4060 4061
f 4064 4065 3678
f 4069 4068 3681
f 4082 4081 3694
f 4095 4094 3707
f 4068 4067 3680
f 4081 4080 3693
f 4094 4093 3706
f 4067 4064 3679
f 4080 4079 3692
f 4093 4092 3705
f 4065 4066 3709
f 4079 4078 3691
f 4092 4091 3704
f 4078 4077 3690
f 4091 4090 3703
f 4077 4076 3689
f 4090 4089 3702
f 4076 4075 3688
f 4089 4088 3701
f 4075 4074 3687
f 4088 4087 3700
f 4074 4073 3686
f 4087 4086 3699
f 4073 4072 3685
f 4086 4085 3698
f 4072 4071 3684
f 4085 4084 3697
f 4071 4070 3683
f 4084 4083 3696
f 4070 4069 3682
f 4083 4082 3695
f 4066 4095 3708
f 4254 4252 4127
f 4251 4126 4097
f 4250 4125 4115
f 4252 4249 4124
f 4251 4248 4123
f 4247 4122 4125
f 4246 4121 4124
f 4245 4120 4123
f 4247 4244 4119
f 4243 4118 4121
f 4245 4242 4117
f 4244 4241 4116
f 4240 4114 4118
f 4242 4239 4113
f 4241 4238 4112
f 4255 4115 4114
f 4239 4237 4111
f 4238 4236 4110
f 4237 4235 4109
f 4234 4108 4110
f 4233 4107 4109
f 4232 4106 4108
f 4233 4231 4105
f 4232 4230 4104
f 4231 4229 4103
f 4230 4228 4102
f 4229 4227 4101
f 4228 4226 4100
f 4225 4098 4101
f 4226 4224 4096
f 4254 4099 4098
f 4253 4097 4096
f 3964 4159 4133
f 3937 4158 4131
f 3950 4157 4129
f 3963 4156 4159
f 3936 4155 4158
f 3949 4154 4157
f 3962 4153 4156
f 3935 4136 4155
f 3948 4152 4154
f 3961 4151 4153
f 3947 4150 4152
f 3960 4149 4151
f 3946 4148 4150
f 3959 4147 4149
f 3945 4146 4148
f 3958 4145 4147
f 3944 4144 4146
f 3957 4143 4145
f 3943 4142 4144
f 3956 4141 4143
f 3942 4140 4142
f 3955 4139 4141
f 3941 4138 4140
f 3954 4137 4139
f 3940 4135 4138
f 3953 4134 4137
f 3966 4132 4136
f 3939 4130 4135
f 3952 4128 4134
f 3965 4133 4132
f 3938 4131 4130
f 3951 4129 4128
f 4159 4191 4162
f 4158 4190 4161
f 4157 4189 4160
f 4156 4188 4191
f 4155 4187 4190
f 4154 4186 4189
f 4153 4185 4188
f 4136 4168 4187
f 4152 4184 4186
f 4151 4183 4185
f 4150 4182 4184
f 4149 4181 4183
f 4148 4180 4182
f 4147 4179 4181
f 4146 4178 4180
f 4145 4177 4179
f 4144 4176 4178
f 4143 4175 4177
f 4142 4174 4176
f 4141 4173 4175
f 4140 4172 4174
f 4139 4171 4173
f 4138 4170 4172
f 4137 4169 4171
f 4135 4167 4170
f 4134 4166 4169
f 4132 4165 4168
f 4130 4164 4167
f 4128 4163 4166
f 4133 4162 4165
f 4131 4161 4164
f 4129 4160 4163
f 3751 4203 4202
f 3779 4210 4209
f 3835 4192 4223
f 3807 4217 4216
f 3723 3727 4197
f 3835 3710 4193
f 3751 3755 4204
f 3779 3783 4211
f 3811 4218 4217
f 3731 4198 4197
f 3755 3759 4205
f 3787 4212 4211
f 3815 4219 4218
f 3731 3735 4199
f 3763 4206 4205
f 3787 3791 4213
f 3819 4220 4219
f 3735 3739 4200
f 3763 3767 4207
f 3795 4214 4213
f 3715 4194 4193
f 3819 3823 4221
f 3743 4201 4200
f 3771 4208 4207
f 3795 3799 4215
f 3715 3719 4195
f 3823 3827 4222
f 3747 4202 4201
f 3771 3775 4209
f 3803 4216 4215
f 3723 4196 4195
f 3831 4223 4222
f 3697 4253 4224
f 3684 4254 4225
f 3698 4224 4226
f 3685 4225 4227
f 3700 3699 4226
f 3687 3686 4227
f 3701 3700 4228
f 3687 4229 4231
f 3702 3701 4230
f 3689 3688 4231
f 3702 4232 4234
f 3689 4233 4235
f 3704 3703 4234
f 3691 3690 4235
f 3705 3704 4236
f 3691 4237 4239
f 3679 3678 4255
f 3705 4238 4241
f 3693 3692 4239
f 3679 4240 4243
f 3706 4241 4244
f 3693 4242 4245
f 3680 4243 4246
f 3707 4244 4247
f 3695 3694 4245
f 3682 3681 4246
f 3708 4247 4250
f 3696 3695 4248
f 3683 3682 4249
f 3709 4250 4255
f 3697 3696 4251
f 3684 3683 4252
f 4260 4264 4259
f 4261 4263 4260
f 4263 4262 4267
f 4258 4266 4257
f 4257 4267 4256
f 4259 4265 4258
f 4259 4258 4256
f 4256 4262 4261
f 4260 4263 4264
f 4261 4262 4263
f 4267 4266 4265
f 4265 4264 4267
f 4264 4263 4267
f 4258 4265 4266
f 4257 4266 4267
f 4259 4264 4265
f 4258 4257 4256
f 4256 4261 4260
f 4260 4259 4256
f 4256 4267 4262
f 4376 4272 4273
f 4372 4270 4373
f 4373 4271 4374
f 4371 4286 4268
f 4374 4272 4375
f 4371 4269 4372
f 4270 4277 4271
f 4268 4286 4274
f 4271 4278 4272
f 4269 4274 4275
f 4273 4278 4279
f 4269 4276 4270
f 4277 4284 4278
f 4275 4280 4281
f 4278 4285 4279
f 4275 4282 4276
f 4277 4282 4283
f 4274 4286 4280
f 4282 4288 4289
f 4283 4289 4290
f 4280 4286 4287
f 4283 4291 4284
f 4281 4287 4288
f 4285 4291 4292
f 4287 4286 4293
f 4290 4297 4291
f 4287 4294 4288
f 4292 4297 4298
f 4289 4294 4295
f 4289 4296 4290
f 4298 4303 4304
f 4294 4301 4295
f 4295 4302 4296
f 4293 4286 4299
f 4296 4303 4297
f 4293 4300 4294
f 4301 4308 4302
f 4299 4286 4305
f 4302 4309 4303
f 4299 4306 4300
f 4304 4309 4310
f 4300 4307 4301
f 4308 4315 4309
f 4305 4312 4306
f 4309 4316 4310
f 4307 4312 4313
f 4307 4314 4308
f 4305 4286 4311
f 4313 4318 4319
f 4314 4319 4320
f 4311 4286 4317
f 4314 4321 4315
f 4312 4317 4318
f 4315 4322 4316
f 4317 4286 4323
f 4320 4327 4321
f 4317 4324 4318
f 4322 4327 4328
f 4318 4325 4319
f 4319 4326 4320
f 4327 4334 4328
f 4324 4331 4325
f 4326 4331 4332
f 4323 4286 4329
f 4326 4333 4327
f 4324 4329 4330
f 4332 4337 4338
f 4329 4286 4335
f 4332 4339 4333
f 4330 4335 4336
f 4333 4340 4334
f 4330 4337 4331
f 4336 4341 4342
f 4340 4345 4346
f 4337 4342 4343
f 4338 4343 4344
f 4335 4286 4341
f 4338 4345 4339
f 4343 4350 4344
f 4341 4286 4347
f 4344 4351 4345
f 4341 4348 4342
f 4345 4352 4346
f 4342 4349 4343
f 4350 4357 4351
f 4348 4353 4354
f 4351 4358 4352
f 4349 4354 4355
f 4349 4356 4350
f 4347 4286 4353
f 4358 4363 4364
f 4355 4360 4361
f 4355 4362 4356
f 4353 4286 4359
f 4356 4363 4357
f 4353 4360 4354
f 4362 4367 4368
f 4359 4286 4365
f 4362 4369 4363
f 4359 4366 4360
f 4363 4370 4364
f 4361 4366 4367
f 4366 4371 4372
f 4370 4375 4376
f 4367 4372 4373
f 4368 4373 4374
f 4365 4286 4371
f 4368 4375 4369
f 4292 4379 4285
f 4334 4386 4328
f 4304 4383 4382
f 4328 4385 4322
f 4316 4383 4310
f 4340 4387 4334
f 4346 4388 4340
f 4322 4384 4316
f 4364 4391 4358
f 4352 4389 4346
f 4273 4394 4376
f 4352 4391 4390
f 4273 4378 4377
f 4279 4379 4378
f 4298 4382 4381
f 4364 4393 4392
f 4292 4381 4380
f 4370 4394 4393
f 4389 4406 4388
f 4382 4399 4381
f 4390 4407 4389
f 4383 4400 4382
f 4391 4408 4390
f 4384 4401 4383
f 4392 4409 4391
f 4385 4402 4384
f 4378 4395 4377
f 4393 4410 4392
f 4386 4403 4385
f 4379 4396 4378
f 4394 4411 4393
f 4387 4404 4386
f 4380 4397 4379
f 4377 4412 4394
f 4388 4405 4387
f 4381 4398 4380
f 4376 4375 4272
f 4372 4269 4270
f 4373 4270 4271
f 4374 4271 4272
f 4371 4268 4269
f 4270 4276 4277
f 4271 4277 4278
f 4269 4268 4274
f 4273 4272 4278
f 4269 4275 4276
f 4277 4283 4284
f 4275 4274 4280
f 4278 4284 4285
f 4275 4281 4282
f 4277 4276 4282
f 4282 4281 4288
f 4283 4282 4289
f 4283 4290 4291
f 4281 4280 4287
f 4285 4284 4291
f 4290 4296 4297
f 4287 4293 4294
f 4292 4291 4297
f 4289 4288 4294
f 4289 4295 4296
f 4298 4297 4303
f 4294 4300 4301
f 4295 4301 4302
f 4296 4302 4303
f 4293 4299 4300
f 4301 4307 4308
f 4302 4308 4309
f 4299 4305 4306
f 4304 4303 4309
f 4300 4306 4307
f 4308 4314 4315
f 4305 4311 4312
f 4309 4315 4316
f 4307 4306 4312
f 4307 4313 4314
f 4313 4312 4318
f 4314 4313 4319
f 4314 4320 4321
f 4312 4311 4317
f 4315 4321 4322
f 4320 4326 4327
f 4317 4323 4324
f 4322 4321 4327
f 4318 4324 4325
f 4319 4325 4326
f 4327 4333 4334
f 4324 4330 4331
f 4326 4325 4331
f 4326 4332 4333
f 4324 4323 4329
f 4332 4331 4337
f 4332 4338 4339
f 4330 4329 4335
f 4333 4339 4340
f 4330 4336 4337
f 4336 4335 4341
f 4340 4339 4345
f 4337 4336 4342
f 4338 4337 4343
f 4338 4344 4345
f 4343 4349 4350
f 4344 4350 4351
f 4341 4347 4348
f 4345 4351 4352
f 4342 4348 4349
f 4350 4356 4357
f 4348 4347 4353
f 4351 4357 4358
f 4349 4348 4354
f 4349 4355 4356
f 4358 4357 4363
f 4355 4354 4360
f 4355 4361 4362
f 4356 4362 4363
f 4353 4359 4360
f 4362 4361 4367
f 4362 4368 4369
f 4359 4365 4366
f 4363 4369 4370
f 4361 4360 4366
f 4366 4365 4371
f 4370 4369 4375
f 4367 4366 4372
f 4368 4367 4373
f 4368 4374 4375
f 4292 4380 4379
f 4334 4387 4386
f 4304 4310 4383
f 4328 4386 4385
f 4316 4384 4383
f 4340 4388 4387
f 4346 4389 4388
f 4322 4385 4384
f 4364 4392 4391
f 4352 4390 4389
f 4273 4377 4394
f 4352 4358 4391
f 4273 4279 4378
f 4279 4285 4379
f 4298 4304 4382
f 4364 4370 4393
f 4292 4298 4381
f 4370 4376 4394
f 4389 4407 4406
f 4382 4400 4399
f 4390 4408 4407
f 4383 4401 4400
f 4391 4409 4408
f 4384 4402 4401
f 4392 4410 4409
f 4385 4403 4402
f 4378 4396 4395
f 4393 4411 4410
f 4386 4404 4403
f 4379 4397 4396
f 4394 4412 4411
f 4387 4405 4404
f 4380 4398 4397
f 4377 4395 4412
f 4388 4406 4405
f 4381 4399 4398
f 4428 4443 4427
f 4434 4417 4418
f 4438 4423 4422
f 4414 4434 4418
f 4437 4420 4421
f 4442 4414 4426
f 4433 4419 4417
f 4432 4415 4416
f 4431 4413 4415
f 4436 4416 4420
f 4429 4428 4413
f 4435 4422 4419
f 4441 4424 4425
f 4423 4441 4425
f 4440 4421 4424
f 4427 4442 4426
f 4441 4439 4445
f 4437 4440 4445
f 4442 4443 4445
f 4443 4444 4445
f 4433 4434 4445
f 4439 4438 4445
f 4434 4430 4445
f 4436 4437 4445
f 4430 4442 4445
f 4435 4433 4445
f 4431 4432 4445
f 4429 4431 4445
f 4432 4436 4445
f 4444 4429 4445
f 4438 4435 4445
f 4440 4441 4445
f 4461 4476 4446
f 4467 4456 4455
f 4471 4450 4451
f 4459 4467 4455
f 4470 4453 4452
f 4475 4459 4447
f 4466 4454 4456
f 4465 4458 4457
f 4464 4460 4458
f 4469 4457 4453
f 4462 4461 4460
f 4468 4451 4454
f 4474 4449 4448
f 4450 4474 4448
f 4473 4452 4449
f 4446 4475 4447
f 4477 4492 4476
f 4477 4478 4493
f 4472 4490 4474
f 4473 4490 4489
f 4467 4482 4466
f 4462 4480 4478
f 4476 4491 4475
f 4468 4487 4471
f 4473 4486 4470
f 4472 4487 4488
f 4475 4479 4463
f 4465 4480 4464
f 4470 4485 4469
f 4468 4482 4484
f 4467 4479 4483
f 4465 4485 4481
f 4487 4500 4503
f 4489 4506 4505
f 4493 4508 4492
f 4488 4506 4490
f 4489 4502 4486
f 4491 4508 4507
f 4482 4499 4498
f 4488 4503 4504
f 4483 4495 4499
f 4486 4501 4485
f 4491 4495 4479
f 4482 4500 4484
f 4480 4497 4496
f 4478 4496 4494
f 4481 4501 4497
f 4493 4494 4509
f 4496 4497 4510
f 4494 4496 4510
f 4497 4501 4510
f 4509 4494 4510
f 4503 4500 4510
f 4505 4506 4510
f 4508 4509 4510
f 4506 4504 4510
f 4502 4505 4510
f 4507 4508 4510
f 4498 4499 4510
f 4504 4503 4510
f 4499 4495 4510
f 4501 4502 4510
f 4495 4507 4510
f 4500 4498 4510
f 4526 4541 4542
f 4515 4532 4516
f 4521 4536 4520
f 4512 4532 4528
f 4518 4535 4519
f 4512 4540 4524
f 4517 4531 4515
f 4513 4530 4514
f 4511 4529 4513
f 4514 4534 4518
f 4526 4527 4511
f 4520 4533 4517
f 4522 4539 4523
f 4539 4521 4523
f 4519 4538 4522
f 4525 4540 4541
f 4539 4543 4537
f 4535 4543 4538
f 4540 4543 4541
f 4541 4543 4542
f 4531 4543 4532
f 4537 4543 4536
f 4532 4543 4528
f 4534 4543 4535
f 4528 4543 4540
f 4533 4543 4531
f 4529 4543 4530
f 4527 4543 4529
f 4530 4543 4534
f 4542 4543 4527
f 4536 4543 4533
f 4538 4543 4539
f 4559 4574 4575
f 4554 4565 4553
f 4548 4569 4549
f 4557 4565 4561
f 4551 4568 4550
f 4557 4573 4545
f 4552 4564 4554
f 4556 4563 4555
f 4558 4562 4556
f 4555 4567 4551
f 4559 4560 4558
f 4549 4566 4552
f 4547 4572 4546
f 4572 4548 4546
f 4550 4571 4547
f 4544 4573 4574
f 4590 4575 4574
f 4575 4576 4560
f 4588 4570 4572
f 4571 4588 4572
f 4580 4565 4564
f 4560 4578 4562
f 4589 4574 4573
f 4585 4566 4569
f 4584 4571 4568
f 4570 4585 4569
f 4577 4573 4561
f 4578 4563 4562
f 4583 4568 4567
f 4566 4580 4564
f 4565 4577 4561
f 4563 4583 4567
f 4585 4598 4582
f 4587 4604 4588
f 4606 4591 4590
f 4604 4586 4588
f 4600 4587 4584
f 4589 4606 4590
f 4580 4597 4581
f 4586 4601 4585
f 4581 4593 4577
f 4599 4584 4583
f 4593 4589 4577
f 4598 4580 4582
f 4578 4595 4579
f 4592 4578 4576
f 4579 4599 4583
f 4591 4592 4576
f 4594 4608 4595
f 4592 4608 4594
f 4595 4608 4599
f 4607 4608 4592
f 4601 4608 4598
f 4603 4608 4604
f 4606 4608 4607
f 4604 4608 4602
f 4600 4608 4603
f 4605 4608 4606
f 4596 4608 4597
f 4602 4608 4601
f 4597 4608 4593
f 4599 4608 4600
f 4593 4608 4605
f 4598 4608 4596
f 4624 4639 4623
f 4630 4613 4614
f 4634 4619 4618
f 4610 4630 4614
f 4633 4616 4617
f 4638 4610 4622
f 4629 4615 4613
f 4628 4611 4612
f 4627 4609 4611
f 4632 4612 4616
f 4625 4624 4609
f 4631 4618 4615
f 4637 4620 4621
f 4619 4637 4621
f 4636 4617 4620
f 4623 4638 4622
f 4637 4635 4641
f 4633 4636 4641
f 4638 4639 4641
f 4639 4640 4641
f 4629 4630 4641
f 4635 4634 4641
f 4630 4626 4641
f 4632 4633 4641
f 4626 4638 4641
f 4631 4629 4641
f 4627 4628 4641
f 4625 4627 4641
f 4628 4632 4641
f 4640 4625 4641
f 4634 4631 4641
f 4636 4637 4641
f 4657 4672 4673
f 4646 4663 4647
f 4652 4667 4651
f 4643 4663 4659
f 4649 4666 4650
f 4643 4671 4655
f 4648 4662 4646
f 4644 4661 4645
f 4642 4660 4644
f 4645 4665 4649
f 4657 4658 4642
f 4651 4664 4648
f 4653 4670 4654
f 4670 4652 4654
f 4650 4669 4653
f 4656 4671 4672
f 4670 4674 4668
f 4666 4674 4669
f 4671 4674 4672
f 4672 4674 4673
f 4662 4674 4663
f 4668 4674 4667
f 4663 4674 4659
f 4665 4674 4666
f 4659 4674 4671
f 4664 4674 4662
f 4660 4674 4661
f 4658 4674 4660
f 4661 4674 4665
f 4673 4674 4658
f 4667 4674 4664
f 4669 4674 4670
f 4428 4444 4443
f 4434 4433 4417
f 4438 4439 4423
f 4414 4430 4434
f 4437 4436 4420
f 4442 4430 4414
f 4433 4435 4419
f 4432 4431 4415
f 4431 4429 4413
f 4436 4432 4416
f 4429 4444 4428
f 4435 4438 4422
f 4441 4440 4424
f 4423 4439 4441
f 4440 4437 4421
f 4427 4443 4442
f 4461 4477 4476
f 4467 4466 4456
f 4471 4472 4450
f 4459 4463 4467
f 4470 4469 4453
f 4475 4463 4459
f 4466 4468 4454
f 4465 4464 4458
f 4464 4462 4460
f 4469 4465 4457
f 4462 4477 4461
f 4468 4471 4451
f 4474 4473 4449
f 4450 4472 4474
f 4473 4470 4452
f 4446 4476 4475
f 4477 4493 4492
f 4477 4462 4478
f 4472 4488 4490
f 4473 4474 4490
f 4467 4483 4482
f 4462 4464 4480
f 4476 4492 4491
f 4468 4484 4487
f 4473 4489 4486
f 4472 4471 4487
f 4475 4491 4479
f 4465 4481 4480
f 4470 4486 4485
f 4468 4466 4482
f 4467 4463 4479
f 4465 4469 4485
f 4487 4484 4500
f 4489 4490 4506
f 4493 4509 4508
f 4488 4504 4506
f 4489 4505 4502
f 4491 4492 4508
f 4482 4483 4499
f 4488 4487 4503
f 4483 4479 4495
f 4486 4502 4501
f 4491 4507 4495
f 4482 4498 4500
f 4480 4481 4497
f 4478 4480 4496
f 4481 4485 4501
f 4493 4478 4494
f 4526 4525 4541
f 4515 4531 4532
f 4521 4537 4536
f 4512 4516 4532
f 4518 4534 4535
f 4512 4528 4540
f 4517 4533 4531
f 4513 4529 4530
f 4511 4527 4529
f 4514 4530 4534
f 4526 4542 4527
f 4520 4536 4533
f 4522 4538 4539
f 4539 4537 4521
f 4519 4535 4538
f 4525 4524 4540
f 4559 4544 4574
f 4554 4564 4565
f 4548 4570 4569
f 4557 4553 4565
f 4551 4567 4568
f 4557 4561 4573
f 4552 4566 4564
f 4556 4562 4563
f 4558 4560 4562
f 4555 4563 4567
f 4559 4575 4560
f 4549 4569 4566
f 4547 4571 4572
f 4572 4570 4548
f 4550 4568 4571
f 4544 4545 4573
f 4590 4591 4575
f 4575 4591 4576
f 4588 4586 4570
f 4571 4587 4588
f 4580 4581 4565
f 4560 4576 4578
f 4589 4590 4574
f 4585 4582 4566
f 4584 4587 4571
f 4570 4586 4585
f 4577 4589 4573
f 4578 4579 4563
f 4583 4584 4568
f 4566 4582 4580
f 4565 4581 4577
f 4563 4579 4583
f 4585 4601 4598
f 4587 4603 4604
f 4606 4607 4591
f 4604 4602 4586
f 4600 4603 4587
f 4589 4605 4606
f 4580 4596 4597
f 4586 4602 4601
f 4581 4597 4593
f 4599 4600 4584
f 4593 4605 4589
f 4598 4596 4580
f 4578 4594 4595
f 4592 4594 4578
f 4579 4595 4599
f 4591 4607 4592
f 4624 4640 4639
f 4630 4629 4613
f 4634 4635 4619
f 4610 4626 4630
f 4633 4632 4616
f 4638 4626 4610
f 4629 4631 4615
f 4628 4627 4611
f 4627 4625 4609
f 4632 4628 4612
f 4625 4640 4624
f 4631 4634 4618
f 4637 4636 4620
f 4619 4635 4637
f 4636 4633 4617
f 4623 4639 4638
f 4657 4656 4672
f 4646 4662 4663
f 4652 4668 4667
f 4643 4647 4663
f 4649 4665 4666
f 4643 4659 4671
f 4648 4664 4662
f 4644 4660 4661
f 4642 4658 4660
f 4645 4661 4665
f 4657 4673 4658
f 4651 4667 4664
f 4653 4669 4670
f 4670 4668 4652
f 4650 4666 4669
f 4656 4655 4671
f 4681 4684 4682
f 4697 4680 4698
f 4677 4678 4680
f 4675 4682 4676
f 4683 4686 4684
f 4679 4676 4678
f 4685 4688 4686
f 4687 4690 4688
f 4689 4692 4690
f 4691 4694 4692
f 4693 4696 4694
f 4695 4698 4696
f 4682 4694 4698
f 4693 4691 4681
f 4681 4683 4684
f 4697 4677 4680
f 4677 4679 4678
f 4675 4681 4682
f 4683 4685 4686
f 4679 4675 4676
f 4685 4687 4688
f 4687 4689 4690
f 4689 4691 4692
f 4691 4693 4694
f 4693 4695 4696
f 4695 4697 4698
f 4698 4680 4682
f 4680 4678 4682
f 4678 4676 4682
f 4682 4684 4692
f 4684 4686 4692
f 4686 4688 4692
f 4688 4690 4692
f 4694 4696 4698
f 4682 4692 4694
f 4681 4675 4679
f 4679 4677 4681
f 4677 4697 4681
f 4697 4695 4693
f 4691 4689 4687
f 4697 4693 4681
f 4691 4687 4685
f 4685 4683 4691
f 4683 4681 4691
f 4991 4702 4992
f 4741 4702 4701
f 4699 4899 4991
f 4714 4986 4985
f 4729 4745 4730
f 4730 4746 4731
f 4731 4747 4732
f 4849 4734 4719
f 4732 4748 4733
f 4719 4735 4720
f 4733 4850 4848
f 4720 4736 4721
f 4721 4737 4722
f 4722 4738 4723
f 4723 4739 4724
f 4725 4739 4740
f 4726 4740 4741
f 4727 4726 4741
f 4727 4743 4728
f 4728 4744 4729
f 4730 4759 4729
f 4731 4760 4730
f 4732 4761 4731
f 4849 4749 4853
f 4733 4762 4732
f 4719 4750 4749
f 4848 4854 4733
f 4720 4751 4750
f 4721 4752 4751
f 4722 4753 4752
f 4724 4753 4723
f 4725 4754 4724
f 4726 4755 4725
f 4726 4757 4756
f 4727 4758 4757
f 4728 4759 4758
f 4758 4770 4757
f 4759 4771 4758
f 4760 4772 4759
f 4761 4773 4760
f 4853 4781 4818
f 4762 4774 4761
f 4749 4856 4853
f 4854 4775 4762
f 4750 4857 4749
f 4852 4776 4854
f 4751 4763 4750
f 4752 4764 4751
f 4753 4765 4752
f 4754 4766 4753
f 4755 4767 4754
f 4756 4768 4755
f 4757 4769 4756
f 4918 4866 4934
f 4778 4866 4868
f 4919 4874 4921
f 4921 4871 4923
f 4886 4779 4887
f 4923 4869 4924
f 4924 4870 4925
f 4926 4870 4873
f 4926 4880 4918
f 4782 4852 4780
f 4744 4743 4783
f 4748 4785 4861
f 4745 4744 4784
f 4850 4748 4861
f 4746 4784 4785
f 4747 4746 4785
f 4940 4892 4939
f 4938 4893 4940
f 4939 4890 4944
f 4862 4785 4786
f 4786 4784 4787
f 4783 4787 4784
f 4777 4743 4916
f 4784 4744 4783
f 4814 4798 4799
f 4815 4799 4800
f 4816 4800 4801
f 4803 4849 4788
f 4817 4801 4802
f 4804 4788 4789
f 4850 4802 4848
f 4805 4789 4790
f 4806 4790 4791
f 4792 4806 4791
f 4793 4807 4792
f 4809 4793 4794
f 4795 4809 4794
f 4811 4795 4796
f 4812 4796 4797
f 4813 4797 4798
f 4828 4799 4798
f 4829 4800 4799
f 4830 4801 4800
f 4849 4818 4788
f 4831 4802 4801
f 4788 4819 4789
f 4780 4848 4802
f 4789 4820 4790
f 4790 4821 4791
f 4791 4822 4792
f 4822 4793 4792
f 4823 4794 4793
f 4824 4795 4794
f 4795 4826 4796
f 4796 4827 4797
f 4797 4828 4798
f 4839 4827 4826
f 4840 4828 4827
f 4841 4829 4828
f 4842 4830 4829
f 4843 4831 4830
f 4844 4780 4831
f 4781 4819 4818
f 4832 4820 4819
f 4833 4821 4820
f 4834 4822 4821
f 4835 4823 4822
f 4836 4824 4823
f 4837 4825 4824
f 4838 4826 4825
f 4865 4917 4935
f 4846 4867 4865
f 4876 4919 4928
f 4875 4928 4930
f 4884 4885 4847
f 4877 4930 4931
f 4872 4931 4932
f 4933 4872 4932
f 4879 4933 4917
f 4782 4843 4774
f 4813 4858 4812
f 4817 4860 4816
f 4814 4859 4813
f 4850 4861 4817
f 4815 4859 4814
f 4816 4860 4815
f 4943 4891 4895
f 4941 4895 4896
f 4942 4890 4891
f 4860 4862 4863
f 4859 4863 4864
f 4864 4858 4859
f 4896 4936 4941
f 4859 4858 4813
f 4869 4871 4883
f 4865 4882 4883
f 4866 4882 4868
f 4872 4878 4883
f 4889 4887 4888
f 4778 4882 4994
f 4994 4867 4846
f 4884 4895 4891
f 4889 4890 4892
f 4884 4888 4885
f 4847 4927 4929
f 4884 4929 4936
f 4927 4865 4935
f 4920 4779 4922
f 4922 4886 4937
f 4920 4866 4778
f 4916 4742 4957
f 4741 4916 4743
f 4904 4809 4810
f 4915 4811 4812
f 4906 4810 4811
f 4912 4807 4808
f 4807 4909 4806
f 4909 4805 4806
f 4908 4804 4805
f 4907 4803 4804
f 4905 4851 4803
f 4914 4808 4809
f 4738 4913 4739
f 4738 4902 4903
f 4736 4902 4737
f 4735 4901 4736
f 4734 4900 4735
f 4851 4898 4734
f 4740 4913 4911
f 4962 4934 4920
f 4954 4937 4957
f 4953 4922 4954
f 4927 4914 4904
f 4936 4906 4915
f 4929 4904 4906
f 4917 4910 4912
f 4933 4909 4910
f 4932 4908 4909
f 4905 4945 4897
f 4898 4945 4946
f 4905 4907 4948
f 4935 4912 4914
f 4955 4925 4956
f 4900 4898 4946
f 4908 4948 4907
f 4901 4946 4947
f 4845 4812 4858
f 4950 4916 4957
f 4786 4947 4946
f 4845 4943 4941
f 4863 4949 4864
f 4951 4939 4952
f 4950 4940 4951
f 4949 4943 4864
f 4894 4937 4886
f 4941 4915 4845
f 4924 4944 4923
f 4931 4944 4942
f 4931 4949 4908
f 4921 4923 4944
f 4901 4952 4955
f 4930 4928 4944
f 4919 4921 4944
f 4928 4919 4944
f 4862 4948 4863
f 4862 4946 4945
f 4955 4939 4924
f 4777 4951 4787
f 4951 4947 4787
f 4938 4957 4937
f 4990 4913 4968
f 4901 4956 4902
f 4902 4961 4960
f 4903 4970 4967
f 4742 4953 4954
f 4957 4742 4954
f 4718 4973 4968
f 4710 4971 4972
f 4969 4926 4918
f 4711 4972 4969
f 4716 4963 4958
f 4709 4959 4971
f 4970 4703 4967
f 4712 4969 4966
f 4708 4965 4959
f 4967 4718 4968
f 4965 4706 4961
f 4960 4704 4970
f 4714 4964 4962
f 4956 4925 4959
f 4966 4934 4964
f 4715 4962 4963
f 4961 4705 4960
f 4713 4966 4964
f 4717 4958 4973
f 4982 4986 4975
f 4708 4978 4707
f 4716 4986 4715
f 4708 4980 4979
f 4716 4988 4987
f 4709 4981 4980
f 4717 4989 4988
f 4710 4982 4981
f 4703 4974 4975
f 4703 4989 4718
f 4712 4982 4711
f 4705 4974 4704
f 4713 4983 4712
f 4706 4976 4705
f 4714 4984 4713
f 4706 4978 4977
f 4990 4968 4973
f 4699 4990 4742
f 4911 4702 4740
f 4991 4700 4699
f 4991 4741 4701
f 4990 4992 4911
f 4953 4958 4963
f 4990 4911 4913
f 4958 4990 4973
f 4962 4964 4934
f 4888 4847 4885
f 4887 4993 4888
f 4993 4846 4847
f 4779 4994 4993
f 4970 4903 4902
f 4902 4956 4961
f 4956 4965 4961
f 4960 4970 4902
f 4968 4913 4967
f 4913 4903 4967
f 4918 4966 4969
f 4969 4972 4926
f 4926 4972 4925
f 4972 4971 4925
f 4959 4965 4956
f 4971 4959 4925
f 4991 4701 4702
f 4741 4740 4702
f 4699 4742 4899
f 4714 4715 4986
f 4729 4744 4745
f 4730 4745 4746
f 4731 4746 4747
f 4849 4851 4734
f 4732 4747 4748
f 4719 4734 4735
f 4733 4748 4850
f 4720 4735 4736
f 4721 4736 4737
f 4722 4737 4738
f 4723 4738 4739
f 4725 4724 4739
f 4726 4725 4740
f 4727 4741 4743
f 4728 4743 4744
f 4730 4760 4759
f 4731 4761 4760
f 4732 4762 4761
f 4849 4719 4749
f 4733 4854 4762
f 4719 4720 4750
f 4848 4852 4854
f 4720 4721 4751
f 4721 4722 4752
f 4722 4723 4753
f 4724 4754 4753
f 4725 4755 4754
f 4726 4756 4755
f 4726 4727 4757
f 4727 4728 4758
f 4728 4729 4759
f 4758 4771 4770
f 4759 4772 4771
f 4760 4773 4772
f 4761 4774 4773
f 4853 4856 4781
f 4762 4775 4774
f 4749 4857 4856
f 4854 4776 4775
f 4750 4763 4857
f 4852 4855 4776
f 4751 4764 4763
f 4752 4765 4764
f 4753 4766 4765
f 4754 4767 4766
f 4755 4768 4767
f 4756 4769 4768
f 4757 4770 4769
f 4918 4880 4866
f 4919 4881 4874
f 4921 4874 4871
f 4923 4871 4869
f 4924 4869 4870
f 4926 4925 4870
f 4926 4873 4880
f 4782 4855 4852
f 4748 4747 4785
f 4746 4745 4784
f 4940 4893 4892
f 4938 4894 4893
f 4939 4892 4890
f 4862 4861 4785
f 4786 4785 4784
f 4783 4777 4787
f 4777 4783 4743
f 4814 4813 4798
f 4815 4814 4799
f 4816 4815 4800
f 4803 4851 4849
f 4817 4816 4801
f 4804 4803 4788
f 4850 4817 4802
f 4805 4804 4789
f 4806 4805 4790
f 4792 4807 4806
f 4793 4808 4807
f 4809 4808 4793
f 4795 4810 4809
f 4811 4810 4795
f 4812 4811 4796
f 4813 4812 4797
f 4828 4829 4799
f 4829 4830 4800
f 4830 4831 4801
f 4849 4853 4818
f 4831 4780 4802
f 4788 4818 4819
f 4780 4852 4848
f 4789 4819 4820
f 4790 4820 4821
f 4791 4821 4822
f 4822 4823 4793
f 4823 4824 4794
f 4824 4825 4795
f 4795 4825 4826
f 4796 4826 4827
f 4797 4827 4828
f 4839 4840 4827
f 4840 4841 4828
f 4841 4842 4829
f 4842 4843 4830
f 4843 4844 4831
f 4844 4782 4780
f 4781 4832 4819
f 4832 4833 4820
f 4833 4834 4821
f 4834 4835 4822
f 4835 4836 4823
f 4836 4837 4824
f 4837 4838 4825
f 4838 4839 4826
f 4865 4879 4917
f 4876 4881 4919
f 4875 4876 4928
f 4877 4875 4930
f 4872 4877 4931
f 4933 4878 4872
f 4879 4878 4933
f 4857 4763 4764
f 4764 4765 4833
f 4765 4766 4833
f 4766 4767 4837
f 4767 4768 4837
f 4768 4769 4837
f 4769 4770 4837
f 4770 4771 4841
f 4771 4772 4841
f 4772 4773 4841
f 4773 4774 4841
f 4774 4775 4782
f 4775 4776 4782
f 4776 4855 4782
f 4782 4844 4843
f 4843 4842 4774
f 4842 4841 4774
f 4841 4840 4770
f 4840 4839 4770
f 4839 4838 4770
f 4838 4837 4770
f 4837 4836 4766
f 4836 4835 4766
f 4835 4834 4766
f 4834 4833 4766
f 4833 4832 4857
f 4832 4781 4857
f 4781 4856 4857
f 4857 4764 4833
f 4817 4861 4860
f 4815 4860 4859
f 4943 4942 4891
f 4941 4943 4895
f 4942 4944 4890
f 4860 4861 4862
f 4859 4860 4863
f 4864 4845 4858
f 4896 4884 4936
f 4881 4883 4874
f 4883 4866 4873
f 4874 4883 4871
f 4866 4880 4873
f 4873 4870 4883
f 4870 4869 4883
f 4865 4867 4882
f 4866 4883 4882
f 4879 4865 4878
f 4865 4883 4878
f 4883 4881 4876
f 4876 4875 4883
f 4875 4877 4883
f 4877 4872 4883
f 4889 4886 4887
f 4778 4868 4882
f 4994 4882 4867
f 4890 4889 4891
f 4889 4884 4891
f 4884 4896 4895
f 4894 4886 4893
f 4886 4889 4892
f 4893 4886 4892
f 4884 4889 4888
f 4847 4846 4927
f 4884 4847 4929
f 4927 4846 4865
f 4920 4778 4779
f 4922 4779 4886
f 4920 4934 4866
f 4916 4899 4742
f 4741 4899 4916
f 4904 4914 4809
f 4915 4906 4811
f 4906 4904 4810
f 4912 4910 4807
f 4807 4910 4909
f 4909 4908 4805
f 4908 4907 4804
f 4907 4905 4803
f 4905 4897 4851
f 4914 4912 4808
f 4738 4903 4913
f 4738 4737 4902
f 4736 4901 4902
f 4735 4900 4901
f 4734 4898 4900
f 4851 4897 4898
f 4740 4739 4913
f 4920 4953 4962
f 4953 4963 4962
f 4954 4922 4937
f 4953 4920 4922
f 4927 4935 4914
f 4936 4929 4906
f 4929 4927 4904
f 4917 4933 4910
f 4933 4932 4909
f 4932 4931 4908
f 4905 4948 4945
f 4898 4897 4945
f 4935 4917 4912
f 4955 4924 4925
f 4908 4949 4948
f 4901 4900 4946
f 4845 4915 4812
f 4950 4777 4916
f 4786 4787 4947
f 4845 4864 4943
f 4863 4948 4949
f 4951 4940 4939
f 4950 4938 4940
f 4949 4942 4943
f 4894 4938 4937
f 4941 4936 4915
f 4924 4939 4944
f 4931 4930 4944
f 4931 4942 4949
f 4901 4947 4952
f 4862 4945 4948
f 4862 4786 4946
f 4955 4952 4939
f 4777 4950 4951
f 4951 4952 4947
f 4938 4950 4957
f 4901 4955 4956
f 4742 4990 4953
f 4718 4717 4973
f 4710 4709 4971
f 4711 4710 4972
f 4716 4715 4963
f 4709 4708 4959
f 4970 4704 4703
f 4712 4711 4969
f 4708 4707 4965
f 4967 4703 4718
f 4965 4707 4706
f 4960 4705 4704
f 4714 4713 4964
f 4966 4918 4934
f 4715 4714 4962
f 4961 4706 4705
f 4713 4712 4966
f 4717 4716 4958
f 4975 4974 4976
f 4976 4977 4975
f 4977 4978 4975
f 4978 4979 4980
f 4980 4981 4982
f 4982 4983 4984
f 4984 4985 4982
f 4985 4986 4982
f 4986 4987 4975
f 4987 4988 4975
f 4988 4989 4975
f 4978 4980 4975
f 4980 4982 4975
f 4708 4979 4978
f 4716 4987 4986
f 4708 4709 4980
f 4716 4717 4988
f 4709 4710 4981
f 4717 4718 4989
f 4710 4711 4982
f 4703 4704 4974
f 4703 4975 4989
f 4712 4983 4982
f 4705 4976 4974
f 4713 4984 4983
f 4706 4977 4976
f 4714 4985 4984
f 4706 4707 4978
f 4699 4700 4990
f 4911 4992 4702
f 4991 4992 4700
f 4991 4899 4741
f 4990 4700 4992
f 4953 4990 4958
f 4888 4993 4847
f 4887 4779 4993
f 4993 4994 4846
f 4779 4778 4994
f 5011 5013 5015
f 5001 5012 5000
f 4998 5009 4997
f 5005 5016 5004
f 5002 5013 5001
f 4999 5010 4998
f 5005 5018 5017
f 4996 5007 4995
f 5003 5014 5002
f 5000 5011 4999
f 4995 5018 5006
f 4997 5008 4996
f 5004 5015 5003
f 5007 5008 5009
f 5009 5010 5011
f 5011 5012 5013
f 5013 5014 5015
f 5015 5016 5007
f 5016 5017 5007
f 5017 5018 5007
f 5007 5009 5015
f 5009 5011 5015
f 5001 5013 5012
f 4998 5010 5009
f 5005 5017 5016
f 5002 5014 5013
f 4999 5011 5010
f 5005 5006 5018
f 4996 5008 5007
f 5003 5015 5014
f 5000 5012 5011
f 4995 5007 5018
f 4997 5009 5008
f 5004 5016 5015
f 5026 5034 5029
f 5038 5037 5043
f 5049 5032 5033
f 5035 5025 5019
f 5047 5030 5031
f 5042 5034 5026
f 5040 5026 5024
f 5037 5023 5021
f 5039 5022 5023
f 5044 5027 5028
f 5038 5019 5022
f 5046 5029 5030
f 5036 5024 5020
f 5045 5028 5029
f 5048 5031 5032
f 5043 5021 5027
f 5050 5033 5034
f 5041 5020 5025
f 5054 5053 5059
f 5074 5082 5077
f 5064 5081 5065
f 5057 5067 5051
f 5062 5079 5063
f 5066 5074 5058
f 5058 5072 5056
f 5055 5069 5053
f 5054 5071 5055
f 5059 5076 5060
f 5051 5070 5054
f 5061 5078 5062
f 5056 5068 5052
f 5060 5077 5061
f 5063 5080 5064
f 5053 5075 5059
f 5065 5082 5066
f 5052 5073 5057
f 5029 5028 5027
f 5027 5021 5022
f 5021 5023 5022
f 5029 5027 5026
f 5027 5022 5026
f 5026 5022 5019
f 5032 5031 5030
f 5019 5025 5026
f 5033 5032 5030
f 5025 5020 5024
f 5026 5025 5024
f 5033 5030 5034
f 5030 5029 5034
f 5046 5047 5048
f 5048 5049 5046
f 5049 5050 5046
f 5050 5042 5045
f 5042 5040 5041
f 5035 5042 5041
f 5040 5036 5041
f 5043 5044 5045
f 5045 5046 5050
f 5042 5035 5038
f 5045 5042 5043
f 5038 5039 5037
f 5043 5042 5038
f 5062 5063 5064
f 5064 5065 5062
f 5065 5066 5062
f 5066 5058 5061
f 5058 5056 5057
f 5051 5058 5057
f 5056 5052 5057
f 5059 5060 5061
f 5061 5062 5066
f 5058 5051 5054
f 5061 5058 5059
f 5054 5055 5053
f 5059 5058 5054
f 5077 5076 5075
f 5075 5069 5070
f 5069 5071 5070
f 5077 5075 5074
f 5075 5070 5074
f 5074 5070 5067
f 5080 5079 5078
f 5067 5073 5074
f 5081 5080 5078
f 5073 5068 5072
f 5074 5073 5072
f 5081 5078 5082
f 5078 5077 5082
f 5049 5048 5032
f 5035 5041 5025
f 5047 5046 5030
f 5042 5050 5034
f 5040 5042 5026
f 5037 5039 5023
f 5039 5038 5022
f 5044 5043 5027
f 5038 5035 5019
f 5046 5045 5029
f 5036 5040 5024
f 5045 5044 5028
f 5048 5047 5031
f 5043 5037 5021
f 5050 5049 5033
f 5041 5036 5020
f 5064 5080 5081
f 5057 5073 5067
f 5062 5078 5079
f 5066 5082 5074
f 5058 5074 5072
f 5055 5071 5069
f 5054 5070 5071
f 5059 5075 5076
f 5051 5067 5070
f 5061 5077 5078
f 5056 5072 5068
f 5060 5076 5077
f 5063 5079 5080
f 5053 5069 5075
f 5065 5081 5082
f 5052 5068 5073
f 5089 5100 5088
f 5096 5107 5095
f 5092 5108 5096
f 5090 5101 5089
f 5093 5109 5097
f 5083 5099 5087
f 5094 5105 5093
f 5091 5102 5090
f 5097 5113 5112
f 5087 5103 5091
f 5095 5106 5094
f 5088 5137 5114
f 5094 5093 5112
f 5110 5115 5092
f 5112 5117 5116
f 5131 5133 5132
f 5114 5111 5110
f 5116 5156 5155
f 5114 5116 5155
f 5114 5122 5116
f 5112 5128 5110
f 5118 5120 5121
f 5131 5125 5123
f 5126 5130 5128
f 5127 5129 5130
f 5123 5133 5131
f 5124 5132 5133
f 5125 5127 5126
f 5134 5119 5118
f 5244 5135 5134
f 5118 5121 5099
f 5246 5134 5118
f 5086 5246 5118
f 5103 5099 5121
f 5120 5100 5121
f 5136 5137 5100
f 5138 5111 5137
f 5139 5115 5111
f 5140 5104 5115
f 5105 5159 5109
f 5149 5113 5109
f 5104 5150 5142
f 5148 5117 5113
f 5151 5104 5141
f 5248 5152 5151
f 5119 5245 5250
f 5136 5146 5138
f 5146 5251 5144
f 5138 5144 5139
f 5145 5249 5146
f 5139 5143 5140
f 5144 5252 5143
f 5140 5151 5141
f 5143 5248 5151
f 5156 5147 5157
f 5153 5098 5083
f 5155 5154 5153
f 5089 5088 5087
f 5153 5088 5155
f 5088 5114 5155
f 5085 5158 5164
f 5158 5156 5157
f 5084 5154 5158
f 5159 5149 5109
f 5142 5160 5159
f 5163 5149 5160
f 5150 5254 5160
f 5152 5253 5150
f 5163 5254 5258
f 5165 5260 5263
f 5164 5161 5165
f 5161 5259 5260
f 5157 5162 5161
f 5162 5258 5259
f 5162 5148 5163
f 5157 5164 5158
f 5165 5085 5164
f 5086 5084 5085
f 5086 5263 5261
f 5136 5119 5145
f 5106 5159 5105
f 5104 5106 5107
f 5115 5104 5108
f 5108 5104 5107
f 5083 5087 5153
f 5102 5103 5121
f 5101 5102 5121
f 5100 5101 5121
f 5084 5118 5099
f 5098 5084 5099
f 5183 5172 5171
f 5190 5179 5178
f 5191 5175 5179
f 5184 5173 5172
f 5192 5176 5180
f 5182 5166 5170
f 5188 5177 5176
f 5185 5174 5173
f 5196 5180 5195
f 5186 5170 5174
f 5189 5178 5177
f 5220 5171 5197
f 5179 5175 5195
f 5198 5193 5175
f 5200 5195 5199
f 5193 5212 5211
f 5194 5197 5193
f 5239 5199 5238
f 5197 5238 5199
f 5205 5197 5199
f 5211 5195 5193
f 5203 5201 5204
f 5208 5214 5206
f 5213 5209 5211
f 5212 5210 5213
f 5216 5206 5214
f 5215 5207 5216
f 5199 5206 5205
f 5202 5217 5201
f 5218 5244 5217
f 5201 5182 5204
f 5217 5246 5201
f 5169 5246 5261
f 5186 5204 5182
f 5183 5203 5204
f 5220 5219 5183
f 5194 5221 5220
f 5198 5222 5194
f 5187 5223 5198
f 5188 5192 5242
f 5196 5232 5192
f 5233 5187 5225
f 5200 5231 5196
f 5187 5234 5224
f 5235 5248 5234
f 5245 5218 5202
f 5229 5219 5221
f 5251 5229 5227
f 5227 5221 5222
f 5249 5228 5229
f 5226 5222 5223
f 5252 5227 5226
f 5234 5223 5224
f 5248 5226 5234
f 5230 5239 5240
f 5181 5236 5166
f 5237 5238 5236
f 5172 5173 5174
f 5236 5238 5171
f 5171 5238 5197
f 5168 5241 5167
f 5239 5241 5240
f 5237 5167 5241
f 5232 5242 5192
f 5243 5225 5242
f 5257 5232 5231
f 5254 5233 5243
f 5253 5235 5233
f 5254 5257 5258
f 5260 5264 5263
f 5255 5262 5264
f 5259 5255 5260
f 5256 5240 5255
f 5258 5256 5259
f 5256 5231 5230
f 5240 5241 5262
f 5168 5264 5262
f 5167 5169 5168
f 5263 5169 5261
f 5219 5202 5203
f 5189 5242 5225
f 5187 5189 5225
f 5198 5191 5187
f 5191 5190 5187
f 5166 5236 5170
f 5185 5204 5186
f 5184 5204 5185
f 5183 5204 5184
f 5167 5182 5201
f 5181 5182 5167
f 5089 5101 5100
f 5096 5108 5107
f 5092 5115 5108
f 5090 5102 5101
f 5093 5105 5109
f 5083 5098 5099
f 5094 5106 5105
f 5091 5103 5102
f 5097 5109 5113
f 5087 5099 5103
f 5095 5107 5106
f 5088 5100 5137
f 5097 5112 5093
f 5112 5110 5092
f 5096 5112 5092
f 5096 5095 5112
f 5095 5094 5112
f 5110 5111 5115
f 5112 5113 5117
f 5132 5114 5131
f 5114 5110 5129
f 5131 5114 5129
f 5110 5128 5129
f 5128 5130 5129
f 5114 5137 5111
f 5116 5117 5156
f 5114 5132 5122
f 5112 5126 5128
f 5118 5119 5120
f 5131 5129 5125
f 5126 5127 5130
f 5127 5125 5129
f 5123 5124 5133
f 5124 5122 5132
f 5126 5112 5125
f 5112 5116 5125
f 5116 5122 5123
f 5122 5124 5123
f 5123 5125 5116
f 5134 5135 5119
f 5244 5245 5135
f 5246 5244 5134
f 5086 5261 5246
f 5120 5136 5100
f 5136 5138 5137
f 5138 5139 5111
f 5139 5140 5115
f 5140 5141 5104
f 5149 5148 5113
f 5104 5152 5150
f 5148 5147 5117
f 5151 5152 5104
f 5248 5247 5152
f 5250 5145 5119
f 5119 5135 5245
f 5136 5145 5146
f 5146 5249 5251
f 5138 5146 5144
f 5145 5250 5249
f 5139 5144 5143
f 5144 5251 5252
f 5140 5143 5151
f 5143 5252 5248
f 5156 5117 5147
f 5153 5154 5098
f 5155 5156 5154
f 5153 5087 5088
f 5087 5091 5089
f 5091 5090 5089
f 5085 5084 5158
f 5158 5154 5156
f 5084 5098 5154
f 5159 5160 5149
f 5142 5150 5160
f 5163 5148 5149
f 5150 5253 5254
f 5152 5247 5253
f 5163 5160 5254
f 5165 5161 5260
f 5164 5157 5161
f 5161 5162 5259
f 5157 5147 5162
f 5162 5163 5258
f 5162 5147 5148
f 5165 5086 5085
f 5086 5118 5084
f 5086 5165 5263
f 5136 5120 5119
f 5106 5142 5159
f 5104 5142 5106
f 5183 5184 5172
f 5190 5191 5179
f 5191 5198 5175
f 5184 5185 5173
f 5192 5188 5176
f 5182 5181 5166
f 5188 5189 5177
f 5185 5186 5174
f 5196 5192 5180
f 5186 5182 5170
f 5189 5190 5178
f 5220 5183 5171
f 5193 5195 5175
f 5195 5180 5176
f 5177 5195 5176
f 5177 5178 5195
f 5178 5179 5195
f 5198 5194 5193
f 5200 5196 5195
f 5193 5197 5212
f 5197 5215 5214
f 5215 5216 5214
f 5214 5212 5197
f 5212 5213 5211
f 5194 5220 5197
f 5239 5200 5199
f 5205 5215 5197
f 5211 5209 5195
f 5203 5202 5201
f 5208 5212 5214
f 5213 5210 5209
f 5212 5208 5210
f 5216 5207 5206
f 5215 5205 5207
f 5199 5195 5208
f 5195 5209 5208
f 5209 5210 5208
f 5208 5206 5199
f 5206 5207 5205
f 5202 5218 5217
f 5218 5245 5244
f 5217 5244 5246
f 5169 5201 5246
f 5183 5219 5203
f 5220 5221 5219
f 5194 5222 5221
f 5198 5223 5222
f 5187 5224 5223
f 5196 5231 5232
f 5233 5235 5187
f 5200 5230 5231
f 5187 5235 5234
f 5235 5247 5248
f 5202 5228 5250
f 5250 5245 5202
f 5229 5228 5219
f 5251 5249 5229
f 5227 5229 5221
f 5249 5250 5228
f 5226 5227 5222
f 5252 5251 5227
f 5234 5226 5223
f 5248 5252 5226
f 5230 5200 5239
f 5181 5237 5236
f 5237 5239 5238
f 5174 5170 5172
f 5170 5236 5171
f 5172 5170 5171
f 5168 5262 5241
f 5239 5237 5241
f 5237 5181 5167
f 5232 5243 5242
f 5243 5233 5225
f 5257 5243 5232
f 5254 5253 5233
f 5253 5247 5235
f 5254 5243 5257
f 5260 5255 5264
f 5255 5240 5262
f 5259 5256 5255
f 5256 5230 5240
f 5258 5257 5256
f 5256 5257 5231
f 5168 5169 5264
f 5167 5201 5169
f 5263 5264 5169
f 5219 5228 5202
f 5189 5188 5242
f 5187 5190 5189
f 5267 5300 5268
f 5294 5327 5295
f 5281 5314 5282
f 5268 5301 5269
f 5295 5328 5296
f 5282 5315 5283
f 5269 5302 5270
f 5296 5297 5265
f 5283 5316 5284
f 5270 5303 5271
f 5284 5317 5285
f 5271 5304 5272
f 5285 5318 5286
f 5272 5305 5273
f 5286 5319 5287
f 5273 5306 5274
f 5287 5320 5288
f 5274 5307 5275
f 5288 5321 5289
f 5275 5308 5276
f 5289 5322 5290
f 5276 5309 5277
f 5290 5323 5291
f 5277 5310 5278
f 5291 5324 5292
f 5278 5311 5279
f 5265 5298 5266
f 5292 5325 5293
f 5279 5312 5280
f 5266 5299 5267
f 5293 5326 5294
f 5280 5313 5281
f 5281 5289 5265
f 5307 5340 5308
f 5322 5353 5354
f 5309 5340 5341
f 5323 5354 5355
f 5310 5341 5342
f 5323 5356 5324
f 5310 5343 5311
f 5297 5330 5298
f 5325 5356 5357
f 5311 5344 5312
f 5298 5331 5299
f 5326 5357 5358
f 5313 5344 5345
f 5300 5331 5332
f 5326 5359 5327
f 5313 5346 5314
f 5300 5333 5301
f 5328 5359 5360
f 5314 5347 5315
f 5301 5334 5302
f 5297 5360 5329
f 5316 5347 5348
f 5303 5334 5335
f 5317 5348 5349
f 5304 5335 5336
f 5317 5350 5318
f 5304 5337 5305
f 5318 5351 5319
f 5305 5338 5306
f 5319 5352 5320
f 5307 5338 5339
f 5320 5353 5321
f 5342 5375 5343
f 5329 5362 5330
f 5356 5389 5357
f 5344 5375 5376
f 5330 5363 5331
f 5358 5389 5390
f 5345 5376 5377
f 5332 5363 5364
f 5358 5391 5359
f 5345 5378 5346
f 5332 5365 5333
f 5360 5391 5392
f 5346 5379 5347
f 5333 5366 5334
f 5329 5392 5361
f 5348 5379 5380
f 5334 5367 5335
f 5349 5380 5381
f 5336 5367 5368
f 5349 5382 5350
f 5337 5368 5369
f 5350 5383 5351
f 5337 5370 5338
f 5351 5384 5352
f 5339 5370 5371
f 5353 5384 5385
f 5339 5372 5340
f 5353 5386 5354
f 5340 5373 5341
f 5354 5387 5355
f 5342 5373 5374
f 5355 5388 5356
f 5377 5410 5378
f 5365 5396 5397
f 5392 5423 5424
f 5378 5411 5379
f 5365 5398 5366
f 5361 5424 5393
f 5380 5411 5412
f 5367 5398 5399
f 5381 5412 5413
f 5368 5399 5400
f 5381 5414 5382
f 5368 5401 5369
f 5383 5414 5415
f 5370 5401 5402
f 5383 5416 5384
f 5371 5402 5403
f 5384 5417 5385
f 5371 5404 5372
f 5386 5417 5418
f 5373 5404 5405
f 5387 5418 5419
f 5373 5406 5374
f 5387 5420 5388
f 5374 5407 5375
f 5361 5394 5362
f 5388 5421 5389
f 5375 5408 5376
f 5362 5395 5363
f 5390 5421 5422
f 5377 5408 5409
f 5364 5395 5396
f 5390 5423 5391
f 5412 5445 5413
f 5399 5432 5400
f 5414 5445 5446
f 5400 5433 5401
f 5414 5447 5415
f 5401 5434 5402
f 5415 5448 5416
f 5402 5435 5403
f 5416 5449 5417
f 5403 5436 5404
f 5417 5450 5418
f 5404 5437 5405
f 5418 5451 5419
f 5405 5438 5406
f 5419 5452 5420
f 5406 5439 5407
f 5393 5426 5394
f 5420 5453 5421
f 5407 5440 5408
f 5394 5427 5395
f 5421 5454 5422
f 5409 5440 5441
f 5395 5428 5396
f 5422 5455 5423
f 5409 5442 5410
f 5396 5429 5397
f 5423 5456 5424
f 5410 5443 5411
f 5397 5430 5398
f 5424 5425 5393
f 5411 5444 5412
f 5398 5431 5399
f 5451 5443 5435
f 5267 5299 5300
f 5294 5326 5327
f 5281 5313 5314
f 5268 5300 5301
f 5295 5327 5328
f 5282 5314 5315
f 5269 5301 5302
f 5296 5328 5297
f 5283 5315 5316
f 5270 5302 5303
f 5284 5316 5317
f 5271 5303 5304
f 5285 5317 5318
f 5272 5304 5305
f 5286 5318 5319
f 5273 5305 5306
f 5287 5319 5320
f 5274 5306 5307
f 5288 5320 5321
f 5275 5307 5308
f 5289 5321 5322
f 5276 5308 5309
f 5290 5322 5323
f 5277 5309 5310
f 5291 5323 5324
f 5278 5310 5311
f 5265 5297 5298
f 5292 5324 5325
f 5279 5311 5312
f 5266 5298 5299
f 5293 5325 5326
f 5280 5312 5313
f 5265 5266 5267
f 5267 5268 5265
f 5268 5269 5265
f 5269 5270 5271
f 5271 5272 5273
f 5273 5274 5275
f 5275 5276 5277
f 5277 5278 5281
f 5278 5279 5281
f 5279 5280 5281
f 5281 5282 5283
f 5283 5284 5281
f 5284 5285 5281
f 5285 5286 5287
f 5287 5288 5285
f 5288 5289 5285
f 5289 5290 5291
f 5291 5292 5293
f 5293 5294 5265
f 5294 5295 5265
f 5295 5296 5265
f 5269 5271 5265
f 5271 5273 5265
f 5273 5275 5281
f 5275 5277 5281
f 5289 5291 5265
f 5291 5293 5265
f 5281 5285 5289
f 5265 5273 5281
f 5307 5339 5340
f 5322 5321 5353
f 5309 5308 5340
f 5323 5322 5354
f 5310 5309 5341
f 5323 5355 5356
f 5310 5342 5343
f 5297 5329 5330
f 5325 5324 5356
f 5311 5343 5344
f 5298 5330 5331
f 5326 5325 5357
f 5313 5312 5344
f 5300 5299 5331
f 5326 5358 5359
f 5313 5345 5346
f 5300 5332 5333
f 5328 5327 5359
f 5314 5346 5347
f 5301 5333 5334
f 5297 5328 5360
f 5316 5315 5347
f 5303 5302 5334
f 5317 5316 5348
f 5304 5303 5335
f 5317 5349 5350
f 5304 5336 5337
f 5318 5350 5351
f 5305 5337 5338
f 5319 5351 5352
f 5307 5306 5338
f 5320 5352 5353
f 5342 5374 5375
f 5329 5361 5362
f 5356 5388 5389
f 5344 5343 5375
f 5330 5362 5363
f 5358 5357 5389
f 5345 5344 5376
f 5332 5331 5363
f 5358 5390 5391
f 5345 5377 5378
f 5332 5364 5365
f 5360 5359 5391
f 5346 5378 5379
f 5333 5365 5366
f 5329 5360 5392
f 5348 5347 5379
f 5334 5366 5367
f 5349 5348 5380
f 5336 5335 5367
f 5349 5381 5382
f 5337 5336 5368
f 5350 5382 5383
f 5337 5369 5370
f 5351 5383 5384
f 5339 5338 5370
f 5353 5352 5384
f 5339 5371 5372
f 5353 5385 5386
f 5340 5372 5373
f 5354 5386 5387
f 5342 5341 5373
f 5355 5387 5388
f 5377 5409 5410
f 5365 5364 5396
f 5392 5391 5423
f 5378 5410 5411
f 5365 5397 5398
f 5361 5392 5424
f 5380 5379 5411
f 5367 5366 5398
f 5381 5380 5412
f 5368 5367 5399
f 5381 5413 5414
f 5368 5400 5401
f 5383 5382 5414
f 5370 5369 5401
f 5383 5415 5416
f 5371 5370 5402
f 5384 5416 5417
f 5371 5403 5404
f 5386 5385 5417
f 5373 5372 5404
f 5387 5386 5418
f 5373 5405 5406
f 5387 5419 5420
f 5374 5406 5407
f 5361 5393 5394
f 5388 5420 5421
f 5375 5407 5408
f 5362 5394 5395
f 5390 5389 5421
f 5377 5376 5408
f 5364 5363 5395
f 5390 5422 5423
f 5412 5444 5445
f 5399 5431 5432
f 5414 5413 5445
f 5400 5432 5433
f 5414 5446 5447
f 5401 5433 5434
f 5415 5447 5448
f 5402 5434 5435
f 5416 5448 5449
f 5403 5435 5436
f 5417 5449 5450
f 5404 5436 5437
f 5418 5450 5451
f 5405 5437 5438
f 5419 5451 5452
f 5406 5438 5439
f 5393 5425 5426
f 5420 5452 5453
f 5407 5439 5440
f 5394 5426 5427
f 5421 5453 5454
f 5409 5408 5440
f 5395 5427 5428
f 5422 5454 5455
f 5409 5441 5442
f 5396 5428 5429
f 5423 5455 5456
f 5410 5442 5443
f 5397 5429 5430
f 5424 5456 5425
f 5411 5443 5444
f 5398 5430 5431
f 5427 5426 5425
f 5425 5456 5455
f 5455 5454 5451
f 5454 5453 5451
f 5453 5452 5451
f 5451 5450 5449
f 5449 5448 5451
f 5448 5447 5451
f 5447 5446 5445
f 5445 5444 5443
f 5443 5442 5441
f 5441 5440 5439
f 5439 5438 5437
f 5437 5436 5435
f 5435 5434 5433
f 5433 5432 5435
f 5432 5431 5435
f 5431 5430 5429
f 5429 5428 5427
f 5427 5425 5451
f 5425 5455 5451
f 5447 5445 5451
f 5445 5443 5451
f 5443 5441 5435
f 5441 5439 5435
f 5439 5437 5435
f 5431 5429 5435
f 5429 5427 5435
f 5427 5451 5435
f 5465 5463 5457
f 5476 5483 5484
f 5459 5491 5473
f 5457 5476 5458
f 5459 5478 5477
f 5461 5478 5460
f 5462 5479 5461
f 5463 5480 5462
f 5463 5482 5481
f 5465 5482 5464
f 5466 5483 5465
f 5469 5484 5466
f 5467 5486 5468
f 5468 5487 5469
f 5470 5485 5467
f 5471 5488 5470
f 5471 5490 5489
f 5458 5490 5472
f 5473 5492 5474
f 5474 5475 5457
f 5499 5501 5494
f 5525 5507 5513
f 5504 5508 5495
f 5494 5525 5524
f 5496 5508 5509
f 5496 5504 5495
f 5497 5523 5522
f 5520 5512 5521
f 5514 5500 5521
f 5500 5513 5499
f 5501 5513 5515
f 5501 5516 5502
f 5502 5517 5503
f 5503 5507 5494
f 5505 5518 5504
f 5493 5519 5505
f 5512 5514 5521
f 5521 5498 5526
f 5497 5509 5510
f 5520 5526 5522
f 5520 5523 5511
f 5524 5506 5493
f 5493 5505 5504
f 5510 5509 5518
f 5497 5526 5504
f 5500 5498 5521
f 5460 5459 5473
f 5473 5474 5457
f 5458 5472 5471
f 5458 5471 5470
f 5473 5457 5463
f 5457 5458 5465
f 5461 5460 5473
f 5463 5462 5461
f 5465 5464 5463
f 5468 5469 5466
f 5467 5468 5466
f 5458 5470 5467
f 5463 5461 5473
f 5467 5466 5458
f 5466 5465 5458
f 5491 5477 5478
f 5479 5480 5481
f 5491 5478 5479
f 5475 5492 5491
f 5489 5490 5476
f 5488 5489 5476
f 5476 5475 5483
f 5475 5491 5481
f 5483 5475 5481
f 5491 5479 5481
f 5481 5482 5483
f 5484 5487 5486
f 5484 5486 5485
f 5484 5485 5476
f 5485 5488 5476
f 5459 5477 5491
f 5457 5475 5476
f 5459 5460 5478
f 5461 5479 5478
f 5462 5480 5479
f 5463 5481 5480
f 5463 5464 5482
f 5465 5483 5482
f 5466 5484 5483
f 5469 5487 5484
f 5467 5485 5486
f 5468 5486 5487
f 5470 5488 5485
f 5471 5489 5488
f 5471 5472 5490
f 5458 5476 5490
f 5473 5491 5492
f 5474 5492 5475
f 5494 5524 5499
f 5524 5526 5498
f 5499 5524 5500
f 5498 5500 5524
f 5502 5503 5494
f 5501 5502 5494
f 5511 5523 5512
f 5523 5525 5512
f 5507 5517 5516
f 5507 5516 5515
f 5513 5514 5525
f 5514 5512 5525
f 5507 5515 5513
f 5504 5518 5508
f 5494 5507 5525
f 5496 5495 5508
f 5496 5497 5504
f 5497 5510 5523
f 5520 5511 5512
f 5500 5514 5513
f 5501 5499 5513
f 5501 5515 5516
f 5502 5516 5517
f 5503 5517 5507
f 5505 5519 5518
f 5493 5506 5519
f 5497 5496 5509
f 5520 5521 5526
f 5520 5522 5523
f 5524 5525 5506
f 5504 5526 5524
f 5524 5493 5504
f 5509 5508 5518
f 5518 5519 5506
f 5506 5525 5518
f 5525 5523 5510
f 5518 5525 5510
f 5497 5522 5526
f 5551 5535 5536
f 5552 5536 5537
f 5543 5527 5528
f 5553 5537 5538
f 5544 5528 5529
f 5554 5538 5539
f 5530 5544 5529
f 5555 5539 5540
f 5531 5545 5530
f 5556 5540 5541
f 5547 5531 5532
f 5527 5556 5541
f 5533 5547 5532
f 5534 5548 5533
f 5745 5534 5743
f 5550 5744 5535
f 5557 5625 5626
f 5537 5620 5538
f 5558 5627 5625
f 5559 5628 5627
f 5536 5619 5537
f 5560 5629 5628
f 5561 5631 5629
f 5571 5626 5630
f 5562 5632 5631
f 5563 5633 5632
f 5564 5766 5633
f 5751 5549 5745
f 5595 5746 5550
f 5596 5550 5551
f 5597 5551 5552
f 5598 5552 5553
f 5589 5543 5544
f 5599 5553 5554
f 5590 5544 5545
f 5600 5554 5555
f 5591 5545 5546
f 5601 5555 5556
f 5592 5546 5547
f 5588 5556 5542
f 5593 5547 5548
f 5594 5548 5549
f 5578 5609 5579
f 5579 5610 5580
f 5580 5611 5581
f 5581 5612 5582
f 5622 5636 5634
f 5582 5613 5583
f 5621 5634 5635
f 5583 5753 5749
f 5750 5614 5584
f 5567 5573 5568
f 5566 5586 5567
f 5565 5585 5566
f 5748 5584 5565
f 5564 5749 5747
f 5582 5564 5563
f 5562 5582 5563
f 5580 5562 5561
f 5579 5561 5560
f 5578 5560 5559
f 5558 5578 5559
f 5557 5577 5558
f 5575 5557 5571
f 5570 5575 5571
f 5569 5574 5570
f 5568 5572 5569
f 5603 5599 5602
f 5602 5600 5604
f 5600 5605 5604
f 5601 5606 5605
f 5606 5587 5607
f 5587 5608 5607
f 5589 5609 5608
f 5590 5610 5609
f 5591 5611 5610
f 5611 5593 5612
f 5593 5613 5612
f 5613 5751 5753
f 5752 5614 5754
f 5595 5615 5614
f 5615 5597 5616
f 5597 5603 5616
f 5577 5608 5578
f 5576 5607 5577
f 5575 5606 5576
f 5574 5605 5575
f 5586 5603 5573
f 5572 5604 5574
f 5585 5616 5586
f 5573 5602 5572
f 5584 5615 5585
f 5637 5641 5624
f 5756 5635 5771
f 5748 5621 5756
f 5565 5622 5621
f 5566 5623 5622
f 5744 5617 5535
f 5567 5624 5623
f 5535 5618 5536
f 5568 5639 5638
f 5570 5630 5640
f 5538 5637 5638
f 5569 5640 5639
f 5587 5542 5543
f 5639 5540 5539
f 5638 5624 5568
f 5640 5541 5540
f 5638 5539 5538
f 5771 5617 5755
f 5636 5620 5619
f 5635 5618 5617
f 5634 5619 5618
f 5633 5743 5534
f 5632 5534 5533
f 5631 5533 5532
f 5630 5527 5541
f 5629 5532 5531
f 5628 5531 5530
f 5627 5530 5529
f 5625 5529 5528
f 5626 5528 5527
f 5642 5644 5643
f 5624 5642 5623
f 5636 5644 5637
f 5623 5643 5636
f 5653 5669 5654
f 5654 5670 5655
f 5645 5661 5646
f 5655 5671 5656
f 5646 5662 5647
f 5656 5672 5657
f 5648 5662 5663
f 5657 5673 5658
f 5649 5663 5664
f 5658 5674 5659
f 5649 5665 5650
f 5645 5674 5660
f 5651 5665 5666
f 5652 5666 5667
f 5652 5745 5743
f 5744 5668 5653
f 5757 5675 5758
f 5738 5655 5656
f 5759 5676 5757
f 5760 5677 5759
f 5737 5654 5655
f 5761 5678 5760
f 5763 5679 5761
f 5758 5689 5762
f 5764 5680 5763
f 5765 5681 5764
f 5766 5682 5765
f 5667 5751 5745
f 5746 5713 5668
f 5668 5714 5669
f 5669 5715 5670
f 5670 5716 5671
f 5661 5707 5662
f 5671 5717 5672
f 5662 5708 5663
f 5672 5718 5673
f 5663 5709 5664
f 5673 5719 5674
f 5664 5710 5665
f 5674 5706 5660
f 5665 5711 5666
f 5666 5712 5667
f 5727 5696 5697
f 5728 5697 5698
f 5729 5698 5699
f 5730 5699 5700
f 5769 5740 5767
f 5731 5700 5701
f 5767 5739 5768
f 5753 5701 5749
f 5732 5750 5702
f 5685 5691 5704
f 5684 5704 5703
f 5683 5703 5702
f 5748 5702 5750
f 5682 5749 5701
f 5682 5700 5681
f 5680 5700 5699
f 5680 5698 5679
f 5679 5697 5678
f 5678 5696 5677
f 5676 5696 5695
f 5675 5695 5694
f 5675 5693 5689
f 5688 5693 5692
f 5687 5692 5690
f 5686 5690 5691
f 5721 5717 5716
f 5720 5718 5717
f 5723 5718 5722
f 5724 5719 5723
f 5724 5705 5706
f 5726 5705 5725
f 5727 5707 5726
f 5728 5708 5727
f 5729 5709 5728
f 5729 5711 5710
f 5731 5711 5730
f 5731 5751 5712
f 5732 5752 5754
f 5733 5713 5732
f 5733 5715 5714
f 5721 5715 5734
f 5726 5695 5696
f 5725 5694 5695
f 5724 5693 5694
f 5723 5692 5693
f 5721 5704 5691
f 5722 5690 5692
f 5734 5703 5704
f 5720 5691 5690
f 5733 5702 5703
f 5775 5770 5742
f 5768 5756 5771
f 5748 5739 5683
f 5683 5740 5684
f 5684 5741 5685
f 5735 5744 5653
f 5685 5742 5686
f 5736 5653 5654
f 5773 5686 5772
f 5762 5688 5774
f 5770 5656 5772
f 5774 5687 5773
f 5660 5705 5661
f 5658 5773 5657
f 5742 5772 5686
f 5659 5774 5658
f 5657 5772 5656
f 5735 5771 5755
f 5738 5769 5737
f 5736 5768 5735
f 5737 5767 5736
f 5743 5765 5652
f 5652 5764 5651
f 5651 5763 5650
f 5645 5762 5659
f 5650 5761 5649
f 5649 5760 5648
f 5648 5759 5647
f 5647 5757 5646
f 5646 5758 5645
f 5778 5776 5777
f 5776 5742 5741
f 5778 5769 5770
f 5777 5741 5769
f 5988 5822 5823
f 5928 5810 5929
f 5954 5837 5955
f 5942 5823 5824
f 5929 5811 5930
f 5955 5838 5927
f 5943 5824 5825
f 5930 5812 5931
f 5943 5826 5944
f 5931 5813 5932
f 5928 5808 5809
f 5944 5827 5945
f 5932 5814 5933
f 5945 5828 5946
f 5933 5815 5934
f 5946 5829 5947
f 5934 5816 5935
f 5947 5830 5948
f 5935 5817 5936
f 5948 5831 5949
f 5936 5818 5937
f 5949 5832 5950
f 5937 5819 5938
f 5950 5833 5951
f 5938 5820 5939
f 5952 5833 5834
f 5939 5821 5940
f 5952 5835 5953
f 5940 5822 5941
f 5927 5807 5926
f 5953 5836 5954
f 5797 5900 5798
f 5787 5863 5866
f 5798 5903 5799
f 5788 5866 5869
f 5799 5906 5800
f 5789 5869 5872
f 5800 5909 5801
f 5790 5872 5875
f 5802 5909 5912
f 5791 5875 5878
f 5802 5915 5803
f 5791 5881 5792
f 6000 5842 5779
f 5804 5915 5918
f 5779 5845 5780
f 5805 5918 5921
f 5780 5848 5781
f 5805 5924 5806
f 5997 5885 5793
f 5781 5851 5782
f 5794 5885 5888
f 5783 5851 5854
f 5795 5888 5891
f 5783 5857 5784
f 5795 5894 5796
f 5784 5860 5785
f 5796 5897 5797
f 5785 5863 5786
f 6001 5843 5842
f 6002 5841 5843
f 5842 5846 5845
f 5843 5844 5846
f 5848 5846 5849
f 5849 5844 5847
f 5848 5852 5851
f 5849 5850 5852
f 5854 5852 5855
f 5855 5850 5853
f 5857 5855 5858
f 5858 5853 5856
f 5860 5858 5861
f 5861 5856 5859
f 5863 5861 5864
f 5861 5862 5864
f 5863 5867 5866
f 5864 5865 5867
f 5869 5867 5870
f 5870 5865 5868
f 5869 5873 5872
f 5870 5871 5873
f 5872 5876 5875
f 5876 5871 5874
f 5878 5876 5879
f 5876 5877 5879
f 5878 5882 5881
f 5882 5877 5880
f 5995 5886 5885
f 5996 5884 5886
f 5888 5886 5889
f 5886 5887 5889
f 5888 5892 5891
f 5892 5887 5890
f 5891 5895 5894
f 5895 5890 5893
f 5894 5898 5897
f 5898 5893 5896
f 5900 5898 5901
f 5901 5896 5899
f 5900 5904 5903
f 5904 5899 5902
f 5903 5907 5906
f 5907 5902 5905
f 5906 5910 5909
f 5907 5908 5910
f 5909 5913 5912
f 5913 5908 5911
f 5912 5916 5915
f 5916 5911 5914
f 5915 5919 5918
f 5916 5917 5919
f 5921 5919 5922
f 5922 5917 5920
f 5924 5922 5925
f 5922 5923 5925
f 5926 5808 5991
f 5914 5954 5917
f 5923 5926 5839
f 5877 5941 5880
f 5911 5953 5914
f 5874 5940 5877
f 5908 5952 5911
f 5871 5939 5874
f 5905 5951 5908
f 5868 5938 5871
f 5902 5950 5905
f 5865 5937 5868
f 5899 5949 5902
f 5862 5936 5865
f 5896 5948 5899
f 5859 5935 5862
f 5893 5947 5896
f 5856 5934 5859
f 5890 5946 5893
f 5853 5933 5856
f 5887 5945 5890
f 5841 5991 5928
f 5850 5932 5853
f 5884 5944 5887
f 5847 5931 5850
f 5883 5943 5884
f 5920 5927 5923
f 5844 5930 5847
f 5917 5955 5920
f 5841 5929 5844
f 5999 5956 5987
f 5792 5970 5791
f 5958 5957 5990
f 5804 5984 5803
f 5780 5958 5779
f 5805 5985 5804
f 5781 5959 5780
f 5806 5986 5805
f 5989 5972 5971
f 5782 5960 5781
f 5794 5974 5793
f 5783 5961 5782
f 5795 5975 5794
f 5784 5962 5783
f 5796 5976 5795
f 5785 5963 5784
f 5797 5977 5796
f 5786 5964 5785
f 5798 5978 5797
f 5787 5965 5786
f 5799 5979 5798
f 5788 5966 5787
f 5800 5980 5799
f 5789 5967 5788
f 5801 5981 5800
f 5790 5968 5789
f 5802 5982 5801
f 5791 5969 5790
f 5823 5973 5824
f 5973 5825 5824
f 5974 5826 5825
f 5826 5976 5827
f 5976 5828 5827
f 5977 5829 5828
f 5829 5979 5830
f 5979 5831 5830
f 5980 5832 5831
f 5832 5982 5833
f 5833 5983 5834
f 5983 5835 5834
f 5835 5985 5836
f 5836 5986 5837
f 5837 5987 5838
f 5987 5807 5838
f 5807 5957 5808
f 5957 5809 5808
f 5958 5810 5809
f 5959 5811 5810
f 5960 5812 5811
f 5812 5962 5813
f 5813 5963 5814
f 5814 5964 5815
f 5964 5816 5815
f 5816 5966 5817
f 5966 5818 5817
f 5818 5968 5819
f 5968 5820 5819
f 5820 5970 5821
f 5821 5971 5822
f 5971 5823 5822
f 5971 5792 5989
f 5974 5973 5998
f 5779 5958 5990
f 5793 5974 5998
f 5792 6006 5989
f 5994 5925 5992
f 5991 5999 5926
f 5988 5998 5989
f 5999 5957 5956
f 6004 5880 6003
f 5994 5992 5926
f 5996 5995 5942
f 6003 5941 5988
f 5987 5806 5999
f 6005 5882 6004
f 6005 6004 5988
f 6002 6001 5991
f 5993 5924 5994
f 5806 5993 5999
f 5998 5997 5793
f 5998 5972 5989
f 6006 5881 6005
f 5992 5923 5839
f 5990 6000 5779
f 5803 5983 5802
f 5551 5550 5535
f 5552 5551 5536
f 5543 5542 5527
f 5553 5552 5537
f 5544 5543 5528
f 5554 5553 5538
f 5530 5545 5544
f 5555 5554 5539
f 5531 5546 5545
f 5556 5555 5540
f 5547 5546 5531
f 5527 5542 5556
f 5533 5548 5547
f 5534 5549 5548
f 5745 5549 5534
f 5550 5746 5744
f 5557 5558 5625
f 5537 5619 5620
f 5558 5559 5627
f 5559 5560 5628
f 5536 5618 5619
f 5560 5561 5629
f 5561 5562 5631
f 5571 5557 5626
f 5562 5563 5632
f 5563 5564 5633
f 5564 5747 5766
f 5751 5594 5549
f 5595 5752 5746
f 5596 5595 5550
f 5597 5596 5551
f 5598 5597 5552
f 5589 5587 5543
f 5599 5598 5553
f 5590 5589 5544
f 5600 5599 5554
f 5591 5590 5545
f 5601 5600 5555
f 5592 5591 5546
f 5588 5601 5556
f 5593 5592 5547
f 5594 5593 5548
f 5578 5608 5609
f 5579 5609 5610
f 5580 5610 5611
f 5581 5611 5612
f 5622 5623 5636
f 5582 5612 5613
f 5621 5622 5634
f 5583 5613 5753
f 5750 5754 5614
f 5567 5586 5573
f 5566 5585 5586
f 5565 5584 5585
f 5748 5750 5584
f 5564 5583 5749
f 5582 5583 5564
f 5562 5581 5582
f 5580 5581 5562
f 5579 5580 5561
f 5578 5579 5560
f 5558 5577 5578
f 5557 5576 5577
f 5575 5576 5557
f 5570 5574 5575
f 5569 5572 5574
f 5568 5573 5572
f 5603 5598 5599
f 5602 5599 5600
f 5600 5601 5605
f 5601 5588 5606
f 5606 5588 5587
f 5587 5589 5608
f 5589 5590 5609
f 5590 5591 5610
f 5591 5592 5611
f 5611 5592 5593
f 5593 5594 5613
f 5613 5594 5751
f 5752 5595 5614
f 5595 5596 5615
f 5615 5596 5597
f 5597 5598 5603
f 5577 5607 5608
f 5576 5606 5607
f 5575 5605 5606
f 5574 5604 5605
f 5586 5616 5603
f 5572 5602 5604
f 5585 5615 5616
f 5573 5603 5602
f 5584 5614 5615
f 5637 5644 5641
f 5756 5621 5635
f 5748 5565 5621
f 5565 5566 5622
f 5566 5567 5623
f 5744 5755 5617
f 5567 5568 5624
f 5535 5617 5618
f 5568 5569 5639
f 5570 5571 5630
f 5538 5620 5637
f 5569 5570 5640
f 5587 5588 5542
f 5639 5640 5540
f 5638 5637 5624
f 5640 5630 5541
f 5638 5639 5539
f 5771 5635 5617
f 5636 5637 5620
f 5635 5634 5618
f 5634 5636 5619
f 5633 5766 5743
f 5632 5633 5534
f 5631 5632 5533
f 5630 5626 5527
f 5629 5631 5532
f 5628 5629 5531
f 5627 5628 5530
f 5625 5627 5529
f 5626 5625 5528
f 5642 5641 5644
f 5624 5641 5642
f 5636 5643 5644
f 5623 5642 5643
f 5653 5668 5669
f 5654 5669 5670
f 5645 5660 5661
f 5655 5670 5671
f 5646 5661 5662
f 5656 5671 5672
f 5648 5647 5662
f 5657 5672 5673
f 5649 5648 5663
f 5658 5673 5674
f 5649 5664 5665
f 5645 5659 5674
f 5651 5650 5665
f 5652 5651 5666
f 5652 5667 5745
f 5744 5746 5668
f 5757 5676 5675
f 5738 5737 5655
f 5759 5677 5676
f 5760 5678 5677
f 5737 5736 5654
f 5761 5679 5678
f 5763 5680 5679
f 5758 5675 5689
f 5764 5681 5680
f 5765 5682 5681
f 5766 5747 5682
f 5667 5712 5751
f 5746 5752 5713
f 5668 5713 5714
f 5669 5714 5715
f 5670 5715 5716
f 5661 5705 5707
f 5671 5716 5717
f 5662 5707 5708
f 5672 5717 5718
f 5663 5708 5709
f 5673 5718 5719
f 5664 5709 5710
f 5674 5719 5706
f 5665 5710 5711
f 5666 5711 5712
f 5727 5726 5696
f 5728 5727 5697
f 5729 5728 5698
f 5730 5729 5699
f 5769 5741 5740
f 5731 5730 5700
f 5767 5740 5739
f 5753 5731 5701
f 5732 5754 5750
f 5685 5686 5691
f 5684 5685 5704
f 5683 5684 5703
f 5748 5683 5702
f 5682 5747 5749
f 5682 5701 5700
f 5680 5681 5700
f 5680 5699 5698
f 5679 5698 5697
f 5678 5697 5696
f 5676 5677 5696
f 5675 5676 5695
f 5675 5694 5693
f 5688 5689 5693
f 5687 5688 5692
f 5686 5687 5690
f 5721 5720 5717
f 5720 5722 5718
f 5723 5719 5718
f 5724 5706 5719
f 5724 5725 5705
f 5726 5707 5705
f 5727 5708 5707
f 5728 5709 5708
f 5729 5710 5709
f 5729 5730 5711
f 5731 5712 5711
f 5731 5753 5751
f 5732 5713 5752
f 5733 5714 5713
f 5733 5734 5715
f 5721 5716 5715
f 5726 5725 5695
f 5725 5724 5694
f 5724 5723 5693
f 5723 5722 5692
f 5721 5734 5704
f 5722 5720 5690
f 5734 5733 5703
f 5720 5721 5691
f 5733 5732 5702
f 5775 5778 5770
f 5768 5739 5756
f 5748 5756 5739
f 5683 5739 5740
f 5684 5740 5741
f 5735 5755 5744
f 5685 5741 5742
f 5736 5735 5653
f 5773 5687 5686
f 5762 5689 5688
f 5770 5738 5656
f 5774 5688 5687
f 5660 5706 5705
f 5658 5774 5773
f 5742 5770 5772
f 5659 5762 5774
f 5657 5773 5772
f 5735 5768 5771
f 5738 5770 5769
f 5736 5767 5768
f 5737 5769 5767
f 5743 5766 5765
f 5652 5765 5764
f 5651 5764 5763
f 5645 5758 5762
f 5650 5763 5761
f 5649 5761 5760
f 5648 5760 5759
f 5647 5759 5757
f 5646 5757 5758
f 5778 5775 5776
f 5776 5775 5742
f 5778 5777 5769
f 5777 5776 5741
f 5988 5941 5822
f 5928 5809 5810
f 5954 5836 5837
f 5942 5988 5823
f 5929 5810 5811
f 5955 5837 5838
f 5943 5942 5824
f 5930 5811 5812
f 5943 5825 5826
f 5931 5812 5813
f 5928 5991 5808
f 5944 5826 5827
f 5932 5813 5814
f 5945 5827 5828
f 5933 5814 5815
f 5946 5828 5829
f 5934 5815 5816
f 5947 5829 5830
f 5935 5816 5817
f 5948 5830 5831
f 5936 5817 5818
f 5949 5831 5832
f 5937 5818 5819
f 5950 5832 5833
f 5938 5819 5820
f 5952 5951 5833
f 5939 5820 5821
f 5952 5834 5835
f 5940 5821 5822
f 5927 5838 5807
f 5953 5835 5836
f 5797 5897 5900
f 5787 5786 5863
f 5798 5900 5903
f 5788 5787 5866
f 5799 5903 5906
f 5789 5788 5869
f 5800 5906 5909
f 5790 5789 5872
f 5802 5801 5909
f 5791 5790 5875
f 5802 5912 5915
f 5791 5878 5881
f 6000 6001 5842
f 5804 5803 5915
f 5779 5842 5845
f 5805 5804 5918
f 5780 5845 5848
f 5805 5921 5924
f 5997 5995 5885
f 5781 5848 5851
f 5794 5793 5885
f 5783 5782 5851
f 5795 5794 5888
f 5783 5854 5857
f 5795 5891 5894
f 5784 5857 5860
f 5796 5894 5897
f 5785 5860 5863
f 6001 6002 5843
f 6002 5840 5841
f 5842 5843 5846
f 5843 5841 5844
f 5848 5845 5846
f 5849 5846 5844
f 5848 5849 5852
f 5849 5847 5850
f 5854 5851 5852
f 5855 5852 5850
f 5857 5854 5855
f 5858 5855 5853
f 5860 5857 5858
f 5861 5858 5856
f 5863 5860 5861
f 5861 5859 5862
f 5863 5864 5867
f 5864 5862 5865
f 5869 5866 5867
f 5870 5867 5865
f 5869 5870 5873
f 5870 5868 5871
f 5872 5873 5876
f 5876 5873 5871
f 5878 5875 5876
f 5876 5874 5877
f 5878 5879 5882
f 5882 5879 5877
f 5995 5996 5886
f 5996 5883 5884
f 5888 5885 5886
f 5886 5884 5887
f 5888 5889 5892
f 5892 5889 5887
f 5891 5892 5895
f 5895 5892 5890
f 5894 5895 5898
f 5898 5895 5893
f 5900 5897 5898
f 5901 5898 5896
f 5900 5901 5904
f 5904 5901 5899
f 5903 5904 5907
f 5907 5904 5902
f 5906 5907 5910
f 5907 5905 5908
f 5909 5910 5913
f 5913 5910 5908
f 5912 5913 5916
f 5916 5913 5911
f 5915 5916 5919
f 5916 5914 5917
f 5921 5918 5919
f 5922 5919 5917
f 5924 5921 5922
f 5922 5920 5923
f 5926 5807 5808
f 5914 5953 5954
f 5923 5927 5926
f 5877 5940 5941
f 5911 5952 5953
f 5874 5939 5940
f 5908 5951 5952
f 5871 5938 5939
f 5905 5950 5951
f 5868 5937 5938
f 5902 5949 5950
f 5865 5936 5937
f 5899 5948 5949
f 5862 5935 5936
f 5896 5947 5948
f 5859 5934 5935
f 5893 5946 5947
f 5856 5933 5934
f 5890 5945 5946
f 5853 5932 5933
f 5887 5944 5945
f 5841 5840 5991
f 5850 5931 5932
f 5884 5943 5944
f 5847 5930 5931
f 5883 5942 5943
f 5920 5955 5927
f 5844 5929 5930
f 5917 5954 5955
f 5841 5928 5929
f 5792 5971 5970
f 5804 5985 5984
f 5780 5959 5958
f 5805 5986 5985
f 5781 5960 5959
f 5806 5987 5986
f 5782 5961 5960
f 5794 5975 5974
f 5783 5962 5961
f 5795 5976 5975
f 5784 5963 5962
f 5796 5977 5976
f 5785 5964 5963
f 5797 5978 5977
f 5786 5965 5964
f 5798 5979 5978
f 5787 5966 5965
f 5799 5980 5979
f 5788 5967 5966
f 5800 5981 5980
f 5789 5968 5967
f 5801 5982 5981
f 5790 5969 5968
f 5802 5983 5982
f 5791 5970 5969
f 5823 5972 5973
f 5973 5974 5825
f 5974 5975 5826
f 5826 5975 5976
f 5976 5977 5828
f 5977 5978 5829
f 5829 5978 5979
f 5979 5980 5831
f 5980 5981 5832
f 5832 5981 5982
f 5833 5982 5983
f 5983 5984 5835
f 5835 5984 5985
f 5836 5985 5986
f 5837 5986 5987
f 5987 5956 5807
f 5807 5956 5957
f 5957 5958 5809
f 5958 5959 5810
f 5959 5960 5811
f 5960 5961 5812
f 5812 5961 5962
f 5813 5962 5963
f 5814 5963 5964
f 5964 5965 5816
f 5816 5965 5966
f 5966 5967 5818
f 5818 5967 5968
f 5968 5969 5820
f 5820 5969 5970
f 5821 5970 5971
f 5971 5972 5823
f 5994 5924 5925
f 5991 5990 5999
f 5988 5942 5998
f 5999 5990 5957
f 6004 5882 5880
f 5839 5926 5992
f 5926 5999 5994
f 5999 5993 5994
f 5997 5998 5995
f 5998 5942 5995
f 5942 5883 5996
f 6003 5880 5941
f 6005 5881 5882
f 6003 5988 6004
f 5988 5989 6005
f 5989 6006 6005
f 6000 5990 6001
f 5990 5991 6001
f 5991 5840 6002
f 5993 5806 5924
f 5998 5973 5972
f 6006 5792 5881
f 5992 5925 5923
f 5803 5984 5983
f 6561 6560 6689
f 6556 6688 6685
f 6630 6684 6634
f 7648 6710 7653
f 6664 6700 6702
f 6668 6702 6704
f 6672 6704 6706
f 6676 6706 6708
f 6710 6676 6708
f 6007 7639 7596
f 6556 6007 6008
f 6690 6640 6636
f 6554 6008 6009
f 6694 6644 6692
f 6652 6694 6696
f 6698 6652 6696
f 6660 6698 6700
f 6097 6794 6793
f 6085 6793 6792
f 6086 6792 6791
f 6087 6791 6790
f 6088 6790 6789
f 6089 6789 6788
f 6090 6788 6787
f 6091 6787 6786
f 6092 6786 6785
f 6093 6785 6796
f 6095 6810 6795
f 6741 6737 6553
f 6027 6132 6133
f 6168 6027 6133
f 6029 6168 6203
f 6030 6203 6238
f 6031 6238 6273
f 6308 6031 6273
f 6033 6308 6343
f 6034 6343 6378
f 7597 6378 7637
f 6414 6714 6716
f 6023 6413 6448
f 6024 6448 6483
f 6518 6024 6483
f 6132 6025 6518
f 6030 6042 6029
f 6044 6030 6031
f 6045 6031 6032
f 6046 6032 6033
f 6034 6046 6033
f 7598 6034 7597
f 6022 6714 6413
f 6036 6022 6023
f 6037 6023 6024
f 6038 6024 6025
f 6039 6025 6026
f 6040 6026 6027
f 6041 6027 6028
f 6042 6028 6029
f 6625 6021 6020
f 7639 6687 7651
f 6008 6592 6009
f 6558 6685 6687
f 6010 6598 6011
f 6598 6012 6011
f 6601 6013 6012
f 6013 6607 6014
f 6607 6015 6014
f 6610 6016 6015
f 6016 6616 6017
f 6616 6018 6017
f 6018 6622 6019
f 6622 6020 6019
f 6048 6044 6045
f 6049 6084 6048
f 6586 6083 6587
f 6084 6043 6044
f 6084 6081 6082
f 6585 6081 6586
f 6043 6079 6042
f 6081 6079 6082
f 6584 6078 6585
f 6042 6076 6041
f 6078 6076 6079
f 6584 6072 6075
f 6076 6040 6041
f 6076 6072 6073
f 6582 6072 6583
f 6040 6070 6039
f 6073 6069 6070
f 6582 6066 6069
f 6070 6038 6039
f 6070 6066 6067
f 6581 6063 6066
f 6038 6064 6037
f 6066 6064 6067
f 6580 6060 6063
f 6037 6061 6036
f 6064 6060 6061
f 6579 6057 6060
f 6036 6058 6035
f 6060 6058 6061
f 6578 6560 6057
f 6058 6562 6035
f 6057 6561 6058
f 7640 6053 7599
f 7600 6047 7598
f 7600 6053 6054
f 6576 6053 6577
f 6047 6051 6046
f 6053 6051 6054
f 6575 6050 6576
f 6046 6048 6045
f 6051 6049 6048
f 6583 6603 6582
f 6609 6583 6584
f 6585 6609 6584
f 6615 6585 6586
f 6618 6586 6587
f 6621 6587 6575
f 6576 6621 6575
f 6627 6576 6577
f 7640 6627 6577
f 7644 6686 6630
f 6591 6563 6578
f 6008 6633 6588
f 6594 6578 6579
f 6597 6579 6580
f 6581 6597 6580
f 6582 6600 6581
f 6693 6798 6799
f 6691 6811 6798
f 6692 6640 6690
f 7668 6709 6797
f 6709 6806 6797
f 6707 6805 6806
f 6705 6804 6805
f 6804 6701 6803
f 6803 6699 6802
f 6699 6801 6802
f 6697 6800 6801
f 6695 6799 6800
f 6085 6552 6097
f 6099 6552 6098
f 6100 6551 6099
f 6101 6550 6100
f 6102 6549 6101
f 6103 6548 6102
f 6104 6547 6103
f 6105 6546 6104
f 6106 6545 6105
f 6107 6544 6106
f 6108 6543 6107
f 6109 6542 6108
f 6110 6541 6109
f 6111 6540 6110
f 6112 6539 6111
f 6113 6538 6112
f 6114 6537 6113
f 6115 6536 6114
f 6116 6535 6115
f 6117 6534 6116
f 6118 6533 6117
f 6119 6532 6118
f 6120 6531 6119
f 6121 6530 6120
f 6121 6528 6529
f 6122 6527 6528
f 6124 6527 6123
f 6125 6526 6124
f 6125 6524 6525
f 6127 6524 6126
f 6128 6523 6127
f 6129 6522 6128
f 6129 6520 6521
f 6130 6519 6520
f 6132 6519 6131
f 6552 6096 6097
f 6551 6517 6552
f 6551 6515 6516
f 6549 6515 6550
f 6548 6514 6549
f 6547 6513 6548
f 6547 6511 6512
f 6545 6511 6546
f 6544 6510 6545
f 6543 6509 6544
f 6542 6508 6543
f 6542 6506 6507
f 6540 6506 6541
f 6539 6505 6540
f 6539 6503 6504
f 6538 6502 6503
f 6537 6501 6502
f 6536 6500 6501
f 6535 6499 6500
f 6533 6499 6534
f 6533 6497 6498
f 6531 6497 6532
f 6531 6495 6496
f 6530 6494 6495
f 6528 6494 6529
f 6528 6492 6493
f 6527 6491 6492
f 6526 6490 6491
f 6525 6489 6490
f 6524 6488 6489
f 6523 6487 6488
f 6522 6486 6487
f 6520 6486 6521
f 6520 6484 6485
f 6519 6483 6484
f 6096 6482 6095
f 6517 6481 6482
f 6516 6480 6481
f 6514 6480 6515
f 6513 6479 6514
f 6513 6477 6478
f 6511 6477 6512
f 6510 6476 6511
f 6509 6475 6510
f 6509 6473 6474
f 6508 6472 6473
f 6506 6472 6507
f 6505 6471 6506
f 6504 6470 6505
f 6504 6468 6469
f 6503 6467 6468
f 6501 6467 6502
f 6500 6466 6501
f 6500 6464 6465
f 6498 6464 6499
f 6498 6462 6463
f 6497 6461 6462
f 6495 6461 6496
f 6495 6459 6460
f 6494 6458 6459
f 6493 6457 6458
f 6492 6456 6457
f 6491 6455 6456
f 6490 6454 6455
f 6488 6454 6489
f 6487 6453 6488
f 6487 6451 6452
f 6486 6450 6451
f 6485 6449 6450
f 6484 6448 6449
f 6095 6447 6094
f 6481 6447 6482
f 6480 6446 6481
f 6479 6445 6480
f 6479 6443 6444
f 6477 6443 6478
f 6476 6442 6477
f 6475 6441 6476
f 6475 6439 6440
f 6473 6439 6474
f 6472 6438 6473
f 6472 6436 6437
f 6471 6435 6436
f 6469 6435 6470
f 6469 6433 6434
f 6467 6433 6468
f 6467 6431 6432
f 6465 6431 6466
f 6465 6429 6430
f 6464 6428 6429
f 6463 6427 6428
f 6461 6427 6462
f 6461 6425 6426
f 6459 6425 6460
f 6458 6424 6459
f 6457 6423 6458
f 6456 6422 6457
f 6455 6421 6456
f 6454 6420 6455
f 6453 6419 6454
f 6452 6418 6453
f 6451 6417 6452
f 6450 6416 6451
f 6449 6415 6450
f 6449 6413 6414
f 6094 6782 6784
f 6446 6782 6447
f 6446 6778 6780
f 6444 6778 6445
f 6444 6774 6776
f 6442 6774 6443
f 6440 6770 6763
f 6442 6772 6766
f 6438 6768 6761
f 6440 6772 6441
f 6438 6770 6439
f 6436 6768 6437
f 6436 6758 6760
f 6434 6758 6435
f 6432 6754 6747
f 6434 6756 6750
f 6430 6752 6745
f 6432 6756 6433
f 6430 6754 6431
f 6428 6752 6429
f 6428 6742 6743
f 6426 6742 6427
f 6426 6738 6740
f 6424 6738 6425
f 6422 6736 6729
f 6424 6734 6732
f 6422 6734 6423
f 6420 6736 6421
f 6420 6726 6727
f 6418 6726 6419
f 6418 6722 6724
f 6416 6722 6417
f 6416 6718 6720
f 6414 6718 6415
f 7602 6412 6093
f 7604 6412 7603
f 7605 6411 7604
f 7606 6410 7605
f 7607 6409 7606
f 7608 6408 7607
f 7609 6407 7608
f 7610 6406 7609
f 7611 6405 7610
f 7612 6404 7611
f 7613 6403 7612
f 7614 6402 7613
f 7615 6401 7614
f 7616 6400 7615
f 7617 6399 7616
f 7618 6398 7617
f 7618 6396 6397
f 7620 6396 7619
f 7621 6395 7620
f 7622 6394 7621
f 7623 6393 7622
f 7624 6392 7623
f 7624 6390 6391
f 7626 6390 7625
f 7626 6388 6389
f 7628 6388 7627
f 7628 6386 6387
f 7629 6385 6386
f 7631 6385 7630
f 7632 6384 7631
f 7633 6383 7632
f 7634 6382 7633
f 7634 6380 6381
f 7636 6380 7635
f 7636 6378 6379
f 6412 6092 6093
f 6412 6376 6377
f 6410 6376 6411
f 6410 6374 6375
f 6409 6373 6374
f 6408 6372 6373
f 6406 6372 6407
f 6405 6371 6406
f 6404 6370 6405
f 6404 6368 6369
f 6403 6367 6368
f 6402 6366 6367
f 6400 6366 6401
f 6400 6364 6365
f 6398 6364 6399
f 6398 6362 6363
f 6397 6361 6362
f 6396 6360 6361
f 6394 6360 6395
f 6393 6359 6394
f 6392 6358 6393
f 6391 6357 6392
f 6390 6356 6391
f 6390 6354 6355
f 6388 6354 6389
f 6387 6353 6388
f 6386 6352 6387
f 6386 6350 6351
f 6384 6350 6385
f 6384 6348 6349
f 6382 6348 6383
f 6382 6346 6347
f 6380 6346 6381
f 6380 6344 6345
f 6378 6344 6379
f 6092 6342 6091
f 6377 6341 6342
f 6376 6340 6341
f 6374 6340 6375
f 6373 6339 6374
f 6372 6338 6373
f 6371 6337 6372
f 6370 6336 6371
f 6369 6335 6370
f 6369 6333 6334
f 6368 6332 6333
f 6366 6332 6367
f 6366 6330 6331
f 6365 6329 6330
f 6364 6328 6329
f 6362 6328 6363
f 6361 6327 6362
f 6360 6326 6361
f 6360 6324 6325
f 6358 6324 6359
f 6358 6322 6323
f 6357 6321 6322
f 6355 6321 6356
f 6354 6320 6355
f 6354 6318 6319
f 6352 6318 6353
f 6351 6317 6352
f 6350 6316 6351
f 6349 6315 6350
f 6348 6314 6349
f 6347 6313 6348
f 6347 6311 6312
f 6346 6310 6311
f 6345 6309 6310
f 6344 6308 6309
f 6342 6090 6091
f 6342 6306 6307
f 6340 6306 6341
f 6339 6305 6340
f 6339 6303 6304
f 6338 6302 6303
f 6336 6302 6337
f 6335 6301 6336
f 6335 6299 6300
f 6333 6299 6334
f 6332 6298 6333
f 6332 6296 6297
f 6330 6296 6331
f 6329 6295 6330
f 6328 6294 6329
f 6328 6292 6293
f 6326 6292 6327
f 6326 6290 6291
f 6324 6290 6325
f 6324 6288 6289
f 6323 6287 6288
f 6322 6286 6287
f 6321 6285 6286
f 6319 6285 6320
f 6318 6284 6319
f 6318 6282 6283
f 6317 6281 6282
f 6316 6280 6281
f 6314 6280 6315
f 6314 6278 6279
f 6313 6277 6278
f 6312 6276 6277
f 6310 6276 6311
f 6309 6275 6310
f 6308 6274 6309
f 6307 6089 6090
f 6307 6271 6272
f 6305 6271 6306
f 6305 6269 6270
f 6304 6268 6269
f 6303 6267 6268
f 6302 6266 6267
f 6301 6265 6266
f 6300 6264 6265
f 6299 6263 6264
f 6297 6263 6298
f 6297 6261 6262
f 6296 6260 6261
f 6295 6259 6260
f 6294 6258 6259
f 6292 6258 6293
f 6292 6256 6257
f 6290 6256 6291
f 6290 6254 6255
f 6288 6254 6289
f 6287 6253 6288
f 6287 6251 6252
f 6286 6250 6251
f 6285 6249 6250
f 6284 6248 6249
f 6282 6248 6283
f 6281 6247 6282
f 6280 6246 6281
f 6279 6245 6280
f 6279 6243 6244
f 6277 6243 6278
f 6276 6242 6277
f 6276 6240 6241
f 6274 6240 6275
f 6273 6239 6274
f 6089 6237 6088
f 6271 6237 6272
f 6270 6236 6271
f 6269 6235 6270
f 6269 6233 6234
f 6267 6233 6268
f 6266 6232 6267
f 6265 6231 6266
f 6264 6230 6265
f 6263 6229 6264
f 6263 6227 6228
f 6261 6227 6262
f 6261 6225 6226
f 6259 6225 6260
f 6259 6223 6224
f 6257 6223 6258
f 6256 6222 6257
f 6255 6221 6256
f 6254 6220 6255
f 6253 6219 6254
f 6253 6217 6218
f 6251 6217 6252
f 6251 6215 6216
f 6249 6215 6250
f 6249 6213 6214
f 6248 6212 6213
f 6246 6212 6247
f 6245 6211 6246
f 6245 6209 6210
f 6244 6208 6209
f 6243 6207 6208
f 6241 6207 6242
f 6241 6205 6206
f 6239 6205 6240
f 6239 6203 6204
f 6088 6202 6087
f 6236 6202 6237
f 6236 6200 6201
f 6234 6200 6235
f 6234 6198 6199
f 6232 6198 6233
f 6231 6197 6232
f 6230 6196 6231
f 6230 6194 6195
f 6228 6194 6229
f 6227 6193 6228
f 6226 6192 6227
f 6225 6191 6226
f 6224 6190 6225
f 6223 6189 6224
f 6222 6188 6223
f 6222 6186 6187
f 6220 6186 6221
f 6220 6184 6185
f 6218 6184 6219
f 6218 6182 6183
f 6216 6182 6217
f 6216 6180 6181
f 6215 6179 6180
f 6213 6179 6214
f 6213 6177 6178
f 6212 6176 6177
f 6210 6176 6211
f 6210 6174 6175
f 6209 6173 6174
f 6207 6173 6208
f 6207 6171 6172
f 6206 6170 6171
f 6204 6170 6205
f 6204 6168 6169
f 6202 6086 6087
f 6202 6166 6167
f 6201 6165 6166
f 6200 6164 6165
f 6199 6163 6164
f 6197 6163 6198
f 6196 6162 6197
f 6196 6160 6161
f 6194 6160 6195
f 6194 6158 6159
f 6192 6158 6193
f 6191 6157 6192
f 6190 6156 6191
f 6189 6155 6190
f 6188 6154 6189
f 6187 6153 6188
f 6187 6151 6152
f 6186 6150 6151
f 6184 6150 6185
f 6184 6148 6149
f 6183 6147 6148
f 6181 6147 6182
f 6180 6146 6181
f 6179 6145 6180
f 6178 6144 6179
f 6177 6143 6178
f 6176 6142 6177
f 6176 6140 6141
f 6174 6140 6175
f 6173 6139 6174
f 6173 6137 6138
f 6172 6136 6137
f 6171 6135 6136
f 6170 6134 6135
f 6168 6134 6169
f 6167 6085 6086
f 6166 6098 6167
f 6166 6100 6099
f 6165 6101 6100
f 6164 6102 6101
f 6163 6103 6102
f 6162 6104 6103
f 6161 6105 6104
f 6160 6106 6105
f 6159 6107 6106
f 6158 6108 6107
f 6157 6109 6108
f 6156 6110 6109
f 6155 6111 6110
f 6154 6112 6111
f 6153 6113 6112
f 6152 6114 6113
f 6151 6115 6114
f 6149 6115 6150
f 6148 6116 6149
f 6148 6118 6117
f 6147 6119 6118
f 6145 6119 6146
f 6145 6121 6120
f 6144 6122 6121
f 6143 6123 6122
f 6141 6123 6142
f 6140 6124 6141
f 6140 6126 6125
f 6139 6127 6126
f 6137 6127 6138
f 6136 6128 6137
f 6136 6130 6129
f 6134 6130 6135
f 6133 6131 6134
f 6009 6595 6010
f 6096 6795 6794
f 6007 6633 6008
f 7596 6631 6007
f 6554 6712 6688
f 6555 6014 6015
f 6574 6013 6014
f 6573 6012 6013
f 6572 6011 6012
f 6571 6010 6011
f 7638 6021 7595
f 6569 6020 6021
f 6568 6019 6020
f 6567 6018 6019
f 6566 6017 6018
f 6559 6016 6017
f 6557 6015 6016
f 6009 6553 6554
f 6010 6570 6553
f 6009 6010 6553
f 6049 6587 6083
f 6062 6553 6570
f 6055 6572 6573
f 6056 6571 6572
f 6059 6570 6571
f 7601 6569 7638
f 6065 6568 6569
f 6068 6567 6568
f 6565 6566 6567
f 6080 6559 6566
f 6074 6557 6559
f 6071 6555 6557
f 6564 6574 6555
f 6052 6573 6574
f 6035 6711 6022
f 6588 6593 6592
f 6593 6589 6591
f 6592 6596 6595
f 6596 6591 6594
f 6595 6599 6598
f 6596 6597 6599
f 6598 6602 6601
f 6602 6597 6600
f 6604 6602 6605
f 6605 6600 6603
f 6607 6605 6608
f 6605 6606 6608
f 6607 6611 6610
f 6611 6606 6609
f 6610 6614 6613
f 6611 6612 6614
f 6613 6617 6616
f 6617 6612 6615
f 6619 6617 6620
f 6617 6618 6620
f 6622 6620 6623
f 6620 6621 6623
f 6622 6626 6625
f 6623 6624 6626
f 6628 6626 6629
f 6626 6627 6629
f 6628 7643 7641
f 7643 6627 7642
f 7644 6632 7646
f 7646 6631 7645
f 6634 6590 6635
f 6635 6588 6633
f 6630 6635 6632
f 6632 6633 6631
f 6021 7641 7595
f 6637 6808 6639
f 6639 6809 6638
f 6638 6809 6636
f 6641 6639 6643
f 6639 6642 6643
f 6638 6640 6642
f 6645 6643 6647
f 6643 6646 6647
f 6642 6644 6646
f 6649 6647 6651
f 6651 6646 6650
f 6650 6644 6648
f 6649 6655 6653
f 6651 6654 6655
f 6650 6652 6654
f 6657 6655 6659
f 6655 6658 6659
f 6654 6656 6658
f 6657 6663 6661
f 6659 6662 6663
f 6662 6656 6660
f 6665 6663 6667
f 6663 6666 6667
f 6666 6660 6664
f 6665 6671 6669
f 6667 6670 6671
f 6666 6668 6670
f 6673 6671 6675
f 6675 6670 6674
f 6670 6672 6674
f 6673 6679 6677
f 6675 6678 6679
f 6674 6676 6678
f 6681 6679 6683
f 6679 6682 6683
f 6678 6680 6682
f 7647 6683 7649
f 7649 6682 7650
f 7650 6680 7648
f 7602 6796 7667
f 6684 6688 6689
f 6686 6685 6684
f 7652 6687 6686
f 6692 6812 6691
f 6694 6691 6693
f 6696 6693 6695
f 6698 6695 6697
f 6700 6697 6699
f 6702 6699 6701
f 6704 6701 6703
f 6704 6705 6706
f 6706 6707 6708
f 6708 6709 6710
f 7653 6709 7654
f 6712 6714 6711
f 6715 6714 6713
f 6715 6718 6716
f 6719 6718 6717
f 6719 6722 6720
f 6723 6722 6721
f 6723 6726 6724
f 6728 6736 6727
f 6730 6734 6729
f 6731 6734 6733
f 6728 6726 6725
f 6730 6736 6735
f 6731 6738 6732
f 6739 6738 6737
f 6739 6742 6740
f 6744 6752 6743
f 6746 6754 6745
f 6748 6756 6747
f 6744 6742 6741
f 6746 6752 6751
f 6748 6754 6753
f 6749 6756 6755
f 6749 6758 6750
f 6759 6758 6757
f 6762 6770 6761
f 6764 6772 6763
f 6759 6768 6760
f 6762 6768 6767
f 6764 6770 6769
f 6765 6772 6771
f 6765 6774 6766
f 6775 6774 6773
f 6775 6778 6776
f 6779 6778 6777
f 6779 6782 6780
f 6783 6782 6781
f 6689 6712 6711
f 6684 6689 6563
f 6792 6645 6649
f 6790 6653 6657
f 6793 6641 6645
f 6791 6649 6653
f 6789 6657 6661
f 6788 6661 6665
f 6787 6665 6669
f 6786 6669 6673
f 6785 6673 6677
f 6796 6677 6681
f 6795 6807 6637
f 7667 6681 7647
f 6815 6784 6783
f 6794 6637 6641
f 6800 6055 6052
f 6801 6052 6564
f 6802 6564 6071
f 6803 6071 6074
f 6080 6803 6074
f 6565 6804 6080
f 6068 6805 6565
f 6797 6068 6065
f 7601 6797 6065
f 6059 6813 6062
f 6056 6811 6059
f 6799 6056 6055
f 6813 6077 6062
f 6783 6814 6815
f 6809 6808 6807
f 6816 6094 6784
f 6816 6814 6813
f 6810 6813 6811
f 7372 7521 7499
f 7498 7366 7495
f 7440 7494 7496
f 7520 7648 7653
f 7510 7474 7512
f 7512 7478 7514
f 7514 7482 7516
f 7516 7486 7518
f 7520 7486 7490
f 6817 7639 7368
f 6817 7366 6818
f 7500 7446 7450
f 6818 7364 6819
f 7502 7458 7504
f 7504 7462 7506
f 7508 7462 7466
f 7508 7470 7510
f 7664 6907 7663
f 7663 6895 7662
f 7662 6896 7661
f 7661 6897 7660
f 7660 6898 7659
f 7659 6899 7658
f 7658 6900 7657
f 7657 6901 7656
f 7656 6902 7655
f 7655 6903 7666
f 7682 6905 7665
f 7363 7551 7561
f 6942 6837 6943
f 6978 6837 6838
f 6978 6839 7013
f 7013 6840 7048
f 7048 6841 7083
f 7083 6842 7118
f 7153 6842 6843
f 7153 6844 7188
f 7188 7597 7637
f 7224 7524 7223
f 7223 6833 7258
f 7258 6834 7293
f 7328 6834 6835
f 6942 6835 6836
f 6840 6852 6853
f 6840 6854 6841
f 6841 6855 6842
f 6842 6856 6843
f 6844 6856 6857
f 6844 7598 7597
f 7524 6832 7223
f 6832 6846 6833
f 6833 6847 6834
f 6834 6848 6835
f 6835 6849 6836
f 6836 6850 6837
f 6837 6851 6838
f 6838 6852 6839
f 6831 7435 6830
f 7497 7639 7651
f 6818 7402 7398
f 7495 7368 7497
f 6820 7408 7405
f 6822 7408 6821
f 6823 7411 6822
f 6823 7417 7414
f 6825 7417 6824
f 6826 7420 6825
f 6826 7426 7423
f 6828 7426 6827
f 6828 7432 7429
f 6829 7435 7432
f 6854 6858 6855
f 6894 6859 6858
f 6893 7396 7397
f 6853 6894 6854
f 6894 6891 6893
f 6891 7395 7396
f 6853 6889 6892
f 6889 6891 6892
f 6888 7394 7395
f 6852 6886 6889
f 6886 6888 6889
f 7394 6882 7393
f 6850 6886 6851
f 6886 6882 6885
f 6882 7392 7393
f 6850 6880 6883
f 6883 6879 6882
f 7392 6876 7391
f 6848 6880 6849
f 6880 6876 6879
f 7391 6873 7390
f 6848 6874 6877
f 6874 6876 6877
f 7390 6870 7389
f 6847 6871 6874
f 6874 6870 6873
f 7389 6867 7388
f 6846 6868 6871
f 6871 6867 6870
f 7388 7370 7373
f 7372 6868 6845
f 7371 6867 6868
f 7640 6863 7387
f 6857 7600 7598
f 7600 6863 7599
f 6863 7386 7387
f 6857 6861 6864
f 6861 6863 6864
f 6860 7385 7386
f 6856 6858 6861
f 6861 6859 6860
f 7393 7413 7416
f 7393 7419 7394
f 7395 7419 7422
f 7395 7425 7396
f 7396 7428 7397
f 7397 7431 7385
f 7385 7434 7386
f 7386 7437 7387
f 7640 7437 7642
f 7644 7496 7652
f 7373 7401 7388
f 6818 7398 7443
f 7388 7404 7389
f 7389 7407 7390
f 7391 7407 7410
f 7392 7410 7413
f 7670 7503 7671
f 7683 7501 7670
f 7502 7450 7454
f 7668 7519 7654
f 7678 7519 7669
f 7677 7517 7678
f 7676 7515 7677
f 7676 7511 7513
f 7674 7511 7675
f 7673 7509 7674
f 7672 7507 7673
f 7671 7505 7672
f 6895 7362 6908
f 7362 6909 6908
f 7361 6910 6909
f 7360 6911 6910
f 7359 6912 6911
f 7358 6913 6912
f 7357 6914 6913
f 7356 6915 6914
f 7355 6916 6915
f 7354 6917 6916
f 7353 6918 6917
f 7352 6919 6918
f 7351 6920 6919
f 7350 6921 6920
f 7349 6922 6921
f 7348 6923 6922
f 7347 6924 6923
f 7346 6925 6924
f 7345 6926 6925
f 7344 6927 6926
f 7343 6928 6927
f 7342 6929 6928
f 6929 7340 6930
f 7340 6931 6930
f 6931 7338 6932
f 6932 7337 6933
f 7337 6934 6933
f 7336 6935 6934
f 6935 7334 6936
f 7334 6937 6936
f 7333 6938 6937
f 7332 6939 6938
f 7331 6940 6939
f 6940 7329 6941
f 7329 6942 6941
f 6906 7362 6907
f 7327 7361 7362
f 7361 7325 7360
f 7325 7359 7360
f 7324 7358 7359
f 7323 7357 7358
f 7357 7321 7356
f 7321 7355 7356
f 7320 7354 7355
f 7319 7353 7354
f 7318 7352 7353
f 7352 7316 7351
f 7316 7350 7351
f 7315 7349 7350
f 7349 7313 7348
f 7313 7347 7348
f 7347 7311 7346
f 7346 7310 7345
f 7345 7309 7344
f 7309 7343 7344
f 7343 7307 7342
f 7307 7341 7342
f 7341 7305 7340
f 7305 7339 7340
f 7304 7338 7339
f 7338 7302 7337
f 7337 7301 7336
f 7336 7300 7335
f 7335 7299 7334
f 7334 7298 7333
f 7333 7297 7332
f 7332 7296 7331
f 7296 7330 7331
f 7330 7294 7329
f 7329 7293 7328
f 6906 7292 7327
f 7292 7326 7327
f 7326 7290 7325
f 7290 7324 7325
f 7289 7323 7324
f 7288 7322 7323
f 7287 7321 7322
f 7286 7320 7321
f 7285 7319 7320
f 7319 7283 7318
f 7318 7282 7317
f 7282 7316 7317
f 7281 7315 7316
f 7280 7314 7315
f 7314 7278 7313
f 7313 7277 7312
f 7312 7276 7311
f 7276 7310 7311
f 7310 7274 7309
f 7309 7273 7308
f 7273 7307 7308
f 7307 7271 7306
f 7271 7305 7306
f 7270 7304 7305
f 7304 7268 7303
f 7303 7267 7302
f 7267 7301 7302
f 7266 7300 7301
f 7300 7264 7299
f 7264 7298 7299
f 7263 7297 7298
f 7262 7296 7297
f 7296 7260 7295
f 7260 7294 7295
f 7259 7293 7294
f 6905 7257 7292
f 7257 7291 7292
f 7256 7290 7291
f 7255 7289 7290
f 7289 7253 7288
f 7288 7252 7287
f 7252 7286 7287
f 7286 7250 7285
f 7285 7249 7284
f 7284 7248 7283
f 7248 7282 7283
f 7247 7281 7282
f 7281 7245 7280
f 7245 7279 7280
f 7279 7243 7278
f 7243 7277 7278
f 7242 7276 7277
f 7241 7275 7276
f 7275 7239 7274
f 7274 7238 7273
f 7273 7237 7272
f 7237 7271 7272
f 7271 7235 7270
f 7270 7234 7269
f 7269 7233 7268
f 7233 7267 7268
f 7267 7231 7266
f 7266 7230 7265
f 7230 7264 7265
f 7229 7263 7264
f 7263 7227 7262
f 7227 7261 7262
f 7226 7260 7261
f 7225 7259 7260
f 7259 7223 7258
f 6904 7592 7257
f 7592 7256 7257
f 7256 7588 7255
f 7588 7254 7255
f 7254 7584 7253
f 7584 7252 7253
f 7250 7580 7249
f 7252 7582 7251
f 7248 7578 7247
f 7582 7250 7251
f 7580 7248 7249
f 7578 7246 7247
f 7246 7568 7245
f 7568 7244 7245
f 7242 7564 7241
f 7244 7566 7243
f 7240 7562 7239
f 7566 7242 7243
f 7564 7240 7241
f 7562 7238 7239
f 7238 7552 7237
f 7552 7236 7237
f 7236 7548 7235
f 7548 7234 7235
f 7232 7546 7231
f 7234 7544 7233
f 7544 7232 7233
f 7546 7230 7231
f 7230 7536 7229
f 7536 7228 7229
f 7228 7532 7227
f 7532 7226 7227
f 7226 7528 7225
f 7528 7224 7225
f 7602 7222 7603
f 7222 7604 7603
f 7221 7605 7604
f 7220 7606 7605
f 7219 7607 7606
f 7218 7608 7607
f 7217 7609 7608
f 7216 7610 7609
f 7215 7611 7610
f 7214 7612 7611
f 7213 7613 7612
f 7212 7614 7613
f 7211 7615 7614
f 7210 7616 7615
f 7209 7617 7616
f 7208 7618 7617
f 7207 7619 7618
f 7206 7620 7619
f 7205 7621 7620
f 7204 7622 7621
f 7203 7623 7622
f 7202 7624 7623
f 7624 7200 7625
f 7200 7626 7625
f 7626 7198 7627
f 7627 7197 7628
f 7628 7196 7629
f 7629 7195 7630
f 7195 7631 7630
f 7194 7632 7631
f 7193 7633 7632
f 7192 7634 7633
f 7634 7190 7635
f 7190 7636 7635
f 7636 7188 7637
f 6902 7222 6903
f 7222 7186 7221
f 7186 7220 7221
f 7220 7184 7219
f 7219 7183 7218
f 7183 7217 7218
f 7182 7216 7217
f 7181 7215 7216
f 7180 7214 7215
f 7214 7178 7213
f 7213 7177 7212
f 7212 7176 7211
f 7176 7210 7211
f 7210 7174 7209
f 7174 7208 7209
f 7208 7172 7207
f 7207 7171 7206
f 7206 7170 7205
f 7170 7204 7205
f 7169 7203 7204
f 7168 7202 7203
f 7167 7201 7202
f 7166 7200 7201
f 7200 7164 7199
f 7164 7198 7199
f 7163 7197 7198
f 7162 7196 7197
f 7196 7160 7195
f 7160 7194 7195
f 7194 7158 7193
f 7158 7192 7193
f 7192 7156 7191
f 7156 7190 7191
f 7190 7154 7189
f 7154 7188 7189
f 6902 7152 7187
f 7187 7151 7186
f 7186 7150 7185
f 7150 7184 7185
f 7149 7183 7184
f 7148 7182 7183
f 7147 7181 7182
f 7146 7180 7181
f 7145 7179 7180
f 7179 7143 7178
f 7178 7142 7177
f 7142 7176 7177
f 7176 7140 7175
f 7175 7139 7174
f 7174 7138 7173
f 7138 7172 7173
f 7137 7171 7172
f 7136 7170 7171
f 7170 7134 7169
f 7134 7168 7169
f 7133 7167 7168
f 7167 7131 7166
f 7131 7165 7166
f 7130 7164 7165
f 7164 7128 7163
f 7128 7162 7163
f 7127 7161 7162
f 7126 7160 7161
f 7125 7159 7160
f 7159 7123 7158
f 7123 7157 7158
f 7157 7121 7156
f 7156 7120 7155
f 7155 7119 7154
f 7154 7118 7153
f 6900 7152 6901
f 7152 7116 7151
f 7151 7115 7150
f 7115 7149 7150
f 7149 7113 7148
f 7148 7112 7147
f 7112 7146 7147
f 7111 7145 7146
f 7145 7109 7144
f 7109 7143 7144
f 7108 7142 7143
f 7142 7106 7141
f 7106 7140 7141
f 7105 7139 7140
f 7104 7138 7139
f 7138 7102 7137
f 7102 7136 7137
f 7136 7100 7135
f 7100 7134 7135
f 7134 7098 7133
f 7133 7097 7132
f 7132 7096 7131
f 7131 7095 7130
f 7095 7129 7130
f 7094 7128 7129
f 7093 7127 7128
f 7127 7091 7126
f 7126 7090 7125
f 7090 7124 7125
f 7124 7088 7123
f 7123 7087 7122
f 7122 7086 7121
f 7086 7120 7121
f 7085 7119 7120
f 7084 7118 7119
f 6899 7117 6900
f 7117 7081 7116
f 7081 7115 7116
f 7115 7079 7114
f 7114 7078 7113
f 7113 7077 7112
f 7112 7076 7111
f 7076 7110 7111
f 7110 7074 7109
f 7109 7073 7108
f 7073 7107 7108
f 7107 7071 7106
f 7106 7070 7105
f 7105 7069 7104
f 7104 7068 7103
f 7068 7102 7103
f 7067 7101 7102
f 7066 7100 7101
f 7100 7064 7099
f 7064 7098 7099
f 7063 7097 7098
f 7097 7061 7096
f 7096 7060 7095
f 7095 7059 7094
f 7094 7058 7093
f 7058 7092 7093
f 7057 7091 7092
f 7056 7090 7091
f 7055 7089 7090
f 7089 7053 7088
f 7053 7087 7088
f 7052 7086 7087
f 7051 7085 7086
f 7050 7084 7085
f 7084 7048 7083
f 6899 7047 7082
f 7047 7081 7082
f 7046 7080 7081
f 7080 7044 7079
f 7079 7043 7078
f 7043 7077 7078
f 7042 7076 7077
f 7041 7075 7076
f 7040 7074 7075
f 7074 7038 7073
f 7073 7037 7072
f 7072 7036 7071
f 7071 7035 7070
f 7035 7069 7070
f 7069 7033 7068
f 7033 7067 7068
f 7032 7066 7067
f 7031 7065 7066
f 7065 7029 7064
f 7029 7063 7064
f 7063 7027 7062
f 7027 7061 7062
f 7061 7025 7060
f 7060 7024 7059
f 7024 7058 7059
f 7058 7022 7057
f 7022 7056 7057
f 7021 7055 7056
f 7055 7019 7054
f 7019 7053 7054
f 7018 7052 7053
f 7017 7051 7052
f 7051 7015 7050
f 7050 7014 7049
f 7049 7013 7048
f 6898 7012 7047
f 7012 7046 7047
f 7046 7010 7045
f 7010 7044 7045
f 7044 7008 7043
f 7008 7042 7043
f 7007 7041 7042
f 7006 7040 7041
f 7040 7004 7039
f 7004 7038 7039
f 7003 7037 7038
f 7002 7036 7037
f 7001 7035 7036
f 7035 6999 7034
f 6999 7033 7034
f 6998 7032 7033
f 7032 6996 7031
f 6996 7030 7031
f 7030 6994 7029
f 6994 7028 7029
f 7028 6992 7027
f 6992 7026 7027
f 7026 6990 7025
f 7025 6989 7024
f 6989 7023 7024
f 7023 6987 7022
f 7022 6986 7021
f 6986 7020 7021
f 7020 6984 7019
f 7019 6983 7018
f 6983 7017 7018
f 6982 7016 7017
f 7016 6980 7015
f 6980 7014 7015
f 7014 6978 7013
f 6896 7012 6897
f 7012 6976 7011
f 6976 7010 7011
f 7010 6974 7009
f 7009 6973 7008
f 6973 7007 7008
f 6972 7006 7007
f 7006 6970 7005
f 6970 7004 7005
f 7004 6968 7003
f 6968 7002 7003
f 6967 7001 7002
f 6966 7000 7001
f 6965 6999 7000
f 6964 6998 6999
f 6963 6997 6998
f 6997 6961 6996
f 6996 6960 6995
f 6960 6994 6995
f 6994 6958 6993
f 6993 6957 6992
f 6957 6991 6992
f 6956 6990 6991
f 6955 6989 6990
f 6989 6953 6988
f 6953 6987 6988
f 6952 6986 6987
f 6986 6950 6985
f 6950 6984 6985
f 6949 6983 6984
f 6983 6947 6982
f 6982 6946 6981
f 6981 6945 6980
f 6980 6944 6979
f 6944 6978 6979
f 6895 6977 6896
f 6977 6909 6976
f 6976 6910 6975
f 6975 6911 6974
f 6911 6973 6974
f 6973 6913 6972
f 6972 6914 6971
f 6971 6915 6970
f 6970 6916 6969
f 6969 6917 6968
f 6968 6918 6967
f 6967 6919 6966
f 6966 6920 6965
f 6965 6921 6964
f 6964 6922 6963
f 6963 6923 6962
f 6962 6924 6961
f 6961 6925 6960
f 6960 6926 6959
f 6926 6958 6959
f 6958 6928 6957
f 6957 6929 6956
f 6956 6930 6955
f 6930 6954 6955
f 6931 6953 6954
f 6932 6952 6953
f 6952 6934 6951
f 6934 6950 6951
f 6950 6936 6949
f 6949 6937 6948
f 6948 6938 6947
f 6938 6946 6947
f 6939 6945 6946
f 6940 6944 6945
f 6944 6942 6943
f 6819 7405 7402
f 7665 6906 7664
f 6817 7443 7441
f 7596 7441 7645
f 7522 7364 7498
f 6824 7365 6825
f 6823 7384 6824
f 6822 7383 6823
f 6821 7382 6822
f 6820 7381 6821
f 6831 7638 7595
f 6830 7379 6831
f 6829 7378 6830
f 6828 7377 6829
f 6827 7376 6828
f 6826 7369 6827
f 6825 7367 6826
f 6819 7364 7363
f 6820 7363 7380
f 6819 7363 6820
f 6859 7397 7385
f 7363 6872 7380
f 6866 7383 7382
f 6869 7382 7381
f 6872 7381 7380
f 6875 7638 7379
f 6878 7379 7378
f 7375 7378 7377
f 6890 7377 7376
f 6884 7376 7369
f 6881 7369 7367
f 7374 7367 7365
f 6862 7365 7384
f 6865 7384 7383
f 7521 6845 6832
f 7403 7398 7402
f 7403 7399 7400
f 7406 7402 7405
f 7406 7401 7403
f 7409 7405 7408
f 7409 7404 7406
f 7412 7408 7411
f 7410 7409 7412
f 7414 7412 7411
f 7413 7412 7415
f 7417 7415 7414
f 7416 7415 7418
f 7421 7417 7420
f 7421 7416 7418
f 7424 7420 7423
f 7424 7419 7421
f 7427 7423 7426
f 7427 7422 7424
f 7429 7427 7426
f 7428 7427 7430
f 7432 7430 7429
f 7431 7430 7433
f 7436 7432 7435
f 7436 7431 7433
f 7439 7435 7438
f 7439 7434 7436
f 7643 7438 7641
f 7643 7437 7439
f 7644 7442 7440
f 7646 7441 7442
f 7444 7400 7399
f 7445 7398 7400
f 7440 7445 7444
f 7442 7443 7445
f 6831 7641 7438
f 7447 7680 7679
f 7449 7681 7680
f 7448 7446 7681
f 7451 7449 7447
f 7452 7449 7453
f 7450 7448 7452
f 7457 7451 7455
f 7456 7453 7457
f 7454 7452 7456
f 7461 7455 7459
f 7461 7456 7457
f 7458 7456 7460
f 7465 7459 7463
f 7464 7461 7465
f 7462 7460 7464
f 7467 7465 7463
f 7468 7465 7469
f 7466 7464 7468
f 7473 7467 7471
f 7472 7469 7473
f 7472 7466 7468
f 7475 7473 7471
f 7476 7473 7477
f 7476 7470 7472
f 7481 7475 7479
f 7480 7477 7481
f 7478 7476 7480
f 7483 7481 7479
f 7484 7481 7485
f 7482 7480 7484
f 7489 7483 7487
f 7488 7485 7489
f 7486 7484 7488
f 7491 7489 7487
f 7492 7489 7493
f 7490 7488 7492
f 7647 7493 7491
f 7649 7492 7493
f 7650 7490 7492
f 7666 7602 7667
f 7498 7494 7499
f 7495 7496 7494
f 7497 7652 7496
f 7502 7684 7500
f 7504 7501 7502
f 7506 7503 7504
f 7508 7505 7506
f 7509 7508 7510
f 7512 7509 7510
f 7514 7511 7512
f 7515 7514 7516
f 7517 7516 7518
f 7519 7518 7520
f 7653 7519 7520
f 7522 7524 7523
f 7524 7525 7523
f 7525 7528 7527
f 7528 7529 7527
f 7529 7532 7531
f 7532 7533 7531
f 7533 7536 7535
f 7538 7546 7545
f 7540 7544 7543
f 7544 7541 7543
f 7536 7538 7535
f 7546 7540 7545
f 7541 7548 7547
f 7548 7549 7547
f 7549 7552 7551
f 7554 7562 7561
f 7556 7564 7563
f 7558 7566 7565
f 7552 7554 7551
f 7562 7556 7561
f 7564 7558 7563
f 7566 7559 7565
f 7559 7568 7567
f 7568 7569 7567
f 7572 7580 7579
f 7574 7582 7581
f 7569 7578 7577
f 7578 7572 7577
f 7580 7574 7579
f 7582 7575 7581
f 7575 7584 7583
f 7584 7585 7583
f 7585 7588 7587
f 7588 7589 7587
f 7589 7592 7591
f 7592 7593 7591
f 7522 7499 7521
f 7373 7499 7494
f 7455 7662 7459
f 7463 7660 7467
f 7451 7663 7455
f 7459 7661 7463
f 7467 7659 7471
f 7471 7658 7475
f 7475 7657 7479
f 7479 7656 7483
f 7483 7655 7487
f 7487 7666 7491
f 7679 7665 7447
f 7491 7667 7647
f 7594 7687 7593
f 7447 7664 7451
f 6865 7672 6862
f 6862 7673 7374
f 7374 7674 6881
f 6881 7675 6884
f 6890 7675 7676
f 7375 7676 7677
f 6878 7677 7678
f 6878 7669 6875
f 7601 7669 7668
f 6869 7685 7683
f 6866 7683 7670
f 6866 7671 6865
f 6887 7685 6872
f 7593 7686 6887
f 7684 7683 7679
f 7688 6904 7682
f 7686 7688 7685
f 7685 7682 7683
f 6713 6712 6553
f 6077 6783 6781
f 6781 6779 6777
f 6777 6775 6773
f 6773 6765 6771
f 6771 6764 6769
f 6769 6762 6767
f 6767 6759 6757
f 6757 6749 6755
f 6755 6748 6753
f 6753 6746 6751
f 6751 6744 6741
f 6741 6739 6737
f 6737 6731 6733
f 6733 6730 6735
f 6735 6728 6725
f 6725 6723 6721
f 6721 6719 6717
f 6717 6715 6713
f 6713 6553 6717
f 6553 6077 6751
f 6717 6553 6721
f 6077 6781 6777
f 6077 6777 6773
f 6721 6553 6725
f 6725 6553 6735
f 6077 6773 6771
f 6077 6771 6769
f 6735 6553 6733
f 6737 6733 6553
f 6741 6553 6751
f 6077 6769 6767
f 6767 6757 6077
f 6757 6755 6077
f 6755 6753 6077
f 6753 6751 6077
f 7363 7522 7523
f 7523 7525 7527
f 7527 7529 7531
f 7531 7533 7535
f 7535 7538 7545
f 7545 7540 7543
f 7543 7541 7547
f 7547 7549 7551
f 7551 7554 7561
f 7561 7556 7563
f 7563 7558 7565
f 7565 7559 7567
f 7567 7569 7577
f 7577 7572 7579
f 7579 7574 7581
f 7581 7575 7583
f 7583 7585 7587
f 7587 7589 7591
f 7591 7593 6887
f 6887 7363 7561
f 7363 7523 7527
f 7363 7527 7531
f 7587 7591 6887
f 7583 7587 6887
f 7363 7531 7535
f 7363 7535 7545
f 7581 7583 6887
f 7579 7581 6887
f 7363 7545 7543
f 7551 7363 7547
f 7543 7547 7363
f 7577 7579 6887
f 7565 7567 6887
f 7567 7577 6887
f 7561 7563 6887
f 7563 7565 6887
f 6560 6563 6689
f 6689 6711 6562
f 6562 6561 6689
f 6556 6554 6688
f 6630 6686 6684
f 7648 6680 6710
f 6664 6660 6700
f 6668 6664 6702
f 6672 6668 6704
f 6676 6672 6706
f 6710 6680 6676
f 6007 6558 7639
f 6556 6558 6007
f 6554 6556 6008
f 6694 6648 6644
f 6652 6648 6694
f 6698 6656 6652
f 6660 6656 6698
f 6097 6096 6794
f 6085 6097 6793
f 6086 6085 6792
f 6087 6086 6791
f 6088 6087 6790
f 6089 6088 6789
f 6090 6089 6788
f 6091 6090 6787
f 6092 6091 6786
f 6093 6092 6785
f 6095 6094 6810
f 6027 6026 6132
f 6168 6028 6027
f 6029 6028 6168
f 6030 6029 6203
f 6031 6030 6238
f 6308 6032 6031
f 6033 6032 6308
f 6034 6033 6343
f 7597 6034 6378
f 6414 6413 6714
f 6023 6022 6413
f 6024 6023 6448
f 6518 6025 6024
f 6132 6026 6025
f 6030 6043 6042
f 6044 6043 6030
f 6045 6044 6031
f 6046 6045 6032
f 6034 6047 6046
f 7598 6047 6034
f 6022 6711 6714
f 6036 6035 6022
f 6037 6036 6023
f 6038 6037 6024
f 6039 6038 6025
f 6040 6039 6026
f 6041 6040 6027
f 6042 6041 6028
f 6625 6628 6021
f 7639 6558 6687
f 6008 6588 6592
f 6558 6556 6685
f 6010 6595 6598
f 6598 6601 6012
f 6601 6604 6013
f 6013 6604 6607
f 6607 6610 6015
f 6610 6613 6016
f 6016 6613 6616
f 6616 6619 6018
f 6018 6619 6622
f 6622 6625 6020
f 6048 6084 6044
f 6049 6083 6084
f 6586 6081 6083
f 6084 6082 6043
f 6084 6083 6081
f 6585 6078 6081
f 6043 6082 6079
f 6081 6078 6079
f 6584 6075 6078
f 6042 6079 6076
f 6078 6075 6076
f 6584 6583 6072
f 6076 6073 6040
f 6076 6075 6072
f 6582 6069 6072
f 6040 6073 6070
f 6073 6072 6069
f 6582 6581 6066
f 6070 6067 6038
f 6070 6069 6066
f 6581 6580 6063
f 6038 6067 6064
f 6066 6063 6064
f 6580 6579 6060
f 6037 6064 6061
f 6064 6063 6060
f 6579 6578 6057
f 6036 6061 6058
f 6060 6057 6058
f 6578 6563 6560
f 6058 6561 6562
f 6057 6560 6561
f 7640 6577 6053
f 7600 6054 6047
f 7600 7599 6053
f 6576 6050 6053
f 6047 6054 6051
f 6053 6050 6051
f 6575 6049 6050
f 6046 6051 6048
f 6051 6050 6049
f 6583 6606 6603
f 6609 6606 6583
f 6585 6612 6609
f 6615 6612 6585
f 6618 6615 6586
f 6621 6618 6587
f 6576 6624 6621
f 6627 6624 6576
f 7640 7642 6627
f 7644 7652 6686
f 6591 6589 6563
f 6594 6591 6578
f 6597 6594 6579
f 6581 6600 6597
f 6582 6603 6600
f 6693 6691 6798
f 6691 6812 6811
f 6692 6644 6640
f 7668 7654 6709
f 6709 6707 6806
f 6707 6705 6805
f 6705 6703 6804
f 6804 6703 6701
f 6803 6701 6699
f 6699 6697 6801
f 6697 6695 6800
f 6695 6693 6799
f 6085 6098 6552
f 6099 6551 6552
f 6100 6550 6551
f 6101 6549 6550
f 6102 6548 6549
f 6103 6547 6548
f 6104 6546 6547
f 6105 6545 6546
f 6106 6544 6545
f 6107 6543 6544
f 6108 6542 6543
f 6109 6541 6542
f 6110 6540 6541
f 6111 6539 6540
f 6112 6538 6539
f 6113 6537 6538
f 6114 6536 6537
f 6115 6535 6536
f 6116 6534 6535
f 6117 6533 6534
f 6118 6532 6533
f 6119 6531 6532
f 6120 6530 6531
f 6121 6529 6530
f 6121 6122 6528
f 6122 6123 6527
f 6124 6526 6527
f 6125 6525 6526
f 6125 6126 6524
f 6127 6523 6524
f 6128 6522 6523
f 6129 6521 6522
f 6129 6130 6520
f 6130 6131 6519
f 6132 6518 6519
f 6552 6517 6096
f 6551 6516 6517
f 6551 6550 6515
f 6549 6514 6515
f 6548 6513 6514
f 6547 6512 6513
f 6547 6546 6511
f 6545 6510 6511
f 6544 6509 6510
f 6543 6508 6509
f 6542 6507 6508
f 6542 6541 6506
f 6540 6505 6506
f 6539 6504 6505
f 6539 6538 6503
f 6538 6537 6502
f 6537 6536 6501
f 6536 6535 6500
f 6535 6534 6499
f 6533 6498 6499
f 6533 6532 6497
f 6531 6496 6497
f 6531 6530 6495
f 6530 6529 6494
f 6528 6493 6494
f 6528 6527 6492
f 6527 6526 6491
f 6526 6525 6490
f 6525 6524 6489
f 6524 6523 6488
f 6523 6522 6487
f 6522 6521 6486
f 6520 6485 6486
f 6520 6519 6484
f 6519 6518 6483
f 6096 6517 6482
f 6517 6516 6481
f 6516 6515 6480
f 6514 6479 6480
f 6513 6478 6479
f 6513 6512 6477
f 6511 6476 6477
f 6510 6475 6476
f 6509 6474 6475
f 6509 6508 6473
f 6508 6507 6472
f 6506 6471 6472
f 6505 6470 6471
f 6504 6469 6470
f 6504 6503 6468
f 6503 6502 6467
f 6501 6466 6467
f 6500 6465 6466
f 6500 6499 6464
f 6498 6463 6464
f 6498 6497 6462
f 6497 6496 6461
f 6495 6460 6461
f 6495 6494 6459
f 6494 6493 6458
f 6493 6492 6457
f 6492 6491 6456
f 6491 6490 6455
f 6490 6489 6454
f 6488 6453 6454
f 6487 6452 6453
f 6487 6486 6451
f 6486 6485 6450
f 6485 6484 6449
f 6484 6483 6448
f 6095 6482 6447
f 6481 6446 6447
f 6480 6445 6446
f 6479 6444 6445
f 6479 6478 6443
f 6477 6442 6443
f 6476 6441 6442
f 6475 6440 6441
f 6475 6474 6439
f 6473 6438 6439
f 6472 6437 6438
f 6472 6471 6436
f 6471 6470 6435
f 6469 6434 6435
f 6469 6468 6433
f 6467 6432 6433
f 6467 6466 6431
f 6465 6430 6431
f 6465 6464 6429
f 6464 6463 6428
f 6463 6462 6427
f 6461 6426 6427
f 6461 6460 6425
f 6459 6424 6425
f 6458 6423 6424
f 6457 6422 6423
f 6456 6421 6422
f 6455 6420 6421
f 6454 6419 6420
f 6453 6418 6419
f 6452 6417 6418
f 6451 6416 6417
f 6450 6415 6416
f 6449 6414 6415
f 6449 6448 6413
f 6094 6447 6782
f 6446 6780 6782
f 6446 6445 6778
f 6444 6776 6778
f 6444 6443 6774
f 6442 6766 6774
f 6440 6439 6770
f 6442 6441 6772
f 6438 6437 6768
f 6440 6763 6772
f 6438 6761 6770
f 6436 6760 6768
f 6436 6435 6758
f 6434 6750 6758
f 6432 6431 6754
f 6434 6433 6756
f 6430 6429 6752
f 6432 6747 6756
f 6430 6745 6754
f 6428 6743 6752
f 6428 6427 6742
f 6426 6740 6742
f 6426 6425 6738
f 6424 6732 6738
f 6422 6421 6736
f 6424 6423 6734
f 6422 6729 6734
f 6420 6727 6736
f 6420 6419 6726
f 6418 6724 6726
f 6418 6417 6722
f 6416 6720 6722
f 6416 6415 6718
f 6414 6716 6718
f 7602 7603 6412
f 7604 6411 6412
f 7605 6410 6411
f 7606 6409 6410
f 7607 6408 6409
f 7608 6407 6408
f 7609 6406 6407
f 7610 6405 6406
f 7611 6404 6405
f 7612 6403 6404
f 7613 6402 6403
f 7614 6401 6402
f 7615 6400 6401
f 7616 6399 6400
f 7617 6398 6399
f 7618 6397 6398
f 7618 7619 6396
f 7620 6395 6396
f 7621 6394 6395
f 7622 6393 6394
f 7623 6392 6393
f 7624 6391 6392
f 7624 7625 6390
f 7626 6389 6390
f 7626 7627 6388
f 7628 6387 6388
f 7628 7629 6386
f 7629 7630 6385
f 7631 6384 6385
f 7632 6383 6384
f 7633 6382 6383
f 7634 6381 6382
f 7634 7635 6380
f 7636 6379 6380
f 7636 7637 6378
f 6412 6377 6092
f 6412 6411 6376
f 6410 6375 6376
f 6410 6409 6374
f 6409 6408 6373
f 6408 6407 6372
f 6406 6371 6372
f 6405 6370 6371
f 6404 6369 6370
f 6404 6403 6368
f 6403 6402 6367
f 6402 6401 6366
f 6400 6365 6366
f 6400 6399 6364
f 6398 6363 6364
f 6398 6397 6362
f 6397 6396 6361
f 6396 6395 6360
f 6394 6359 6360
f 6393 6358 6359
f 6392 6357 6358
f 6391 6356 6357
f 6390 6355 6356
f 6390 6389 6354
f 6388 6353 6354
f 6387 6352 6353
f 6386 6351 6352
f 6386 6385 6350
f 6384 6349 6350
f 6384 6383 6348
f 6382 6347 6348
f 6382 6381 6346
f 6380 6345 6346
f 6380 6379 6344
f 6378 6343 6344
f 6092 6377 6342
f 6377 6376 6341
f 6376 6375 6340
f 6374 6339 6340
f 6373 6338 6339
f 6372 6337 6338
f 6371 6336 6337
f 6370 6335 6336
f 6369 6334 6335
f 6369 6368 6333
f 6368 6367 6332
f 6366 6331 6332
f 6366 6365 6330
f 6365 6364 6329
f 6364 6363 6328
f 6362 6327 6328
f 6361 6326 6327
f 6360 6325 6326
f 6360 6359 6324
f 6358 6323 6324
f 6358 6357 6322
f 6357 6356 6321
f 6355 6320 6321
f 6354 6319 6320
f 6354 6353 6318
f 6352 6317 6318
f 6351 6316 6317
f 6350 6315 6316
f 6349 6314 6315
f 6348 6313 6314
f 6347 6312 6313
f 6347 6346 6311
f 6346 6345 6310
f 6345 6344 6309
f 6344 6343 6308
f 6342 6307 6090
f 6342 6341 6306
f 6340 6305 6306
f 6339 6304 6305
f 6339 6338 6303
f 6338 6337 6302
f 6336 6301 6302
f 6335 6300 6301
f 6335 6334 6299
f 6333 6298 6299
f 6332 6297 6298
f 6332 6331 6296
f 6330 6295 6296
f 6329 6294 6295
f 6328 6293 6294
f 6328 6327 6292
f 6326 6291 6292
f 6326 6325 6290
f 6324 6289 6290
f 6324 6323 6288
f 6323 6322 6287
f 6322 6321 6286
f 6321 6320 6285
f 6319 6284 6285
f 6318 6283 6284
f 6318 6317 6282
f 6317 6316 6281
f 6316 6315 6280
f 6314 6279 6280
f 6314 6313 6278
f 6313 6312 6277
f 6312 6311 6276
f 6310 6275 6276
f 6309 6274 6275
f 6308 6273 6274
f 6307 6272 6089
f 6307 6306 6271
f 6305 6270 6271
f 6305 6304 6269
f 6304 6303 6268
f 6303 6302 6267
f 6302 6301 6266
f 6301 6300 6265
f 6300 6299 6264
f 6299 6298 6263
f 6297 6262 6263
f 6297 6296 6261
f 6296 6295 6260
f 6295 6294 6259
f 6294 6293 6258
f 6292 6257 6258
f 6292 6291 6256
f 6290 6255 6256
f 6290 6289 6254
f 6288 6253 6254
f 6287 6252 6253
f 6287 6286 6251
f 6286 6285 6250
f 6285 6284 6249
f 6284 6283 6248
f 6282 6247 6248
f 6281 6246 6247
f 6280 6245 6246
f 6279 6244 6245
f 6279 6278 6243
f 6277 6242 6243
f 6276 6241 6242
f 6276 6275 6240
f 6274 6239 6240
f 6273 6238 6239
f 6089 6272 6237
f 6271 6236 6237
f 6270 6235 6236
f 6269 6234 6235
f 6269 6268 6233
f 6267 6232 6233
f 6266 6231 6232
f 6265 6230 6231
f 6264 6229 6230
f 6263 6228 6229
f 6263 6262 6227
f 6261 6226 6227
f 6261 6260 6225
f 6259 6224 6225
f 6259 6258 6223
f 6257 6222 6223
f 6256 6221 6222
f 6255 6220 6221
f 6254 6219 6220
f 6253 6218 6219
f 6253 6252 6217
f 6251 6216 6217
f 6251 6250 6215
f 6249 6214 6215
f 6249 6248 6213
f 6248 6247 6212
f 6246 6211 6212
f 6245 6210 6211
f 6245 6244 6209
f 6244 6243 6208
f 6243 6242 6207
f 6241 6206 6207
f 6241 6240 6205
f 6239 6204 6205
f 6239 6238 6203
f 6088 6237 6202
f 6236 6201 6202
f 6236 6235 6200
f 6234 6199 6200
f 6234 6233 6198
f 6232 6197 6198
f 6231 6196 6197
f 6230 6195 6196
f 6230 6229 6194
f 6228 6193 6194
f 6227 6192 6193
f 6226 6191 6192
f 6225 6190 6191
f 6224 6189 6190
f 6223 6188 6189
f 6222 6187 6188
f 6222 6221 6186
f 6220 6185 6186
f 6220 6219 6184
f 6218 6183 6184
f 6218 6217 6182
f 6216 6181 6182
f 6216 6215 6180
f 6215 6214 6179
f 6213 6178 6179
f 6213 6212 6177
f 6212 6211 6176
f 6210 6175 6176
f 6210 6209 6174
f 6209 6208 6173
f 6207 6172 6173
f 6207 6206 6171
f 6206 6205 6170
f 6204 6169 6170
f 6204 6203 6168
f 6202 6167 6086
f 6202 6201 6166
f 6201 6200 6165
f 6200 6199 6164
f 6199 6198 6163
f 6197 6162 6163
f 6196 6161 6162
f 6196 6195 6160
f 6194 6159 6160
f 6194 6193 6158
f 6192 6157 6158
f 6191 6156 6157
f 6190 6155 6156
f 6189 6154 6155
f 6188 6153 6154
f 6187 6152 6153
f 6187 6186 6151
f 6186 6185 6150
f 6184 6149 6150
f 6184 6183 6148
f 6183 6182 6147
f 6181 6146 6147
f 6180 6145 6146
f 6179 6144 6145
f 6178 6143 6144
f 6177 6142 6143
f 6176 6141 6142
f 6176 6175 6140
f 6174 6139 6140
f 6173 6138 6139
f 6173 6172 6137
f 6172 6171 6136
f 6171 6170 6135
f 6170 6169 6134
f 6168 6133 6134
f 6167 6098 6085
f 6166 6099 6098
f 6166 6165 6100
f 6165 6164 6101
f 6164 6163 6102
f 6163 6162 6103
f 6162 6161 6104
f 6161 6160 6105
f 6160 6159 6106
f 6159 6158 6107
f 6158 6157 6108
f 6157 6156 6109
f 6156 6155 6110
f 6155 6154 6111
f 6154 6153 6112
f 6153 6152 6113
f 6152 6151 6114
f 6151 6150 6115
f 6149 6116 6115
f 6148 6117 6116
f 6148 6147 6118
f 6147 6146 6119
f 6145 6120 6119
f 6145 6144 6121
f 6144 6143 6122
f 6143 6142 6123
f 6141 6124 6123
f 6140 6125 6124
f 6140 6139 6126
f 6139 6138 6127
f 6137 6128 6127
f 6136 6129 6128
f 6136 6135 6130
f 6134 6131 6130
f 6133 6132 6131
f 6009 6592 6595
f 6096 6095 6795
f 6007 6631 6633
f 7596 7645 6631
f 6554 6553 6712
f 6555 6574 6014
f 6574 6573 6013
f 6573 6572 6012
f 6572 6571 6011
f 6571 6570 6010
f 7638 6569 6021
f 6569 6568 6020
f 6568 6567 6019
f 6567 6566 6018
f 6566 6559 6017
f 6559 6557 6016
f 6557 6555 6015
f 6049 6575 6587
f 6062 6077 6553
f 6055 6056 6572
f 6056 6059 6571
f 6059 6062 6570
f 7601 6065 6569
f 6065 6068 6568
f 6068 6565 6567
f 6565 6080 6566
f 6080 6074 6559
f 6074 6071 6557
f 6071 6564 6555
f 6564 6052 6574
f 6052 6055 6573
f 6035 6562 6711
f 6588 6590 6593
f 6593 6590 6589
f 6592 6593 6596
f 6596 6593 6591
f 6595 6596 6599
f 6596 6594 6597
f 6598 6599 6602
f 6602 6599 6597
f 6604 6601 6602
f 6605 6602 6600
f 6607 6604 6605
f 6605 6603 6606
f 6607 6608 6611
f 6611 6608 6606
f 6610 6611 6614
f 6611 6609 6612
f 6613 6614 6617
f 6617 6614 6612
f 6619 6616 6617
f 6617 6615 6618
f 6622 6619 6620
f 6620 6618 6621
f 6622 6623 6626
f 6623 6621 6624
f 6628 6625 6626
f 6626 6624 6627
f 6628 6629 7643
f 7643 6629 6627
f 7644 6630 6632
f 7646 6632 6631
f 6634 6589 6590
f 6635 6590 6588
f 6630 6634 6635
f 6632 6635 6633
f 6021 6628 7641
f 6637 6807 6808
f 6639 6808 6809
f 6641 6637 6639
f 6639 6638 6642
f 6638 6636 6640
f 6645 6641 6643
f 6643 6642 6646
f 6642 6640 6644
f 6649 6645 6647
f 6651 6647 6646
f 6650 6646 6644
f 6649 6651 6655
f 6651 6650 6654
f 6650 6648 6652
f 6657 6653 6655
f 6655 6654 6658
f 6654 6652 6656
f 6657 6659 6663
f 6659 6658 6662
f 6662 6658 6656
f 6665 6661 6663
f 6663 6662 6666
f 6666 6662 6660
f 6665 6667 6671
f 6667 6666 6670
f 6666 6664 6668
f 6673 6669 6671
f 6675 6671 6670
f 6670 6668 6672
f 6673 6675 6679
f 6675 6674 6678
f 6674 6672 6676
f 6681 6677 6679
f 6679 6678 6682
f 6678 6676 6680
f 7647 6681 6683
f 7649 6683 6682
f 7650 6682 6680
f 7602 6093 6796
f 6684 6685 6688
f 6686 6687 6685
f 7652 7651 6687
f 6692 6690 6812
f 6694 6692 6691
f 6696 6694 6693
f 6698 6696 6695
f 6700 6698 6697
f 6702 6700 6699
f 6704 6702 6701
f 6704 6703 6705
f 6706 6705 6707
f 6708 6707 6709
f 7653 6710 6709
f 6712 6713 6714
f 6715 6716 6714
f 6715 6717 6718
f 6719 6720 6718
f 6719 6721 6722
f 6723 6724 6722
f 6723 6725 6726
f 6728 6735 6736
f 6730 6733 6734
f 6731 6732 6734
f 6728 6727 6726
f 6730 6729 6736
f 6731 6737 6738
f 6739 6740 6738
f 6739 6741 6742
f 6744 6751 6752
f 6746 6753 6754
f 6748 6755 6756
f 6744 6743 6742
f 6746 6745 6752
f 6748 6747 6754
f 6749 6750 6756
f 6749 6757 6758
f 6759 6760 6758
f 6762 6769 6770
f 6764 6771 6772
f 6759 6767 6768
f 6762 6761 6768
f 6764 6763 6770
f 6765 6766 6772
f 6765 6773 6774
f 6775 6776 6774
f 6775 6777 6778
f 6779 6780 6778
f 6779 6781 6782
f 6783 6784 6782
f 6689 6688 6712
f 6589 6634 6563
f 6634 6684 6563
f 6792 6793 6645
f 6790 6791 6653
f 6793 6794 6641
f 6791 6792 6649
f 6789 6790 6657
f 6788 6789 6661
f 6787 6788 6665
f 6786 6787 6669
f 6785 6786 6673
f 6796 6785 6677
f 6795 6810 6807
f 7667 6796 6681
f 6815 6816 6784
f 6794 6795 6637
f 6800 6799 6055
f 6801 6800 6052
f 6802 6801 6564
f 6803 6802 6071
f 6080 6804 6803
f 6565 6805 6804
f 6068 6806 6805
f 6797 6806 6068
f 7601 7668 6797
f 6059 6811 6813
f 6056 6798 6811
f 6799 6798 6056
f 6813 6814 6077
f 6783 6077 6814
f 6807 6810 6811
f 6811 6812 6807
f 6812 6690 6807
f 6690 6636 6807
f 6636 6809 6807
f 6816 6810 6094
f 6816 6815 6814
f 6810 6816 6813
f 7499 7373 7370
f 7370 7371 7499
f 7371 7372 7499
f 7498 7364 7366
f 7440 7444 7494
f 7520 7490 7648
f 7510 7470 7474
f 7512 7474 7478
f 7514 7478 7482
f 7516 7482 7486
f 7520 7518 7486
f 6817 7596 7639
f 6817 7368 7366
f 6818 7366 7364
f 7502 7454 7458
f 7504 7458 7462
f 7508 7506 7462
f 7508 7466 7470
f 7664 6906 6907
f 7663 6907 6895
f 7662 6895 6896
f 7661 6896 6897
f 7660 6897 6898
f 7659 6898 6899
f 7658 6899 6900
f 7657 6900 6901
f 7656 6901 6902
f 7655 6902 6903
f 7682 6904 6905
f 6942 6836 6837
f 6978 6943 6837
f 6978 6838 6839
f 7013 6839 6840
f 7048 6840 6841
f 7083 6841 6842
f 7153 7118 6842
f 7153 6843 6844
f 7188 6844 7597
f 7224 7526 7524
f 7223 6832 6833
f 7258 6833 6834
f 7328 7293 6834
f 6942 7328 6835
f 6840 6839 6852
f 6840 6853 6854
f 6841 6854 6855
f 6842 6855 6856
f 6844 6843 6856
f 6844 6857 7598
f 7524 7521 6832
f 6832 6845 6846
f 6833 6846 6847
f 6834 6847 6848
f 6835 6848 6849
f 6836 6849 6850
f 6837 6850 6851
f 6838 6851 6852
f 6831 7438 7435
f 7497 7368 7639
f 6818 6819 7402
f 7495 7366 7368
f 6820 6821 7408
f 6822 7411 7408
f 6823 7414 7411
f 6823 6824 7417
f 6825 7420 7417
f 6826 7423 7420
f 6826 6827 7426
f 6828 7429 7426
f 6828 6829 7432
f 6829 6830 7435
f 6854 6894 6858
f 6894 6893 6859
f 6893 6891 7396
f 6853 6892 6894
f 6894 6892 6891
f 6891 6888 7395
f 6853 6852 6889
f 6889 6888 6891
f 6888 6885 7394
f 6852 6851 6886
f 6886 6885 6888
f 7394 6885 6882
f 6850 6883 6886
f 6886 6883 6882
f 6882 6879 7392
f 6850 6849 6880
f 6883 6880 6879
f 7392 6879 6876
f 6848 6877 6880
f 6880 6877 6876
f 7391 6876 6873
f 6848 6847 6874
f 6874 6873 6876
f 7390 6873 6870
f 6847 6846 6871
f 6874 6871 6870
f 7389 6870 6867
f 6846 6845 6868
f 6871 6868 6867
f 7388 6867 7370
f 7372 7371 6868
f 7371 7370 6867
f 7640 7599 6863
f 6857 6864 7600
f 7600 6864 6863
f 6863 6860 7386
f 6857 6856 6861
f 6861 6860 6863
f 6860 6859 7385
f 6856 6855 6858
f 6861 6858 6859
f 7393 7392 7413
f 7393 7416 7419
f 7395 7394 7419
f 7395 7422 7425
f 7396 7425 7428
f 7397 7428 7431
f 7385 7431 7434
f 7386 7434 7437
f 7640 7387 7437
f 7644 7440 7496
f 7373 7399 7401
f 7388 7401 7404
f 7389 7404 7407
f 7391 7390 7407
f 7392 7391 7410
f 7670 7501 7503
f 7683 7684 7501
f 7502 7500 7450
f 7668 7669 7519
f 7678 7517 7519
f 7677 7515 7517
f 7676 7513 7515
f 7676 7675 7511
f 7674 7509 7511
f 7673 7507 7509
f 7672 7505 7507
f 7671 7503 7505
f 6895 6907 7362
f 7362 7361 6909
f 7361 7360 6910
f 7360 7359 6911
f 7359 7358 6912
f 7358 7357 6913
f 7357 7356 6914
f 7356 7355 6915
f 7355 7354 6916
f 7354 7353 6917
f 7353 7352 6918
f 7352 7351 6919
f 7351 7350 6920
f 7350 7349 6921
f 7349 7348 6922
f 7348 7347 6923
f 7347 7346 6924
f 7346 7345 6925
f 7345 7344 6926
f 7344 7343 6927
f 7343 7342 6928
f 7342 7341 6929
f 6929 7341 7340
f 7340 7339 6931
f 6931 7339 7338
f 6932 7338 7337
f 7337 7336 6934
f 7336 7335 6935
f 6935 7335 7334
f 7334 7333 6937
f 7333 7332 6938
f 7332 7331 6939
f 7331 7330 6940
f 6940 7330 7329
f 7329 7328 6942
f 6906 7327 7362
f 7327 7326 7361
f 7361 7326 7325
f 7325 7324 7359
f 7324 7323 7358
f 7323 7322 7357
f 7357 7322 7321
f 7321 7320 7355
f 7320 7319 7354
f 7319 7318 7353
f 7318 7317 7352
f 7352 7317 7316
f 7316 7315 7350
f 7315 7314 7349
f 7349 7314 7313
f 7313 7312 7347
f 7347 7312 7311
f 7346 7311 7310
f 7345 7310 7309
f 7309 7308 7343
f 7343 7308 7307
f 7307 7306 7341
f 7341 7306 7305
f 7305 7304 7339
f 7304 7303 7338
f 7338 7303 7302
f 7337 7302 7301
f 7336 7301 7300
f 7335 7300 7299
f 7334 7299 7298
f 7333 7298 7297
f 7332 7297 7296
f 7296 7295 7330
f 7330 7295 7294
f 7329 7294 7293
f 6906 6905 7292
f 7292 7291 7326
f 7326 7291 7290
f 7290 7289 7324
f 7289 7288 7323
f 7288 7287 7322
f 7287 7286 7321
f 7286 7285 7320
f 7285 7284 7319
f 7319 7284 7283
f 7318 7283 7282
f 7282 7281 7316
f 7281 7280 7315
f 7280 7279 7314
f 7314 7279 7278
f 7313 7278 7277
f 7312 7277 7276
f 7276 7275 7310
f 7310 7275 7274
f 7309 7274 7273
f 7273 7272 7307
f 7307 7272 7271
f 7271 7270 7305
f 7270 7269 7304
f 7304 7269 7268
f 7303 7268 7267
f 7267 7266 7301
f 7266 7265 7300
f 7300 7265 7264
f 7264 7263 7298
f 7263 7262 7297
f 7262 7261 7296
f 7296 7261 7260
f 7260 7259 7294
f 7259 7258 7293
f 6905 6904 7257
f 7257 7256 7291
f 7256 7255 7290
f 7255 7254 7289
f 7289 7254 7253
f 7288 7253 7252
f 7252 7251 7286
f 7286 7251 7250
f 7285 7250 7249
f 7284 7249 7248
f 7248 7247 7282
f 7247 7246 7281
f 7281 7246 7245
f 7245 7244 7279
f 7279 7244 7243
f 7243 7242 7277
f 7242 7241 7276
f 7241 7240 7275
f 7275 7240 7239
f 7274 7239 7238
f 7273 7238 7237
f 7237 7236 7271
f 7271 7236 7235
f 7270 7235 7234
f 7269 7234 7233
f 7233 7232 7267
f 7267 7232 7231
f 7266 7231 7230
f 7230 7229 7264
f 7229 7228 7263
f 7263 7228 7227
f 7227 7226 7261
f 7226 7225 7260
f 7225 7224 7259
f 7259 7224 7223
f 6904 7594 7592
f 7592 7590 7256
f 7256 7590 7588
f 7588 7586 7254
f 7254 7586 7584
f 7584 7576 7252
f 7250 7573 7580
f 7252 7576 7582
f 7248 7571 7578
f 7582 7573 7250
f 7580 7571 7248
f 7578 7570 7246
f 7246 7570 7568
f 7568 7560 7244
f 7242 7557 7564
f 7244 7560 7566
f 7240 7555 7562
f 7566 7557 7242
f 7564 7555 7240
f 7562 7553 7238
f 7238 7553 7552
f 7552 7550 7236
f 7236 7550 7548
f 7548 7542 7234
f 7232 7539 7546
f 7234 7542 7544
f 7544 7539 7232
f 7546 7537 7230
f 7230 7537 7536
f 7536 7534 7228
f 7228 7534 7532
f 7532 7530 7226
f 7226 7530 7528
f 7528 7526 7224
f 7602 6903 7222
f 7222 7221 7604
f 7221 7220 7605
f 7220 7219 7606
f 7219 7218 7607
f 7218 7217 7608
f 7217 7216 7609
f 7216 7215 7610
f 7215 7214 7611
f 7214 7213 7612
f 7213 7212 7613
f 7212 7211 7614
f 7211 7210 7615
f 7210 7209 7616
f 7209 7208 7617
f 7208 7207 7618
f 7207 7206 7619
f 7206 7205 7620
f 7205 7204 7621
f 7204 7203 7622
f 7203 7202 7623
f 7202 7201 7624
f 7624 7201 7200
f 7200 7199 7626
f 7626 7199 7198
f 7627 7198 7197
f 7628 7197 7196
f 7629 7196 7195
f 7195 7194 7631
f 7194 7193 7632
f 7193 7192 7633
f 7192 7191 7634
f 7634 7191 7190
f 7190 7189 7636
f 7636 7189 7188
f 6902 7187 7222
f 7222 7187 7186
f 7186 7185 7220
f 7220 7185 7184
f 7219 7184 7183
f 7183 7182 7217
f 7182 7181 7216
f 7181 7180 7215
f 7180 7179 7214
f 7214 7179 7178
f 7213 7178 7177
f 7212 7177 7176
f 7176 7175 7210
f 7210 7175 7174
f 7174 7173 7208
f 7208 7173 7172
f 7207 7172 7171
f 7206 7171 7170
f 7170 7169 7204
f 7169 7168 7203
f 7168 7167 7202
f 7167 7166 7201
f 7166 7165 7200
f 7200 7165 7164
f 7164 7163 7198
f 7163 7162 7197
f 7162 7161 7196
f 7196 7161 7160
f 7160 7159 7194
f 7194 7159 7158
f 7158 7157 7192
f 7192 7157 7156
f 7156 7155 7190
f 7190 7155 7154
f 7154 7153 7188
f 6902 6901 7152
f 7187 7152 7151
f 7186 7151 7150
f 7150 7149 7184
f 7149 7148 7183
f 7148 7147 7182
f 7147 7146 7181
f 7146 7145 7180
f 7145 7144 7179
f 7179 7144 7143
f 7178 7143 7142
f 7142 7141 7176
f 7176 7141 7140
f 7175 7140 7139
f 7174 7139 7138
f 7138 7137 7172
f 7137 7136 7171
f 7136 7135 7170
f 7170 7135 7134
f 7134 7133 7168
f 7133 7132 7167
f 7167 7132 7131
f 7131 7130 7165
f 7130 7129 7164
f 7164 7129 7128
f 7128 7127 7162
f 7127 7126 7161
f 7126 7125 7160
f 7125 7124 7159
f 7159 7124 7123
f 7123 7122 7157
f 7157 7122 7121
f 7156 7121 7120
f 7155 7120 7119
f 7154 7119 7118
f 6900 7117 7152
f 7152 7117 7116
f 7151 7116 7115
f 7115 7114 7149
f 7149 7114 7113
f 7148 7113 7112
f 7112 7111 7146
f 7111 7110 7145
f 7145 7110 7109
f 7109 7108 7143
f 7108 7107 7142
f 7142 7107 7106
f 7106 7105 7140
f 7105 7104 7139
f 7104 7103 7138
f 7138 7103 7102
f 7102 7101 7136
f 7136 7101 7100
f 7100 7099 7134
f 7134 7099 7098
f 7133 7098 7097
f 7132 7097 7096
f 7131 7096 7095
f 7095 7094 7129
f 7094 7093 7128
f 7093 7092 7127
f 7127 7092 7091
f 7126 7091 7090
f 7090 7089 7124
f 7124 7089 7088
f 7123 7088 7087
f 7122 7087 7086
f 7086 7085 7120
f 7085 7084 7119
f 7084 7083 7118
f 6899 7082 7117
f 7117 7082 7081
f 7081 7080 7115
f 7115 7080 7079
f 7114 7079 7078
f 7113 7078 7077
f 7112 7077 7076
f 7076 7075 7110
f 7110 7075 7074
f 7109 7074 7073
f 7073 7072 7107
f 7107 7072 7071
f 7106 7071 7070
f 7105 7070 7069
f 7104 7069 7068
f 7068 7067 7102
f 7067 7066 7101
f 7066 7065 7100
f 7100 7065 7064
f 7064 7063 7098
f 7063 7062 7097
f 7097 7062 7061
f 7096 7061 7060
f 7095 7060 7059
f 7094 7059 7058
f 7058 7057 7092
f 7057 7056 7091
f 7056 7055 7090
f 7055 7054 7089
f 7089 7054 7053
f 7053 7052 7087
f 7052 7051 7086
f 7051 7050 7085
f 7050 7049 7084
f 7084 7049 7048
f 6899 6898 7047
f 7047 7046 7081
f 7046 7045 7080
f 7080 7045 7044
f 7079 7044 7043
f 7043 7042 7077
f 7042 7041 7076
f 7041 7040 7075
f 7040 7039 7074
f 7074 7039 7038
f 7073 7038 7037
f 7072 7037 7036
f 7071 7036 7035
f 7035 7034 7069
f 7069 7034 7033
f 7033 7032 7067
f 7032 7031 7066
f 7031 7030 7065
f 7065 7030 7029
f 7029 7028 7063
f 7063 7028 7027
f 7027 7026 7061
f 7061 7026 7025
f 7060 7025 7024
f 7024 7023 7058
f 7058 7023 7022
f 7022 7021 7056
f 7021 7020 7055
f 7055 7020 7019
f 7019 7018 7053
f 7018 7017 7052
f 7017 7016 7051
f 7051 7016 7015
f 7050 7015 7014
f 7049 7014 7013
f 6898 6897 7012
f 7012 7011 7046
f 7046 7011 7010
f 7010 7009 7044
f 7044 7009 7008
f 7008 7007 7042
f 7007 7006 7041
f 7006 7005 7040
f 7040 7005 7004
f 7004 7003 7038
f 7003 7002 7037
f 7002 7001 7036
f 7001 7000 7035
f 7035 7000 6999
f 6999 6998 7033
f 6998 6997 7032
f 7032 6997 6996
f 6996 6995 7030
f 7030 6995 6994
f 6994 6993 7028
f 7028 6993 6992
f 6992 6991 7026
f 7026 6991 6990
f 7025 6990 6989
f 6989 6988 7023
f 7023 6988 6987
f 7022 6987 6986
f 6986 6985 7020
f 7020 6985 6984
f 7019 6984 6983
f 6983 6982 7017
f 6982 6981 7016
f 7016 6981 6980
f 6980 6979 7014
f 7014 6979 6978
f 6896 6977 7012
f 7012 6977 6976
f 6976 6975 7010
f 7010 6975 6974
f 7009 6974 6973
f 6973 6972 7007
f 6972 6971 7006
f 7006 6971 6970
f 6970 6969 7004
f 7004 6969 6968
f 6968 6967 7002
f 6967 6966 7001
f 6966 6965 7000
f 6965 6964 6999
f 6964 6963 6998
f 6963 6962 6997
f 6997 6962 6961
f 6996 6961 6960
f 6960 6959 6994
f 6994 6959 6958
f 6993 6958 6957
f 6957 6956 6991
f 6956 6955 6990
f 6955 6954 6989
f 6989 6954 6953
f 6953 6952 6987
f 6952 6951 6986
f 6986 6951 6950
f 6950 6949 6984
f 6949 6948 6983
f 6983 6948 6947
f 6982 6947 6946
f 6981 6946 6945
f 6980 6945 6944
f 6944 6943 6978
f 6895 6908 6977
f 6977 6908 6909
f 6976 6909 6910
f 6975 6910 6911
f 6911 6912 6973
f 6973 6912 6913
f 6972 6913 6914
f 6971 6914 6915
f 6970 6915 6916
f 6969 6916 6917
f 6968 6917 6918
f 6967 6918 6919
f 6966 6919 6920
f 6965 6920 6921
f 6964 6921 6922
f 6963 6922 6923
f 6962 6923 6924
f 6961 6924 6925
f 6960 6925 6926
f 6926 6927 6958
f 6958 6927 6928
f 6957 6928 6929
f 6956 6929 6930
f 6930 6931 6954
f 6931 6932 6953
f 6932 6933 6952
f 6952 6933 6934
f 6934 6935 6950
f 6950 6935 6936
f 6949 6936 6937
f 6948 6937 6938
f 6938 6939 6946
f 6939 6940 6945
f 6940 6941 6944
f 6944 6941 6942
f 6819 6820 7405
f 7665 6905 6906
f 6817 6818 7443
f 7596 6817 7441
f 7522 7363 7364
f 6824 7384 7365
f 6823 7383 7384
f 6822 7382 7383
f 6821 7381 7382
f 6820 7380 7381
f 6831 7379 7638
f 6830 7378 7379
f 6829 7377 7378
f 6828 7376 7377
f 6827 7369 7376
f 6826 7367 7369
f 6825 7365 7367
f 6859 6893 7397
f 7363 6887 6872
f 6866 6865 7383
f 6869 6866 7382
f 6872 6869 7381
f 6875 7601 7638
f 6878 6875 7379
f 7375 6878 7378
f 6890 7375 7377
f 6884 6890 7376
f 6881 6884 7369
f 7374 6881 7367
f 6862 7374 7365
f 6865 6862 7384
f 7521 7372 6845
f 7403 7400 7398
f 7403 7401 7399
f 7406 7403 7402
f 7406 7404 7401
f 7409 7406 7405
f 7409 7407 7404
f 7412 7409 7408
f 7410 7407 7409
f 7414 7415 7412
f 7413 7410 7412
f 7417 7418 7415
f 7416 7413 7415
f 7421 7418 7417
f 7421 7419 7416
f 7424 7421 7420
f 7424 7422 7419
f 7427 7424 7423
f 7427 7425 7422
f 7429 7430 7427
f 7428 7425 7427
f 7432 7433 7430
f 7431 7428 7430
f 7436 7433 7432
f 7436 7434 7431
f 7439 7436 7435
f 7439 7437 7434
f 7643 7439 7438
f 7643 7642 7437
f 7644 7646 7442
f 7646 7645 7441
f 7444 7445 7400
f 7445 7443 7398
f 7440 7442 7445
f 7442 7441 7443
f 6831 7595 7641
f 7447 7449 7680
f 7449 7448 7681
f 7451 7453 7449
f 7452 7448 7449
f 7450 7446 7448
f 7457 7453 7451
f 7456 7452 7453
f 7454 7450 7452
f 7461 7457 7455
f 7461 7460 7456
f 7458 7454 7456
f 7465 7461 7459
f 7464 7460 7461
f 7462 7458 7460
f 7467 7469 7465
f 7468 7464 7465
f 7466 7462 7464
f 7473 7469 7467
f 7472 7468 7469
f 7472 7470 7466
f 7475 7477 7473
f 7476 7472 7473
f 7476 7474 7470
f 7481 7477 7475
f 7480 7476 7477
f 7478 7474 7476
f 7483 7485 7481
f 7484 7480 7481
f 7482 7478 7480
f 7489 7485 7483
f 7488 7484 7485
f 7486 7482 7484
f 7491 7493 7489
f 7492 7488 7489
f 7490 7486 7488
f 7647 7649 7493
f 7649 7650 7492
f 7650 7648 7490
f 7666 6903 7602
f 7498 7495 7494
f 7495 7497 7496
f 7497 7651 7652
f 7502 7501 7684
f 7504 7503 7501
f 7506 7505 7503
f 7508 7507 7505
f 7509 7507 7508
f 7512 7511 7509
f 7514 7513 7511
f 7515 7513 7514
f 7517 7515 7516
f 7519 7517 7518
f 7653 7654 7519
f 7522 7521 7524
f 7524 7526 7525
f 7525 7526 7528
f 7528 7530 7529
f 7529 7530 7532
f 7532 7534 7533
f 7533 7534 7536
f 7538 7537 7546
f 7540 7539 7544
f 7544 7542 7541
f 7536 7537 7538
f 7546 7539 7540
f 7541 7542 7548
f 7548 7550 7549
f 7549 7550 7552
f 7554 7553 7562
f 7556 7555 7564
f 7558 7557 7566
f 7552 7553 7554
f 7562 7555 7556
f 7564 7557 7558
f 7566 7560 7559
f 7559 7560 7568
f 7568 7570 7569
f 7572 7571 7580
f 7574 7573 7582
f 7569 7570 7578
f 7578 7571 7572
f 7580 7573 7574
f 7582 7576 7575
f 7575 7576 7584
f 7584 7586 7585
f 7585 7586 7588
f 7588 7590 7589
f 7589 7590 7592
f 7592 7594 7593
f 7522 7498 7499
f 7494 7444 7373
f 7444 7399 7373
f 7455 7663 7662
f 7463 7661 7660
f 7451 7664 7663
f 7459 7662 7661
f 7467 7660 7659
f 7471 7659 7658
f 7475 7658 7657
f 7479 7657 7656
f 7483 7656 7655
f 7487 7655 7666
f 7679 7682 7665
f 7491 7666 7667
f 7594 7688 7687
f 7447 7665 7664
f 6865 7671 7672
f 6862 7672 7673
f 7374 7673 7674
f 6881 7674 7675
f 6890 6884 7675
f 7375 6890 7676
f 6878 7375 7677
f 6878 7678 7669
f 7601 6875 7669
f 6869 6872 7685
f 6866 6869 7683
f 6866 7670 7671
f 6887 7686 7685
f 7593 7687 7686
f 7683 7682 7679
f 7679 7680 7681
f 7681 7446 7679
f 7446 7500 7679
f 7500 7684 7679
f 7688 7594 6904
f 7686 7687 7688
f 7685 7688 7682
f 7731 7728 7727
f 7723 7734 7717
f 7729 7733 7734
f 7730 7732 7733
f 7693 7692 7689
f 7715 7713 7691
f 7712 7691 7713
f 7694 7716 7712
f 7694 7690 7714
f 7695 7696 7690
f 7705 7700 7703
f 7704 7710 7705
f 7699 7697 7698
f 7704 7697 7711
f 7708 7707 7702
f 7701 7703 7700
f 7722 7723 7717
f 7722 7721 7724
f 7721 7720 7724
f 7719 7724 7720
f 7718 7725 7719
f 7706 7726 7718
f 7857 7738 7735
f 7732 7731 7727
f 7859 7857 7735
f 7738 7858 7741
f 7737 7741 7740
f 7736 7740 7739
f 7727 7736 7739
f 7728 7738 7737
f 7728 7737 7736
f 7727 7728 7736
f 7738 7728 7735
f 7735 7860 7859
f 7742 7801 7797
f 7785 7781 7782
f 7788 7777 7771
f 7787 7783 7788
f 7786 7784 7787
f 7746 7747 7743
f 7769 7767 7747
f 7766 7745 7770
f 7748 7770 7768
f 7744 7748 7768
f 7750 7749 7744
f 7759 7754 7764
f 7758 7764 7765
f 7751 7753 7752
f 7758 7751 7756
f 7761 7762 7756
f 7755 7757 7760
f 7776 7777 7778
f 7776 7778 7775
f 7775 7778 7774
f 7773 7778 7779
f 7772 7779 7780
f 7760 7780 7755
f 7916 7789 7792
f 7786 7781 7785
f 7918 7789 7916
f 7917 7792 7795
f 7795 7791 7794
f 7790 7794 7791
f 7781 7793 7790
f 7782 7791 7792
f 7782 7790 7791
f 7781 7790 7782
f 7792 7789 7782
f 7919 7789 7918
f 7689 7747 7693
f 7692 7743 7689
f 7690 7768 7714
f 7691 7769 7715
f 7693 7767 7713
f 7694 7749 7695
f 7696 7744 7690
f 7695 7763 7709
f 7697 7752 7698
f 7698 7753 7699
f 7699 7765 7711
f 7700 7755 7701
f 7702 7750 7696
f 7703 7759 7705
f 7704 7756 7702
f 7705 7758 7704
f 7706 7757 7703
f 7707 7751 7697
f 7708 7761 7707
f 7709 7762 7708
f 7710 7754 7700
f 7711 7764 7710
f 7712 7748 7694
f 7713 7766 7712
f 7714 7770 7716
f 7715 7746 7692
f 7716 7745 7691
f 7722 7771 7776
f 7718 7760 7706
f 7719 7772 7718
f 7720 7773 7719
f 7721 7774 7720
f 7722 7775 7721
f 7701 7780 7726
f 7724 7777 7723
f 7725 7778 7724
f 7726 7779 7725
f 7728 7785 7782
f 7734 7771 7717
f 7729 7777 7783
f 7730 7783 7784
f 7730 7785 7731
f 7727 7786 7732
f 7733 7786 7787
f 7733 7788 7734
f 7741 7917 7795
f 7727 7793 7781
f 7739 7794 7793
f 7741 7794 7740
f 7735 7782 7789
f 7742 7789 7796
f 7861 7797 7798
f 7800 7802 7801
f 7797 7802 7799
f 7799 7800 7798
f 7798 7920 7861
f 7845 7841 7842
f 7848 7837 7831
f 7847 7843 7848
f 7846 7844 7847
f 7806 7807 7803
f 7829 7827 7807
f 7826 7805 7830
f 7808 7830 7828
f 7804 7808 7828
f 7810 7809 7804
f 7819 7814 7824
f 7818 7824 7825
f 7811 7813 7812
f 7818 7811 7816
f 7821 7822 7816
f 7815 7817 7820
f 7836 7837 7838
f 7836 7838 7835
f 7835 7838 7834
f 7833 7838 7839
f 7832 7839 7840
f 7820 7840 7815
f 7857 7849 7852
f 7846 7841 7845
f 7859 7849 7857
f 7858 7852 7855
f 7855 7851 7854
f 7850 7854 7851
f 7841 7853 7850
f 7842 7851 7852
f 7842 7850 7851
f 7841 7850 7842
f 7852 7849 7842
f 7860 7849 7859
f 7925 7856 7921
f 7904 7901 7900
f 7896 7907 7890
f 7902 7906 7907
f 7903 7905 7906
f 7866 7865 7862
f 7888 7886 7864
f 7885 7864 7886
f 7867 7889 7885
f 7867 7863 7887
f 7868 7869 7863
f 7878 7873 7876
f 7877 7883 7878
f 7872 7870 7871
f 7877 7870 7884
f 7881 7880 7875
f 7874 7876 7873
f 7895 7896 7890
f 7895 7894 7897
f 7894 7893 7897
f 7892 7897 7893
f 7891 7898 7892
f 7879 7899 7891
f 7916 7911 7908
f 7905 7904 7900
f 7918 7916 7908
f 7911 7917 7914
f 7910 7914 7913
f 7909 7913 7912
f 7900 7909 7912
f 7901 7911 7910
f 7901 7910 7909
f 7900 7901 7909
f 7911 7901 7908
f 7908 7919 7918
f 7866 7803 7807
f 7862 7806 7803
f 7887 7804 7828
f 7888 7805 7829
f 7886 7807 7827
f 7868 7808 7809
f 7863 7810 7804
f 7882 7809 7823
f 7871 7811 7812
f 7872 7812 7813
f 7884 7813 7825
f 7874 7814 7815
f 7869 7816 7810
f 7878 7817 7819
f 7875 7818 7816
f 7877 7819 7818
f 7876 7820 7817
f 7870 7821 7811
f 7880 7822 7821
f 7881 7823 7822
f 7873 7824 7814
f 7883 7825 7824
f 7867 7826 7808
f 7885 7827 7826
f 7889 7828 7830
f 7865 7829 7806
f 7864 7830 7805
f 7836 7890 7831
f 7879 7832 7820
f 7891 7833 7832
f 7892 7834 7833
f 7893 7835 7834
f 7894 7836 7835
f 7899 7815 7840
f 7896 7838 7837
f 7897 7839 7838
f 7898 7840 7839
f 7842 7904 7845
f 7890 7848 7831
f 7843 7896 7837
f 7844 7902 7843
f 7904 7844 7845
f 7905 7841 7846
f 7847 7905 7846
f 7907 7847 7848
f 7855 7917 7858
f 7841 7912 7853
f 7853 7913 7854
f 7913 7855 7854
f 7849 7901 7842
f 7856 7908 7849
f 7922 7923 7921
f 7920 7925 7924
f 7921 7926 7925
f 7923 7924 7926
f 7920 7922 7861
f 7723 7729 7734
f 7729 7730 7733
f 7730 7731 7732
f 7693 7715 7692
f 7715 7693 7713
f 7712 7716 7691
f 7694 7714 7716
f 7694 7695 7690
f 7695 7709 7696
f 7705 7710 7700
f 7704 7711 7710
f 7699 7711 7697
f 7704 7702 7697
f 7696 7709 7708
f 7707 7697 7702
f 7696 7708 7702
f 7701 7706 7703
f 7722 7724 7723
f 7719 7725 7724
f 7718 7726 7725
f 7706 7701 7726
f 7738 7857 7858
f 7737 7738 7741
f 7736 7737 7740
f 7735 7742 7860
f 7742 7796 7801
f 7788 7783 7777
f 7787 7784 7783
f 7786 7785 7784
f 7746 7769 7747
f 7769 7745 7767
f 7766 7767 7745
f 7748 7766 7770
f 7744 7749 7748
f 7750 7763 7749
f 7759 7757 7754
f 7758 7759 7764
f 7751 7765 7753
f 7758 7765 7751
f 7762 7763 7750
f 7750 7756 7762
f 7756 7751 7761
f 7755 7754 7757
f 7776 7771 7777
f 7773 7774 7778
f 7772 7773 7779
f 7760 7772 7780
f 7917 7916 7792
f 7795 7792 7791
f 7790 7793 7794
f 7919 7796 7789
f 7689 7743 7747
f 7692 7746 7743
f 7690 7744 7768
f 7691 7745 7769
f 7693 7747 7767
f 7694 7748 7749
f 7696 7750 7744
f 7695 7749 7763
f 7697 7751 7752
f 7698 7752 7753
f 7699 7753 7765
f 7700 7754 7755
f 7702 7756 7750
f 7703 7757 7759
f 7704 7758 7756
f 7705 7759 7758
f 7706 7760 7757
f 7707 7761 7751
f 7708 7762 7761
f 7709 7763 7762
f 7710 7764 7754
f 7711 7765 7764
f 7712 7766 7748
f 7713 7767 7766
f 7714 7768 7770
f 7715 7769 7746
f 7716 7770 7745
f 7722 7717 7771
f 7718 7772 7760
f 7719 7773 7772
f 7720 7774 7773
f 7721 7775 7774
f 7722 7776 7775
f 7701 7755 7780
f 7724 7778 7777
f 7725 7779 7778
f 7726 7780 7779
f 7728 7731 7785
f 7734 7788 7771
f 7729 7723 7777
f 7730 7729 7783
f 7730 7784 7785
f 7727 7781 7786
f 7733 7732 7786
f 7733 7787 7788
f 7741 7858 7917
f 7727 7739 7793
f 7739 7740 7794
f 7741 7795 7794
f 7735 7728 7782
f 7742 7735 7789
f 7861 7860 7797
f 7860 7742 7797
f 7797 7799 7798
f 7796 7919 7801
f 7919 7920 7801
f 7920 7800 7801
f 7797 7801 7802
f 7799 7802 7800
f 7798 7800 7920
f 7848 7843 7837
f 7847 7844 7843
f 7846 7845 7844
f 7806 7829 7807
f 7829 7805 7827
f 7826 7827 7805
f 7808 7826 7830
f 7804 7809 7808
f 7810 7823 7809
f 7819 7817 7814
f 7818 7819 7824
f 7811 7825 7813
f 7818 7825 7811
f 7822 7823 7810
f 7810 7816 7822
f 7816 7811 7821
f 7815 7814 7817
f 7836 7831 7837
f 7833 7834 7838
f 7832 7833 7839
f 7820 7832 7840
f 7858 7857 7852
f 7855 7852 7851
f 7850 7853 7854
f 7860 7856 7849
f 7925 7915 7856
f 7896 7902 7907
f 7902 7903 7906
f 7903 7904 7905
f 7866 7888 7865
f 7888 7866 7886
f 7885 7889 7864
f 7867 7887 7889
f 7867 7868 7863
f 7868 7882 7869
f 7878 7883 7873
f 7877 7884 7883
f 7872 7884 7870
f 7877 7875 7870
f 7869 7882 7881
f 7880 7870 7875
f 7869 7881 7875
f 7874 7879 7876
f 7895 7897 7896
f 7892 7898 7897
f 7891 7899 7898
f 7879 7874 7899
f 7911 7916 7917
f 7910 7911 7914
f 7909 7910 7913
f 7908 7915 7919
f 7866 7862 7803
f 7862 7865 7806
f 7887 7863 7804
f 7888 7864 7805
f 7886 7866 7807
f 7868 7867 7808
f 7863 7869 7810
f 7882 7868 7809
f 7871 7870 7811
f 7872 7871 7812
f 7884 7872 7813
f 7874 7873 7814
f 7869 7875 7816
f 7878 7876 7817
f 7875 7877 7818
f 7877 7878 7819
f 7876 7879 7820
f 7870 7880 7821
f 7880 7881 7822
f 7881 7882 7823
f 7873 7883 7824
f 7883 7884 7825
f 7867 7885 7826
f 7885 7886 7827
f 7889 7887 7828
f 7865 7888 7829
f 7864 7889 7830
f 7836 7895 7890
f 7879 7891 7832
f 7891 7892 7833
f 7892 7893 7834
f 7893 7894 7835
f 7894 7895 7836
f 7899 7874 7815
f 7896 7897 7838
f 7897 7898 7839
f 7898 7899 7840
f 7842 7901 7904
f 7890 7907 7848
f 7843 7902 7896
f 7844 7903 7902
f 7904 7903 7844
f 7905 7900 7841
f 7847 7906 7905
f 7907 7906 7847
f 7855 7914 7917
f 7841 7900 7912
f 7853 7912 7913
f 7913 7914 7855
f 7849 7908 7901
f 7856 7915 7908
f 7856 7860 7921
f 7860 7861 7921
f 7861 7922 7921
f 7920 7919 7925
f 7919 7915 7925
f 7925 7926 7924
f 7921 7923 7926
f 7923 7922 7924
f 7920 7924 7922
f 7939 7956 7940
f 7933 7948 7949
f 7940 7957 7941
f 7934 7949 7950
f 7941 7958 7942
f 7935 7950 7951
f 7928 7943 7944
f 7942 7943 7927
f 7935 7952 7936
f 7929 7944 7945
f 7936 7953 7937
f 7930 7945 7946
f 7937 7954 7938
f 7931 7946 7947
f 7938 7955 7939
f 7932 7947 7948
f 7963 7962 7936
f 7961 7934 7962
f 7931 7961 7960
f 7939 7964 7963
f 7964 7942 7959
f 7960 7959 7928
f 7959 7970 7964
f 7962 7969 7968
f 7961 7966 7960
f 7963 7970 7969
f 7962 7967 7961
f 7959 7966 7965
f 7969 7970 7971
f 7967 7968 7971
f 7965 7966 7971
f 7970 7965 7971
f 7968 7969 7971
f 7966 7967 7971
f 7939 7955 7956
f 7933 7932 7948
f 7940 7956 7957
f 7934 7933 7949
f 7941 7957 7958
f 7935 7934 7950
f 7928 7927 7943
f 7942 7958 7943
f 7935 7951 7952
f 7929 7928 7944
f 7936 7952 7953
f 7930 7929 7945
f 7937 7953 7954
f 7931 7930 7946
f 7938 7954 7955
f 7932 7931 7947
f 7962 7935 7936
f 7936 7937 7963
f 7937 7938 7963
f 7961 7932 7933
f 7933 7934 7961
f 7934 7935 7962
f 7960 7930 7931
f 7931 7932 7961
f 7963 7938 7939
f 7939 7940 7964
f 7964 7940 7941
f 7941 7942 7964
f 7942 7927 7959
f 7959 7927 7928
f 7928 7929 7960
f 7929 7930 7960
f 7959 7965 7970
f 7962 7963 7969
f 7961 7967 7966
f 7963 7964 7970
f 7962 7968 7967
f 7959 7960 7966
f 7980 7984 7972
f 8022 8099 8100
f 8025 8097 8099
f 7999 8101 7998
f 8000 8111 7999
f 7988 8105 8104
f 8001 8110 8000
f 7989 8106 8105
f 8002 8109 8001
f 7990 8107 8106
f 7988 8103 8002
f 7991 8108 8107
f 7992 8102 8108
f 8112 8095 8102
f 8078 8096 8112
f 7996 8025 8022
f 8090 8088 8023
f 8049 8055 8020
f 8084 8032 8031
f 8089 8093 8078
f 7996 8134 8135
f 8020 8068 8113
f 8113 8065 8057
f 8015 8060 8016
f 8016 8061 8017
f 8074 8006 8005
f 8017 8062 8018
f 8073 8007 8006
f 8018 8072 8019
f 8071 8008 8007
f 8019 8074 8005
f 8069 8009 8008
f 8070 8010 8009
f 8066 8027 8059
f 8064 8056 8027
f 7997 8101 8025
f 8014 8057 8015
f 8023 7996 8022
f 8033 8030 8021
f 8046 8075 8058
f 8134 8013 8136
f 7984 8043 8042
f 8041 7981 8039
f 8029 7975 8028
f 8030 7976 8029
f 7975 8032 8028
f 7985 8042 8040
f 8038 7985 8040
f 7974 8031 8032
f 8033 7977 8030
f 7972 8036 8037
f 8031 7972 8037
f 7979 8033 8034
f 7981 8035 8039
f 8035 7979 8034
f 8036 7986 8038
f 8043 7982 8041
f 8013 8113 8014
f 8092 8118 8120
f 8045 8127 8126
f 8090 8120 8121
f 8057 8132 8133
f 8080 8117 8115
f 8117 8086 8116
f 8047 8125 8127
f 8053 8122 8125
f 8069 8071 8133
f 8044 8124 8126
f 8004 8020 8013
f 8055 8123 8128
f 8077 8129 8122
f 8110 8109 8130
f 8051 8124 8123
f 8089 8116 8121
f 8099 8097 8131
f 8081 8114 8119
f 8131 8101 8130
f 8119 8080 8115
f 8067 8055 8128
f 7994 8102 7993
f 7995 8112 7994
f 8058 7995 8003
f 8003 8056 8058
f 8059 8011 8010
f 8027 8012 8011
f 8119 8079 8081
f 8083 8114 8082
f 8121 8086 8090
f 8117 8085 8087
f 8115 8087 8079
f 8089 8120 8091
f 8120 8093 8091
f 8123 8048 8050
f 8122 8021 8075
f 8128 8050 8054
f 8126 8049 8045
f 8125 8075 8052
f 8127 8052 8046
f 8126 8046 8044
f 8131 8102 8095
f 8059 8132 8066
f 8061 8060 8133
f 8064 8128 8063
f 8076 8041 8039
f 8082 8038 8040
f 8096 8098 8118
f 8107 8108 8130
f 8012 8134 8136
f 8135 8003 7995
f 7997 7996 8135
f 7991 7990 8135
f 8018 8019 8136
f 8011 8012 8136
f 8022 8100 8094
f 8094 8092 8090
f 8090 8086 8088
f 8088 8080 8083
f 8083 8082 8026
f 8026 8023 8083
f 8023 8022 8090
f 8083 8023 8088
f 8022 8094 8090
f 8020 8023 8049
f 8023 8026 8077
f 8026 8076 8077
f 8077 8053 8047
f 8047 8045 8049
f 8049 8051 8055
f 8055 8067 8020
f 8023 8077 8047
f 8049 8023 8047
f 8078 8058 8089
f 8058 8024 8081
f 8024 8084 8081
f 8081 8079 8087
f 8087 8085 8089
f 8089 8091 8093
f 8093 8098 8078
f 8058 8081 8087
f 8089 8058 8087
f 8024 8058 8075
f 8058 8056 8048
f 8048 8056 8054
f 8056 8063 8054
f 8054 8050 8048
f 8048 8044 8046
f 8046 8052 8075
f 8075 8021 8024
f 8048 8046 8058
f 8037 8114 8031
f 8114 8084 8031
f 8084 8024 8028
f 8024 8029 8028
f 8084 8028 8032
f 8021 8129 8034
f 8129 8035 8034
f 8029 8024 8030
f 8024 8021 8030
f 8021 8034 8033
f 8076 8026 8043
f 8026 8042 8043
f 8035 8129 8039
f 8129 8076 8039
f 8076 8043 8041
f 8082 8114 8036
f 8114 8037 8036
f 8042 8026 8040
f 8026 8082 8040
f 8082 8036 8038
f 7972 7973 7974
f 7974 7975 7972
f 7975 7976 7972
f 7976 7977 7980
f 7977 7978 7980
f 7978 7979 7980
f 7980 7981 7982
f 7982 7983 7980
f 7983 7984 7980
f 7984 7985 7972
f 7985 7986 7972
f 7986 7987 7972
f 7972 7976 7980
f 8022 8025 8099
f 8025 8101 8097
f 7999 8111 8101
f 8000 8110 8111
f 7988 7989 8105
f 8001 8109 8110
f 7989 7990 8106
f 8002 8103 8109
f 7990 7991 8107
f 7988 8104 8103
f 7991 7992 8108
f 7992 7993 8102
f 8112 8096 8095
f 8078 8098 8096
f 7996 7997 8025
f 7996 8004 8134
f 8020 8067 8068
f 8113 8068 8065
f 8015 8057 8060
f 8016 8060 8061
f 8074 8073 8006
f 8017 8061 8062
f 8073 8071 8007
f 8018 8062 8072
f 8071 8069 8008
f 8019 8072 8074
f 8069 8070 8009
f 8070 8059 8010
f 8066 8064 8027
f 8064 8063 8056
f 7997 7998 8101
f 8014 8113 8057
f 8023 8004 7996
f 8134 8004 8013
f 7984 7983 8043
f 8041 7982 7981
f 8029 7976 7975
f 8030 7977 7976
f 7975 7974 8032
f 7985 7984 8042
f 8038 7986 7985
f 7974 7973 8031
f 8033 7978 7977
f 7972 7987 8036
f 8031 7973 7972
f 7979 7978 8033
f 7981 7980 8035
f 8035 7980 7979
f 8036 7987 7986
f 8043 7983 7982
f 8013 8020 8113
f 8092 8094 8118
f 8045 8047 8127
f 8090 8092 8120
f 8057 8065 8132
f 8080 8088 8117
f 8117 8088 8086
f 8047 8053 8125
f 8053 8077 8122
f 8074 8133 8073
f 8133 8059 8070
f 8073 8133 8071
f 8070 8069 8133
f 8044 8048 8124
f 8004 8023 8020
f 8055 8051 8123
f 8077 8076 8129
f 8104 8130 8103
f 8130 8101 8111
f 8103 8130 8109
f 8111 8110 8130
f 8051 8049 8124
f 8089 8085 8116
f 8131 8118 8099
f 8118 8094 8100
f 8099 8118 8100
f 8081 8084 8114
f 8131 8097 8101
f 8119 8083 8080
f 8128 8132 8068
f 8132 8065 8068
f 8068 8067 8128
f 7994 8112 8102
f 7995 8078 8112
f 8058 8078 7995
f 8003 8012 8056
f 8059 8027 8011
f 8027 8056 8012
f 8119 8115 8079
f 8083 8119 8114
f 8121 8116 8086
f 8117 8116 8085
f 8115 8117 8087
f 8089 8121 8120
f 8120 8118 8093
f 8123 8124 8048
f 8122 8129 8021
f 8128 8123 8050
f 8126 8124 8049
f 8125 8122 8075
f 8127 8125 8052
f 8126 8127 8046
f 8131 8130 8102
f 8059 8133 8132
f 8060 8057 8133
f 8133 8074 8072
f 8072 8062 8133
f 8062 8061 8133
f 8064 8066 8132
f 8132 8128 8064
f 8128 8054 8063
f 8098 8093 8118
f 8118 8131 8096
f 8131 8095 8096
f 8108 8102 8130
f 8130 8104 8105
f 8105 8106 8130
f 8106 8107 8130
f 8012 8003 8134
f 8135 8134 8003
f 8135 7988 8002
f 8002 8001 8135
f 8001 8000 8135
f 8000 7999 8135
f 7999 7998 8135
f 7998 7997 8135
f 7990 7989 8135
f 7989 7988 8135
f 8135 7995 7994
f 7993 8135 7994
f 7993 7992 8135
f 7992 7991 8135
f 8019 8005 8136
f 8136 8013 8014
f 8014 8015 8136
f 8015 8016 8136
f 8016 8017 8136
f 8017 8018 8136
f 8005 8006 8136
f 8006 8007 8136
f 8007 8008 8136
f 8008 8009 8136
f 8009 8010 8136
f 8010 8011 8136
f 8138 8137 8167
f 8137 8169 8167
f 8140 8170 8169
f 8141 8171 8170
f 8142 8172 8171
f 8143 8173 8172
f 8144 8174 8173
f 8174 8146 8175
f 8175 8147 8176
f 8176 8148 8177
f 8177 8149 8178
f 8163 8180 8179
f 8178 8139 8168
f 8166 8209 8226
f 8138 8150 8137
f 8181 8163 8179
f 8209 8162 8219
f 8137 8153 8140
f 8141 8153 8154
f 8142 8154 8155
f 8143 8155 8156
f 8144 8156 8157
f 8145 8157 8158
f 8146 8158 8159
f 8147 8159 8160
f 8148 8160 8161
f 8149 8161 8162
f 8166 8163 8165
f 8152 8165 8139
f 8168 8165 8181
f 8186 8181 8225
f 8181 8220 8225
f 8139 8162 8152
f 8179 8222 8220
f 8198 8178 8197
f 8199 8177 8198
f 8200 8176 8199
f 8201 8175 8200
f 8173 8201 8202
f 8172 8202 8203
f 8171 8203 8204
f 8170 8204 8205
f 8169 8205 8206
f 8167 8206 8184
f 8227 8182 8183
f 8184 8227 8183
f 8167 8184 8138
f 8197 8168 8186
f 8229 8182 8227
f 8230 8187 8229
f 8231 8188 8230
f 8232 8189 8231
f 8233 8190 8232
f 8234 8191 8233
f 8234 8193 8192
f 8235 8194 8193
f 8236 8195 8194
f 8237 8196 8195
f 8240 8221 8239
f 8238 8185 8196
f 8210 8150 8207
f 8211 8153 8210
f 8212 8154 8211
f 8213 8155 8212
f 8214 8156 8213
f 8215 8157 8214
f 8216 8158 8215
f 8217 8159 8216
f 8218 8160 8217
f 8207 8183 8182
f 8241 8221 8224
f 8222 8180 8166
f 8210 8182 8187
f 8188 8210 8187
f 8189 8211 8188
f 8190 8212 8189
f 8191 8213 8190
f 8192 8214 8191
f 8193 8215 8192
f 8194 8216 8193
f 8195 8217 8194
f 8196 8218 8195
f 8221 8226 8224
f 8224 8209 8185
f 8228 8224 8185
f 8186 8241 8228
f 8166 8226 8222
f 8151 8183 8208
f 8220 8241 8225
f 8219 8161 8218
f 8185 8219 8196
f 8222 8239 8220
f 8198 8238 8237
f 8199 8237 8236
f 8200 8236 8235
f 8201 8235 8234
f 8201 8233 8202
f 8202 8232 8203
f 8203 8231 8204
f 8204 8230 8205
f 8205 8229 8206
f 8206 8227 8184
f 8183 8138 8184
f 8223 8240 8226
f 8240 8222 8226
f 8208 8150 8151
f 8180 8164 8166
f 8197 8228 8238
f 8137 8140 8169
f 8140 8141 8170
f 8141 8142 8171
f 8142 8143 8172
f 8143 8144 8173
f 8144 8145 8174
f 8174 8145 8146
f 8175 8146 8147
f 8176 8147 8148
f 8177 8148 8149
f 8163 8164 8180
f 8178 8149 8139
f 8166 8152 8209
f 8138 8151 8150
f 8181 8165 8163
f 8209 8152 8162
f 8137 8150 8153
f 8141 8140 8153
f 8142 8141 8154
f 8143 8142 8155
f 8144 8143 8156
f 8145 8144 8157
f 8146 8145 8158
f 8147 8146 8159
f 8148 8147 8160
f 8149 8148 8161
f 8166 8164 8163
f 8152 8166 8165
f 8168 8139 8165
f 8186 8168 8181
f 8181 8179 8220
f 8139 8149 8162
f 8179 8180 8222
f 8198 8177 8178
f 8199 8176 8177
f 8200 8175 8176
f 8201 8174 8175
f 8173 8174 8201
f 8172 8173 8202
f 8171 8172 8203
f 8170 8171 8204
f 8169 8170 8205
f 8167 8169 8206
f 8197 8178 8168
f 8229 8187 8182
f 8230 8188 8187
f 8231 8189 8188
f 8232 8190 8189
f 8233 8191 8190
f 8234 8192 8191
f 8234 8235 8193
f 8235 8236 8194
f 8236 8237 8195
f 8237 8238 8196
f 8240 8223 8221
f 8238 8228 8185
f 8210 8153 8150
f 8211 8154 8153
f 8212 8155 8154
f 8213 8156 8155
f 8214 8157 8156
f 8215 8158 8157
f 8216 8159 8158
f 8217 8160 8159
f 8218 8161 8160
f 8207 8208 8183
f 8241 8239 8221
f 8210 8207 8182
f 8188 8211 8210
f 8189 8212 8211
f 8190 8213 8212
f 8191 8214 8213
f 8192 8215 8214
f 8193 8216 8215
f 8194 8217 8216
f 8195 8218 8217
f 8196 8219 8218
f 8221 8223 8226
f 8224 8226 8209
f 8228 8241 8224
f 8186 8225 8241
f 8151 8138 8183
f 8220 8239 8241
f 8219 8162 8161
f 8185 8209 8219
f 8222 8240 8239
f 8198 8197 8238
f 8199 8198 8237
f 8200 8199 8236
f 8201 8200 8235
f 8201 8234 8233
f 8202 8233 8232
f 8203 8232 8231
f 8204 8231 8230
f 8205 8230 8229
f 8206 8229 8227
f 8208 8207 8150
f 8197 8186 8228
f 8695 8245 8712
f 8252 8699 8698
f 8698 8251 8252
f 8700 8250 8251
f 8701 8249 8250
f 8702 8999 8249
f 8703 8246 8704
f 8705 8258 8706
f 8707 8254 8708
f 8709 8257 8705
f 8706 8248 8703
f 8253 8709 8699
f 8259 8426 8427
f 8434 8263 8435
f 9022 8262 8434
f 8261 8427 8433
f 8555 8257 8564
f 8260 8424 8426
f 8558 8258 8555
f 8431 8271 8425
f 8435 8264 8436
f 8436 8265 8437
f 8437 8266 8428
f 8554 8254 8563
f 8428 8269 8431
f 8429 8270 8432
f 8432 9001 9021
f 8607 9002 9127
f 8608 8286 8607
f 8609 8285 8608
f 8610 8284 8609
f 8611 8283 8610
f 8612 8282 8611
f 8613 8281 8612
f 8614 8278 8615
f 8615 8279 8616
f 8616 8280 8613
f 8575 9004 9082
f 8572 8293 8575
f 8571 8292 8574
f 8540 8288 8549
f 8300 8571 8580
f 8299 8580 8579
f 8298 8579 8578
f 8574 8290 8568
f 8544 8291 8541
f 8569 8288 8567
f 8541 8290 8550
f 8294 8570 8576
f 9005 8577 9092
f 8297 8578 8577
f 8296 8569 8570
f 8320 8307 8317
f 8319 8310 8320
f 8308 8319 8318
f 8317 8306 8316
f 8316 8305 8315
f 8315 8304 8314
f 8314 8303 8313
f 8313 8302 8312
f 8312 8301 8311
f 8301 9007 8311
f 8393 8535 8537
f 8382 9007 9016
f 8383 8311 8382
f 8384 8312 8383
f 8385 8313 8384
f 8386 8314 8385
f 8387 8315 8386
f 8388 8316 8387
f 8318 8390 8389
f 8390 8320 8391
f 8391 8317 8388
f 8425 8327 8322
f 8430 8330 8327
f 8424 8326 8321
f 8543 9008 9061
f 8540 8329 8543
f 8539 8328 8542
f 8548 8325 8539
f 8547 8334 8548
f 8546 8333 8547
f 8542 8322 8550
f 8323 8549 8551
f 8330 8552 8544
f 9055 8331 8545
f 8545 8332 8546
f 8324 8551 8552
f 8348 8565 8566
f 8341 8560 8559
f 9010 8559 9071
f 8340 8566 8558
f 8565 8345 8563
f 8338 8564 8556
f 8342 8561 8560
f 8343 8562 8561
f 8344 8553 8562
f 8556 8335 8338
f 8554 8339 8557
f 8557 9011 9077
f 8572 8345 8567
f 8573 8340 8337
f 8568 8337 8346
f 8310 8355 8307
f 8309 8358 8310
f 8356 8309 8308
f 8307 8354 8306
f 8306 8353 8305
f 8305 8352 8304
f 8304 8351 8303
f 8303 8350 8302
f 8302 8349 8301
f 8301 9012 9006
f 8617 8277 8614
f 8490 8636 8644
f 8483 8634 8635
f 8493 8647 8639
f 8482 8640 8645
f 8481 8643 8637
f 9028 8646 9170
f 8480 8642 8640
f 8389 8266 8416
f 8364 8536 8528
f 8360 8524 8525
f 8363 8526 8527
f 8367 8525 8531
f 8365 9039 8529
f 8370 8533 8534
f 8494 8363 8392
f 8361 8528 8526
f 9014 8531 9040
f 8359 8532 8524
f 8368 8530 8532
f 8369 8538 8533
f 8393 8500 8508
f 8283 8604 8284
f 8282 8603 8283
f 8281 8602 8282
f 8371 8534 8535
f 8489 8638 8646
f 8472 8522 8523
f 8464 8520 8521
f 8271 8388 8272
f 8269 8391 8271
f 8389 8390 8269
f 8272 8387 8261
f 8261 8386 8259
f 8259 8385 8260
f 8260 8384 8267
f 8267 8383 8268
f 8268 8382 8270
f 8270 9016 9001
f 8358 8378 8355
f 8357 8381 8358
f 8379 8357 8356
f 8355 8377 8354
f 8354 8376 8353
f 8353 8375 8352
f 8352 8374 8351
f 8374 8350 8351
f 8373 8349 8350
f 8372 9012 8349
f 8362 8529 8536
f 8406 8415 8422
f 8405 8420 8421
f 8419 8408 8409
f 8418 8400 8416
f 8410 8402 8418
f 9020 8401 8417
f 8396 8414 8412
f 8404 8419 8420
f 8399 9019 8415
f 8417 8395 8411
f 8397 8412 8413
f 8411 8394 8410
f 8398 8422 8414
f 8407 8444 8451
f 8452 8397 8408
f 8407 8421 8423
f 8423 8318 8389
f 8414 8274 8275
f 8263 8410 8264
f 8412 8463 8413
f 8262 8411 8263
f 8415 9003 8273
f 8308 8419 8356
f 8412 8275 8276
f 9000 8417 8262
f 8264 8418 8265
f 8265 8416 8266
f 8356 8409 8379
f 8421 8308 8318
f 8422 8273 8274
f 8423 8400 8407
f 8397 8409 8408
f 8267 8429 8424
f 8272 8433 8430
f 8272 8425 8271
f 8329 9021 9008
f 8326 8432 8329
f 8325 8431 8328
f 8334 8428 8325
f 8333 8437 8334
f 8332 8436 8333
f 8328 8425 8322
f 8426 8321 8323
f 8433 8324 8330
f 9009 8434 8331
f 8331 8435 8332
f 8427 8323 8324
f 8538 8441 8452
f 8451 8530 8537
f 8450 8399 8406
f 8449 8404 8405
f 8447 8408 8403
f 8402 8444 8400
f 8394 8446 8402
f 9018 8445 8401
f 8440 8398 8396
f 8448 8403 8404
f 8443 9017 8399
f 8401 8439 8395
f 8441 8396 8397
f 8395 8438 8394
f 8442 8406 8398
f 8451 8405 8407
f 8617 8463 8412
f 8381 8459 8378
f 8380 8462 8381
f 8460 8380 8379
f 8378 8458 8377
f 8377 8457 8376
f 8376 8456 8375
f 8375 8455 8374
f 8374 8454 8373
f 8454 8372 8373
f 8453 9015 8372
f 8413 8379 8409
f 8463 8460 8413
f 8478 8495 8508
f 8464 8496 8495
f 8484 8639 8643
f 8466 8494 8497
f 8473 8501 8504
f 8471 8504 8502
f 8475 8507 8506
f 8472 8505 8503
f 8468 8506 8499
f 8470 9031 8501
f 8467 8500 8498
f 8476 8498 8507
f 9026 8499 9030
f 8474 8502 8505
f 8465 8497 8496
f 8519 8466 8465
f 8659 8516 8515
f 8516 8469 8467
f 8515 8467 8476
f 8514 8475 8468
f 8987 8468 9026
f 8512 9027 8470
f 8513 8476 8475
f 8511 8473 8471
f 8518 8477 8466
f 8523 8474 8472
f 8521 8465 8464
f 8510 8470 8473
f 8637 8487 8481
f 8479 8632 8641
f 8492 8641 8642
f 8485 8644 8638
f 8491 9155 8632
f 8488 8635 8636
f 8656 8517 8516
f 8633 8985 8512
f 8660 8513 8514
f 8653 8509 8523
f 8649 8515 8513
f 8657 8510 8511
f 8652 8512 8510
f 8650 8522 8518
f 8648 8519 8521
f 8658 8518 8519
f 8523 8661 8653
f 8655 8520 8517
f 8484 8481 9028
f 8496 8369 8370
f 8505 8364 8361
f 9030 8367 9014
f 8507 8368 8359
f 8498 8366 8368
f 8501 9013 8365
f 8499 8360 8367
f 8503 8361 8363
f 8506 8359 8360
f 8502 8362 8364
f 8504 8365 8362
f 8497 8392 8369
f 8495 8370 8371
f 8508 8371 8393
f 8508 8469 8478
f 8477 8503 8494
f 8280 8601 8281
f 8279 8600 8280
f 8278 8599 8279
f 8278 8597 8598
f 8509 8471 8474
f 8517 8478 8469
f 8651 8511 8509
f 8521 8654 8648
f 8486 8493 9029
f 8482 8486 9029
f 8480 8482 9029
f 8492 8480 9029
f 8479 8492 9029
f 9029 8491 8479
f 8484 9029 8493
f 9028 9029 8484
f 8485 8489 9028
f 8490 8485 9028
f 8488 8490 9028
f 8483 8488 9028
f 8487 8483 9028
f 8481 8487 9028
f 8704 8247 8707
f 8537 8366 8393
f 8392 8527 8538
f 8536 8443 8450
f 8535 8448 8449
f 8533 8452 8447
f 8532 8444 8446
f 8438 8532 8446
f 9024 8531 8445
f 8526 8442 8440
f 8534 8447 8448
f 8529 9023 8443
f 8445 8525 8439
f 8527 8440 8441
f 8439 8524 8438
f 8528 8450 8442
f 8537 8449 8451
f 8552 8295 8296
f 8545 8298 8297
f 9055 8297 9005
f 8294 8552 8296
f 8295 8549 8288
f 8292 8550 8290
f 8546 8299 8298
f 8547 8300 8299
f 8548 8287 8300
f 8287 8542 8292
f 8289 8543 8293
f 8293 9061 9004
f 8322 8541 8550
f 8327 8544 8541
f 8321 8540 8549
f 8256 8553 8556
f 8562 8253 8252
f 8561 8252 8251
f 8560 8251 8250
f 8556 8257 8256
f 8247 8563 8254
f 8248 8566 8246
f 9071 8249 8999
f 8559 8250 8249
f 8246 8565 8247
f 8336 8563 8345
f 8337 8558 8555
f 8346 8555 8564
f 8290 8573 8568
f 8291 8576 8573
f 8288 8572 8567
f 8570 8347 8348
f 8577 8342 8341
f 9092 8341 9010
f 8576 8348 8340
f 8347 8567 8345
f 8574 8346 8338
f 8578 8343 8342
f 8579 8344 8343
f 8580 8335 8344
f 8338 8571 8574
f 8336 8575 8339
f 8339 9082 9011
f 8694 8592 8708
f 8266 8389 8269
f 8423 8389 8416
f 8255 8691 8690
f 8606 9146 9125
f 8597 8631 8625
f 8600 8621 8601
f 8596 8630 8631
f 8602 8618 8603
f 8599 8624 8623
f 8604 8629 8605
f 8595 8628 8630
f 8284 8605 8285
f 8285 8606 8286
f 8273 9111 8593
f 8286 9125 9002
f 8274 8593 8594
f 8275 8594 8595
f 8276 8595 8596
f 8277 8596 8597
f 8462 8613 8459
f 8461 8616 8462
f 8614 8461 8460
f 8459 8612 8458
f 8458 8611 8457
f 8457 8610 8456
f 8456 8609 8455
f 8455 8608 8454
f 8454 8607 8453
f 8607 9025 8453
f 8617 8460 8463
f 8617 8276 8277
f 9146 8627 9149
f 8627 8629 8628
f 8628 8619 8630
f 8631 8619 8618
f 8631 8620 8625
f 8624 8620 8621
f 8622 8624 8621
f 8601 8620 8602
f 8598 8625 8624
f 8593 9149 8627
f 8603 8619 8604
f 8594 8627 8628
f 8599 8622 8600
f 8605 8626 8606
f 9188 8632 9155
f 8646 8649 8660
f 8638 8659 8649
f 8642 8652 8657
f 8635 8654 8655
f 8644 8656 8659
f 8640 8657 8651
f 9170 8660 9185
f 8637 8658 8648
f 8645 8651 8653
f 8636 8655 8656
f 8643 8650 8658
f 8639 8661 8650
f 8653 8647 8645
f 8648 8634 8637
f 8641 8633 8652
f 9185 8514 8987
f 9188 8633 8632
f 8633 9189 9157
f 8591 8586 8711
f 8587 8664 8583
f 8581 8670 8662
f 8695 8674 8693
f 8583 8663 8582
f 8584 8673 8665
f 8582 8672 8590
f 8581 8669 8587
f 8588 8665 8670
f 8590 8671 8589
f 8693 8666 8710
f 8589 9202 9108
f 8710 8667 8711
f 9205 8689 8675
f 8666 8681 8667
f 8664 8683 8678
f 8668 8688 8674
f 8663 8678 8677
f 8668 8689 8682
f 8663 8686 8672
f 8672 8685 8671
f 8671 9218 9202
f 8667 8687 8673
f 8665 8684 8670
f 8674 8680 8666
f 8662 8684 8676
f 8673 8679 8665
f 8669 8676 8683
f 8687 9225 8679
f 8679 9224 8684
f 8684 9222 8676
f 9222 8683 8676
f 8677 8678 9223
f 8678 8683 9223
f 9218 8685 9223
f 8685 8686 9223
f 8686 8677 9223
f 9226 8687 8688
f 8687 8681 8680
f 8688 8687 8680
f 8688 8682 9226
f 8682 8689 9226
f 8689 9221 9226
f 8645 8486 8482
f 8242 8691 8692
f 8244 8694 8690
f 8714 8692 9227
f 8694 8693 8697
f 9227 8557 9077
f 8243 8690 8691
f 9235 8675 8696
f 8696 8668 8695
f 8691 8255 8554
f 8586 8707 8585
f 8699 8581 8587
f 8584 8703 8591
f 8581 8705 8588
f 8585 8708 8592
f 8588 8706 8584
f 8591 8704 8586
f 8589 9242 8702
f 8590 8702 8701
f 8582 8701 8700
f 8583 8700 8698
f 8698 8587 8583
f 8255 8708 8254
f 8694 8255 8690
f 8585 8711 8586
f 8592 8710 8585
f 8592 8697 8693
f 8673 8711 8667
f 9235 8713 9254
f 8696 8712 8713
f 9254 8242 8714
f 8713 8243 8242
f 8712 8244 8243
f 8718 9233 9252
f 9238 8725 9237
f 9237 8724 9239
f 9239 8723 9240
f 9240 8722 9241
f 9241 8999 9242
f 8719 9243 9244
f 9245 8731 8730
f 8727 9247 9248
f 9249 8730 8729
f 8721 9246 9243
f 9249 8726 9238
f 8899 8732 8900
f 8907 8736 8735
f 9022 8735 9000
f 8900 8734 8906
f 8730 9067 9078
f 8897 8733 8899
f 8731 9070 9067
f 8904 8744 8742
f 8908 8737 8736
f 8909 8738 8737
f 8910 8739 8738
f 8727 9066 9076
f 8742 8901 8904
f 8743 8902 8905
f 8905 9001 8743
f 9126 9002 8759
f 9128 8759 8758
f 9129 8758 8757
f 9130 8757 8756
f 9131 8756 8755
f 9132 8755 8754
f 9133 8754 8753
f 9134 8751 8750
f 9135 8752 8751
f 9136 8753 8752
f 9090 9004 8766
f 8766 9087 9090
f 8765 9086 9089
f 8761 9050 9060
f 9086 8773 9096
f 9096 8772 9095
f 9095 8771 9094
f 9089 8763 8765
f 8764 9054 9051
f 9084 8761 8768
f 8763 9051 9062
f 9085 8767 9091
f 9093 9005 9092
f 9094 8770 9093
f 9084 8769 9085
f 8793 8780 8783
f 8792 8783 8782
f 8792 8781 8791
f 8790 8779 8780
f 8789 8778 8779
f 8788 8777 8778
f 8787 8776 8777
f 8786 8775 8776
f 8785 8774 8775
f 9007 8774 8784
f 9045 8866 9047
f 8855 9007 8784
f 8856 8784 8785
f 8857 8785 8786
f 8858 8786 8787
f 8859 8787 8788
f 8860 8788 8789
f 8861 8789 8790
f 8863 8791 8862
f 8863 8793 8792
f 8864 8790 8793
f 8898 8800 8903
f 8903 8803 8906
f 8897 8799 8902
f 9053 9008 8802
f 8802 9050 9053
f 8801 9049 9052
f 9059 8798 8807
f 9058 8807 8806
f 9057 8806 8805
f 9052 8795 8801
f 9060 8796 9063
f 9064 8803 9054
f 9055 8804 9009
f 9056 8805 8804
f 9063 8797 9064
f 9079 8821 9080
f 9073 8814 9072
f 9072 9010 9071
f 9080 8813 9070
f 9079 8818 8820
f 9078 8811 9068
f 9074 8815 9073
f 9075 8816 9074
f 9065 8817 9075
f 9068 8808 9065
f 8812 9066 9069
f 9069 9011 8812
f 8818 9087 9081
f 9088 8813 9091
f 9083 8810 9088
f 8783 8828 8831
f 8782 8831 8830
f 8782 8829 8781
f 8780 8827 8828
f 8779 8826 8827
f 8778 8825 8826
f 8777 8824 8825
f 8776 8823 8824
f 8775 8822 8823
f 8774 9012 8822
f 9137 9134 8750
f 9160 8963 9168
f 8956 9158 8960
f 9172 8966 9163
f 8955 9164 8953
f 8954 9167 8957
f 9028 9171 8962
f 9166 8953 9164
f 8862 8889 8739
f 9046 8837 9036
f 9032 8833 9033
f 9034 8836 9035
f 9033 8840 9041
f 9039 8838 9037
f 9043 8843 9044
f 8967 8836 8976
f 9036 8834 9034
f 9041 9014 9040
f 9042 8832 9032
f 9038 8841 9042
f 9048 8842 9043
f 8973 8866 8981
f 9122 8756 8757
f 9121 8755 8756
f 9120 8754 8755
f 9044 8844 9045
f 8962 9162 8958
f 8997 8945 8998
f 8995 8937 8996
f 8744 8861 8864
f 8742 8864 8863
f 8862 8742 8863
f 8745 8860 8861
f 8734 8859 8860
f 8732 8858 8859
f 8733 8857 8858
f 8740 8856 8857
f 8741 8855 8856
f 8743 9016 8855
f 8831 8851 8854
f 8830 8854 8853
f 8830 8852 8829
f 8828 8850 8851
f 8827 8849 8850
f 8826 8848 8849
f 8825 8847 8848
f 8823 8847 8824
f 8822 8846 8823
f 9012 8845 8822
f 9037 8835 9046
f 8888 8879 8895
f 8893 8878 8894
f 8892 8881 8876
f 8891 8873 8875
f 8883 8875 8867
f 9020 8874 9018
f 8887 8869 8885
f 8892 8877 8893
f 9019 8872 8888
f 8890 8868 8874
f 8885 8870 8886
f 8884 8867 8868
f 8895 8871 8887
f 8917 8880 8924
f 8925 8870 8914
f 8894 8880 8896
f 8791 8896 8862
f 8747 8887 8748
f 8736 8883 8884
f 8885 8886 8936
f 8735 8884 8890
f 9003 8888 8746
f 8781 8892 8893
f 8748 8885 8749
f 9000 8890 9020
f 8737 8891 8883
f 8738 8889 8891
f 8829 8882 8892
f 8781 8894 8791
f 8746 8895 8747
f 8873 8896 8880
f 8882 8870 8881
f 8740 8902 8741
f 8745 8906 8734
f 8898 8745 8744
f 8802 9021 8905
f 8905 8799 8802
f 8904 8798 8801
f 8807 8901 8910
f 8806 8910 8909
f 8805 8909 8908
f 8801 8898 8904
f 8794 8899 8796
f 8797 8906 8803
f 9009 8907 9022
f 8804 8908 8907
f 8796 8900 8797
f 9048 8914 9035
f 9038 8924 9047
f 8872 8923 8879
f 8877 8922 8878
f 8881 8920 8876
f 8875 8917 8919
f 8867 8919 8911
f 9018 8918 9024
f 8871 8913 8869
f 8876 8921 8877
f 9017 8916 8872
f 8874 8912 8918
f 8869 8914 8870
f 8868 8911 8912
f 8879 8915 8871
f 8878 8924 8880
f 9137 8885 8936
f 8854 8932 8935
f 8853 8935 8934
f 8853 8933 8852
f 8851 8931 8932
f 8850 8930 8931
f 8849 8929 8930
f 8848 8928 8929
f 8847 8927 8928
f 8845 8927 8846
f 9015 8926 8845
f 8852 8886 8882
f 8936 8886 8933
f 8968 8951 8981
f 8969 8937 8968
f 8957 9163 8966
f 8967 8939 8970
f 8974 8946 8977
f 8977 8944 8975
f 8980 8948 8979
f 8978 8945 8976
f 8979 8941 8972
f 9031 8943 8974
f 8973 8940 8971
f 8971 8949 8980
f 8972 9026 9030
f 8975 8947 8978
f 8970 8938 8969
f 8939 8994 8938
f 8991 9184 8990
f 8942 8991 8940
f 8940 8990 8949
f 8948 8989 8941
f 8941 8987 9026
f 9027 8986 8943
f 8949 8988 8948
f 8946 8984 8944
f 8950 8993 8939
f 8947 8998 8945
f 8938 8996 8937
f 8943 8983 8946
f 8960 9161 8954
f 8952 9154 8964
f 9165 8965 9166
f 9168 8958 9162
f 8964 9155 9029
f 8961 9159 8956
f 8992 9181 8991
f 8985 9156 8986
f 8988 9186 8989
f 8982 9178 8998
f 9174 8990 9184
f 8983 9182 8984
f 9177 8986 9156
f 9175 8997 9187
f 9173 8994 9183
f 8993 9183 8994
f 9187 8998 9178
f 8995 9180 8992
f 8957 9028 8954
f 8842 8969 8843
f 8837 8978 8834
f 8840 9030 9014
f 8841 8980 8832
f 8839 8971 8841
f 9013 8974 8838
f 8833 8972 8840
f 8834 8976 8836
f 8832 8979 8833
f 8835 8975 8837
f 8838 8977 8835
f 8865 8970 8842
f 8843 8968 8844
f 8844 8981 8866
f 8942 8981 8951
f 8950 8976 8945
f 9119 8753 8754
f 9118 8752 8753
f 9117 8751 8752
f 8751 9115 8750
f 8944 8982 8947
f 8951 8992 8942
f 9176 8984 9182
f 9179 8996 9173
f 8959 9029 8966
f 8955 9029 8959
f 8953 9029 8955
f 8965 9029 8953
f 8952 9029 8965
f 9029 8952 8964
f 8957 8966 9029
f 9028 8957 9029
f 8958 9028 8962
f 8963 9028 8958
f 8961 9028 8963
f 8956 9028 8961
f 8960 9028 8956
f 8954 9028 8960
f 8720 9244 9247
f 8839 9047 8866
f 8865 9035 8836
f 8916 9046 8923
f 8921 9045 8922
f 8925 9043 8920
f 8917 9042 8919
f 8911 9042 9032
f 9024 9041 9040
f 8915 9034 8913
f 8920 9044 8921
f 9023 9037 8916
f 8918 9033 9041
f 8913 9035 8914
f 8912 9032 9033
f 8923 9036 8915
f 8922 9047 8924
f 8768 9064 8769
f 8771 9056 8770
f 8770 9055 9005
f 8767 9064 9054
f 8768 9060 9063
f 8765 9062 9052
f 8772 9057 8771
f 8773 9058 8772
f 8760 9059 8773
f 9052 8760 8765
f 9053 8762 8766
f 8766 9061 9053
f 8795 9051 8800
f 8800 9054 8803
f 8794 9050 8799
f 8729 9065 8726
f 8726 9075 8725
f 8725 9074 8724
f 8724 9073 8723
f 8730 9068 8729
f 8720 9076 9079
f 8721 9080 9070
f 8722 9071 8999
f 8723 9072 8722
f 8719 9079 9080
f 9076 8809 8818
f 8810 9070 8813
f 8819 9067 8810
f 8763 9088 8764
f 8764 9091 8767
f 8761 9087 8762
f 8820 9085 8821
f 8815 9093 8814
f 8814 9092 9010
f 8821 9091 8813
f 8820 9081 9084
f 8819 9089 8811
f 8816 9094 8815
f 8817 9095 8816
f 8808 9096 8817
f 8811 9086 8808
f 9090 8809 8812
f 8812 9082 9090
f 9109 9232 9248
f 8739 8742 8862
f 8896 8889 8862
f 8728 9228 9229
f 9146 9124 9125
f 9115 9153 9114
f 9141 9118 9119
f 9114 9152 9113
f 9138 9120 9121
f 9117 9144 9116
f 9151 9122 9123
f 9113 9150 9112
f 9123 8757 8758
f 9124 8758 8759
f 8746 9111 9003
f 9125 8759 9002
f 8747 9110 8746
f 8748 9112 8747
f 8749 9113 8748
f 8750 9114 8749
f 8935 9133 9136
f 8934 9136 9135
f 8934 9134 8933
f 8932 9132 9133
f 8931 9131 9132
f 8930 9130 9131
f 8929 9129 9130
f 8928 9128 9129
f 8927 9126 9128
f 9025 9126 8926
f 8933 9137 8936
f 8749 9137 8750
f 9146 9148 9147
f 9151 9148 9150
f 9139 9150 9152
f 9153 9139 9152
f 9140 9153 9145
f 9144 9140 9145
f 9144 9142 9141
f 9140 9119 9120
f 9116 9145 9115
f 9110 9149 9111
f 9139 9121 9122
f 9112 9148 9110
f 9142 9117 9118
f 9147 9123 9124
f 9188 9155 9154
f 9174 9171 9186
f 9184 9162 9174
f 9177 9166 9182
f 9179 9159 9180
f 9181 9168 9184
f 9182 9164 9176
f 9186 9170 9185
f 9183 9161 9173
f 9176 9169 9178
f 9180 9160 9181
f 9175 9167 9183
f 9187 9163 9175
f 9172 9178 9169
f 9158 9173 9161
f 9156 9165 9177
f 8989 9185 8987
f 9156 9188 9154
f 9156 9157 9189
f 9107 9251 9102
f 9192 9103 9099
f 9097 9198 9104
f 9203 9233 9231
f 9191 9099 9098
f 9100 9201 9107
f 9200 9098 9106
f 9197 9097 9103
f 9104 9193 9100
f 9199 9106 9105
f 9194 9231 9250
f 9202 9105 9108
f 9195 9250 9251
f 9220 9205 9204
f 9211 9194 9195
f 9192 9213 9197
f 9219 9196 9203
f 9207 9192 9191
f 9196 9220 9204
f 9216 9191 9200
f 9215 9200 9199
f 9218 9199 9202
f 9217 9195 9201
f 9214 9193 9198
f 9210 9203 9194
f 9190 9214 9198
f 9209 9201 9193
f 9197 9206 9190
f 9217 9225 9226
f 9224 9209 9214
f 9214 9222 9224
f 9213 9222 9206
f 9207 9223 9208
f 9208 9223 9213
f 9218 9223 9215
f 9215 9223 9216
f 9216 9223 9207
f 9226 9219 9217
f 9217 9210 9211
f 9219 9210 9217
f 9219 9226 9212
f 9212 9226 9220
f 9220 9226 9221
f 8959 9169 8955
f 9229 8715 9230
f 9232 8717 9228
f 9230 8714 9227
f 9232 9231 8718
f 9227 9069 9230
f 9228 8716 9229
f 9204 9235 9234
f 9196 9234 9233
f 9066 8728 9229
f 9247 9102 9101
f 9097 9238 9103
f 9243 9100 9107
f 9097 9245 9249
f 9248 9101 9109
f 9104 9246 9245
f 9244 9107 9102
f 9105 9242 9108
f 9106 9241 9105
f 9098 9240 9106
f 9099 9239 9098
f 9103 9237 9099
f 9248 8728 8727
f 9232 9228 8728
f 9251 9101 9102
f 9250 9109 9101
f 9109 9231 9236
f 9201 9251 9107
f 9253 9235 9254
f 9252 9234 9253
f 8715 9254 8714
f 8716 9253 8715
f 8717 9252 8716
f 8695 8693 8245
f 8252 8253 8699
f 8698 8700 8251
f 8700 8701 8250
f 8701 8702 8249
f 8702 9242 8999
f 8703 8248 8246
f 8705 8257 8258
f 8707 8247 8254
f 8709 8256 8257
f 8706 8258 8248
f 8253 8256 8709
f 8259 8260 8426
f 8434 8262 8263
f 9022 9000 8262
f 8261 8259 8427
f 8555 8258 8257
f 8260 8267 8424
f 8558 8248 8258
f 8431 8269 8271
f 8435 8263 8264
f 8436 8264 8265
f 8437 8265 8266
f 8554 8255 8254
f 8428 8266 8269
f 8429 8268 8270
f 8432 8270 9001
f 8607 8286 9002
f 8608 8285 8286
f 8609 8284 8285
f 8610 8283 8284
f 8611 8282 8283
f 8612 8281 8282
f 8613 8280 8281
f 8614 8277 8278
f 8615 8278 8279
f 8616 8279 8280
f 8575 8293 9004
f 8572 8289 8293
f 8571 8287 8292
f 8540 8289 8288
f 8300 8287 8571
f 8299 8300 8580
f 8298 8299 8579
f 8574 8292 8290
f 8544 8294 8291
f 8569 8295 8288
f 8541 8291 8290
f 8294 8296 8570
f 9005 8297 8577
f 8297 8298 8578
f 8296 8295 8569
f 8320 8310 8307
f 8319 8309 8310
f 8308 8309 8319
f 8317 8307 8306
f 8316 8306 8305
f 8315 8305 8304
f 8314 8304 8303
f 8313 8303 8302
f 8312 8302 8301
f 8301 9006 9007
f 8393 8371 8535
f 8382 8311 9007
f 8383 8312 8311
f 8384 8313 8312
f 8385 8314 8313
f 8386 8315 8314
f 8387 8316 8315
f 8388 8317 8316
f 8318 8319 8390
f 8390 8319 8320
f 8391 8320 8317
f 8425 8430 8327
f 8430 8433 8330
f 8424 8429 8326
f 8543 8329 9008
f 8540 8326 8329
f 8539 8325 8328
f 8548 8334 8325
f 8547 8333 8334
f 8546 8332 8333
f 8542 8328 8322
f 8323 8321 8549
f 8330 8324 8552
f 9055 9009 8331
f 8545 8331 8332
f 8324 8323 8551
f 8348 8347 8565
f 8341 8342 8560
f 9010 8341 8559
f 8340 8348 8566
f 8565 8347 8345
f 8338 8346 8564
f 8342 8343 8561
f 8343 8344 8562
f 8344 8335 8553
f 8556 8553 8335
f 8554 8336 8339
f 8557 8339 9011
f 8572 8336 8345
f 8573 8576 8340
f 8568 8573 8337
f 8310 8358 8355
f 8309 8357 8358
f 8356 8357 8309
f 8307 8355 8354
f 8306 8354 8353
f 8305 8353 8352
f 8304 8352 8351
f 8303 8351 8350
f 8302 8350 8349
f 8301 8349 9012
f 8490 8488 8636
f 8483 8487 8634
f 8493 8486 8647
f 8482 8480 8640
f 8481 8484 8643
f 9028 8489 8646
f 8480 8492 8642
f 8364 8362 8536
f 8360 8359 8524
f 8363 8361 8526
f 8367 8360 8525
f 8365 9013 9039
f 8370 8369 8533
f 8494 8503 8363
f 8361 8364 8528
f 9014 8367 8531
f 8359 8368 8532
f 8368 8366 8530
f 8369 8392 8538
f 8393 8366 8500
f 8283 8603 8604
f 8282 8602 8603
f 8281 8601 8602
f 8371 8370 8534
f 8489 8485 8638
f 8472 8477 8522
f 8464 8478 8520
f 8271 8391 8388
f 8269 8390 8391
f 8272 8388 8387
f 8261 8387 8386
f 8259 8386 8385
f 8260 8385 8384
f 8267 8384 8383
f 8268 8383 8382
f 8270 8382 9016
f 8358 8381 8378
f 8357 8380 8381
f 8379 8380 8357
f 8355 8378 8377
f 8354 8377 8376
f 8353 8376 8375
f 8352 8375 8374
f 8374 8373 8350
f 8373 8372 8349
f 8372 9015 9012
f 8362 8365 8529
f 8406 8399 8415
f 8405 8404 8420
f 8419 8403 8408
f 8418 8402 8400
f 8410 8394 8402
f 9020 9018 8401
f 8396 8398 8414
f 8404 8403 8419
f 8399 9017 9019
f 8417 8401 8395
f 8397 8396 8412
f 8411 8395 8394
f 8398 8406 8422
f 8407 8400 8444
f 8452 8441 8397
f 8407 8405 8421
f 8423 8421 8318
f 8414 8422 8274
f 8263 8411 8410
f 8262 8417 8411
f 8415 9019 9003
f 8308 8420 8419
f 8412 8414 8275
f 9000 9020 8417
f 8264 8410 8418
f 8265 8418 8416
f 8356 8419 8409
f 8421 8420 8308
f 8422 8415 8273
f 8423 8416 8400
f 8397 8413 8409
f 8267 8268 8429
f 8272 8261 8433
f 8272 8430 8425
f 8329 8432 9021
f 8326 8429 8432
f 8325 8428 8431
f 8334 8437 8428
f 8333 8436 8437
f 8332 8435 8436
f 8328 8431 8425
f 8426 8424 8321
f 8433 8427 8324
f 9009 9022 8434
f 8331 8434 8435
f 8427 8426 8323
f 8538 8527 8441
f 8451 8444 8530
f 8450 8443 8399
f 8449 8448 8404
f 8447 8452 8408
f 8402 8446 8444
f 8394 8438 8446
f 9018 9024 8445
f 8440 8442 8398
f 8448 8447 8403
f 8443 9023 9017
f 8401 8445 8439
f 8441 8440 8396
f 8395 8439 8438
f 8442 8450 8406
f 8451 8449 8405
f 8381 8462 8459
f 8380 8461 8462
f 8460 8461 8380
f 8378 8459 8458
f 8377 8458 8457
f 8376 8457 8456
f 8375 8456 8455
f 8374 8455 8454
f 8454 8453 8372
f 8453 9025 9015
f 8413 8460 8379
f 8478 8464 8495
f 8464 8465 8496
f 8484 8493 8639
f 8466 8477 8494
f 8473 8470 8501
f 8471 8473 8504
f 8475 8476 8507
f 8472 8474 8505
f 8468 8475 8506
f 8470 9027 9031
f 8467 8469 8500
f 8476 8467 8498
f 9026 8468 8499
f 8474 8471 8502
f 8465 8466 8497
f 8519 8518 8466
f 8659 8656 8516
f 8516 8517 8469
f 8515 8516 8467
f 8514 8513 8475
f 8987 8514 8468
f 8512 8985 9027
f 8513 8515 8476
f 8511 8510 8473
f 8518 8522 8477
f 8523 8509 8474
f 8521 8519 8465
f 8510 8512 8470
f 8637 8634 8487
f 8479 8491 8632
f 8492 8479 8641
f 8485 8490 8644
f 8491 9029 9155
f 8488 8483 8635
f 8656 8655 8517
f 8633 9157 8985
f 8660 8649 8513
f 8653 8651 8509
f 8649 8659 8515
f 8657 8652 8510
f 8652 8633 8512
f 8650 8661 8522
f 8648 8658 8519
f 8658 8650 8518
f 8523 8522 8661
f 8655 8654 8520
f 8496 8497 8369
f 8505 8502 8364
f 9030 8499 8367
f 8507 8498 8368
f 8498 8500 8366
f 8501 9031 9013
f 8499 8506 8360
f 8503 8505 8361
f 8506 8507 8359
f 8502 8504 8362
f 8504 8501 8365
f 8497 8494 8392
f 8495 8496 8370
f 8508 8495 8371
f 8508 8500 8469
f 8477 8472 8503
f 8280 8600 8601
f 8279 8599 8600
f 8278 8598 8599
f 8278 8277 8597
f 8509 8511 8471
f 8517 8520 8478
f 8651 8657 8511
f 8521 8520 8654
f 8704 8246 8247
f 8537 8530 8366
f 8392 8363 8527
f 8536 8529 8443
f 8535 8534 8448
f 8533 8538 8452
f 8532 8530 8444
f 8438 8524 8532
f 9024 9040 8531
f 8526 8528 8442
f 8534 8533 8447
f 8529 9039 9023
f 8445 8531 8525
f 8527 8526 8440
f 8439 8525 8524
f 8528 8536 8450
f 8537 8535 8449
f 8552 8551 8295
f 8545 8546 8298
f 9055 8545 8297
f 8294 8544 8552
f 8295 8551 8549
f 8292 8542 8550
f 8546 8547 8299
f 8547 8548 8300
f 8548 8539 8287
f 8287 8539 8542
f 8289 8540 8543
f 8293 8543 9061
f 8322 8327 8541
f 8327 8330 8544
f 8321 8326 8540
f 8256 8253 8553
f 8562 8553 8253
f 8561 8562 8252
f 8560 8561 8251
f 8556 8564 8257
f 8247 8565 8563
f 8248 8558 8566
f 9071 8559 8249
f 8559 8560 8250
f 8246 8566 8565
f 8336 8554 8563
f 8337 8340 8558
f 8346 8337 8555
f 8290 8291 8573
f 8291 8294 8576
f 8288 8289 8572
f 8570 8569 8347
f 8577 8578 8342
f 9092 8577 8341
f 8576 8570 8348
f 8347 8569 8567
f 8574 8568 8346
f 8578 8579 8343
f 8579 8580 8344
f 8580 8571 8335
f 8338 8335 8571
f 8336 8572 8575
f 8339 8575 9082
f 8694 8697 8592
f 8606 8626 9146
f 8597 8596 8631
f 8600 8622 8621
f 8596 8595 8630
f 8602 8620 8618
f 8599 8598 8624
f 8604 8619 8629
f 8595 8594 8628
f 8284 8604 8605
f 8285 8605 8606
f 8273 9003 9111
f 8286 8606 9125
f 8274 8273 8593
f 8275 8274 8594
f 8276 8275 8595
f 8277 8276 8596
f 8462 8616 8613
f 8461 8615 8616
f 8614 8615 8461
f 8459 8613 8612
f 8458 8612 8611
f 8457 8611 8610
f 8456 8610 8609
f 8455 8609 8608
f 8454 8608 8607
f 8607 9127 9025
f 8617 8614 8460
f 8617 8412 8276
f 9146 8626 8627
f 8627 8626 8629
f 8628 8629 8619
f 8631 8630 8619
f 8631 8618 8620
f 8624 8625 8620
f 8622 8623 8624
f 8601 8621 8620
f 8598 8597 8625
f 8593 9111 9149
f 8603 8618 8619
f 8594 8593 8627
f 8599 8623 8622
f 8605 8629 8626
f 8646 8638 8649
f 8638 8644 8659
f 8642 8641 8652
f 8635 8634 8654
f 8644 8636 8656
f 8640 8642 8657
f 9170 8646 8660
f 8637 8643 8658
f 8645 8640 8651
f 8636 8635 8655
f 8643 8639 8650
f 8639 8647 8661
f 8653 8661 8647
f 8648 8654 8634
f 8641 8632 8633
f 9185 8660 8514
f 9188 9189 8633
f 8587 8669 8664
f 8581 8588 8670
f 8695 8668 8674
f 8583 8664 8663
f 8584 8591 8673
f 8582 8663 8672
f 8581 8662 8669
f 8588 8584 8665
f 8590 8672 8671
f 8693 8674 8666
f 8589 8671 9202
f 8710 8666 8667
f 9205 9221 8689
f 8666 8680 8681
f 8664 8669 8683
f 8668 8682 8688
f 8663 8664 8678
f 8668 8675 8689
f 8663 8677 8686
f 8672 8686 8685
f 8671 8685 9218
f 8667 8681 8687
f 8665 8679 8684
f 8674 8688 8680
f 8662 8670 8684
f 8673 8687 8679
f 8669 8662 8676
f 8687 9226 9225
f 8679 9225 9224
f 8684 9224 9222
f 9222 9223 8683
f 8645 8647 8486
f 8242 8243 8691
f 8244 8245 8694
f 8714 8242 8692
f 8694 8245 8693
f 9227 8692 8557
f 8243 8244 8690
f 9235 9205 8675
f 8696 8675 8668
f 8557 8692 8554
f 8692 8691 8554
f 8586 8704 8707
f 8699 8709 8581
f 8584 8706 8703
f 8581 8709 8705
f 8585 8707 8708
f 8588 8705 8706
f 8591 8703 8704
f 8589 9108 9242
f 8590 8589 8702
f 8582 8590 8701
f 8583 8582 8700
f 8698 8699 8587
f 8255 8694 8708
f 8585 8710 8711
f 8592 8693 8710
f 8673 8591 8711
f 9235 8696 8713
f 8696 8695 8712
f 9254 8713 8242
f 8713 8712 8243
f 8712 8245 8244
f 8718 9231 9233
f 9238 8726 8725
f 9237 8725 8724
f 9239 8724 8723
f 9240 8723 8722
f 9241 8722 8999
f 8719 8721 9243
f 9245 9246 8731
f 8727 8720 9247
f 9249 9245 8730
f 8721 8731 9246
f 9249 8729 8726
f 8899 8733 8732
f 8907 8908 8736
f 9022 8907 8735
f 8900 8732 8734
f 8730 8731 9067
f 8897 8740 8733
f 8731 8721 9070
f 8904 8898 8744
f 8908 8909 8737
f 8909 8910 8738
f 8910 8901 8739
f 8727 8728 9066
f 8742 8739 8901
f 8743 8741 8902
f 8905 9021 9001
f 9126 9127 9002
f 9128 9126 8759
f 9129 9128 8758
f 9130 9129 8757
f 9131 9130 8756
f 9132 9131 8755
f 9133 9132 8754
f 9134 9135 8751
f 9135 9136 8752
f 9136 9133 8753
f 9090 9082 9004
f 8766 8762 9087
f 8765 8760 9086
f 8761 8762 9050
f 9086 8760 8773
f 9096 8773 8772
f 9095 8772 8771
f 9089 9083 8763
f 8764 8767 9054
f 9084 9081 8761
f 8763 8764 9051
f 9085 8769 8767
f 9093 8770 9005
f 9094 8771 8770
f 9084 8768 8769
f 8793 8790 8780
f 8792 8793 8783
f 8792 8782 8781
f 8790 8789 8779
f 8789 8788 8778
f 8788 8787 8777
f 8787 8786 8776
f 8786 8785 8775
f 8785 8784 8774
f 9007 9006 8774
f 9045 8844 8866
f 8855 9016 9007
f 8856 8855 8784
f 8857 8856 8785
f 8858 8857 8786
f 8859 8858 8787
f 8860 8859 8788
f 8861 8860 8789
f 8863 8792 8791
f 8863 8864 8793
f 8864 8861 8790
f 8898 8795 8800
f 8903 8800 8803
f 8897 8794 8799
f 9053 9061 9008
f 8802 8799 9050
f 8801 8798 9049
f 9059 9049 8798
f 9058 9059 8807
f 9057 9058 8806
f 9052 9062 8795
f 9060 8794 8796
f 9064 8797 8803
f 9055 9056 8804
f 9056 9057 8805
f 9063 8796 8797
f 9079 8820 8821
f 9073 8815 8814
f 9072 8814 9010
f 9080 8821 8813
f 9079 9076 8818
f 9078 8819 8811
f 9074 8816 8815
f 9075 8817 8816
f 9065 8808 8817
f 9068 8811 8808
f 8812 8809 9066
f 9069 9077 9011
f 8818 8809 9087
f 9088 8810 8813
f 9083 8819 8810
f 8783 8780 8828
f 8782 8783 8831
f 8782 8830 8829
f 8780 8779 8827
f 8779 8778 8826
f 8778 8777 8825
f 8777 8776 8824
f 8776 8775 8823
f 8775 8774 8822
f 8774 9006 9012
f 9160 8961 8963
f 8956 9159 9158
f 9172 8959 8966
f 8955 9169 9164
f 8954 9161 9167
f 9028 9170 9171
f 9166 8965 8953
f 9046 8835 8837
f 9032 8832 8833
f 9034 8834 8836
f 9033 8833 8840
f 9039 9013 8838
f 9043 8842 8843
f 8967 8865 8836
f 9036 8837 8834
f 9041 8840 9014
f 9042 8841 8832
f 9038 8839 8841
f 9048 8865 8842
f 8973 8839 8866
f 9122 9121 8756
f 9121 9120 8755
f 9120 9119 8754
f 9044 8843 8844
f 8962 9171 9162
f 8997 8950 8945
f 8995 8951 8937
f 8744 8745 8861
f 8742 8744 8864
f 8745 8734 8860
f 8734 8732 8859
f 8732 8733 8858
f 8733 8740 8857
f 8740 8741 8856
f 8741 8743 8855
f 8743 9001 9016
f 8831 8828 8851
f 8830 8831 8854
f 8830 8853 8852
f 8828 8827 8850
f 8827 8826 8849
f 8826 8825 8848
f 8825 8824 8847
f 8823 8846 8847
f 8822 8845 8846
f 9012 9015 8845
f 9037 8838 8835
f 8888 8872 8879
f 8893 8877 8878
f 8892 8882 8881
f 8891 8889 8873
f 8883 8891 8875
f 9020 8890 8874
f 8887 8871 8869
f 8892 8876 8877
f 9019 9017 8872
f 8890 8884 8868
f 8885 8869 8870
f 8884 8883 8867
f 8895 8879 8871
f 8917 8873 8880
f 8925 8881 8870
f 8894 8878 8880
f 8791 8894 8896
f 8747 8895 8887
f 8736 8737 8883
f 8735 8736 8884
f 9003 9019 8888
f 8781 8829 8892
f 8748 8887 8885
f 9000 8735 8890
f 8737 8738 8891
f 8738 8739 8889
f 8829 8852 8882
f 8781 8893 8894
f 8746 8888 8895
f 8873 8889 8896
f 8882 8886 8870
f 8740 8897 8902
f 8745 8903 8906
f 8898 8903 8745
f 8802 9008 9021
f 8905 8902 8799
f 8904 8901 8798
f 8807 8798 8901
f 8806 8807 8910
f 8805 8806 8909
f 8801 8795 8898
f 8794 8897 8899
f 8797 8900 8906
f 9009 8804 8907
f 8804 8805 8908
f 8796 8899 8900
f 9048 8925 8914
f 9038 8917 8924
f 8872 8916 8923
f 8877 8921 8922
f 8881 8925 8920
f 8875 8873 8917
f 8867 8875 8919
f 9018 8874 8918
f 8871 8915 8913
f 8876 8920 8921
f 9017 9023 8916
f 8874 8868 8912
f 8869 8913 8914
f 8868 8867 8911
f 8879 8923 8915
f 8878 8922 8924
f 8854 8851 8932
f 8853 8854 8935
f 8853 8934 8933
f 8851 8850 8931
f 8850 8849 8930
f 8849 8848 8929
f 8848 8847 8928
f 8847 8846 8927
f 8845 8926 8927
f 9015 9025 8926
f 8852 8933 8886
f 8968 8937 8951
f 8969 8938 8937
f 8957 9167 9163
f 8967 8950 8939
f 8974 8943 8946
f 8977 8946 8944
f 8980 8949 8948
f 8978 8947 8945
f 8979 8948 8941
f 9031 9027 8943
f 8973 8942 8940
f 8971 8940 8949
f 8972 8941 9026
f 8975 8944 8947
f 8970 8939 8938
f 8939 8993 8994
f 8991 9181 9184
f 8942 8992 8991
f 8940 8991 8990
f 8948 8988 8989
f 8941 8989 8987
f 9027 8985 8986
f 8949 8990 8988
f 8946 8983 8984
f 8950 8997 8993
f 8947 8982 8998
f 8938 8994 8996
f 8943 8986 8983
f 8960 9158 9161
f 8952 9165 9154
f 9165 8952 8965
f 9168 8963 8958
f 8964 9154 9155
f 8961 9160 9159
f 8992 9180 9181
f 8985 9157 9156
f 8988 9174 9186
f 8982 9176 9178
f 9174 8988 8990
f 8983 9177 9182
f 9177 8983 8986
f 9175 8993 8997
f 9173 8996 8994
f 8993 9175 9183
f 9187 8997 8998
f 8995 9179 9180
f 8842 8970 8969
f 8837 8975 8978
f 8840 8972 9030
f 8841 8971 8980
f 8839 8973 8971
f 9013 9031 8974
f 8833 8979 8972
f 8834 8978 8976
f 8832 8980 8979
f 8835 8977 8975
f 8838 8974 8977
f 8865 8967 8970
f 8843 8969 8968
f 8844 8968 8981
f 8942 8973 8981
f 8950 8967 8976
f 9119 9118 8753
f 9118 9117 8752
f 9117 9116 8751
f 8751 9116 9115
f 8944 8984 8982
f 8951 8995 8992
f 9176 8982 8984
f 9179 8995 8996
f 8720 8719 9244
f 8839 9038 9047
f 8865 9048 9035
f 8916 9037 9046
f 8921 9044 9045
f 8925 9048 9043
f 8917 9038 9042
f 8911 8919 9042
f 9024 8918 9041
f 8915 9036 9034
f 8920 9043 9044
f 9023 9039 9037
f 8918 8912 9033
f 8913 9034 9035
f 8912 8911 9032
f 8923 9046 9036
f 8922 9045 9047
f 8768 9063 9064
f 8771 9057 9056
f 8770 9056 9055
f 8767 8769 9064
f 8768 8761 9060
f 8765 8763 9062
f 8772 9058 9057
f 8773 9059 9058
f 8760 9049 9059
f 9052 9049 8760
f 9053 9050 8762
f 8766 9004 9061
f 8795 9062 9051
f 8800 9051 9054
f 8794 9060 9050
f 8729 9068 9065
f 8726 9065 9075
f 8725 9075 9074
f 8724 9074 9073
f 8730 9078 9068
f 8720 8727 9076
f 8721 8719 9080
f 8722 9072 9071
f 8723 9073 9072
f 8719 8720 9079
f 9076 9066 8809
f 8810 9067 9070
f 8819 9078 9067
f 8763 9083 9088
f 8764 9088 9091
f 8761 9081 9087
f 8820 9084 9085
f 8815 9094 9093
f 8814 9093 9092
f 8821 9085 9091
f 8820 8818 9081
f 8819 9083 9089
f 8816 9095 9094
f 8817 9096 9095
f 8808 9086 9096
f 8811 9089 9086
f 9090 9087 8809
f 8812 9011 9082
f 9109 9236 9232
f 9146 9147 9124
f 9115 9145 9153
f 9141 9142 9118
f 9114 9153 9152
f 9138 9140 9120
f 9117 9143 9144
f 9151 9139 9122
f 9113 9152 9150
f 9123 9122 8757
f 9124 9123 8758
f 8746 9110 9111
f 9125 9124 8759
f 8747 9112 9110
f 8748 9113 9112
f 8749 9114 9113
f 8750 9115 9114
f 8935 8932 9133
f 8934 8935 9136
f 8934 9135 9134
f 8932 8931 9132
f 8931 8930 9131
f 8930 8929 9130
f 8929 8928 9129
f 8928 8927 9128
f 8927 8926 9126
f 9025 9127 9126
f 8933 9134 9137
f 8749 8885 9137
f 9146 9149 9148
f 9151 9147 9148
f 9139 9151 9150
f 9153 9138 9139
f 9140 9138 9153
f 9144 9141 9140
f 9144 9143 9142
f 9140 9141 9119
f 9116 9144 9145
f 9110 9148 9149
f 9139 9138 9121
f 9112 9150 9148
f 9142 9143 9117
f 9147 9151 9123
f 9174 9162 9171
f 9184 9168 9162
f 9177 9165 9166
f 9179 9158 9159
f 9181 9160 9168
f 9182 9166 9164
f 9186 9171 9170
f 9183 9167 9161
f 9176 9164 9169
f 9180 9159 9160
f 9175 9163 9167
f 9187 9172 9163
f 9172 9187 9178
f 9158 9179 9173
f 9156 9154 9165
f 8989 9186 9185
f 9156 9189 9188
f 9192 9197 9103
f 9097 9190 9198
f 9203 9196 9233
f 9191 9192 9099
f 9100 9193 9201
f 9200 9191 9098
f 9197 9190 9097
f 9104 9198 9193
f 9199 9200 9106
f 9194 9203 9231
f 9202 9199 9105
f 9195 9194 9250
f 9220 9221 9205
f 9211 9210 9194
f 9192 9208 9213
f 9219 9212 9196
f 9207 9208 9192
f 9196 9212 9220
f 9216 9207 9191
f 9215 9216 9200
f 9218 9215 9199
f 9217 9211 9195
f 9214 9209 9193
f 9210 9219 9203
f 9190 9206 9214
f 9209 9217 9201
f 9197 9213 9206
f 9217 9209 9225
f 9224 9225 9209
f 9214 9206 9222
f 9213 9223 9222
f 8959 9172 9169
f 9229 8716 8715
f 9232 8718 8717
f 9230 8715 8714
f 9232 9236 9231
f 9227 9077 9069
f 9228 8717 8716
f 9204 9205 9235
f 9196 9204 9234
f 9229 9230 9066
f 9230 9069 9066
f 9247 9244 9102
f 9097 9249 9238
f 9243 9246 9100
f 9097 9104 9245
f 9248 9247 9101
f 9104 9100 9246
f 9244 9243 9107
f 9105 9241 9242
f 9106 9240 9241
f 9098 9239 9240
f 9099 9237 9239
f 9103 9238 9237
f 9248 9232 8728
f 9251 9250 9101
f 9250 9231 9109
f 9201 9195 9251
f 9253 9234 9235
f 9252 9233 9234
f 8715 9253 9254
f 8716 9252 9253
f 8717 8718 9252
f 9431 9258 9259
f 9429 9255 9256
f 9438 9431 9259
f 9429 9257 9441
f 9441 9258 9430
f 9258 9264 9259
f 9255 9261 9256
f 9438 9259 9264
f 9256 9262 9257
f 9258 9262 9263
f 9263 9267 9268
f 9264 9268 9269
f 9260 9266 9261
f 9438 9264 9269
f 9262 9266 9267
f 9267 9271 9268
f 9268 9272 9269
f 9266 9265 9332
f 9438 9269 9272
f 9326 9267 9332
f 9438 9272 9275
f 9270 9326 9273
f 9270 9274 9271
f 9271 9275 9272
f 9438 9275 9278
f 9274 9276 9277
f 9274 9278 9275
f 9277 9283 9278
f 9438 9278 9283
f 9325 9280 9281
f 9276 9282 9277
f 9283 9287 9288
f 9280 9284 9285
f 9438 9283 9288
f 9280 9286 9281
f 9282 9286 9287
f 9286 9292 9287
f 9288 9292 9293
f 9285 9289 9290
f 9438 9288 9293
f 9286 9290 9291
f 9291 9433 9434
f 9292 9434 9435
f 9292 9436 9293
f 9290 9432 9433
f 9438 9293 9436
f 9321 9300 9333
f 9323 9296 9295
f 9324 9295 9294
f 9322 9437 9302
f 9324 9439 9449
f 9321 9302 9301
f 9295 9305 9304
f 9294 9443 9439
f 9297 9305 9296
f 9295 9303 9294
f 9299 9307 9298
f 9301 9311 9310
f 9301 9309 9300
f 9302 9442 9311
f 9297 9307 9306
f 9299 9309 9308
f 9306 9314 9305
f 9306 9316 9315
f 9308 9316 9307
f 9308 9318 9317
f 9310 9318 9309
f 9303 9445 9443
f 9304 9312 9303
f 9442 9320 9311
f 9312 9316 9320
f 9305 9313 9304
f 9310 9320 9319
f 9359 9321 9333
f 9358 9446 9322
f 9358 9321 9357
f 9360 9323 9324
f 9488 9324 9449
f 9362 9323 9361
f 9328 9298 9329
f 9355 9333 9328
f 9329 9297 9330
f 9327 9276 9273
f 9325 9279 9280
f 9352 9273 9351
f 9349 9273 9326
f 9347 9327 9352
f 9356 9329 9330
f 9331 9297 9296
f 9350 9326 9332
f 9333 9299 9328
f 9353 9325 9347
f 9279 9353 9343
f 9354 9332 9265
f 9334 9337 9355
f 9355 9338 9333
f 9355 9329 9334
f 9334 9336 9335
f 9331 9356 9330
f 9356 9339 9336
f 9333 9341 9340
f 9255 9357 9260
f 9255 9484 9358
f 9260 9359 9265
f 9284 9362 9361
f 9289 9488 9432
f 9284 9360 9289
f 9359 9345 9346
f 9331 9348 9342
f 9431 9366 9430
f 9429 9363 9440
f 9438 9367 9431
f 9365 9429 9441
f 9366 9441 9430
f 9372 9366 9367
f 9369 9363 9364
f 9438 9372 9367
f 9370 9364 9365
f 9366 9370 9365
f 9371 9375 9370
f 9377 9371 9372
f 9374 9368 9369
f 9438 9377 9372
f 9370 9374 9369
f 9379 9375 9376
f 9380 9376 9377
f 9374 9459 9373
f 9438 9380 9377
f 9459 9375 9453
f 9438 9383 9380
f 9378 9381 9453
f 9382 9378 9379
f 9383 9379 9380
f 9438 9386 9383
f 9382 9384 9381
f 9386 9382 9383
f 9391 9385 9386
f 9438 9391 9386
f 9389 9452 9454
f 9385 9389 9384
f 9391 9395 9390
f 9388 9392 9387
f 9438 9396 9391
f 9394 9388 9389
f 9390 9394 9389
f 9400 9394 9395
f 9396 9400 9395
f 9393 9397 9392
f 9438 9401 9396
f 9394 9398 9393
f 9399 9433 9398
f 9400 9434 9399
f 9436 9400 9401
f 9398 9432 9397
f 9438 9436 9401
f 9408 9447 9460
f 9450 9404 9458
f 9451 9403 9450
f 9448 9437 9446
f 9439 9451 9449
f 9447 9410 9448
f 9403 9413 9404
f 9443 9402 9439
f 9413 9405 9404
f 9411 9403 9402
f 9415 9407 9406
f 9409 9419 9410
f 9417 9409 9408
f 9410 9442 9437
f 9405 9415 9406
f 9407 9417 9408
f 9422 9414 9413
f 9414 9424 9415
f 9415 9425 9416
f 9416 9426 9417
f 9426 9418 9417
f 9445 9411 9443
f 9420 9412 9411
f 9428 9442 9419
f 9444 9425 9421
f 9421 9413 9412
f 9418 9428 9419
f 9487 9447 9485
f 9486 9446 9484
f 9447 9486 9485
f 9489 9450 9490
f 9488 9451 9489
f 9450 9491 9490
f 9406 9455 9456
f 9482 9455 9460
f 9405 9456 9457
f 9454 9381 9384
f 9452 9388 9387
f 9479 9381 9454
f 9381 9476 9453
f 9474 9454 9452
f 9483 9456 9461
f 9404 9457 9458
f 9453 9477 9459
f 9407 9460 9455
f 9480 9452 9387
f 9470 9480 9387
f 9459 9481 9373
f 9464 9461 9482
f 9465 9482 9460
f 9456 9482 9461
f 9461 9463 9483
f 9458 9457 9483
f 9483 9466 9458
f 9467 9468 9460
f 9485 9363 9368
f 9363 9484 9440
f 9487 9368 9373
f 9392 9491 9387
f 9488 9397 9432
f 9489 9392 9397
f 9473 9472 9487
f 9458 9475 9491
f 9462 9337 9335
f 9464 9338 9337
f 9465 9341 9338
f 9468 9340 9341
f 9467 9345 9340
f 9472 9346 9345
f 9473 9354 9346
f 9481 9350 9354
f 9477 9349 9350
f 9349 9478 9351
f 9478 9352 9351
f 9479 9347 9352
f 9474 9353 9347
f 9480 9343 9353
f 9470 9344 9343
f 9344 9475 9348
f 9348 9469 9342
f 9469 9339 9342
f 9466 9336 9339
f 9463 9335 9336
f 9431 9430 9258
f 9429 9440 9255
f 9429 9256 9257
f 9441 9257 9258
f 9258 9263 9264
f 9255 9260 9261
f 9256 9261 9262
f 9258 9257 9262
f 9263 9262 9267
f 9264 9263 9268
f 9260 9265 9266
f 9262 9261 9266
f 9267 9270 9271
f 9268 9271 9272
f 9270 9267 9326
f 9267 9266 9332
f 9270 9273 9274
f 9271 9274 9275
f 9274 9273 9276
f 9274 9277 9278
f 9277 9282 9283
f 9281 9276 9327
f 9327 9325 9281
f 9276 9281 9282
f 9283 9282 9287
f 9280 9279 9284
f 9280 9285 9286
f 9282 9281 9286
f 9286 9291 9292
f 9288 9287 9292
f 9285 9284 9289
f 9286 9285 9290
f 9291 9290 9433
f 9292 9291 9434
f 9292 9435 9436
f 9290 9289 9432
f 9321 9301 9300
f 9323 9331 9296
f 9324 9323 9295
f 9322 9446 9437
f 9324 9294 9439
f 9321 9322 9302
f 9295 9296 9305
f 9294 9303 9443
f 9297 9306 9305
f 9295 9304 9303
f 9299 9308 9307
f 9301 9302 9311
f 9301 9310 9309
f 9302 9437 9442
f 9297 9298 9307
f 9299 9300 9309
f 9306 9315 9314
f 9306 9307 9316
f 9308 9317 9316
f 9308 9309 9318
f 9310 9319 9318
f 9303 9312 9445
f 9304 9313 9312
f 9442 9444 9320
f 9444 9445 9320
f 9445 9312 9320
f 9312 9313 9314
f 9314 9315 9312
f 9315 9316 9312
f 9316 9317 9320
f 9317 9318 9320
f 9318 9319 9320
f 9305 9314 9313
f 9310 9311 9320
f 9359 9357 9321
f 9358 9484 9446
f 9358 9322 9321
f 9360 9361 9323
f 9488 9360 9324
f 9362 9331 9323
f 9328 9299 9298
f 9329 9298 9297
f 9352 9327 9273
f 9349 9351 9273
f 9347 9325 9327
f 9356 9334 9329
f 9331 9330 9297
f 9350 9349 9326
f 9333 9300 9299
f 9353 9279 9325
f 9344 9362 9343
f 9362 9279 9343
f 9354 9350 9332
f 9334 9335 9337
f 9355 9337 9338
f 9355 9328 9329
f 9334 9356 9336
f 9356 9331 9339
f 9345 9359 9340
f 9359 9333 9340
f 9333 9338 9341
f 9255 9358 9357
f 9255 9440 9484
f 9260 9357 9359
f 9284 9279 9362
f 9289 9360 9488
f 9284 9361 9360
f 9354 9265 9346
f 9265 9359 9346
f 9331 9362 9348
f 9362 9344 9348
f 9342 9339 9331
f 9431 9367 9366
f 9429 9364 9363
f 9365 9364 9429
f 9366 9365 9441
f 9372 9371 9366
f 9369 9368 9363
f 9370 9369 9364
f 9366 9371 9370
f 9371 9376 9375
f 9377 9376 9371
f 9374 9373 9368
f 9370 9375 9374
f 9379 9378 9375
f 9380 9379 9376
f 9374 9375 9459
f 9375 9378 9453
f 9382 9381 9378
f 9383 9382 9379
f 9382 9385 9384
f 9386 9385 9382
f 9391 9390 9385
f 9454 9384 9389
f 9389 9388 9452
f 9385 9390 9389
f 9391 9396 9395
f 9388 9393 9392
f 9394 9393 9388
f 9390 9395 9394
f 9400 9399 9394
f 9396 9401 9400
f 9393 9398 9397
f 9394 9399 9398
f 9399 9434 9433
f 9400 9435 9434
f 9436 9435 9400
f 9398 9433 9432
f 9408 9409 9447
f 9450 9403 9404
f 9451 9402 9403
f 9448 9410 9437
f 9439 9402 9451
f 9447 9409 9410
f 9403 9412 9413
f 9443 9411 9402
f 9413 9414 9405
f 9411 9412 9403
f 9415 9416 9407
f 9409 9418 9419
f 9417 9418 9409
f 9410 9419 9442
f 9405 9414 9415
f 9407 9416 9417
f 9422 9423 9414
f 9414 9423 9424
f 9415 9424 9425
f 9416 9425 9426
f 9426 9427 9418
f 9445 9420 9411
f 9420 9421 9412
f 9428 9444 9442
f 9420 9445 9444
f 9444 9428 9425
f 9428 9427 9425
f 9427 9426 9425
f 9425 9424 9421
f 9424 9423 9421
f 9423 9422 9421
f 9421 9420 9444
f 9421 9422 9413
f 9418 9427 9428
f 9487 9460 9447
f 9486 9448 9446
f 9447 9448 9486
f 9489 9451 9450
f 9488 9449 9451
f 9450 9458 9491
f 9406 9407 9455
f 9405 9406 9456
f 9479 9478 9381
f 9381 9478 9476
f 9474 9479 9454
f 9483 9457 9456
f 9404 9405 9457
f 9453 9476 9477
f 9407 9408 9460
f 9480 9474 9452
f 9387 9491 9470
f 9491 9471 9470
f 9459 9477 9481
f 9464 9462 9461
f 9465 9464 9482
f 9456 9455 9482
f 9461 9462 9463
f 9483 9463 9466
f 9460 9487 9467
f 9487 9472 9467
f 9468 9465 9460
f 9485 9486 9363
f 9363 9486 9484
f 9487 9485 9368
f 9392 9490 9491
f 9488 9489 9397
f 9489 9490 9392
f 9487 9373 9473
f 9373 9481 9473
f 9458 9466 9469
f 9475 9471 9491
f 9458 9469 9475
f 9462 9464 9337
f 9464 9465 9338
f 9465 9468 9341
f 9468 9467 9340
f 9467 9472 9345
f 9472 9473 9346
f 9473 9481 9354
f 9481 9477 9350
f 9477 9476 9349
f 9349 9476 9478
f 9478 9479 9352
f 9479 9474 9347
f 9474 9480 9353
f 9480 9470 9343
f 9470 9471 9344
f 9344 9471 9475
f 9348 9475 9469
f 9469 9466 9339
f 9466 9463 9336
f 9463 9462 9335
f 9501 9502 9498
f 9548 9549 9551
f 9525 9513 9524
f 9527 9521 9526
f 9524 9514 9528
f 9526 9522 9529
f 9514 9530 9528
f 9522 9531 9529
f 9515 9532 9530
f 9508 9533 9534
f 9531 9508 9534
f 9532 9517 9535
f 9533 9510 9536
f 9535 9518 9537
f 9510 9538 9536
f 9518 9539 9537
f 9511 9525 9538
f 9519 9527 9539
f 9527 9495 9538
f 9527 9525 9539
f 9502 9539 9503
f 9536 9495 9494
f 9535 9502 9501
f 9533 9494 9493
f 9500 9535 9501
f 9507 9534 9492
f 9534 9493 9492
f 9499 9532 9500
f 9506 9531 9507
f 9498 9530 9499
f 9505 9529 9506
f 9524 9498 9497
f 9504 9526 9505
f 9525 9497 9496
f 9506 9507 9494
f 9539 9496 9503
f 9573 9561 9572
f 9568 9574 9575
f 9572 9562 9576
f 9569 9577 9574
f 9576 9563 9578
f 9570 9579 9577
f 9578 9564 9580
f 9582 9557 9581
f 9571 9582 9579
f 9564 9583 9580
f 9581 9558 9584
f 9565 9585 9583
f 9584 9559 9586
f 9566 9587 9585
f 9586 9560 9573
f 9567 9575 9587
f 9575 9543 9586
f 9586 9587 9575
f 9585 9551 9550
f 9542 9586 9543
f 9583 9550 9549
f 9541 9584 9542
f 9580 9549 9548
f 9579 9540 9555
f 9582 9541 9540
f 9578 9548 9547
f 9577 9555 9554
f 9546 9578 9547
f 9574 9554 9553
f 9545 9576 9546
f 9575 9553 9552
f 9544 9572 9545
f 9555 9540 9552
f 9587 9544 9551
f 9502 9503 9497
f 9503 9496 9497
f 9497 9498 9502
f 9498 9499 9501
f 9499 9500 9501
f 9550 9551 9549
f 9551 9544 9548
f 9544 9545 9546
f 9546 9547 9544
f 9547 9548 9544
f 9525 9512 9513
f 9527 9520 9521
f 9524 9513 9514
f 9526 9521 9522
f 9514 9515 9530
f 9522 9523 9531
f 9515 9516 9532
f 9508 9509 9533
f 9531 9523 9508
f 9532 9516 9517
f 9533 9509 9510
f 9535 9517 9518
f 9510 9511 9538
f 9518 9519 9539
f 9511 9512 9525
f 9519 9520 9527
f 9527 9504 9495
f 9527 9538 9525
f 9502 9537 9539
f 9536 9538 9495
f 9535 9537 9502
f 9533 9536 9494
f 9500 9532 9535
f 9507 9531 9534
f 9534 9533 9493
f 9499 9530 9532
f 9506 9529 9531
f 9498 9528 9530
f 9505 9526 9529
f 9524 9528 9498
f 9504 9527 9526
f 9525 9524 9497
f 9492 9493 9507
f 9493 9494 9507
f 9494 9495 9505
f 9495 9504 9505
f 9505 9506 9494
f 9539 9525 9496
f 9573 9560 9561
f 9568 9569 9574
f 9572 9561 9562
f 9569 9570 9577
f 9576 9562 9563
f 9570 9571 9579
f 9578 9563 9564
f 9582 9556 9557
f 9571 9556 9582
f 9564 9565 9583
f 9581 9557 9558
f 9565 9566 9585
f 9584 9558 9559
f 9566 9567 9587
f 9586 9559 9560
f 9567 9568 9575
f 9575 9552 9543
f 9586 9573 9587
f 9585 9587 9551
f 9542 9584 9586
f 9583 9585 9550
f 9541 9581 9584
f 9580 9583 9549
f 9579 9582 9540
f 9582 9581 9541
f 9578 9580 9548
f 9577 9579 9555
f 9546 9576 9578
f 9574 9577 9554
f 9545 9572 9576
f 9575 9574 9553
f 9544 9573 9572
f 9540 9541 9543
f 9541 9542 9543
f 9543 9552 9540
f 9552 9553 9554
f 9554 9555 9552
f 9587 9573 9544
f 9591 9590 9598
f 9599 9735 9598
f 9588 9731 9732
f 9596 9740 9595
f 9592 9741 9739
f 9588 9730 9599
f 9589 9734 9731
f 9597 9738 9596
f 9593 9742 9741
f 9590 9736 9734
f 9598 9737 9597
f 9595 9742 9594
f 9591 9739 9736
f 9603 9602 9610
f 9611 9724 9610
f 9600 9720 9721
f 9608 9729 9607
f 9604 9728 9726
f 9600 9719 9611
f 9601 9722 9720
f 9609 9727 9608
f 9605 9733 9728
f 9602 9725 9722
f 9610 9723 9609
f 9607 9733 9606
f 9603 9726 9725
f 9758 9661 9660
f 9759 9659 9744
f 9745 9648 9760
f 9761 9675 9656
f 9762 9645 9644
f 9763 9656 9672
f 9748 9673 9764
f 9650 9749 9765
f 9766 9644 9662
f 9750 9671 9767
f 9751 9665 9759
f 9768 9652 9750
f 9767 9657 9769
f 9752 9664 9768
f 9770 9658 9663
f 9654 9754 9771
f 9764 9674 9752
f 9772 9655 9670
f 9756 9666 9748
f 9763 9651 9756
f 9773 9647 9757
f 9746 9653 9675
f 9755 9660 9655
f 9747 9646 9645
f 9753 9657 9658
f 9760 9661 9743
f 9744 9669 9774
f 9751 9662 9649
f 9663 9765 9770
f 9771 9670 9654
f 9774 9667 9773
f 9757 9668 9745
f 9630 9634 9612
f 9621 9635 9622
f 9613 9642 9614
f 9638 9636 9623
f 9614 9632 9618
f 9618 9620 9631
f 9616 9629 9628
f 9612 9641 9613
f 9640 9633 9624
f 9633 9643 9624
f 9643 9637 9621
f 9622 9615 9638
f 9628 9636 9616
f 9639 9631 9620
f 9639 9625 9626
f 9676 9665 9649
f 9653 9720 9722
f 9678 9667 9669
f 9647 9679 9680
f 9668 9680 9681
f 9681 9660 9661
f 9676 9662 9682
f 9682 9666 9651
f 9684 9650 9685
f 9685 9663 9686
f 9686 9658 9657
f 9671 9686 9657
f 9685 9652 9664
f 9684 9664 9674
f 9646 9740 9738
f 9666 9731 9734
f 9644 9682 9662
f 9651 9676 9682
f 9648 9681 9661
f 9655 9680 9670
f 9670 9679 9654
f 9654 9678 9653
f 9719 9721 9678
f 9728 9677 9726
f 9656 9676 9672
f 9716 9636 9615
f 9635 9718 9717
f 9638 9712 9622
f 9631 9701 9618
f 9617 9702 9705
f 9637 9689 9718
f 9629 9692 9687
f 9625 9709 9626
f 9613 9700 9695
f 9628 9713 9623
f 9621 9693 9643
f 9717 9615 9635
f 9640 9715 9619
f 9619 9698 9634
f 9623 9714 9638
f 9641 9708 9642
f 9622 9711 9621
f 9626 9710 9631
f 9632 9708 9706
f 9625 9704 9707
f 9706 9620 9632
f 9633 9705 9690
f 9639 9703 9704
f 9630 9696 9702
f 9618 9700 9614
f 9634 9699 9641
f 9624 9697 9640
f 9612 9695 9696
f 9643 9694 9624
f 9616 9691 9692
f 9690 9627 9633
f 9629 9688 9628
f 9665 9677 9727
f 9684 9674 9741
f 9683 9644 9730
f 9630 9640 9619
f 9716 9745 9691
f 9718 9773 9717
f 9712 9772 9771
f 9770 9701 9710
f 9705 9766 9751
f 9689 9774 9718
f 9692 9743 9687
f 9709 9769 9753
f 9695 9749 9747
f 9713 9758 9755
f 9693 9754 9746
f 9717 9757 9716
f 9697 9756 9715
f 9715 9748 9698
f 9714 9755 9772
f 9699 9752 9708
f 9771 9711 9712
f 9710 9753 9770
f 9708 9768 9706
f 9704 9769 9707
f 9706 9750 9703
f 9690 9751 9759
f 9703 9767 9704
f 9702 9762 9766
f 9765 9700 9701
f 9698 9764 9699
f 9694 9763 9697
f 9696 9747 9762
f 9693 9761 9694
f 9691 9760 9692
f 9759 9689 9690
f 9688 9743 9758
f 9590 9589 9598
f 9589 9588 9599
f 9598 9589 9599
f 9598 9597 9591
f 9597 9596 9592
f 9596 9595 9592
f 9595 9594 9593
f 9592 9595 9593
f 9592 9591 9597
f 9599 9730 9735
f 9588 9589 9731
f 9596 9738 9740
f 9592 9593 9741
f 9588 9732 9730
f 9589 9590 9734
f 9597 9737 9738
f 9593 9594 9742
f 9590 9591 9736
f 9598 9735 9737
f 9595 9740 9742
f 9591 9592 9739
f 9602 9601 9611
f 9601 9600 9611
f 9611 9610 9602
f 9610 9609 9603
f 9609 9608 9604
f 9608 9607 9604
f 9607 9606 9605
f 9604 9607 9605
f 9604 9603 9609
f 9611 9719 9724
f 9600 9601 9720
f 9608 9727 9729
f 9604 9605 9728
f 9600 9721 9719
f 9601 9602 9722
f 9609 9723 9727
f 9605 9606 9733
f 9602 9603 9725
f 9610 9724 9723
f 9607 9729 9733
f 9603 9604 9726
f 9758 9743 9661
f 9759 9665 9659
f 9745 9668 9648
f 9761 9746 9675
f 9762 9747 9645
f 9763 9761 9656
f 9748 9666 9673
f 9650 9646 9749
f 9766 9762 9644
f 9750 9652 9671
f 9751 9649 9665
f 9768 9664 9652
f 9767 9671 9657
f 9752 9674 9664
f 9770 9753 9658
f 9654 9653 9754
f 9764 9673 9674
f 9772 9755 9655
f 9756 9651 9666
f 9763 9672 9651
f 9773 9667 9647
f 9746 9754 9653
f 9755 9758 9660
f 9747 9749 9646
f 9753 9769 9657
f 9760 9648 9661
f 9744 9659 9669
f 9751 9766 9662
f 9663 9650 9765
f 9771 9772 9670
f 9774 9669 9667
f 9757 9647 9668
f 9630 9619 9634
f 9621 9637 9635
f 9613 9641 9642
f 9638 9615 9636
f 9614 9642 9632
f 9618 9632 9620
f 9612 9634 9641
f 9640 9617 9633
f 9633 9627 9643
f 9643 9627 9637
f 9622 9635 9615
f 9628 9623 9636
f 9639 9626 9631
f 9676 9677 9665
f 9653 9678 9720
f 9678 9721 9720
f 9725 9675 9722
f 9675 9653 9722
f 9678 9679 9667
f 9647 9667 9679
f 9668 9647 9680
f 9681 9655 9660
f 9676 9649 9662
f 9682 9683 9666
f 9684 9646 9650
f 9685 9650 9663
f 9686 9663 9658
f 9671 9652 9686
f 9685 9686 9652
f 9684 9685 9664
f 9737 9645 9738
f 9645 9646 9738
f 9646 9684 9740
f 9684 9742 9740
f 9736 9673 9734
f 9673 9666 9734
f 9666 9683 9731
f 9683 9732 9731
f 9644 9683 9682
f 9651 9672 9676
f 9648 9668 9681
f 9655 9681 9680
f 9670 9680 9679
f 9654 9679 9678
f 9678 9669 9719
f 9669 9659 9724
f 9719 9669 9724
f 9659 9723 9724
f 9656 9675 9726
f 9675 9725 9726
f 9733 9677 9728
f 9677 9656 9726
f 9656 9677 9676
f 9716 9691 9636
f 9635 9637 9718
f 9638 9714 9712
f 9631 9710 9701
f 9617 9630 9702
f 9637 9627 9689
f 9629 9616 9692
f 9625 9707 9709
f 9613 9614 9700
f 9628 9688 9713
f 9621 9711 9693
f 9717 9716 9615
f 9640 9697 9715
f 9619 9715 9698
f 9623 9713 9714
f 9641 9699 9708
f 9622 9712 9711
f 9626 9709 9710
f 9632 9642 9708
f 9625 9639 9704
f 9706 9703 9620
f 9633 9617 9705
f 9639 9620 9703
f 9630 9612 9696
f 9618 9701 9700
f 9634 9698 9699
f 9624 9694 9697
f 9612 9613 9695
f 9643 9693 9694
f 9616 9636 9691
f 9690 9689 9627
f 9629 9687 9688
f 9677 9733 9729
f 9727 9723 9659
f 9677 9729 9727
f 9659 9665 9727
f 9673 9736 9739
f 9741 9742 9684
f 9673 9739 9674
f 9739 9741 9674
f 9645 9737 9735
f 9730 9732 9683
f 9645 9735 9644
f 9735 9730 9644
f 9630 9617 9640
f 9716 9757 9745
f 9718 9774 9773
f 9712 9714 9772
f 9770 9765 9701
f 9705 9702 9766
f 9689 9744 9774
f 9692 9760 9743
f 9709 9707 9769
f 9695 9700 9749
f 9713 9688 9758
f 9693 9711 9754
f 9717 9773 9757
f 9697 9763 9756
f 9715 9756 9748
f 9714 9713 9755
f 9699 9764 9752
f 9771 9754 9711
f 9710 9709 9753
f 9708 9752 9768
f 9704 9767 9769
f 9706 9768 9750
f 9690 9705 9751
f 9703 9750 9767
f 9702 9696 9762
f 9765 9749 9700
f 9698 9748 9764
f 9694 9761 9763
f 9696 9695 9747
f 9693 9746 9761
f 9691 9745 9760
f 9759 9744 9689
f 9688 9687 9743
