# Blender 4.1.1
# www.blender.org
mtllib assets/skybox.mtl
o Sphere001
v 0.017678 38.362137 0.009819
v 0.017678 38.059643 -4.798232
v -0.584931 38.059643 -4.760318
v -1.178036 38.059643 -4.647178
v -1.752284 38.059643 -4.460593
v -2.298619 38.059643 -4.203507
v -2.808424 38.059643 -3.879975
v -3.273660 38.059643 -3.495098
v -3.686990 38.059643 -3.054946
v -4.041894 38.059643 -2.566462
v -4.332778 38.059643 -2.037347
v -4.555051 38.059643 -1.475948
v -4.705209 38.059643 -0.891117
v -4.780885 38.059643 -0.292078
v -4.780885 38.059643 0.311722
v -4.705208 38.059643 0.910761
v -4.555049 38.059643 1.495592
v -4.332775 38.059643 2.056991
v -4.041892 38.059643 2.586105
v -3.686986 38.059643 3.074590
v -3.273656 38.059643 3.514741
v -2.808421 38.059643 3.899617
v -2.298615 38.059643 4.223149
v -1.752280 38.059643 4.480234
v -1.178031 38.059643 4.666818
v -0.584926 38.059643 4.779958
v 0.017683 38.059643 4.817871
v 0.620292 38.059643 4.779957
v 1.213397 38.059643 4.666815
v 1.787645 38.059643 4.480230
v 2.333979 38.059643 4.223144
v 2.843785 38.059643 3.899611
v 3.309020 38.059643 3.514734
v 3.722349 38.059643 3.074582
v 4.077253 38.059643 2.586096
v 4.368135 38.059643 2.056982
v 4.590409 38.059643 1.495582
v 4.740567 38.059643 0.910751
v 4.816242 38.059643 0.311712
v 4.816241 38.059643 -0.292088
v 4.740564 38.059643 -0.891127
v 4.590404 38.059643 -1.475958
v 4.368129 38.059643 -2.037357
v 4.077245 38.059643 -2.566471
v 3.722340 38.059643 -3.054954
v 3.309009 38.059643 -3.495105
v 2.843772 38.059643 -3.879981
v 2.333966 38.059643 -4.203512
v 1.787630 38.059643 -4.460597
v 1.213382 38.059643 -4.647180
v 0.620276 38.059643 -4.760320
v 0.017678 37.156921 -9.530457
v -1.178036 37.156921 -9.455230
v -2.354893 37.156921 -9.230732
v -3.494334 37.156921 -8.860505
v -4.578386 37.156921 -8.350389
v -5.589957 37.156921 -7.708426
v -6.513093 37.156921 -6.944741
v -7.333233 37.156921 -6.071379
v -8.037446 37.156921 -5.102114
v -8.614624 37.156921 -4.052230
v -9.055665 37.156921 -2.938284
v -9.353616 37.156921 -1.777846
v -9.503774 37.156921 -0.589214
v -9.503773 37.156921 0.608864
v -9.353613 37.156921 1.797495
v -9.055662 37.156921 2.957933
v -8.614619 37.156921 4.071878
v -8.037440 37.156921 5.121762
v -7.333226 37.156921 6.091027
v -6.513085 37.156921 6.964387
v -5.589951 37.156921 7.728070
v -4.578379 37.156921 8.370030
v -3.494325 37.156921 8.880147
v -2.354884 37.156921 9.250373
v -1.178027 37.156921 9.474869
v 0.017687 37.156921 9.550096
v 1.213402 37.156921 9.474867
v 2.390259 37.156921 9.250368
v 3.529698 37.156921 8.880139
v 4.613751 37.156921 8.370022
v 5.625322 37.156921 7.728059
v 6.548456 37.156921 6.964374
v 7.368596 37.156921 6.091011
v 8.072806 37.156921 5.121744
v 8.649984 37.156921 4.071860
v 9.091024 37.156921 2.957914
v 9.388973 37.156921 1.797475
v 9.539130 37.156921 0.608843
v 9.539128 37.156921 -0.589235
v 9.388968 37.156921 -1.777866
v 9.091016 37.156921 -2.938304
v 8.649972 37.156921 -4.052248
v 8.072790 37.156921 -5.102131
v 7.368577 37.156921 -6.071395
v 6.548434 37.156921 -6.944756
v 5.625297 37.156921 -7.708437
v 4.613725 37.156921 -8.350399
v 3.529670 37.156921 -8.860514
v 2.390229 37.156921 -9.230738
v 1.213371 37.156921 -9.455233
v 0.017678 35.668213 -14.112227
v -1.752285 35.668213 -14.000870
v -3.494334 35.668213 -13.668556
v -5.180996 35.668213 -13.120527
v -6.785671 35.668213 -12.365423
v -8.283054 35.668213 -11.415154
v -9.649530 35.668213 -10.284707
v -10.863548 35.668213 -8.991908
v -11.905962 35.668213 -7.557147
v -12.760333 35.668213 -6.003050
v -13.413188 35.668213 -4.354127
v -13.854229 35.668213 -2.636381
v -14.076502 35.668213 -0.876903
v -14.076500 35.668213 0.896559
v -13.854225 35.668213 2.656036
v -13.413182 35.668213 4.373781
v -12.760327 35.668213 6.022704
v -11.905954 35.668213 7.576799
v -10.863538 35.668213 9.011559
v -9.649518 35.668213 10.304356
v -8.283045 35.668213 11.434801
v -6.785660 35.668213 12.385068
v -5.180983 35.668213 13.140169
v -3.494320 35.668213 13.688198
v -1.752271 35.668213 14.020511
v 0.017692 35.668213 14.131866
v 1.787654 35.668213 14.020507
v 3.529703 35.668213 13.688190
v 5.216365 35.668213 13.140160
v 6.821040 35.668213 12.385055
v 8.318423 35.668213 11.434784
v 9.684896 35.668213 10.304336
v 10.898913 35.668213 9.011536
v 11.941326 35.668213 7.576774
v 12.795696 35.668213 6.022676
v 13.448548 35.668213 4.373752
v 13.889588 35.668213 2.656006
v 14.111859 35.668213 0.896528
v 14.111856 35.668213 -0.876934
v 13.889580 35.668213 -2.636411
v 13.448535 35.668213 -4.354156
v 12.795677 35.668213 -6.003078
v 11.941301 35.668213 -7.557173
v 10.898885 35.668213 -8.991932
v 9.684864 35.668213 -10.284728
v 8.318385 35.668213 -11.415173
v 6.821001 35.668213 -12.365438
v 5.216322 35.668213 -13.120538
v 3.529659 35.668213 -13.668565
v 1.787609 35.668213 -14.000875
v 0.017677 33.616997 -18.471285
v -2.298620 33.616997 -18.325556
v -4.578388 33.616997 -17.890665
v -6.785673 33.616997 -17.173475
v -8.885663 33.616997 -16.185293
v -10.845244 33.616997 -14.941706
v -12.633512 33.616997 -13.462322
v -14.222260 33.616997 -11.770475
v -15.586436 33.616997 -9.892846
v -16.704527 33.616997 -7.859046
v -17.558899 33.616997 -5.701148
v -18.136076 33.616997 -3.453185
v -18.426958 33.616997 -1.150608
v -18.426956 33.616997 1.170269
v -18.136072 33.616997 3.472845
v -17.558893 33.616997 5.720807
v -16.704519 33.616997 7.878703
v -15.586426 33.616997 9.912501
v -14.222246 33.616997 11.790130
v -12.633496 33.616997 13.481974
v -10.845232 33.616997 14.961353
v -8.885650 33.616997 16.204941
v -6.785655 33.616997 17.193119
v -4.578370 33.616997 17.910309
v -2.298601 33.616997 18.345196
v 0.017696 33.616997 18.490923
v 2.333993 33.616997 18.345192
v 4.613761 33.616997 17.910299
v 6.821045 33.616997 17.193106
v 8.921036 33.616997 16.204922
v 10.880617 33.616997 14.961332
v 12.668880 33.616997 13.481948
v 14.257628 33.616997 11.790098
v 15.621802 33.616997 9.912467
v 16.739891 33.616997 7.878666
v 17.594259 33.616997 5.720769
v 18.171434 33.616997 3.472805
v 18.462315 33.616997 1.170229
v 18.462311 33.616997 -1.150648
v 18.171423 33.616997 -3.453224
v 17.594242 33.616997 -5.701186
v 16.739866 33.616997 -7.859081
v 15.621771 33.616997 -9.892879
v 14.257591 33.616997 -11.770506
v 12.668838 33.616997 -13.462350
v 10.880569 33.616997 -14.941729
v 8.920985 33.616997 -16.185314
v 6.820990 33.616997 -17.173491
v 4.613704 33.616997 -17.890676
v 2.333935 33.616997 -18.325562
v 0.017677 31.035620 -22.538879
v -2.808425 31.035620 -22.361074
v -5.589958 31.035620 -21.830469
v -8.283055 31.035622 -20.955431
v -10.845243 31.035622 -19.749754
v -13.236118 31.035622 -18.232460
v -15.417972 31.035622 -16.427471
v -17.356398 31.035622 -14.363256
v -19.020823 31.035622 -12.072371
v -20.384998 31.035622 -9.590941
v -21.427414 31.035622 -6.958103
v -22.131624 31.035622 -4.215374
v -22.486528 31.035622 -1.406013
v -22.486525 31.035622 1.425678
v -22.131620 31.035622 4.235038
v -21.427404 31.035622 6.977766
v -20.384989 31.035622 9.610604
v -19.020809 31.035622 12.092031
v -17.356380 31.035622 14.382916
v -15.417953 31.035622 16.447126
v -13.236102 31.035622 18.252108
v -10.845225 31.035622 19.769403
v -8.283034 31.035622 20.975077
v -5.589936 31.035624 21.850113
v -2.808403 31.035624 22.380718
v 0.017700 31.035624 22.558517
v 2.843803 31.035624 22.380713
v 5.625335 31.035624 21.850103
v 8.318431 31.035622 20.975060
v 10.880619 31.035622 19.769381
v 13.271493 31.035622 18.252085
v 15.453344 31.035622 16.447094
v 17.391766 31.035622 14.382878
v 19.056189 31.035622 12.091990
v 20.420362 31.035622 9.610559
v 21.462774 31.035622 6.977719
v 22.166983 31.035622 4.234990
v 22.521883 31.035622 1.425629
v 22.521879 31.035622 -1.406061
v 22.166969 31.035622 -4.215423
v 21.462753 31.035622 -6.958148
v 20.420332 31.035622 -9.590985
v 19.056150 31.035622 -12.072412
v 17.391720 31.035622 -14.363295
v 15.453294 31.035622 -16.427504
v 13.271435 31.035622 -18.232487
v 10.880556 31.035622 -19.749779
v 8.318364 31.035622 -20.955448
v 5.625265 31.035620 -21.830482
v 2.843730 31.035620 -22.361082
v 0.017677 27.964792 -26.250874
v -3.273662 27.964792 -26.043798
v -6.513094 27.964792 -25.425842
v -9.649532 27.964792 -24.406754
v -12.633510 27.964792 -23.002598
v -15.417974 27.964794 -21.235525
v -17.959009 27.964794 -19.133398
v -20.216537 27.964794 -16.729370
v -22.154963 27.964794 -14.061355
v -23.743711 27.964794 -11.171430
v -24.957729 27.964794 -8.105169
v -25.777868 27.964794 -4.910931
v -26.191198 27.964794 -1.639088
v -26.191195 27.964794 1.658758
v -25.777863 27.964794 4.930599
v -24.957720 27.964794 8.124837
v -23.743700 27.964794 11.191096
v -22.154947 27.964794 14.081020
v -20.216520 27.964794 16.749031
v -17.958986 27.964794 19.153055
v -15.417955 27.964794 21.255177
v -12.633490 27.964796 23.022249
v -9.649508 27.964796 24.426401
v -6.513068 27.964796 25.445490
v -3.273635 27.964796 26.063442
v 0.017704 27.964796 26.270512
v 3.309042 27.964796 26.063435
v 6.548474 27.964796 25.445477
v 9.684911 27.964796 24.426382
v 12.668890 27.964796 23.022223
v 15.453352 27.964794 21.255146
v 17.994381 27.964794 19.153017
v 20.251909 27.964794 16.748987
v 22.190332 27.964794 14.080971
v 23.779078 27.964794 11.191045
v 24.993092 27.964794 8.124784
v 25.813229 27.964794 4.930543
v 26.226553 27.964794 1.658701
v 26.226547 27.964794 -1.639145
v 25.813211 27.964794 -4.910987
v 24.993065 27.964794 -8.105224
v 23.779041 27.964794 -11.171481
v 22.190287 27.964794 -14.061403
v 20.251856 27.964794 -16.729414
v 17.994322 27.964794 -19.133436
v 15.453282 27.964794 -21.235556
v 12.668816 27.964792 -23.002628
v 9.684833 27.964792 -24.406776
v 6.548392 27.964792 -25.425859
v 3.308959 27.964792 -26.043806
v 0.017677 24.452946 -29.548717
v -3.686991 24.452946 -29.315638
v -7.333235 24.452946 -28.620081
v -10.863550 24.452946 -27.473011
v -14.222259 24.452946 -25.892521
v -17.356400 24.452946 -23.903536
v -20.216537 24.452948 -21.537420
v -22.757570 24.452948 -18.831495
v -24.939426 24.452948 -15.828427
v -26.727692 24.452948 -12.575583
v -28.094166 24.452948 -9.124257
v -29.017298 24.452948 -5.528883
v -29.482533 24.452948 -1.846160
v -29.482529 24.452948 1.865833
v -29.017290 24.452948 5.548556
v -28.094154 24.452948 9.143929
v -26.727676 24.452948 12.595253
v -24.939407 24.452948 15.848095
v -22.757551 24.452948 18.851158
v -20.216515 24.452948 21.557083
v -17.356379 24.452950 23.923189
v -14.222236 24.452950 25.912172
v -10.863523 24.452950 27.492661
v -7.333206 24.452950 28.639725
v -3.686962 24.452950 29.335281
v 0.017707 24.452950 29.568356
v 3.722375 24.452950 29.335274
v 7.368618 24.452950 28.639711
v 10.898932 24.452950 27.492638
v 14.257642 24.452950 25.912144
v 17.391779 24.452950 23.923157
v 20.251915 24.452948 21.557039
v 22.792946 24.452948 18.851109
v 24.974794 24.452948 15.848041
v 26.763058 24.452948 12.595194
v 28.129528 24.452948 9.143869
v 29.052658 24.452948 5.548493
v 29.517889 24.452948 1.865769
v 29.517881 24.452948 -1.846224
v 29.052639 24.452948 -5.528946
v 28.129499 24.452948 -9.124319
v 26.763018 24.452948 -12.575640
v 24.974743 24.452948 -15.828481
v 22.792885 24.452948 -18.831543
v 20.251844 24.452948 -21.537464
v 17.391701 24.452946 -23.903572
v 14.257559 24.452946 -25.892551
v 10.898844 24.452946 -27.473034
v 7.368526 24.452946 -28.620096
v 3.722281 24.452946 -29.315647
v 0.017677 20.555458 -32.380402
v -4.041896 20.555458 -32.124996
v -8.037448 20.555458 -31.362803
v -11.905964 20.555458 -30.105846
v -15.586434 20.555458 -28.373947
v -19.020824 20.555458 -26.194418
v -22.154964 20.555458 -23.601631
v -24.939426 20.555460 -20.636477
v -27.330299 20.555460 -17.345720
v -29.289881 20.555460 -13.781257
v -30.787262 20.555460 -9.999296
v -31.798828 20.555460 -6.059487
v -32.308632 20.555460 -2.023962
v -32.308628 20.555460 2.043638
v -31.798822 20.555460 6.079163
v -30.787251 20.555460 10.018970
v -29.289865 20.555460 13.800929
v -27.330280 20.555460 17.365393
v -24.939402 20.555460 20.656149
v -22.154938 20.555462 23.621298
v -19.020802 20.555462 26.214077
v -15.586411 20.555462 28.393604
v -11.905934 20.555462 30.125500
v -8.037416 20.555462 31.382456
v -4.041864 20.555462 32.144646
v 0.017709 20.555462 32.400047
v 4.077283 20.555462 32.144638
v 8.072833 20.555462 31.382439
v 11.941349 20.555462 30.125477
v 15.621820 20.555462 28.393572
v 19.056206 20.555462 26.214041
v 22.190340 20.555462 23.621252
v 24.974800 20.555460 20.656096
v 27.365671 20.555460 17.365332
v 29.325249 20.555460 13.800865
v 30.822626 20.555460 10.018905
v 31.834190 20.555460 6.079094
v 32.343990 20.555460 2.043568
v 32.343983 20.555460 -2.024032
v 31.834173 20.555460 -6.059556
v 30.822594 20.555460 -9.999363
v 29.325203 20.555460 -13.781319
v 27.365616 20.555460 -17.345779
v 24.974735 20.555460 -20.636532
v 22.190266 20.555458 -23.601679
v 19.056122 20.555458 -26.194458
v 15.621731 20.555458 -28.373981
v 11.941252 20.555458 -30.105873
v 8.072733 20.555458 -31.362822
v 4.077179 20.555458 -32.125004
v 0.017677 16.333799 -34.701279
v -4.332779 16.333799 -34.427574
v -8.614627 16.333799 -33.610767
v -12.760337 16.333799 -32.263744
v -16.704527 16.333799 -30.407747
v -20.385002 16.333799 -28.072048
v -23.743715 16.333799 -25.293478
v -26.727692 16.333799 -22.115860
v -29.289883 16.333801 -18.589308
v -31.389875 16.333801 -14.769437
v -32.994549 16.333801 -10.716486
v -34.078602 16.333801 -6.494375
v -34.624935 16.333801 -2.169689
v -34.624928 16.333801 2.189369
v -34.078594 16.333801 6.514054
v -32.994537 16.333801 10.736164
v -31.389856 16.333801 14.789112
v -29.289862 16.333801 18.608984
v -26.727669 16.333803 22.135532
v -23.743687 16.333803 25.313147
v -20.384977 16.333803 28.091707
v -16.704502 16.333803 30.427404
v -12.760304 16.333803 32.283401
v -8.614594 16.333803 33.630421
v -4.332745 16.333803 34.447224
v 0.017712 16.333803 34.720924
v 4.368168 16.333803 34.447216
v 8.650015 16.333803 33.630405
v 12.795724 16.333803 32.283375
v 16.739914 16.333803 30.427372
v 20.420387 16.333803 28.091667
v 23.779093 16.333803 25.313097
v 26.763071 16.333803 22.135475
v 29.325256 16.333801 18.608917
v 31.425243 16.333801 14.789044
v 33.029911 16.333801 10.736093
v 34.113964 16.333801 6.513980
v 34.660290 16.333801 2.189294
v 34.660282 16.333801 -2.169764
v 34.113941 16.333801 -6.494449
v 33.029881 16.333801 -10.716558
v 31.425196 16.333801 -14.769505
v 29.325195 16.333801 -18.589371
v 26.763000 16.333799 -22.115919
v 23.779013 16.333799 -25.293530
v 20.420296 16.333799 -28.072092
v 16.739817 16.333799 -30.407785
v 12.795620 16.333799 -32.263771
v 8.649906 16.333799 -33.610783
v 4.368057 16.333799 -34.427582
v 0.017677 11.854546 -36.474743
v -4.555054 11.854546 -36.187046
v -9.055669 11.854546 -35.328506
v -13.413192 11.854546 -33.912666
v -17.558901 11.854547 -31.961842
v -21.427418 11.854547 -29.506807
v -24.957733 11.854547 -26.586275
v -28.094170 11.854547 -23.246307
v -30.787266 11.854547 -19.539576
v -32.994549 11.854547 -15.524540
v -34.681210 11.854547 -11.264516
v -35.820648 11.854548 -6.826688
v -36.394894 11.854548 -2.281044
v -36.394890 11.854548 2.300727
v -35.820637 11.854548 6.846368
v -34.681194 11.854548 11.284194
v -32.994534 11.854548 15.544216
v -30.787243 11.854548 19.559252
v -28.094141 11.854548 23.265982
v -24.957703 11.854548 26.605944
v -21.427391 11.854548 29.526468
v -17.558872 11.854548 31.981503
v -13.413157 11.854549 33.932323
v -9.055634 11.854549 35.348164
v -4.555017 11.854549 36.206699
v 0.017713 11.854549 36.494389
v 4.590444 11.854549 36.206688
v 9.091058 11.854549 35.348145
v 13.448580 11.854549 33.932297
v 17.594286 11.854548 31.981466
v 21.462803 11.854548 29.526426
v 24.993113 11.854548 26.605892
v 28.129547 11.854548 23.265921
v 30.822638 11.854548 19.559183
v 33.029919 11.854548 15.544146
v 34.716576 11.854548 11.284119
v 35.856007 11.854548 6.846291
v 36.430252 11.854548 2.300648
v 36.430241 11.854548 -2.281123
v 35.855988 11.854548 -6.826766
v 34.716537 11.854547 -11.264590
v 33.029869 11.854547 -15.524610
v 30.822577 11.854547 -19.539642
v 28.129473 11.854547 -23.246368
v 24.993029 11.854547 -26.586330
v 21.462708 11.854547 -29.506853
v 17.594185 11.854547 -31.961882
v 13.448471 11.854546 -33.912693
v 9.090945 11.854546 -35.328529
v 4.590327 11.854546 -36.187057
v 0.017677 7.188339 -37.672817
v -4.705213 7.188339 -37.375679
v -9.353619 7.188339 -36.488949
v -13.854234 7.188339 -35.026608
v -18.136078 7.188339 -33.011723
v -22.131630 7.188339 -30.476072
v -25.777874 7.188339 -27.459635
v -29.017303 7.188340 -24.009989
v -31.798836 7.188340 -20.181538
v -34.078606 7.188340 -16.034655
v -35.820648 7.188340 -11.634740
v -36.997505 7.188340 -7.051184
v -37.590611 7.188341 -2.356272
v -37.590607 7.188341 2.375956
v -36.997498 7.188341 7.070867
v -35.820633 7.188341 11.654423
v -34.078587 7.188341 16.054335
v -31.798815 7.188342 20.201216
v -29.017277 7.188342 24.029667
v -25.777842 7.188342 27.479307
v -22.131603 7.188342 30.495735
v -18.136049 7.188342 33.031387
v -13.854198 7.188342 35.046268
v -9.353582 7.188342 36.508602
v -4.705175 7.188342 37.395332
v 0.017715 7.188342 37.692463
v 4.740604 7.188342 37.395321
v 9.389009 7.188342 36.508587
v 13.889623 7.188342 35.046242
v 18.171467 7.188342 33.031349
v 22.167017 7.188342 30.495691
v 25.813255 7.188342 27.479254
v 29.052683 7.188342 24.029602
v 31.834209 7.188342 20.201145
v 34.113972 7.188341 16.054262
v 35.856014 7.188341 11.654346
v 37.032867 7.188341 7.070787
v 37.625965 7.188341 2.375874
v 37.625957 7.188341 -2.356353
v 37.032845 7.188340 -7.051265
v 35.855980 7.188340 -11.634818
v 34.113922 7.188340 -16.034727
v 31.834146 7.188340 -20.181606
v 29.052607 7.188340 -24.010054
v 25.813168 7.188339 -27.459692
v 22.166918 7.188339 -30.476120
v 18.171362 7.188339 -33.011765
v 13.889510 7.188339 -35.026642
v 9.388892 7.188339 -36.488968
v 4.740483 7.188339 -37.375690
v 0.017677 2.408767 -38.276619
v -4.780889 2.408767 -37.974716
v -9.503778 2.408767 -37.073776
v -14.076508 2.408767 -35.588005
v -18.426960 2.408767 -33.540836
v -22.486534 2.408767 -30.964558
v -26.191202 2.408768 -27.899786
v -29.482538 2.408768 -24.394865
v -32.308640 2.408768 -20.505070
v -34.624935 2.408768 -16.291739
v -36.394897 2.408768 -11.821324
v -37.590611 2.408769 -7.164324
v -38.193214 2.408769 -2.394184
v -38.193211 2.408769 2.413869
v -37.590599 2.408769 7.184008
v -36.394882 2.408769 11.841006
v -34.624916 2.408770 16.311419
v -32.308620 2.408770 20.524748
v -29.482512 2.408770 24.414541
v -26.191170 2.408770 27.919456
v -22.486507 2.408770 30.984217
v -18.426931 2.408770 33.560501
v -14.076471 2.408771 35.607666
v -9.503740 2.408771 37.093433
v -4.780850 2.408771 37.994366
v 0.017715 2.408771 38.296265
v 4.816280 2.408771 37.994362
v 9.539167 2.408771 37.093414
v 14.111897 2.408771 35.607639
v 18.462349 2.408770 33.560463
v 22.521919 2.408770 30.984173
v 26.226585 2.408770 27.919401
v 29.517918 2.408770 24.414478
v 32.344013 2.408770 20.524675
v 34.660309 2.408770 16.311344
v 36.430264 2.408769 11.840928
v 37.625973 2.408769 7.183927
v 38.228573 2.408769 2.413786
v 38.228561 2.408769 -2.394267
v 37.625950 2.408769 -7.164406
v 36.430229 2.408768 -11.821404
v 34.660252 2.408768 -16.291815
v 32.343948 2.408768 -20.505138
v 29.517839 2.408768 -24.394930
v 26.226496 2.408768 -27.899843
v 22.521822 2.408767 -30.964605
v 18.462244 2.408767 -33.540878
v 14.111782 2.408767 -35.588039
v 9.539050 2.408767 -37.073799
v 4.816158 2.408767 -37.974728
v 0.017677 -2.408792 -38.276619
v -4.780889 -2.408792 -37.974716
v -9.503778 -2.408792 -37.073776
v -14.076508 -2.408792 -35.588005
v -18.426960 -2.408792 -33.540836
v -22.486534 -2.408792 -30.964558
v -26.191202 -2.408792 -27.899786
v -29.482538 -2.408791 -24.394865
v -32.308640 -2.408791 -20.505070
v -34.624935 -2.408791 -16.291739
v -36.394897 -2.408791 -11.821324
v -37.590611 -2.408791 -7.164324
v -38.193214 -2.408790 -2.394184
v -38.193211 -2.408790 2.413869
v -37.590599 -2.408790 7.184008
v -36.394882 -2.408790 11.841006
v -34.624916 -2.408790 16.311419
v -32.308620 -2.408789 20.524748
v -29.482512 -2.408789 24.414541
v -26.191170 -2.408789 27.919456
v -22.486507 -2.408789 30.984217
v -18.426931 -2.408789 33.560501
v -14.076471 -2.408789 35.607666
v -9.503740 -2.408789 37.093433
v -4.780850 -2.408789 37.994366
v 0.017715 -2.408789 38.296265
v 4.816280 -2.408789 37.994362
v 9.539167 -2.408789 37.093414
v 14.111897 -2.408789 35.607639
v 18.462349 -2.408789 33.560463
v 22.521919 -2.408789 30.984173
v 26.226585 -2.408789 27.919401
v 29.517918 -2.408789 24.414478
v 32.344013 -2.408789 20.524675
v 34.660309 -2.408790 16.311344
v 36.430264 -2.408790 11.840928
v 37.625973 -2.408790 7.183927
v 38.228573 -2.408790 2.413786
v 38.228561 -2.408790 -2.394267
v 37.625950 -2.408791 -7.164406
v 36.430229 -2.408791 -11.821404
v 34.660252 -2.408791 -16.291815
v 32.343948 -2.408791 -20.505138
v 29.517839 -2.408791 -24.394930
v 26.226496 -2.408792 -27.899843
v 22.521822 -2.408792 -30.964605
v 18.462244 -2.408792 -33.540878
v 14.111782 -2.408792 -35.588039
v 9.539050 -2.408792 -37.073799
v 4.816158 -2.408792 -37.974728
v 0.017677 -7.188363 -37.672813
v -4.705212 -7.188363 -37.375675
v -9.353618 -7.188363 -36.488945
v -13.854233 -7.188363 -35.026604
v -18.136076 -7.188363 -33.011719
v -22.131628 -7.188363 -30.476068
v -25.777872 -7.188363 -27.459633
v -29.017302 -7.188363 -24.009987
v -31.798832 -7.188363 -20.181536
v -34.078602 -7.188362 -16.034653
v -35.820644 -7.188362 -11.634739
v -36.997501 -7.188362 -7.051183
v -37.590607 -7.188362 -2.356271
v -37.590603 -7.188362 2.375956
v -36.997494 -7.188361 7.070868
v -35.820633 -7.188361 11.654422
v -34.078583 -7.188361 16.054333
v -31.798811 -7.188361 20.201214
v -29.017275 -7.188361 24.029663
v -25.777840 -7.188360 27.479305
v -22.131601 -7.188360 30.495731
v -18.136047 -7.188360 33.031384
v -13.854198 -7.188360 35.046265
v -9.353581 -7.188360 36.508598
v -4.705174 -7.188360 37.395329
v 0.017715 -7.188360 37.692459
v 4.740603 -7.188360 37.395317
v 9.389009 -7.188360 36.508583
v 13.889621 -7.188360 35.046238
v 18.171465 -7.188360 33.031349
v 22.167015 -7.188360 30.495689
v 25.813253 -7.188360 27.479250
v 29.052681 -7.188361 24.029600
v 31.834209 -7.188361 20.201145
v 34.113968 -7.188361 16.054260
v 35.856010 -7.188361 11.654344
v 37.032864 -7.188361 7.070787
v 37.625961 -7.188362 2.375875
v 37.625954 -7.188362 -2.356352
v 37.032841 -7.188362 -7.051263
v 35.855976 -7.188362 -11.634817
v 34.113918 -7.188362 -16.034725
v 31.834143 -7.188363 -20.181604
v 29.052603 -7.188363 -24.010050
v 25.813166 -7.188363 -27.459688
v 22.166916 -7.188363 -30.476116
v 18.171360 -7.188363 -33.011761
v 13.889509 -7.188363 -35.026638
v 9.388891 -7.188363 -36.488964
v 4.740483 -7.188363 -37.375687
v 0.017677 -11.854570 -36.474735
v -4.555053 -11.854570 -36.187042
v -9.055667 -11.854570 -35.328499
v -13.413189 -11.854570 -33.912659
v -17.558897 -11.854569 -31.961834
v -21.427414 -11.854569 -29.506802
v -24.957727 -11.854569 -26.586269
v -28.094164 -11.854569 -23.246302
v -30.787258 -11.854569 -19.539572
v -32.994545 -11.854569 -15.524534
v -34.681202 -11.854569 -11.264511
v -35.820641 -11.854568 -6.826685
v -36.394886 -11.854568 -2.281043
v -36.394882 -11.854568 2.300728
v -35.820633 -11.854568 6.846368
v -34.681190 -11.854568 11.284194
v -32.994526 -11.854568 15.544215
v -30.787235 -11.854568 19.559248
v -28.094137 -11.854568 23.265976
v -24.957697 -11.854568 26.605938
v -21.427387 -11.854568 29.526463
v -17.558868 -11.854568 31.981495
v -13.413156 -11.854567 33.932320
v -9.055632 -11.854567 35.348156
v -4.555016 -11.854567 36.206692
v 0.017713 -11.854567 36.494381
v 4.590443 -11.854567 36.206684
v 9.091056 -11.854567 35.348141
v 13.448577 -11.854567 33.932289
v 17.594284 -11.854568 31.981462
v 21.462799 -11.854568 29.526421
v 24.993107 -11.854568 26.605888
v 28.129541 -11.854568 23.265917
v 30.822634 -11.854568 19.559179
v 33.029911 -11.854568 15.544144
v 34.716568 -11.854568 11.284120
v 35.855999 -11.854568 6.846291
v 36.430244 -11.854568 2.300648
v 36.430233 -11.854568 -2.281122
v 35.855984 -11.854568 -6.826763
v 34.716534 -11.854569 -11.264586
v 33.029861 -11.854569 -15.524606
v 30.822573 -11.854569 -19.539639
v 28.129467 -11.854569 -23.246365
v 24.993023 -11.854569 -26.586325
v 21.462702 -11.854569 -29.506847
v 17.594181 -11.854569 -31.961876
v 13.448468 -11.854570 -33.912685
v 9.090943 -11.854570 -35.328522
v 4.590326 -11.854570 -36.187050
v 0.017677 -16.333818 -34.701271
v -4.332779 -16.333818 -34.427567
v -8.614625 -16.333818 -33.610760
v -12.760334 -16.333818 -32.263737
v -16.704525 -16.333818 -30.407742
v -20.384998 -16.333818 -28.072042
v -23.743710 -16.333818 -25.293472
v -26.727688 -16.333818 -22.115856
v -29.289877 -16.333817 -18.589304
v -31.389868 -16.333817 -14.769432
v -32.994541 -16.333817 -10.716482
v -34.078594 -16.333817 -6.494373
v -34.624928 -16.333817 -2.169687
v -34.624920 -16.333817 2.189370
v -34.078587 -16.333817 6.514054
v -32.994530 -16.333817 10.736163
v -31.389853 -16.333817 14.789111
v -29.289856 -16.333817 18.608978
v -26.727663 -16.333815 22.135530
v -23.743681 -16.333815 25.313141
v -20.384974 -16.333815 28.091703
v -16.704498 -16.333815 30.427399
v -12.760303 -16.333815 32.283394
v -8.614592 -16.333815 33.630417
v -4.332744 -16.333815 34.447216
v 0.017712 -16.333815 34.720917
v 4.368167 -16.333815 34.447208
v 8.650013 -16.333815 33.630398
v 12.795721 -16.333815 32.283371
v 16.739910 -16.333815 30.427366
v 20.420383 -16.333815 28.091661
v 23.779089 -16.333815 25.313091
v 26.763065 -16.333815 22.135471
v 29.325249 -16.333817 18.608915
v 31.425236 -16.333817 14.789043
v 33.029903 -16.333817 10.736092
v 34.113956 -16.333817 6.513980
v 34.660282 -16.333817 2.189295
v 34.660275 -16.333817 -2.169762
v 34.113934 -16.333817 -6.494447
v 33.029873 -16.333817 -10.716554
v 31.425188 -16.333817 -14.769499
v 29.325190 -16.333817 -18.589367
v 26.762995 -16.333818 -22.115913
v 23.779009 -16.333818 -25.293524
v 20.420292 -16.333818 -28.072084
v 16.739813 -16.333818 -30.407778
v 12.795617 -16.333818 -32.263763
v 8.649905 -16.333818 -33.610779
v 4.368057 -16.333818 -34.427574
v 0.017677 -20.555475 -32.380394
v -4.041895 -20.555475 -32.124989
v -8.037446 -20.555475 -31.362797
v -11.905961 -20.555475 -30.105841
v -15.586432 -20.555475 -28.373940
v -19.020821 -20.555475 -26.194410
v -22.154959 -20.555475 -23.601625
v -24.939421 -20.555473 -20.636473
v -27.330294 -20.555473 -17.345716
v -29.289873 -20.555473 -13.781251
v -30.787254 -20.555473 -9.999292
v -31.798822 -20.555473 -6.059484
v -32.308624 -20.555473 -2.023959
v -32.308624 -20.555473 2.043640
v -31.798815 -20.555473 6.079164
v -30.787243 -20.555473 10.018971
v -29.289858 -20.555473 13.800927
v -27.330275 -20.555473 17.365389
v -24.939396 -20.555473 20.656145
v -22.154932 -20.555471 23.621292
v -19.020796 -20.555471 26.214071
v -15.586408 -20.555471 28.393599
v -11.905931 -20.555471 30.125492
v -8.037415 -20.555471 31.382448
v -4.041863 -20.555471 32.144638
v 0.017709 -20.555471 32.400040
v 4.077282 -20.555471 32.144630
v 8.072831 -20.555471 31.382431
v 11.941346 -20.555471 30.125469
v 15.621817 -20.555471 28.393566
v 19.056202 -20.555471 26.214035
v 22.190338 -20.555471 23.621246
v 24.974794 -20.555473 20.656090
v 27.365665 -20.555473 17.365328
v 29.325241 -20.555473 13.800863
v 30.822620 -20.555473 10.018905
v 31.834183 -20.555473 6.079094
v 32.343983 -20.555473 2.043570
v 32.343979 -20.555473 -2.024029
v 31.834166 -20.555473 -6.059553
v 30.822586 -20.555473 -9.999359
v 29.325197 -20.555473 -13.781314
v 27.365610 -20.555473 -17.345776
v 24.974730 -20.555473 -20.636526
v 22.190260 -20.555475 -23.601673
v 19.056116 -20.555475 -26.194452
v 15.621727 -20.555475 -28.373974
v 11.941249 -20.555475 -30.105867
v 8.072731 -20.555475 -31.362814
v 4.077178 -20.555475 -32.124996
v 0.017677 -24.452965 -29.548702
v -3.686990 -24.452965 -29.315622
v -7.333232 -24.452965 -28.620066
v -10.863545 -24.452965 -27.472996
v -14.222253 -24.452965 -25.892508
v -17.356394 -24.452965 -23.903522
v -20.216532 -24.452963 -21.537409
v -22.757563 -24.452963 -18.831484
v -24.939417 -24.452963 -15.828419
v -26.727682 -24.452963 -12.575576
v -28.094154 -24.452963 -9.124252
v -29.017286 -24.452963 -5.528879
v -29.482521 -24.452963 -1.846157
v -29.482519 -24.452963 1.865835
v -29.017281 -24.452963 5.548555
v -28.094143 -24.452963 9.143928
v -26.727667 -24.452963 12.595250
v -24.939398 -24.452963 15.848091
v -22.757542 -24.452963 18.851154
v -20.216507 -24.452963 21.557077
v -17.356371 -24.452961 23.923183
v -14.222230 -24.452961 25.912167
v -10.863518 -24.452961 27.492653
v -7.333203 -24.452961 28.639721
v -3.686960 -24.452961 29.335274
v 0.017707 -24.452961 29.568348
v 3.722374 -24.452961 29.335266
v 7.368615 -24.452961 28.639704
v 10.898928 -24.452961 27.492632
v 14.257636 -24.452961 25.912140
v 17.391771 -24.452961 23.923151
v 20.251907 -24.452963 21.557035
v 22.792936 -24.452963 18.851105
v 24.974787 -24.452963 15.848037
v 26.763046 -24.452963 12.595192
v 28.129519 -24.452963 9.143867
v 29.052647 -24.452963 5.548492
v 29.517878 -24.452963 1.865771
v 29.517872 -24.452963 -1.846221
v 29.052631 -24.452963 -5.528942
v 28.129490 -24.452963 -9.124313
v 26.763006 -24.452963 -12.575633
v 24.974735 -24.452963 -15.828473
v 22.792877 -24.452963 -18.831533
v 20.251839 -24.452963 -21.537453
v 17.391695 -24.452965 -23.903561
v 14.257554 -24.452965 -25.892540
v 10.898840 -24.452965 -27.473022
v 7.368524 -24.452965 -28.620081
v 3.722280 -24.452965 -29.315632
v 0.017677 -27.964811 -26.250854
v -3.273660 -27.964811 -26.043779
v -6.513090 -27.964811 -25.425827
v -9.649527 -27.964811 -24.406734
v -12.633503 -27.964811 -23.002581
v -15.417965 -27.964809 -21.235508
v -17.959000 -27.964809 -19.133383
v -20.216528 -27.964809 -16.729355
v -22.154949 -27.964809 -14.061345
v -23.743698 -27.964809 -11.171421
v -24.957714 -27.964809 -8.105164
v -25.777853 -27.964809 -4.910925
v -26.191183 -27.964809 -1.639085
v -26.191179 -27.964809 1.658759
v -25.777847 -27.964809 4.930599
v -24.957705 -27.964809 8.124835
v -23.743687 -27.964809 11.191092
v -22.154936 -27.964809 14.081014
v -20.216509 -27.964809 16.749025
v -17.958977 -27.964809 19.153048
v -15.417946 -27.964809 21.255169
v -12.633482 -27.964808 23.022240
v -9.649502 -27.964808 24.426392
v -6.513064 -27.964808 25.445480
v -3.273633 -27.964808 26.063431
v 0.017704 -27.964808 26.270500
v 3.309041 -27.964808 26.063423
v 6.548470 -27.964808 25.445465
v 9.684906 -27.964808 24.426373
v 12.668882 -27.964808 23.022215
v 15.453343 -27.964809 21.255138
v 17.994371 -27.964809 19.153009
v 20.251898 -27.964809 16.748981
v 22.190319 -27.964809 14.080965
v 23.779064 -27.964809 11.191041
v 24.993076 -27.964809 8.124781
v 25.813213 -27.964809 4.930543
v 26.226538 -27.964809 1.658702
v 26.226532 -27.964809 -1.639142
v 25.813196 -27.964809 -4.910981
v 24.993053 -27.964809 -8.105217
v 23.779028 -27.964809 -11.171473
v 22.190273 -27.964809 -14.061394
v 20.251844 -27.964809 -16.729401
v 17.994310 -27.964809 -19.133421
v 15.453276 -27.964809 -21.235540
v 12.668809 -27.964811 -23.002611
v 9.684827 -27.964811 -24.406757
v 6.548388 -27.964811 -25.425840
v 3.308957 -27.964811 -26.043787
v 0.017677 -31.035635 -22.538860
v -2.808423 -31.035635 -22.361055
v -5.589954 -31.035635 -21.830450
v -8.283049 -31.035633 -20.955410
v -10.845236 -31.035633 -19.749735
v -13.236108 -31.035633 -18.232443
v -15.417961 -31.035633 -16.427454
v -17.356384 -31.035633 -14.363244
v -19.020809 -31.035633 -12.072360
v -20.384985 -31.035633 -9.590933
v -21.427397 -31.035633 -6.958095
v -22.131609 -31.035633 -4.215369
v -22.486513 -31.035633 -1.406009
v -22.486509 -31.035633 1.425679
v -22.131603 -31.035633 4.235038
v -21.427389 -31.035633 6.977764
v -20.384974 -31.035633 9.610600
v -19.020796 -31.035633 12.092026
v -17.356367 -31.035633 14.382908
v -15.417943 -31.035633 16.447119
v -13.236093 -31.035633 18.252100
v -10.845217 -31.035633 19.769392
v -8.283028 -31.035633 20.975065
v -5.589932 -31.035631 21.850103
v -2.808401 -31.035631 22.380705
v 0.017700 -31.035631 22.558506
v 2.843801 -31.035631 22.380701
v 5.625331 -31.035631 21.850090
v 8.318425 -31.035633 20.975048
v 10.880612 -31.035633 19.769371
v 13.271484 -31.035633 18.252073
v 15.453334 -31.035633 16.447086
v 17.391754 -31.035633 14.382871
v 19.056175 -31.035633 12.091984
v 20.420349 -31.035633 9.610555
v 21.462759 -31.035633 6.977717
v 22.166967 -31.035633 4.234990
v 22.521868 -31.035633 1.425630
v 22.521864 -31.035633 -1.406058
v 22.166954 -31.035633 -4.215416
v 21.462736 -31.035633 -6.958141
v 20.420317 -31.035633 -9.590977
v 19.056137 -31.035633 -12.072402
v 17.391708 -31.035633 -14.363281
v 15.453280 -31.035633 -16.427490
v 13.271424 -31.035633 -18.232470
v 10.880549 -31.035633 -19.749762
v 8.318357 -31.035633 -20.955431
v 5.625261 -31.035635 -21.830463
v 2.843729 -31.035635 -22.361061
v 0.017677 -33.617008 -18.471258
v -2.298617 -33.617008 -18.325529
v -4.578382 -33.617008 -17.890640
v -6.785665 -33.617008 -17.173452
v -8.885653 -33.617008 -16.185270
v -10.845232 -33.617008 -14.941684
v -12.633496 -33.617008 -13.462302
v -14.222242 -33.617008 -11.770457
v -15.586418 -33.617008 -9.892830
v -16.704508 -33.617008 -7.859033
v -17.558878 -33.617008 -5.701138
v -18.136055 -33.617008 -3.453178
v -18.426935 -33.617008 -1.150604
v -18.426933 -33.617008 1.170270
v -18.136051 -33.617008 3.472843
v -17.558872 -33.617008 5.720803
v -16.704500 -33.617008 7.878697
v -15.586408 -33.617008 9.912493
v -14.222230 -33.617008 11.790120
v -12.633480 -33.617008 13.481962
v -10.845219 -33.617008 14.961339
v -8.885638 -33.617008 16.204924
v -6.785647 -33.617008 17.193104
v -4.578364 -33.617008 17.910292
v -2.298599 -33.617008 18.345177
v 0.017696 -33.617008 18.490904
v 2.333991 -33.617008 18.345173
v 4.613755 -33.617008 17.910282
v 6.821037 -33.617008 17.193090
v 8.921026 -33.617008 16.204908
v 10.880604 -33.617008 14.961318
v 12.668866 -33.617008 13.481936
v 14.257611 -33.617008 11.790089
v 15.621784 -33.617008 9.912459
v 16.739872 -33.617008 7.878660
v 17.594238 -33.617008 5.720765
v 18.171413 -33.617008 3.472804
v 18.462292 -33.617008 1.170230
v 18.462288 -33.617008 -1.150644
v 18.171402 -33.617008 -3.453217
v 17.594221 -33.617008 -5.701176
v 16.739845 -33.617008 -7.859068
v 15.621753 -33.617008 -9.892865
v 14.257574 -33.617008 -11.770488
v 12.668823 -33.617008 -13.462329
v 10.880555 -33.617008 -14.941708
v 8.920974 -33.617008 -16.185289
v 6.820982 -33.617008 -17.173466
v 4.613698 -33.617008 -17.890652
v 2.333932 -33.617008 -18.325535
v 0.017678 -35.668224 -14.112200
v -1.752282 -35.668224 -14.000843
v -3.494328 -35.668224 -13.668530
v -5.180987 -35.668224 -13.120501
v -6.785660 -35.668224 -12.365398
v -8.283041 -35.668224 -11.415132
v -9.649514 -35.668224 -10.284685
v -10.863530 -35.668224 -8.991889
v -11.905942 -35.668224 -7.557132
v -12.760312 -35.668224 -6.003037
v -13.413165 -35.668224 -4.354116
v -13.854205 -35.668224 -2.636374
v -14.076478 -35.668224 -0.876899
v -14.076476 -35.668224 0.896560
v -13.854202 -35.668224 2.656035
v -13.413160 -35.668224 4.373776
v -12.760305 -35.668224 6.022696
v -11.905934 -35.668224 7.576790
v -10.863519 -35.668224 9.011548
v -9.649502 -35.668224 10.304342
v -8.283031 -35.668224 11.434785
v -6.785649 -35.668224 12.385051
v -5.180974 -35.668224 13.140151
v -3.494314 -35.668224 13.688179
v -1.752268 -35.668224 14.020491
v 0.017692 -35.668224 14.131845
v 1.787651 -35.668224 14.020488
v 3.529697 -35.668224 13.688171
v 5.216356 -35.668224 13.140141
v 6.821029 -35.668224 12.385037
v 8.318409 -35.668224 11.434769
v 9.684880 -35.668224 10.304322
v 10.898895 -35.668224 9.011525
v 11.941306 -35.668224 7.576764
v 12.795674 -35.668224 6.022669
v 13.448526 -35.668224 4.373748
v 13.889565 -35.668224 2.656005
v 14.111835 -35.668224 0.896529
v 14.111832 -35.668224 -0.876929
v 13.889556 -35.668224 -2.636404
v 13.448512 -35.668224 -4.354146
v 12.795655 -35.668224 -6.003065
v 11.941281 -35.668224 -7.557158
v 10.898867 -35.668224 -8.991913
v 9.684848 -35.668224 -10.284706
v 8.318372 -35.668224 -11.415150
v 6.820989 -35.668224 -12.365414
v 5.216314 -35.668224 -13.120512
v 3.529653 -35.668224 -13.668538
v 1.787606 -35.668224 -14.000847
v 0.017678 -37.156925 -9.530427
v -1.178033 -37.156925 -9.455198
v -2.354887 -37.156925 -9.230701
v -3.494323 -37.156925 -8.860476
v -4.578373 -37.156925 -8.350361
v -5.589941 -37.156925 -7.708401
v -6.513074 -37.156925 -6.944718
v -7.333212 -37.156925 -6.071359
v -8.037423 -37.156925 -5.102096
v -8.614599 -37.156925 -4.052215
v -9.055639 -37.156925 -2.938272
v -9.353588 -37.156925 -1.777837
v -9.503746 -37.156925 -0.589209
v -9.503745 -37.156925 0.608866
v -9.353586 -37.156925 1.797493
v -9.055636 -37.156925 2.957928
v -8.614594 -37.156925 4.071869
v -8.037416 -37.156925 5.121750
v -7.333205 -37.156925 6.091012
v -6.513066 -37.156925 6.964371
v -5.589934 -37.156925 7.728051
v -4.578366 -37.156925 8.370010
v -3.494315 -37.156925 8.880125
v -2.354877 -37.156925 9.250350
v -1.178023 -37.156925 9.474846
v 0.017687 -37.156925 9.550073
v 1.213398 -37.156925 9.474843
v 2.390252 -37.156925 9.250345
v 3.529688 -37.156925 8.880119
v 4.613738 -37.156925 8.370002
v 5.625306 -37.156925 7.728040
v 6.548437 -37.156925 6.964357
v 7.368575 -37.156925 6.090997
v 8.072784 -37.156925 5.121732
v 8.649960 -37.156925 4.071851
v 9.090999 -37.156925 2.957909
v 9.388947 -37.156925 1.797473
v 9.539103 -37.156925 0.608845
v 9.539101 -37.156925 -0.589230
v 9.388941 -37.156925 -1.777857
v 9.090990 -37.156925 -2.938292
v 8.649947 -37.156925 -4.052233
v 8.072767 -37.156925 -5.102114
v 7.368556 -37.156925 -6.071375
v 6.548415 -37.156925 -6.944732
v 5.625281 -37.156925 -7.708413
v 4.613711 -37.156925 -8.350370
v 3.529660 -37.156925 -8.860484
v 2.390222 -37.156925 -9.230707
v 1.213368 -37.156925 -9.455201
v 0.017678 -38.059647 -4.798200
v -0.584927 -38.059647 -4.760287
v -1.178029 -38.059647 -4.647147
v -1.752274 -38.059647 -4.460563
v -2.298605 -38.059647 -4.203479
v -2.808407 -38.059647 -3.879948
v -3.273640 -38.059647 -3.495074
v -3.686967 -38.059647 -3.054925
v -4.041870 -38.059647 -2.566443
v -4.332751 -38.059647 -2.037332
v -4.555023 -38.059647 -1.475936
v -4.705181 -38.059647 -0.891108
v -4.780857 -38.059647 -0.292073
v -4.780856 -38.059647 0.311724
v -4.705180 -38.059647 0.910759
v -4.555021 -38.059647 1.495587
v -4.332749 -38.059647 2.056982
v -4.041867 -38.059647 2.586093
v -3.686964 -38.059647 3.074575
v -3.273636 -38.059647 3.514723
v -2.808404 -38.059647 3.899597
v -2.298601 -38.059647 4.223126
v -1.752269 -38.059647 4.480210
v -1.178024 -38.059647 4.666793
v -0.584922 -38.059647 4.779932
v 0.017683 -38.059647 4.817844
v 0.620288 -38.059647 4.779932
v 1.213390 -38.059647 4.666790
v 1.787634 -38.059647 4.480206
v 2.333965 -38.059647 4.223122
v 2.843768 -38.059647 3.899591
v 3.309000 -38.059647 3.514716
v 3.722327 -38.059647 3.074567
v 4.077229 -38.059647 2.586084
v 4.368110 -38.059647 2.056973
v 4.590381 -38.059647 1.495577
v 4.740539 -38.059647 0.910749
v 4.816214 -38.059647 0.311713
v 4.816212 -38.059647 -0.292083
v 4.740536 -38.059647 -0.891119
v 4.590377 -38.059647 -1.475946
v 4.368103 -38.059647 -2.037341
v 4.077220 -38.059647 -2.566452
v 3.722317 -38.059647 -3.054933
v 3.308989 -38.059647 -3.495081
v 2.843755 -38.059647 -3.879954
v 2.333952 -38.059647 -4.203485
v 1.787620 -38.059647 -4.460567
v 1.213375 -38.059647 -4.647150
v 0.620273 -38.059647 -4.760288
v 0.017678 -38.362137 0.009823
vn -0.0000 -1.0000 -0.0000
vn 0.0160 -0.9918 0.1268
vn -0.0000 -0.9918 0.1278
vn 0.0318 -0.9918 0.1238
vn 0.0470 -0.9918 0.1188
vn 0.0616 -0.9918 0.1120
vn 0.0751 -0.9918 0.1034
vn 0.0875 -0.9918 0.0932
vn 0.0985 -0.9918 0.0815
vn 0.1079 -0.9918 0.0685
vn 0.1156 -0.9918 0.0544
vn 0.1215 -0.9918 0.0395
vn 0.1255 -0.9918 0.0239
vn 0.1275 -0.9918 0.0080
vn 0.1275 -0.9918 -0.0080
vn 0.1255 -0.9918 -0.0239
vn 0.1215 -0.9918 -0.0395
vn 0.1156 -0.9918 -0.0544
vn 0.1079 -0.9918 -0.0685
vn 0.0985 -0.9918 -0.0815
vn 0.0875 -0.9918 -0.0932
vn 0.0751 -0.9918 -0.1034
vn 0.0616 -0.9918 -0.1120
vn 0.0470 -0.9918 -0.1188
vn 0.0318 -0.9918 -0.1238
vn 0.0160 -0.9918 -0.1268
vn -0.0000 -0.9918 -0.1278
vn -0.0160 -0.9918 -0.1268
vn -0.0318 -0.9918 -0.1238
vn -0.0470 -0.9918 -0.1188
vn -0.0616 -0.9918 -0.1120
vn -0.0751 -0.9918 -0.1034
vn -0.0875 -0.9918 -0.0932
vn -0.0985 -0.9918 -0.0815
vn -0.1079 -0.9918 -0.0685
vn -0.1156 -0.9918 -0.0544
vn -0.1215 -0.9918 -0.0395
vn -0.1255 -0.9918 -0.0239
vn -0.1276 -0.9918 -0.0080
vn -0.1275 -0.9918 0.0080
vn -0.1255 -0.9918 0.0239
vn -0.1215 -0.9918 0.0395
vn -0.1156 -0.9918 0.0544
vn -0.1079 -0.9918 0.0685
vn -0.0985 -0.9918 0.0815
vn -0.0875 -0.9918 0.0932
vn -0.0751 -0.9918 0.1034
vn -0.0616 -0.9918 0.1120
vn -0.0470 -0.9918 0.1188
vn -0.0318 -0.9918 0.1238
vn -0.0160 -0.9918 0.1268
vn 0.0315 -0.9680 0.2491
vn -0.0000 -0.9680 0.2510
vn 0.0624 -0.9680 0.2432
vn 0.0924 -0.9680 0.2334
vn 0.1209 -0.9680 0.2200
vn 0.1476 -0.9680 0.2031
vn 0.1718 -0.9680 0.1830
vn 0.2120 -0.9680 0.1345
vn 0.1934 -0.9680 0.1600
vn 0.2388 -0.9680 0.0776
vn 0.2271 -0.9680 0.1069
vn 0.2505 -0.9680 0.0158
vn 0.2466 -0.9680 0.0470
vn 0.2505 -0.9680 -0.0158
vn 0.2466 -0.9680 -0.0470
vn 0.2271 -0.9680 -0.1069
vn 0.2388 -0.9680 -0.0776
vn 0.2120 -0.9680 -0.1345
vn 0.1934 -0.9680 -0.1600
vn 0.1718 -0.9680 -0.1830
vn 0.1209 -0.9680 -0.2200
vn 0.1476 -0.9680 -0.2031
vn 0.0924 -0.9680 -0.2334
vn 0.0624 -0.9680 -0.2432
vn -0.0000 -0.9680 -0.2510
vn 0.0315 -0.9680 -0.2491
vn -0.0624 -0.9680 -0.2432
vn -0.0315 -0.9680 -0.2491
vn -0.0924 -0.9680 -0.2334
vn -0.1209 -0.9680 -0.2200
vn -0.1718 -0.9680 -0.1830
vn -0.1476 -0.9680 -0.2031
vn -0.1934 -0.9680 -0.1600
vn -0.2120 -0.9680 -0.1345
vn -0.2271 -0.9680 -0.1069
vn -0.2388 -0.9680 -0.0776
vn -0.2466 -0.9680 -0.0470
vn -0.2505 -0.9680 -0.0158
vn -0.2466 -0.9680 0.0470
vn -0.2505 -0.9680 0.0158
vn -0.2388 -0.9680 0.0776
vn -0.2271 -0.9680 0.1069
vn -0.2120 -0.9680 0.1345
vn -0.1934 -0.9680 0.1600
vn -0.1476 -0.9680 0.2031
vn -0.1718 -0.9680 0.1830
vn -0.1209 -0.9680 0.2200
vn -0.0924 -0.9680 0.2334
vn -0.0624 -0.9680 0.2432
vn -0.0315 -0.9680 0.2491
vn -0.0000 -0.9289 0.3703
vn 0.0464 -0.9289 0.3674
vn 0.0921 -0.9289 0.3587
vn 0.1784 -0.9289 0.3245
vn 0.1363 -0.9289 0.3443
vn 0.2177 -0.9289 0.2996
vn 0.2853 -0.9289 0.2360
vn 0.2535 -0.9289 0.2699
vn 0.3126 -0.9289 0.1984
vn 0.3350 -0.9289 0.1577
vn 0.3522 -0.9289 0.1144
vn 0.3696 -0.9289 0.0233
vn 0.3637 -0.9289 0.0694
vn 0.3637 -0.9289 -0.0694
vn 0.3696 -0.9289 -0.0233
vn 0.3522 -0.9289 -0.1144
vn 0.3350 -0.9289 -0.1577
vn 0.3126 -0.9289 -0.1984
vn 0.2853 -0.9289 -0.2360
vn 0.2535 -0.9289 -0.2699
vn 0.1784 -0.9289 -0.3245
vn 0.2177 -0.9289 -0.2996
vn 0.1363 -0.9289 -0.3443
vn 0.0464 -0.9289 -0.3674
vn 0.0921 -0.9289 -0.3587
vn -0.0000 -0.9289 -0.3703
vn -0.0921 -0.9289 -0.3587
vn -0.0464 -0.9289 -0.3674
vn -0.1363 -0.9289 -0.3443
vn -0.1784 -0.9289 -0.3245
vn -0.2535 -0.9289 -0.2699
vn -0.2177 -0.9289 -0.2996
vn -0.3126 -0.9289 -0.1984
vn -0.2853 -0.9289 -0.2360
vn -0.3522 -0.9289 -0.1144
vn -0.3350 -0.9289 -0.1577
vn -0.3637 -0.9289 -0.0694
vn -0.3696 -0.9289 -0.0233
vn -0.3696 -0.9289 0.0233
vn -0.3637 -0.9289 0.0694
vn -0.3350 -0.9289 0.1577
vn -0.3522 -0.9289 0.1144
vn -0.3126 -0.9289 0.1984
vn -0.2853 -0.9289 0.2360
vn -0.2535 -0.9289 0.2699
vn -0.2177 -0.9289 0.2996
vn -0.1363 -0.9289 0.3443
vn -0.1784 -0.9289 0.3245
vn -0.0921 -0.9289 0.3587
vn -0.0464 -0.9289 0.3674
vn 0.0606 -0.8752 0.4799
vn -0.0000 -0.8752 0.4837
vn 0.1203 -0.8752 0.4685
vn 0.2330 -0.8752 0.4239
vn 0.1781 -0.8752 0.4497
vn 0.3311 -0.8752 0.3526
vn 0.2843 -0.8752 0.3913
vn 0.3727 -0.8752 0.3083
vn 0.4084 -0.8752 0.2592
vn 0.4600 -0.8752 0.1495
vn 0.4376 -0.8752 0.2059
vn 0.4751 -0.8752 0.0906
vn 0.4827 -0.8752 0.0304
vn 0.4827 -0.8752 -0.0304
vn 0.4751 -0.8752 -0.0906
vn 0.4376 -0.8752 -0.2059
vn 0.4600 -0.8752 -0.1495
vn 0.4084 -0.8752 -0.2592
vn 0.3311 -0.8752 -0.3526
vn 0.3727 -0.8752 -0.3083
vn 0.2843 -0.8752 -0.3913
vn 0.1781 -0.8752 -0.4497
vn 0.2330 -0.8752 -0.4238
vn 0.0606 -0.8752 -0.4799
vn 0.1203 -0.8752 -0.4685
vn -0.0000 -0.8752 -0.4837
vn -0.0606 -0.8752 -0.4799
vn -0.1203 -0.8752 -0.4685
vn -0.2330 -0.8752 -0.4238
vn -0.1781 -0.8752 -0.4497
vn -0.2843 -0.8752 -0.3913
vn -0.3311 -0.8752 -0.3526
vn -0.4084 -0.8752 -0.2592
vn -0.3727 -0.8752 -0.3083
vn -0.4600 -0.8752 -0.1495
vn -0.4376 -0.8752 -0.2059
vn -0.4827 -0.8752 -0.0304
vn -0.4751 -0.8752 -0.0906
vn -0.4827 -0.8752 0.0304
vn -0.4751 -0.8752 0.0906
vn -0.4376 -0.8752 0.2059
vn -0.4600 -0.8752 0.1495
vn -0.4084 -0.8752 0.2592
vn -0.3727 -0.8752 0.3083
vn -0.3311 -0.8752 0.3526
vn -0.2843 -0.8752 0.3913
vn -0.1781 -0.8752 0.4497
vn -0.2330 -0.8752 0.4238
vn -0.1203 -0.8752 0.4685
vn -0.0606 -0.8752 0.4799
vn -0.0000 -0.8078 0.5894
vn 0.0739 -0.8078 0.5848
vn 0.1466 -0.8078 0.5709
vn 0.2840 -0.8078 0.5165
vn 0.2170 -0.8078 0.5480
vn 0.3465 -0.8078 0.4769
vn 0.4542 -0.8078 0.3757
vn 0.4035 -0.8078 0.4297
vn 0.4977 -0.8078 0.3158
vn 0.5333 -0.8078 0.2510
vn 0.5606 -0.8078 0.1821
vn 0.5790 -0.8078 0.1104
vn 0.5883 -0.8078 0.0370
vn 0.5883 -0.8078 -0.0370
vn 0.5790 -0.8078 -0.1104
vn 0.5333 -0.8078 -0.2510
vn 0.5606 -0.8078 -0.1821
vn 0.4977 -0.8078 -0.3158
vn 0.4542 -0.8078 -0.3757
vn 0.4035 -0.8078 -0.4297
vn 0.3465 -0.8078 -0.4769
vn 0.2840 -0.8078 -0.5165
vn 0.2170 -0.8078 -0.5480
vn 0.1466 -0.8078 -0.5709
vn -0.0000 -0.8078 -0.5894
vn 0.0739 -0.8078 -0.5848
vn -0.0739 -0.8078 -0.5848
vn -0.1466 -0.8078 -0.5709
vn -0.2840 -0.8078 -0.5165
vn -0.2170 -0.8078 -0.5480
vn -0.3465 -0.8078 -0.4769
vn -0.4542 -0.8078 -0.3757
vn -0.4035 -0.8078 -0.4297
vn -0.4977 -0.8078 -0.3158
vn -0.5606 -0.8078 -0.1821
vn -0.5333 -0.8078 -0.2510
vn -0.5790 -0.8078 -0.1104
vn -0.5883 -0.8078 -0.0370
vn -0.5790 -0.8078 0.1104
vn -0.5883 -0.8078 0.0370
vn -0.5333 -0.8078 0.2510
vn -0.5606 -0.8078 0.1821
vn -0.4977 -0.8078 0.3158
vn -0.4542 -0.8078 0.3757
vn -0.3465 -0.8078 0.4769
vn -0.4035 -0.8078 0.4297
vn -0.2840 -0.8078 0.5165
vn -0.2170 -0.8078 0.5480
vn -0.1466 -0.8078 0.5709
vn -0.0739 -0.8078 0.5848
vn -0.0000 -0.7277 0.6859
vn 0.1706 -0.7277 0.6643
vn 0.0860 -0.7277 0.6805
vn 0.3304 -0.7277 0.6010
vn 0.2525 -0.7277 0.6377
vn 0.4695 -0.7277 0.5000
vn 0.4031 -0.7277 0.5549
vn 0.5285 -0.7277 0.4372
vn 0.6206 -0.7277 0.2920
vn 0.5791 -0.7277 0.3675
vn 0.6737 -0.7277 0.1285
vn 0.6523 -0.7277 0.2119
vn 0.6845 -0.7277 -0.0431
vn 0.6845 -0.7277 0.0431
vn 0.6737 -0.7277 -0.1285
vn 0.6523 -0.7277 -0.2119
vn 0.6206 -0.7277 -0.2920
vn 0.5791 -0.7277 -0.3675
vn 0.4695 -0.7277 -0.5000
vn 0.5285 -0.7277 -0.4372
vn 0.4031 -0.7277 -0.5549
vn 0.2525 -0.7277 -0.6377
vn 0.3304 -0.7277 -0.6010
vn 0.1706 -0.7277 -0.6643
vn -0.0000 -0.7277 -0.6859
vn 0.0860 -0.7277 -0.6805
vn -0.1706 -0.7277 -0.6643
vn -0.0860 -0.7277 -0.6805
vn -0.3304 -0.7277 -0.6010
vn -0.2525 -0.7277 -0.6377
vn -0.4031 -0.7277 -0.5549
vn -0.5285 -0.7277 -0.4372
vn -0.4695 -0.7277 -0.5000
vn -0.5791 -0.7277 -0.3675
vn -0.6206 -0.7277 -0.2920
vn -0.6523 -0.7277 -0.2119
vn -0.6845 -0.7277 -0.0431
vn -0.6737 -0.7277 -0.1285
vn -0.6845 -0.7277 0.0431
vn -0.6737 -0.7277 0.1285
vn -0.6523 -0.7277 0.2119
vn -0.6206 -0.7277 0.2920
vn -0.5791 -0.7277 0.3675
vn -0.5285 -0.7277 0.4372
vn -0.4695 -0.7277 0.5000
vn -0.4031 -0.7277 0.5549
vn -0.2525 -0.7277 0.6377
vn -0.3304 -0.7277 0.6010
vn -0.1706 -0.7277 0.6643
vn -0.0860 -0.7277 0.6805
vn 0.0967 -0.6362 0.7654
vn -0.0000 -0.6362 0.7715
vn 0.1919 -0.6362 0.7473
vn 0.2840 -0.6362 0.7174
vn 0.3717 -0.6362 0.6761
vn 0.4535 -0.6362 0.6242
vn 0.5945 -0.6362 0.4918
vn 0.5281 -0.6362 0.5624
vn 0.6514 -0.6362 0.4134
vn 0.6981 -0.6362 0.3285
vn 0.7579 -0.6362 0.1446
vn 0.7338 -0.6362 0.2384
vn 0.7700 -0.6362 0.0484
vn 0.7700 -0.6362 -0.0484
vn 0.7579 -0.6362 -0.1446
vn 0.6981 -0.6362 -0.3285
vn 0.7338 -0.6362 -0.2384
vn 0.6514 -0.6362 -0.4134
vn 0.5945 -0.6362 -0.4918
vn 0.5281 -0.6362 -0.5624
vn 0.4535 -0.6362 -0.6242
vn 0.2840 -0.6362 -0.7173
vn 0.3717 -0.6362 -0.6761
vn 0.0967 -0.6362 -0.7654
vn 0.1919 -0.6362 -0.7473
vn -0.0000 -0.6362 -0.7715
vn -0.0967 -0.6362 -0.7654
vn -0.1919 -0.6362 -0.7473
vn -0.2840 -0.6362 -0.7173
vn -0.3717 -0.6362 -0.6761
vn -0.4535 -0.6362 -0.6242
vn -0.5281 -0.6362 -0.5624
vn -0.5945 -0.6362 -0.4918
vn -0.6514 -0.6362 -0.4134
vn -0.6981 -0.6362 -0.3285
vn -0.7579 -0.6362 -0.1446
vn -0.7338 -0.6362 -0.2384
vn -0.7700 -0.6362 -0.0484
vn -0.7579 -0.6362 0.1446
vn -0.7700 -0.6362 0.0484
vn -0.7338 -0.6362 0.2384
vn -0.6514 -0.6362 0.4134
vn -0.6981 -0.6362 0.3285
vn -0.5281 -0.6362 0.5624
vn -0.5945 -0.6362 0.4918
vn -0.4535 -0.6362 0.6242
vn -0.2840 -0.6362 0.7174
vn -0.3717 -0.6362 0.6761
vn -0.0967 -0.6362 0.7654
vn -0.1919 -0.6362 0.7473
vn -0.0000 -0.5347 0.8450
vn 0.1059 -0.5347 0.8384
vn 0.2102 -0.5347 0.8185
vn 0.3111 -0.5347 0.7857
vn 0.4071 -0.5347 0.7405
vn 0.4967 -0.5347 0.6837
vn 0.5785 -0.5347 0.6160
vn 0.6511 -0.5347 0.5387
vn 0.7135 -0.5347 0.4528
vn 0.7646 -0.5347 0.3598
vn 0.8301 -0.5347 0.1583
vn 0.8037 -0.5347 0.2611
vn 0.8434 -0.5347 0.0531
vn 0.8434 -0.5347 -0.0531
vn 0.8301 -0.5347 -0.1583
vn 0.8037 -0.5347 -0.2611
vn 0.7646 -0.5347 -0.3598
vn 0.7135 -0.5347 -0.4528
vn 0.5785 -0.5347 -0.6160
vn 0.6511 -0.5347 -0.5387
vn 0.4967 -0.5347 -0.6837
vn 0.4071 -0.5347 -0.7405
vn 0.3111 -0.5347 -0.7857
vn 0.1059 -0.5347 -0.8384
vn 0.2102 -0.5347 -0.8185
vn -0.1059 -0.5347 -0.8384
vn -0.0000 -0.5347 -0.8450
vn -0.2102 -0.5347 -0.8185
vn -0.3111 -0.5347 -0.7857
vn -0.4071 -0.5347 -0.7405
vn -0.5785 -0.5347 -0.6160
vn -0.4967 -0.5347 -0.6837
vn -0.6511 -0.5347 -0.5387
vn -0.7135 -0.5347 -0.4528
vn -0.7646 -0.5347 -0.3598
vn -0.8037 -0.5347 -0.2611
vn -0.8301 -0.5347 -0.1583
vn -0.8434 -0.5347 0.0531
vn -0.8434 -0.5347 -0.0531
vn -0.8037 -0.5347 0.2611
vn -0.8301 -0.5347 0.1583
vn -0.7646 -0.5347 0.3598
vn -0.7135 -0.5347 0.4528
vn -0.5785 -0.5347 0.6160
vn -0.6511 -0.5347 0.5387
vn -0.4071 -0.5347 0.7405
vn -0.4967 -0.5347 0.6837
vn -0.3111 -0.5347 0.7857
vn -0.2102 -0.5347 0.8185
vn -0.1059 -0.5347 0.8384
vn -0.0000 -0.4248 0.9053
vn 0.2251 -0.4248 0.8768
vn 0.1135 -0.4248 0.8981
vn 0.3333 -0.4248 0.8417
vn 0.4361 -0.4248 0.7933
vn 0.5321 -0.4248 0.7324
vn 0.6975 -0.4248 0.5770
vn 0.6197 -0.4248 0.6599
vn 0.7644 -0.4248 0.4851
vn 0.8610 -0.4248 0.2797
vn 0.8191 -0.4248 0.3855
vn 0.9035 -0.4248 0.0568
vn 0.8892 -0.4248 0.1696
vn 0.9035 -0.4248 -0.0568
vn 0.8892 -0.4248 -0.1696
vn 0.8191 -0.4248 -0.3855
vn 0.8610 -0.4248 -0.2797
vn 0.6975 -0.4248 -0.5770
vn 0.7644 -0.4248 -0.4851
vn 0.6197 -0.4248 -0.6599
vn 0.5321 -0.4248 -0.7324
vn 0.3333 -0.4248 -0.8417
vn 0.4361 -0.4248 -0.7933
vn 0.2251 -0.4248 -0.8768
vn 0.1135 -0.4248 -0.8981
vn -0.1135 -0.4248 -0.8981
vn -0.0000 -0.4248 -0.9053
vn -0.3333 -0.4248 -0.8417
vn -0.2251 -0.4248 -0.8768
vn -0.4361 -0.4248 -0.7933
vn -0.5321 -0.4248 -0.7324
vn -0.6197 -0.4248 -0.6599
vn -0.6975 -0.4248 -0.5770
vn -0.7644 -0.4248 -0.4851
vn -0.8610 -0.4248 -0.2797
vn -0.8191 -0.4248 -0.3854
vn -0.8892 -0.4248 -0.1696
vn -0.9035 -0.4248 0.0568
vn -0.9035 -0.4248 -0.0568
vn -0.8610 -0.4248 0.2797
vn -0.8892 -0.4248 0.1696
vn -0.8191 -0.4248 0.3854
vn -0.7644 -0.4248 0.4851
vn -0.6975 -0.4248 0.5770
vn -0.6197 -0.4248 0.6599
vn -0.5321 -0.4248 0.7324
vn -0.3333 -0.4248 0.8417
vn -0.4361 -0.4248 0.7933
vn -0.2251 -0.4248 0.8768
vn -0.1135 -0.4248 0.8981
vn -0.0000 -0.3083 0.9513
vn 0.2366 -0.3083 0.9214
vn 0.1192 -0.3083 0.9438
vn 0.3502 -0.3083 0.8845
vn 0.4583 -0.3083 0.8336
vn 0.5592 -0.3083 0.7696
vn 0.6512 -0.3083 0.6935
vn 0.7330 -0.3083 0.6064
vn 0.8032 -0.3083 0.5097
vn 0.8608 -0.3083 0.4050
vn 0.9344 -0.3083 0.1783
vn 0.9047 -0.3083 0.2940
vn 0.9494 -0.3083 0.0597
vn 0.9494 -0.3083 -0.0597
vn 0.9047 -0.3083 -0.2940
vn 0.9344 -0.3083 -0.1783
vn 0.8032 -0.3083 -0.5097
vn 0.8608 -0.3083 -0.4050
vn 0.7330 -0.3083 -0.6064
vn 0.6512 -0.3083 -0.6935
vn 0.5592 -0.3083 -0.7696
vn 0.3502 -0.3083 -0.8845
vn 0.4583 -0.3083 -0.8336
vn 0.2366 -0.3083 -0.9214
vn 0.1192 -0.3083 -0.9438
vn -0.0000 -0.3083 -0.9513
vn -0.2366 -0.3083 -0.9214
vn -0.1192 -0.3083 -0.9438
vn -0.3502 -0.3083 -0.8845
vn -0.4583 -0.3083 -0.8336
vn -0.5592 -0.3083 -0.7696
vn -0.7330 -0.3083 -0.6064
vn -0.6512 -0.3083 -0.6935
vn -0.8032 -0.3083 -0.5097
vn -0.9047 -0.3083 -0.2940
vn -0.8608 -0.3083 -0.4050
vn -0.9344 -0.3083 -0.1783
vn -0.9494 -0.3083 0.0597
vn -0.9494 -0.3083 -0.0597
vn -0.9344 -0.3083 0.1783
vn -0.9047 -0.3083 0.2940
vn -0.8608 -0.3083 0.4050
vn -0.8032 -0.3083 0.5097
vn -0.7330 -0.3083 0.6064
vn -0.5592 -0.3083 0.7696
vn -0.6512 -0.3083 0.6935
vn -0.4583 -0.3083 0.8336
vn -0.3502 -0.3083 0.8845
vn -0.2366 -0.3083 0.9214
vn -0.1192 -0.3083 0.9438
vn 0.1231 -0.1869 0.9746
vn -0.0000 -0.1869 0.9824
vn 0.2443 -0.1869 0.9515
vn 0.3616 -0.1869 0.9134
vn 0.4733 -0.1869 0.8609
vn 0.6725 -0.1869 0.7161
vn 0.5774 -0.1869 0.7948
vn 0.7569 -0.1869 0.6262
vn 0.8294 -0.1869 0.5264
vn 0.8889 -0.1869 0.4183
vn 0.9343 -0.1869 0.3036
vn 0.9804 -0.1869 0.0617
vn 0.9650 -0.1869 0.1841
vn 0.9804 -0.1869 -0.0617
vn 0.9650 -0.1869 -0.1841
vn 0.9343 -0.1869 -0.3036
vn 0.8889 -0.1869 -0.4183
vn 0.7569 -0.1869 -0.6262
vn 0.8294 -0.1869 -0.5264
vn 0.6725 -0.1869 -0.7161
vn 0.4733 -0.1869 -0.8609
vn 0.5774 -0.1869 -0.7948
vn 0.3616 -0.1869 -0.9134
vn 0.2443 -0.1869 -0.9515
vn -0.0000 -0.1869 -0.9824
vn 0.1231 -0.1869 -0.9746
vn -0.1231 -0.1869 -0.9746
vn -0.2443 -0.1869 -0.9515
vn -0.3616 -0.1869 -0.9134
vn -0.4733 -0.1869 -0.8609
vn -0.5774 -0.1869 -0.7948
vn -0.6725 -0.1869 -0.7161
vn -0.8294 -0.1869 -0.5264
vn -0.7569 -0.1869 -0.6262
vn -0.8889 -0.1869 -0.4183
vn -0.9343 -0.1869 -0.3036
vn -0.9650 -0.1869 -0.1841
vn -0.9804 -0.1869 0.0617
vn -0.9804 -0.1869 -0.0617
vn -0.9343 -0.1869 0.3036
vn -0.9650 -0.1869 0.1841
vn -0.8889 -0.1869 0.4183
vn -0.8294 -0.1869 0.5264
vn -0.6725 -0.1869 0.7161
vn -0.7569 -0.1869 0.6262
vn -0.5774 -0.1869 0.7948
vn -0.4733 -0.1869 0.8609
vn -0.2443 -0.1869 0.9515
vn -0.3616 -0.1869 0.9134
vn -0.1231 -0.1869 0.9746
vn -0.0000 -0.0626 0.9980
vn 0.1251 -0.0626 0.9902
vn 0.2482 -0.0626 0.9667
vn 0.3674 -0.0626 0.9280
vn 0.4808 -0.0626 0.8746
vn 0.5866 -0.0626 0.8074
vn 0.6832 -0.0626 0.7275
vn 0.8427 -0.0626 0.5348
vn 0.7690 -0.0626 0.6362
vn 0.9031 -0.0626 0.4249
vn 0.9804 -0.0626 0.1870
vn 0.9492 -0.0626 0.3084
vn 0.9961 -0.0626 -0.0627
vn 0.9961 -0.0626 0.0627
vn 0.9804 -0.0626 -0.1870
vn 0.9492 -0.0626 -0.3084
vn 0.9031 -0.0626 -0.4249
vn 0.7690 -0.0626 -0.6362
vn 0.8427 -0.0626 -0.5348
vn 0.5866 -0.0626 -0.8074
vn 0.6832 -0.0626 -0.7275
vn 0.4808 -0.0626 -0.8746
vn 0.2482 -0.0626 -0.9667
vn 0.3674 -0.0626 -0.9280
vn 0.1251 -0.0626 -0.9902
vn -0.0000 -0.0626 -0.9980
vn -0.2482 -0.0626 -0.9667
vn -0.1251 -0.0626 -0.9902
vn -0.3674 -0.0626 -0.9280
vn -0.4808 -0.0626 -0.8746
vn -0.5866 -0.0626 -0.8074
vn -0.6832 -0.0626 -0.7275
vn -0.7690 -0.0626 -0.6362
vn -0.8427 -0.0626 -0.5348
vn -0.9031 -0.0626 -0.4249
vn -0.9492 -0.0626 -0.3084
vn -0.9804 -0.0626 -0.1870
vn -0.9961 -0.0626 0.0627
vn -0.9961 -0.0626 -0.0627
vn -0.9492 -0.0626 0.3084
vn -0.9804 -0.0626 0.1870
vn -0.9030 -0.0626 0.4249
vn -0.8427 -0.0626 0.5348
vn -0.7690 -0.0626 0.6362
vn -0.5866 -0.0626 0.8074
vn -0.6832 -0.0626 0.7275
vn -0.4808 -0.0626 0.8746
vn -0.3674 -0.0626 0.9280
vn -0.2482 -0.0626 0.9667
vn -0.1251 -0.0626 0.9902
vn -0.0000 0.0626 0.9980
vn 0.1251 0.0626 0.9902
vn 0.2482 0.0626 0.9667
vn 0.3674 0.0626 0.9280
vn 0.4808 0.0626 0.8746
vn 0.5866 0.0626 0.8074
vn 0.6832 0.0626 0.7275
vn 0.7690 0.0626 0.6362
vn 0.8427 0.0626 0.5348
vn 0.9031 0.0626 0.4249
vn 0.9492 0.0626 0.3084
vn 0.9804 0.0626 0.1870
vn 0.9961 0.0626 0.0627
vn 0.9961 0.0626 -0.0627
vn 0.9804 0.0626 -0.1870
vn 0.9492 0.0626 -0.3084
vn 0.9030 0.0626 -0.4249
vn 0.8427 0.0626 -0.5348
vn 0.7690 0.0626 -0.6362
vn 0.6832 0.0626 -0.7275
vn 0.5866 0.0626 -0.8074
vn 0.4808 0.0626 -0.8746
vn 0.3674 0.0626 -0.9280
vn 0.2482 0.0626 -0.9667
vn 0.1251 0.0626 -0.9902
vn -0.0000 0.0626 -0.9980
vn -0.1251 0.0626 -0.9902
vn -0.2482 0.0626 -0.9667
vn -0.3674 0.0626 -0.9280
vn -0.4808 0.0626 -0.8746
vn -0.5866 0.0626 -0.8074
vn -0.6832 0.0626 -0.7275
vn -0.7690 0.0626 -0.6362
vn -0.8427 0.0626 -0.5348
vn -0.9031 0.0626 -0.4249
vn -0.9492 0.0626 -0.3084
vn -0.9804 0.0626 -0.1870
vn -0.9961 0.0626 -0.0627
vn -0.9961 0.0626 0.0627
vn -0.9804 0.0626 0.1870
vn -0.9492 0.0626 0.3084
vn -0.9030 0.0626 0.4249
vn -0.8427 0.0626 0.5348
vn -0.7690 0.0626 0.6362
vn -0.6832 0.0626 0.7275
vn -0.5866 0.0626 0.8074
vn -0.4808 0.0626 0.8746
vn -0.3674 0.0626 0.9280
vn -0.2482 0.0626 0.9667
vn -0.1251 0.0626 0.9902
vn -0.0000 0.1869 0.9824
vn 0.2443 0.1869 0.9515
vn 0.1231 0.1869 0.9746
vn 0.3616 0.1869 0.9134
vn 0.4733 0.1869 0.8609
vn 0.5774 0.1869 0.7948
vn 0.7569 0.1869 0.6262
vn 0.6725 0.1869 0.7161
vn 0.8294 0.1869 0.5264
vn 0.8889 0.1869 0.4183
vn 0.9343 0.1869 0.3036
vn 0.9650 0.1869 0.1841
vn 0.9804 0.1869 0.0617
vn 0.9804 0.1869 -0.0617
vn 0.9650 0.1869 -0.1841
vn 0.9343 0.1869 -0.3036
vn 0.8294 0.1869 -0.5264
vn 0.8889 0.1869 -0.4183
vn 0.7569 0.1869 -0.6262
vn 0.6725 0.1869 -0.7161
vn 0.5774 0.1869 -0.7948
vn 0.4733 0.1869 -0.8609
vn 0.3616 0.1869 -0.9134
vn 0.2443 0.1869 -0.9515
vn 0.1231 0.1869 -0.9746
vn -0.0000 0.1869 -0.9824
vn -0.1231 0.1869 -0.9746
vn -0.2443 0.1869 -0.9515
vn -0.3616 0.1869 -0.9134
vn -0.4733 0.1869 -0.8609
vn -0.6725 0.1869 -0.7161
vn -0.5774 0.1869 -0.7948
vn -0.7569 0.1869 -0.6262
vn -0.8889 0.1869 -0.4183
vn -0.8294 0.1869 -0.5264
vn -0.9343 0.1869 -0.3036
vn -0.9804 0.1869 -0.0617
vn -0.9650 0.1869 -0.1841
vn -0.9804 0.1869 0.0617
vn -0.9650 0.1869 0.1841
vn -0.9343 0.1869 0.3036
vn -0.8294 0.1869 0.5264
vn -0.8889 0.1869 0.4183
vn -0.7569 0.1869 0.6262
vn -0.5774 0.1869 0.7948
vn -0.6725 0.1869 0.7161
vn -0.4733 0.1869 0.8609
vn -0.2443 0.1869 0.9515
vn -0.3616 0.1869 0.9134
vn -0.1231 0.1869 0.9746
vn -0.0000 0.3083 0.9513
vn 0.1192 0.3083 0.9438
vn 0.3502 0.3083 0.8845
vn 0.2366 0.3083 0.9214
vn 0.4583 0.3083 0.8336
vn 0.6512 0.3083 0.6935
vn 0.5592 0.3083 0.7696
vn 0.7330 0.3083 0.6064
vn 0.8032 0.3083 0.5097
vn 0.8608 0.3083 0.4050
vn 0.9047 0.3083 0.2940
vn 0.9344 0.3083 0.1783
vn 0.9494 0.3083 0.0597
vn 0.9494 0.3083 -0.0597
vn 0.9344 0.3083 -0.1783
vn 0.9047 0.3083 -0.2940
vn 0.8032 0.3083 -0.5097
vn 0.8608 0.3083 -0.4050
vn 0.7330 0.3083 -0.6064
vn 0.5592 0.3083 -0.7696
vn 0.6512 0.3083 -0.6935
vn 0.4583 0.3083 -0.8336
vn 0.3502 0.3083 -0.8845
vn 0.1192 0.3083 -0.9438
vn 0.2366 0.3083 -0.9214
vn -0.0000 0.3083 -0.9513
vn -0.1192 0.3083 -0.9438
vn -0.2366 0.3083 -0.9214
vn -0.3502 0.3083 -0.8845
vn -0.4583 0.3083 -0.8336
vn -0.6512 0.3083 -0.6935
vn -0.5592 0.3083 -0.7696
vn -0.7330 0.3083 -0.6064
vn -0.8032 0.3083 -0.5097
vn -0.8608 0.3083 -0.4050
vn -0.9047 0.3083 -0.2940
vn -0.9494 0.3083 -0.0597
vn -0.9344 0.3083 -0.1783
vn -0.9494 0.3083 0.0597
vn -0.9047 0.3083 0.2940
vn -0.9344 0.3083 0.1783
vn -0.8608 0.3083 0.4050
vn -0.8032 0.3083 0.5097
vn -0.7330 0.3083 0.6064
vn -0.6512 0.3083 0.6935
vn -0.4583 0.3083 0.8336
vn -0.5592 0.3083 0.7696
vn -0.3502 0.3083 0.8845
vn -0.2366 0.3083 0.9214
vn -0.1192 0.3083 0.9438
vn 0.1135 0.4248 0.8981
vn -0.0000 0.4248 0.9053
vn 0.3333 0.4248 0.8417
vn 0.2251 0.4248 0.8768
vn 0.5321 0.4248 0.7324
vn 0.4361 0.4248 0.7933
vn 0.6197 0.4248 0.6599
vn 0.6975 0.4248 0.5770
vn 0.7644 0.4248 0.4851
vn 0.8191 0.4248 0.3854
vn 0.8892 0.4248 0.1696
vn 0.8610 0.4248 0.2797
vn 0.9035 0.4248 0.0568
vn 0.8892 0.4248 -0.1696
vn 0.9035 0.4248 -0.0568
vn 0.8191 0.4248 -0.3854
vn 0.8610 0.4248 -0.2797
vn 0.7644 0.4248 -0.4851
vn 0.6975 0.4248 -0.5770
vn 0.5321 0.4248 -0.7324
vn 0.6197 0.4248 -0.6599
vn 0.3333 0.4248 -0.8417
vn 0.4361 0.4248 -0.7933
vn 0.2251 0.4248 -0.8768
vn 0.1135 0.4248 -0.8981
vn -0.0000 0.4248 -0.9053
vn -0.1135 0.4248 -0.8981
vn -0.2251 0.4248 -0.8768
vn -0.4361 0.4248 -0.7933
vn -0.3333 0.4248 -0.8417
vn -0.5321 0.4248 -0.7324
vn -0.6197 0.4248 -0.6599
vn -0.6975 0.4248 -0.5770
vn -0.8191 0.4248 -0.3854
vn -0.7644 0.4248 -0.4851
vn -0.8610 0.4248 -0.2797
vn -0.9035 0.4248 -0.0568
vn -0.8892 0.4248 -0.1696
vn -0.8892 0.4248 0.1696
vn -0.9035 0.4248 0.0568
vn -0.8610 0.4248 0.2797
vn -0.8191 0.4248 0.3855
vn -0.6975 0.4248 0.5770
vn -0.7644 0.4248 0.4851
vn -0.6197 0.4248 0.6599
vn -0.5321 0.4248 0.7324
vn -0.3333 0.4248 0.8417
vn -0.4361 0.4248 0.7933
vn -0.2251 0.4248 0.8768
vn -0.1135 0.4248 0.8981
vn -0.0000 0.5347 0.8450
vn 0.1059 0.5347 0.8384
vn 0.3111 0.5347 0.7857
vn 0.2102 0.5347 0.8185
vn 0.4071 0.5347 0.7405
vn 0.4967 0.5347 0.6837
vn 0.5785 0.5347 0.6160
vn 0.6511 0.5347 0.5387
vn 0.7646 0.5347 0.3598
vn 0.7135 0.5347 0.4528
vn 0.8037 0.5347 0.2611
vn 0.8434 0.5347 0.0531
vn 0.8301 0.5347 0.1583
vn 0.8434 0.5347 -0.0531
vn 0.8301 0.5347 -0.1583
vn 0.8037 0.5347 -0.2611
vn 0.7646 0.5347 -0.3598
vn 0.7135 0.5347 -0.4528
vn 0.6511 0.5347 -0.5387
vn 0.4967 0.5347 -0.6837
vn 0.5785 0.5347 -0.6160
vn 0.4071 0.5347 -0.7405
vn 0.2102 0.5347 -0.8185
vn 0.3111 0.5347 -0.7857
vn 0.1059 0.5347 -0.8384
vn -0.0000 0.5347 -0.8450
vn -0.1059 0.5347 -0.8384
vn -0.2102 0.5347 -0.8185
vn -0.3111 0.5347 -0.7857
vn -0.4967 0.5347 -0.6837
vn -0.4071 0.5347 -0.7405
vn -0.5785 0.5347 -0.6160
vn -0.6511 0.5347 -0.5387
vn -0.7135 0.5347 -0.4528
vn -0.7646 0.5347 -0.3598
vn -0.8301 0.5347 -0.1583
vn -0.8037 0.5347 -0.2611
vn -0.8434 0.5347 -0.0531
vn -0.8301 0.5347 0.1583
vn -0.8434 0.5347 0.0531
vn -0.8037 0.5347 0.2611
vn -0.7646 0.5347 0.3598
vn -0.6511 0.5347 0.5387
vn -0.7135 0.5347 0.4528
vn -0.5785 0.5347 0.6160
vn -0.4071 0.5347 0.7405
vn -0.4967 0.5347 0.6837
vn -0.2102 0.5347 0.8185
vn -0.3111 0.5347 0.7857
vn -0.1059 0.5347 0.8384
vn -0.0000 0.6362 0.7715
vn 0.0967 0.6362 0.7654
vn 0.2840 0.6362 0.7174
vn 0.1919 0.6362 0.7473
vn 0.4535 0.6362 0.6242
vn 0.3717 0.6362 0.6761
vn 0.5281 0.6362 0.5624
vn 0.5945 0.6362 0.4918
vn 0.6514 0.6362 0.4134
vn 0.6981 0.6362 0.3285
vn 0.7338 0.6362 0.2384
vn 0.7700 0.6362 0.0484
vn 0.7579 0.6362 0.1446
vn 0.7700 0.6362 -0.0484
vn 0.7579 0.6362 -0.1446
vn 0.7338 0.6362 -0.2384
vn 0.6981 0.6362 -0.3285
vn 0.6514 0.6362 -0.4134
vn 0.5945 0.6362 -0.4918
vn 0.5281 0.6362 -0.5624
vn 0.3717 0.6362 -0.6761
vn 0.4535 0.6362 -0.6242
vn 0.2840 0.6362 -0.7174
vn 0.1919 0.6362 -0.7473
vn 0.0967 0.6362 -0.7654
vn -0.0000 0.6362 -0.7715
vn -0.0967 0.6362 -0.7654
vn -0.2840 0.6362 -0.7173
vn -0.1919 0.6362 -0.7473
vn -0.3717 0.6362 -0.6761
vn -0.4535 0.6362 -0.6242
vn -0.5281 0.6362 -0.5624
vn -0.5945 0.6362 -0.4918
vn -0.6981 0.6362 -0.3285
vn -0.6514 0.6362 -0.4134
vn -0.7579 0.6362 -0.1446
vn -0.7338 0.6362 -0.2384
vn -0.7700 0.6362 -0.0484
vn -0.7579 0.6362 0.1446
vn -0.7700 0.6362 0.0484
vn -0.7338 0.6362 0.2384
vn -0.6981 0.6362 0.3285
vn -0.6514 0.6362 0.4134
vn -0.5945 0.6362 0.4918
vn -0.5281 0.6362 0.5624
vn -0.3717 0.6362 0.6761
vn -0.4535 0.6362 0.6242
vn -0.2840 0.6362 0.7174
vn -0.1919 0.6362 0.7473
vn -0.0967 0.6362 0.7654
vn -0.0000 0.7277 0.6859
vn 0.0860 0.7277 0.6805
vn 0.1706 0.7277 0.6643
vn 0.2525 0.7277 0.6377
vn 0.3304 0.7277 0.6010
vn 0.4695 0.7277 0.5000
vn 0.4031 0.7277 0.5549
vn 0.5791 0.7277 0.3675
vn 0.5285 0.7277 0.4372
vn 0.6206 0.7277 0.2920
vn 0.6523 0.7277 0.2119
vn 0.6845 0.7277 0.0431
vn 0.6737 0.7277 0.1285
vn 0.6845 0.7277 -0.0431
vn 0.6737 0.7277 -0.1285
vn 0.6523 0.7277 -0.2119
vn 0.6206 0.7277 -0.2920
vn 0.5791 0.7277 -0.3675
vn 0.4695 0.7277 -0.5000
vn 0.5285 0.7277 -0.4372
vn 0.4031 0.7277 -0.5549
vn 0.3304 0.7277 -0.6010
vn 0.2525 0.7277 -0.6377
vn 0.1706 0.7277 -0.6643
vn 0.0860 0.7277 -0.6805
vn -0.0000 0.7277 -0.6859
vn -0.0860 0.7277 -0.6805
vn -0.1706 0.7277 -0.6643
vn -0.2525 0.7277 -0.6377
vn -0.3304 0.7277 -0.6010
vn -0.4695 0.7277 -0.5000
vn -0.4031 0.7277 -0.5549
vn -0.5285 0.7277 -0.4372
vn -0.5791 0.7277 -0.3675
vn -0.6523 0.7277 -0.2119
vn -0.6206 0.7277 -0.2920
vn -0.6737 0.7277 -0.1285
vn -0.6845 0.7277 -0.0431
vn -0.6737 0.7277 0.1285
vn -0.6845 0.7277 0.0431
vn -0.6523 0.7277 0.2119
vn -0.6206 0.7277 0.2920
vn -0.5791 0.7277 0.3675
vn -0.5285 0.7277 0.4372
vn -0.4031 0.7277 0.5549
vn -0.4695 0.7277 0.5000
vn -0.3304 0.7277 0.6010
vn -0.1706 0.7277 0.6643
vn -0.2525 0.7277 0.6377
vn -0.0860 0.7277 0.6805
vn -0.0000 0.8078 0.5894
vn 0.1466 0.8078 0.5709
vn 0.0739 0.8078 0.5848
vn 0.2170 0.8078 0.5480
vn 0.2840 0.8078 0.5165
vn 0.3465 0.8078 0.4769
vn 0.4035 0.8078 0.4297
vn 0.4542 0.8078 0.3757
vn 0.5333 0.8078 0.2510
vn 0.4977 0.8078 0.3158
vn 0.5790 0.8078 0.1104
vn 0.5606 0.8078 0.1821
vn 0.5883 0.8078 0.0370
vn 0.5883 0.8078 -0.0370
vn 0.5606 0.8078 -0.1821
vn 0.5790 0.8078 -0.1104
vn 0.4977 0.8078 -0.3158
vn 0.5333 0.8078 -0.2510
vn 0.4542 0.8078 -0.3757
vn 0.4035 0.8078 -0.4297
vn 0.3465 0.8078 -0.4769
vn 0.2840 0.8078 -0.5165
vn 0.2170 0.8078 -0.5480
vn 0.1466 0.8078 -0.5709
vn 0.0739 0.8078 -0.5848
vn -0.0000 0.8078 -0.5894
vn -0.0739 0.8078 -0.5848
vn -0.2170 0.8078 -0.5480
vn -0.1466 0.8078 -0.5709
vn -0.2840 0.8078 -0.5165
vn -0.4035 0.8078 -0.4297
vn -0.3465 0.8078 -0.4769
vn -0.4542 0.8078 -0.3757
vn -0.4977 0.8078 -0.3158
vn -0.5333 0.8078 -0.2510
vn -0.5606 0.8078 -0.1821
vn -0.5790 0.8078 -0.1104
vn -0.5883 0.8078 -0.0370
vn -0.5883 0.8078 0.0370
vn -0.5606 0.8078 0.1821
vn -0.5790 0.8078 0.1104
vn -0.5333 0.8078 0.2510
vn -0.4542 0.8078 0.3757
vn -0.4977 0.8078 0.3158
vn -0.4035 0.8078 0.4297
vn -0.3465 0.8078 0.4769
vn -0.2840 0.8078 0.5165
vn -0.2170 0.8078 0.5480
vn -0.1466 0.8078 0.5709
vn -0.0739 0.8078 0.5848
vn -0.0000 0.8752 0.4837
vn 0.0606 0.8752 0.4799
vn 0.1781 0.8752 0.4497
vn 0.1203 0.8752 0.4685
vn 0.2330 0.8752 0.4238
vn 0.2843 0.8752 0.3913
vn 0.3311 0.8752 0.3526
vn 0.3727 0.8752 0.3083
vn 0.4084 0.8752 0.2592
vn 0.4376 0.8752 0.2059
vn 0.4600 0.8752 0.1495
vn 0.4827 0.8752 0.0304
vn 0.4751 0.8752 0.0906
vn 0.4751 0.8752 -0.0906
vn 0.4827 0.8752 -0.0304
vn 0.4376 0.8752 -0.2059
vn 0.4600 0.8752 -0.1495
vn 0.4084 0.8752 -0.2592
vn 0.3311 0.8752 -0.3526
vn 0.3727 0.8752 -0.3083
vn 0.2843 0.8752 -0.3913
vn 0.2330 0.8752 -0.4239
vn 0.1203 0.8752 -0.4685
vn 0.1781 0.8752 -0.4497
vn 0.0606 0.8752 -0.4799
vn -0.0000 0.8752 -0.4837
vn -0.1203 0.8752 -0.4685
vn -0.0606 0.8752 -0.4799
vn -0.1781 0.8752 -0.4497
vn -0.2330 0.8752 -0.4238
vn -0.2843 0.8752 -0.3913
vn -0.3311 0.8752 -0.3526
vn -0.3727 0.8752 -0.3083
vn -0.4376 0.8752 -0.2059
vn -0.4084 0.8752 -0.2592
vn -0.4600 0.8752 -0.1495
vn -0.4751 0.8752 -0.0906
vn -0.4827 0.8752 -0.0304
vn -0.4827 0.8752 0.0304
vn -0.4600 0.8752 0.1495
vn -0.4751 0.8752 0.0906
vn -0.4376 0.8752 0.2059
vn -0.4084 0.8752 0.2592
vn -0.3311 0.8752 0.3526
vn -0.3727 0.8752 0.3083
vn -0.2843 0.8752 0.3913
vn -0.1781 0.8752 0.4497
vn -0.2330 0.8752 0.4238
vn -0.1203 0.8752 0.4685
vn -0.0606 0.8752 0.4799
vn -0.0000 0.9289 0.3703
vn 0.0464 0.9289 0.3674
vn 0.1363 0.9289 0.3443
vn 0.0921 0.9289 0.3587
vn 0.1784 0.9289 0.3245
vn 0.2176 0.9289 0.2996
vn 0.2535 0.9289 0.2699
vn 0.3126 0.9289 0.1984
vn 0.2853 0.9289 0.2360
vn 0.3522 0.9289 0.1144
vn 0.3350 0.9289 0.1577
vn 0.3637 0.9289 0.0694
vn 0.3696 0.9289 -0.0233
vn 0.3696 0.9289 0.0233
vn 0.3522 0.9289 -0.1144
vn 0.3637 0.9289 -0.0694
vn 0.3350 0.9289 -0.1577
vn 0.3126 0.9289 -0.1984
vn 0.2853 0.9289 -0.2360
vn 0.2177 0.9289 -0.2996
vn 0.2535 0.9289 -0.2699
vn 0.1784 0.9289 -0.3245
vn 0.0921 0.9289 -0.3587
vn 0.1363 0.9289 -0.3443
vn 0.0464 0.9289 -0.3674
vn -0.0000 0.9289 -0.3703
vn -0.0464 0.9289 -0.3674
vn -0.0921 0.9289 -0.3587
vn -0.1363 0.9289 -0.3443
vn -0.1784 0.9289 -0.3245
vn -0.2177 0.9289 -0.2996
vn -0.2535 0.9289 -0.2699
vn -0.2853 0.9289 -0.2360
vn -0.3126 0.9289 -0.1984
vn -0.3522 0.9289 -0.1144
vn -0.3350 0.9289 -0.1577
vn -0.3696 0.9289 -0.0232
vn -0.3637 0.9289 -0.0694
vn -0.3696 0.9289 0.0233
vn -0.3522 0.9289 0.1144
vn -0.3637 0.9289 0.0694
vn -0.3350 0.9289 0.1577
vn -0.3126 0.9289 0.1984
vn -0.2853 0.9289 0.2360
vn -0.2535 0.9289 0.2699
vn -0.2177 0.9289 0.2996
vn -0.1784 0.9289 0.3245
vn -0.1363 0.9289 0.3443
vn -0.0921 0.9289 0.3587
vn -0.0464 0.9289 0.3674
vn -0.0000 0.9680 0.2510
vn 0.0315 0.9680 0.2491
vn 0.0924 0.9680 0.2334
vn 0.0624 0.9680 0.2432
vn 0.1476 0.9680 0.2031
vn 0.1209 0.9680 0.2200
vn 0.1719 0.9680 0.1830
vn 0.2120 0.9680 0.1345
vn 0.1934 0.9680 0.1600
vn 0.2271 0.9680 0.1069
vn 0.2388 0.9680 0.0776
vn 0.2505 0.9680 0.0158
vn 0.2466 0.9680 0.0470
vn 0.2505 0.9680 -0.0158
vn 0.2466 0.9680 -0.0470
vn 0.2388 0.9680 -0.0776
vn 0.2120 0.9680 -0.1345
vn 0.2271 0.9680 -0.1069
vn 0.1718 0.9680 -0.1830
vn 0.1934 0.9680 -0.1600
vn 0.1476 0.9680 -0.2031
vn 0.1209 0.9680 -0.2200
vn 0.0924 0.9680 -0.2334
vn 0.0624 0.9680 -0.2432
vn 0.0315 0.9680 -0.2491
vn -0.0000 0.9680 -0.2510
vn -0.0624 0.9680 -0.2432
vn -0.0315 0.9680 -0.2491
vn -0.0924 0.9680 -0.2334
vn -0.1476 0.9680 -0.2031
vn -0.1209 0.9680 -0.2200
vn -0.1934 0.9680 -0.1600
vn -0.1718 0.9680 -0.1830
vn -0.2271 0.9680 -0.1069
vn -0.2120 0.9680 -0.1345
vn -0.2466 0.9680 -0.0470
vn -0.2388 0.9680 -0.0776
vn -0.2505 0.9680 -0.0158
vn -0.2466 0.9680 0.0470
vn -0.2505 0.9680 0.0158
vn -0.2388 0.9680 0.0776
vn -0.2271 0.9680 0.1069
vn -0.1934 0.9680 0.1600
vn -0.2120 0.9680 0.1345
vn -0.1718 0.9680 0.1830
vn -0.1476 0.9680 0.2031
vn -0.1209 0.9680 0.2200
vn -0.0924 0.9680 0.2334
vn -0.0315 0.9680 0.2491
vn -0.0624 0.9680 0.2432
vn -0.0000 0.9918 0.1278
vn 0.0318 0.9918 0.1238
vn 0.0160 0.9918 0.1268
vn 0.0470 0.9918 0.1188
vn 0.0616 0.9918 0.1120
vn 0.0751 0.9918 0.1034
vn 0.0875 0.9918 0.0932
vn 0.1079 0.9918 0.0685
vn 0.0985 0.9918 0.0815
vn 0.1156 0.9918 0.0544
vn 0.1215 0.9918 0.0395
vn 0.1255 0.9918 0.0239
vn 0.1275 0.9918 0.0080
vn 0.1275 0.9918 -0.0080
vn 0.1255 0.9918 -0.0239
vn 0.1156 0.9918 -0.0544
vn 0.1215 0.9918 -0.0395
vn 0.1079 0.9918 -0.0685
vn 0.0985 0.9918 -0.0815
vn 0.0875 0.9918 -0.0932
vn 0.0751 0.9918 -0.1034
vn 0.0616 0.9918 -0.1120
vn 0.0470 0.9918 -0.1188
vn 0.0318 0.9918 -0.1238
vn 0.0160 0.9918 -0.1268
vn -0.0160 0.9918 -0.1268
vn -0.0000 0.9918 -0.1278
vn -0.0470 0.9918 -0.1188
vn -0.0318 0.9918 -0.1238
vn -0.0751 0.9918 -0.1034
vn -0.0616 0.9918 -0.1120
vn -0.0985 0.9918 -0.0815
vn -0.0875 0.9918 -0.0932
vn -0.1079 0.9918 -0.0685
vn -0.1156 0.9918 -0.0544
vn -0.1215 0.9918 -0.0395
vn -0.1255 0.9918 -0.0239
vn -0.1275 0.9918 -0.0080
vn -0.1255 0.9918 0.0239
vn -0.1275 0.9918 0.0080
vn -0.1215 0.9918 0.0395
vn -0.1156 0.9918 0.0544
vn -0.1079 0.9918 0.0685
vn -0.0985 0.9918 0.0815
vn -0.0875 0.9918 0.0932
vn -0.0751 0.9918 0.1034
vn -0.0470 0.9918 0.1188
vn -0.0616 0.9918 0.1120
vn -0.0160 0.9918 0.1268
vn -0.0318 0.9918 0.1238
vn -0.0000 1.0000 -0.0000
vt 0.000000 1.000000
vt 0.020000 0.960000
vt 0.000000 0.960000
vt 0.020000 1.000000
vt 0.040000 0.960000
vt 0.040000 1.000000
vt 0.060000 0.960000
vt 0.060000 1.000000
vt 0.080000 0.960000
vt 0.080000 1.000000
vt 0.100000 0.960000
vt 0.100000 1.000000
vt 0.120000 0.960000
vt 0.120000 1.000000
vt 0.140000 0.960000
vt 0.140000 1.000000
vt 0.160000 0.960000
vt 0.160000 1.000000
vt 0.180000 0.960000
vt 0.180000 1.000000
vt 0.200000 0.960000
vt 0.200000 1.000000
vt 0.220000 0.960000
vt 0.220000 1.000000
vt 0.240000 0.960000
vt 0.240000 1.000000
vt 0.260000 0.960000
vt 0.260000 1.000000
vt 0.280000 0.960000
vt 0.280000 1.000000
vt 0.300000 0.960000
vt 0.300000 1.000000
vt 0.320000 0.960000
vt 0.320000 1.000000
vt 0.340000 0.960000
vt 0.340000 1.000000
vt 0.360000 0.960000
vt 0.360000 1.000000
vt 0.380000 0.960000
vt 0.380000 1.000000
vt 0.400000 0.960000
vt 0.400000 1.000000
vt 0.420000 0.960000
vt 0.420000 1.000000
vt 0.440000 0.960000
vt 0.440000 1.000000
vt 0.460000 0.960000
vt 0.460000 1.000000
vt 0.480000 0.960000
vt 0.480000 1.000000
vt 0.500000 0.960000
vt 0.500000 1.000000
vt 0.520000 0.960000
vt 0.520000 1.000000
vt 0.540000 0.960000
vt 0.540000 1.000000
vt 0.560000 0.960000
vt 0.560000 1.000000
vt 0.580000 0.960000
vt 0.580000 1.000000
vt 0.600000 0.960000
vt 0.600000 1.000000
vt 0.620000 0.960000
vt 0.620000 1.000000
vt 0.640000 0.960000
vt 0.640000 1.000000
vt 0.660000 0.960000
vt 0.660000 1.000000
vt 0.680000 0.960000
vt 0.680000 1.000000
vt 0.700000 0.960000
vt 0.700000 1.000000
vt 0.720000 0.960000
vt 0.720000 1.000000
vt 0.740000 0.960000
vt 0.740000 1.000000
vt 0.760000 0.960000
vt 0.760000 1.000000
vt 0.780000 0.960000
vt 0.780000 1.000000
vt 0.800000 0.960000
vt 0.800000 1.000000
vt 0.820000 0.960000
vt 0.820000 1.000000
vt 0.840000 0.960000
vt 0.840000 1.000000
vt 0.860000 0.960000
vt 0.860000 1.000000
vt 0.880000 0.960000
vt 0.880000 1.000000
vt 0.900000 0.960000
vt 0.900000 1.000000
vt 0.920000 0.960000
vt 0.920000 1.000000
vt 0.940000 0.960000
vt 0.940000 1.000000
vt 0.960000 0.960000
vt 0.960000 1.000000
vt 0.980000 0.960000
vt 0.980000 1.000000
vt 1.000000 0.960000
vt 0.020000 0.920000
vt 0.000000 0.920000
vt 0.040000 0.920000
vt 0.060000 0.920000
vt 0.080000 0.920000
vt 0.100000 0.920000
vt 0.120000 0.920000
vt 0.160000 0.920000
vt 0.140000 0.920000
vt 0.200000 0.920000
vt 0.180000 0.920000
vt 0.240000 0.920000
vt 0.220000 0.920000
vt 0.260000 0.920000
vt 0.280000 0.920000
vt 0.320000 0.920000
vt 0.300000 0.920000
vt 0.340000 0.920000
vt 0.360000 0.920000
vt 0.380000 0.920000
vt 0.420000 0.920000
vt 0.400000 0.920000
vt 0.440000 0.920000
vt 0.460000 0.920000
vt 0.500000 0.920000
vt 0.480000 0.920000
vt 0.540000 0.920000
vt 0.520000 0.920000
vt 0.560000 0.920000
vt 0.580000 0.920000
vt 0.620000 0.920000
vt 0.600000 0.920000
vt 0.640000 0.920000
vt 0.660000 0.920000
vt 0.680000 0.920000
vt 0.700000 0.920000
vt 0.720000 0.920000
vt 0.740000 0.920000
vt 0.780000 0.920000
vt 0.760000 0.920000
vt 0.800000 0.920000
vt 0.820000 0.920000
vt 0.840000 0.920000
vt 0.860000 0.920000
vt 0.900000 0.920000
vt 0.880000 0.920000
vt 0.920000 0.920000
vt 0.940000 0.920000
vt 0.960000 0.920000
vt 0.980000 0.920000
vt 0.000000 0.880000
vt 0.020000 0.880000
vt 0.040000 0.880000
vt 0.080000 0.880000
vt 0.060000 0.880000
vt 0.100000 0.880000
vt 0.140000 0.880000
vt 0.120000 0.880000
vt 0.160000 0.880000
vt 0.180000 0.880000
vt 0.200000 0.880000
vt 0.240000 0.880000
vt 0.220000 0.880000
vt 0.280000 0.880000
vt 0.260000 0.880000
vt 0.300000 0.880000
vt 0.320000 0.880000
vt 0.340000 0.880000
vt 0.360000 0.880000
vt 0.380000 0.880000
vt 0.420000 0.880000
vt 0.400000 0.880000
vt 0.440000 0.880000
vt 0.480000 0.880000
vt 0.460000 0.880000
vt 0.500000 0.880000
vt 0.540000 0.880000
vt 0.520000 0.880000
vt 0.560000 0.880000
vt 0.580000 0.880000
vt 0.620000 0.880000
vt 0.600000 0.880000
vt 0.660000 0.880000
vt 0.640000 0.880000
vt 0.700000 0.880000
vt 0.680000 0.880000
vt 0.720000 0.880000
vt 0.740000 0.880000
vt 0.760000 0.880000
vt 0.780000 0.880000
vt 0.820000 0.880000
vt 0.800000 0.880000
vt 0.840000 0.880000
vt 0.860000 0.880000
vt 0.880000 0.880000
vt 0.900000 0.880000
vt 0.940000 0.880000
vt 0.920000 0.880000
vt 0.960000 0.880000
vt 1.000000 0.880000
vt 0.980000 0.880000
vt 0.020000 0.840000
vt 0.000000 0.840000
vt 0.040000 0.840000
vt 0.080000 0.840000
vt 0.060000 0.840000
vt 0.120000 0.840000
vt 0.100000 0.840000
vt 0.140000 0.840000
vt 0.160000 0.840000
vt 0.200000 0.840000
vt 0.180000 0.840000
vt 0.220000 0.840000
vt 0.240000 0.840000
vt 0.260000 0.840000
vt 0.280000 0.840000
vt 0.320000 0.840000
vt 0.300000 0.840000
vt 0.340000 0.840000
vt 0.380000 0.840000
vt 0.360000 0.840000
vt 0.400000 0.840000
vt 0.440000 0.840000
vt 0.420000 0.840000
vt 0.480000 0.840000
vt 0.460000 0.840000
vt 0.500000 0.840000
vt 0.520000 0.840000
vt 0.540000 0.840000
vt 0.580000 0.840000
vt 0.560000 0.840000
vt 0.600000 0.840000
vt 0.620000 0.840000
vt 0.660000 0.840000
vt 0.640000 0.840000
vt 0.700000 0.840000
vt 0.680000 0.840000
vt 0.740000 0.840000
vt 0.720000 0.840000
vt 0.760000 0.840000
vt 0.780000 0.840000
vt 0.820000 0.840000
vt 0.800000 0.840000
vt 0.840000 0.840000
vt 0.860000 0.840000
vt 0.880000 0.840000
vt 0.900000 0.840000
vt 0.940000 0.840000
vt 0.920000 0.840000
vt 0.960000 0.840000
vt 0.980000 0.840000
vt 0.000000 0.800000
vt 0.020000 0.800000
vt 0.040000 0.800000
vt 0.080000 0.800000
vt 0.060000 0.800000
vt 0.100000 0.800000
vt 0.140000 0.800000
vt 0.120000 0.800000
vt 0.160000 0.800000
vt 0.180000 0.800000
vt 0.200000 0.800000
vt 0.220000 0.800000
vt 0.240000 0.800000
vt 0.260000 0.800000
vt 0.280000 0.800000
vt 0.320000 0.800000
vt 0.300000 0.800000
vt 0.340000 0.800000
vt 0.360000 0.800000
vt 0.380000 0.800000
vt 0.400000 0.800000
vt 0.420000 0.800000
vt 0.440000 0.800000
vt 0.460000 0.800000
vt 0.500000 0.800000
vt 0.480000 0.800000
vt 0.520000 0.800000
vt 0.540000 0.800000
vt 0.580000 0.800000
vt 0.560000 0.800000
vt 0.600000 0.800000
vt 0.640000 0.800000
vt 0.620000 0.800000
vt 0.660000 0.800000
vt 0.700000 0.800000
vt 0.680000 0.800000
vt 0.720000 0.800000
vt 0.740000 0.800000
vt 0.780000 0.800000
vt 0.760000 0.800000
vt 0.820000 0.800000
vt 0.800000 0.800000
vt 0.840000 0.800000
vt 0.860000 0.800000
vt 0.900000 0.800000
vt 0.880000 0.800000
vt 0.920000 0.800000
vt 0.940000 0.800000
vt 0.960000 0.800000
vt 1.000000 0.800000
vt 0.980000 0.800000
vt 0.000000 0.760000
vt 0.040000 0.760000
vt 0.020000 0.760000
vt 0.080000 0.760000
vt 0.060000 0.760000
vt 0.120000 0.760000
vt 0.100000 0.760000
vt 0.140000 0.760000
vt 0.180000 0.760000
vt 0.160000 0.760000
vt 0.220000 0.760000
vt 0.200000 0.760000
vt 0.260000 0.760000
vt 0.240000 0.760000
vt 0.280000 0.760000
vt 0.300000 0.760000
vt 0.320000 0.760000
vt 0.340000 0.760000
vt 0.380000 0.760000
vt 0.360000 0.760000
vt 0.400000 0.760000
vt 0.440000 0.760000
vt 0.420000 0.760000
vt 0.460000 0.760000
vt 0.500000 0.760000
vt 0.480000 0.760000
vt 0.540000 0.760000
vt 0.520000 0.760000
vt 0.580000 0.760000
vt 0.560000 0.760000
vt 0.600000 0.760000
vt 0.640000 0.760000
vt 0.620000 0.760000
vt 0.660000 0.760000
vt 0.680000 0.760000
vt 0.700000 0.760000
vt 0.740000 0.760000
vt 0.720000 0.760000
vt 0.760000 0.760000
vt 0.780000 0.760000
vt 0.800000 0.760000
vt 0.820000 0.760000
vt 0.840000 0.760000
vt 0.860000 0.760000
vt 0.880000 0.760000
vt 0.900000 0.760000
vt 0.940000 0.760000
vt 0.920000 0.760000
vt 0.960000 0.760000
vt 0.980000 0.760000
vt 0.020000 0.720000
vt 0.000000 0.720000
vt 0.040000 0.720000
vt 0.060000 0.720000
vt 0.080000 0.720000
vt 0.100000 0.720000
vt 0.140000 0.720000
vt 0.120000 0.720000
vt 0.160000 0.720000
vt 0.180000 0.720000
vt 0.220000 0.720000
vt 0.200000 0.720000
vt 0.240000 0.720000
vt 0.260000 0.720000
vt 0.280000 0.720000
vt 0.320000 0.720000
vt 0.300000 0.720000
vt 0.340000 0.720000
vt 0.360000 0.720000
vt 0.380000 0.720000
vt 0.400000 0.720000
vt 0.440000 0.720000
vt 0.420000 0.720000
vt 0.480000 0.720000
vt 0.460000 0.720000
vt 0.500000 0.720000
vt 0.520000 0.720000
vt 0.540000 0.720000
vt 0.560000 0.720000
vt 0.580000 0.720000
vt 0.600000 0.720000
vt 0.620000 0.720000
vt 0.640000 0.720000
vt 0.660000 0.720000
vt 0.680000 0.720000
vt 0.720000 0.720000
vt 0.700000 0.720000
vt 0.740000 0.720000
vt 0.780000 0.720000
vt 0.760000 0.720000
vt 0.800000 0.720000
vt 0.840000 0.720000
vt 0.820000 0.720000
vt 0.880000 0.720000
vt 0.860000 0.720000
vt 0.900000 0.720000
vt 0.940000 0.720000
vt 0.920000 0.720000
vt 0.980000 0.720000
vt 0.960000 0.720000
vt 1.000000 0.720000
vt 0.000000 0.680000
vt 0.020000 0.680000
vt 0.040000 0.680000
vt 0.060000 0.680000
vt 0.080000 0.680000
vt 0.100000 0.680000
vt 0.120000 0.680000
vt 0.140000 0.680000
vt 0.160000 0.680000
vt 0.180000 0.680000
vt 0.220000 0.680000
vt 0.200000 0.680000
vt 0.240000 0.680000
vt 0.260000 0.680000
vt 0.280000 0.680000
vt 0.300000 0.680000
vt 0.320000 0.680000
vt 0.340000 0.680000
vt 0.380000 0.680000
vt 0.360000 0.680000
vt 0.400000 0.680000
vt 0.420000 0.680000
vt 0.440000 0.680000
vt 0.480000 0.680000
vt 0.460000 0.680000
vt 0.520000 0.680000
vt 0.500000 0.680000
vt 0.540000 0.680000
vt 0.560000 0.680000
vt 0.580000 0.680000
vt 0.620000 0.680000
vt 0.600000 0.680000
vt 0.640000 0.680000
vt 0.660000 0.680000
vt 0.680000 0.680000
vt 0.700000 0.680000
vt 0.720000 0.680000
vt 0.760000 0.680000
vt 0.740000 0.680000
vt 0.800000 0.680000
vt 0.780000 0.680000
vt 0.820000 0.680000
vt 0.840000 0.680000
vt 0.880000 0.680000
vt 0.860000 0.680000
vt 0.920000 0.680000
vt 0.900000 0.680000
vt 0.940000 0.680000
vt 0.960000 0.680000
vt 0.980000 0.680000
vt 0.000000 0.640000
vt 0.040000 0.640000
vt 0.020000 0.640000
vt 0.060000 0.640000
vt 0.080000 0.640000
vt 0.100000 0.640000
vt 0.140000 0.640000
vt 0.120000 0.640000
vt 0.160000 0.640000
vt 0.200000 0.640000
vt 0.180000 0.640000
vt 0.240000 0.640000
vt 0.220000 0.640000
vt 0.260000 0.640000
vt 0.280000 0.640000
vt 0.320000 0.640000
vt 0.300000 0.640000
vt 0.360000 0.640000
vt 0.340000 0.640000
vt 0.380000 0.640000
vt 0.400000 0.640000
vt 0.440000 0.640000
vt 0.420000 0.640000
vt 0.460000 0.640000
vt 0.480000 0.640000
vt 0.520000 0.640000
vt 0.500000 0.640000
vt 0.560000 0.640000
vt 0.540000 0.640000
vt 0.580000 0.640000
vt 0.600000 0.640000
vt 0.620000 0.640000
vt 0.640000 0.640000
vt 0.660000 0.640000
vt 0.700000 0.640000
vt 0.680000 0.640000
vt 0.720000 0.640000
vt 0.760000 0.640000
vt 0.740000 0.640000
vt 0.800000 0.640000
vt 0.780000 0.640000
vt 0.820000 0.640000
vt 0.840000 0.640000
vt 0.860000 0.640000
vt 0.880000 0.640000
vt 0.900000 0.640000
vt 0.940000 0.640000
vt 0.920000 0.640000
vt 0.960000 0.640000
vt 1.000000 0.680000
vt 0.980000 0.640000
vt 0.000000 0.600000
vt 0.040000 0.600000
vt 0.020000 0.600000
vt 0.060000 0.600000
vt 0.080000 0.600000
vt 0.100000 0.600000
vt 0.120000 0.600000
vt 0.140000 0.600000
vt 0.160000 0.600000
vt 0.180000 0.600000
vt 0.220000 0.600000
vt 0.200000 0.600000
vt 0.240000 0.600000
vt 0.260000 0.600000
vt 0.300000 0.600000
vt 0.280000 0.600000
vt 0.340000 0.600000
vt 0.320000 0.600000
vt 0.360000 0.600000
vt 0.380000 0.600000
vt 0.400000 0.600000
vt 0.440000 0.600000
vt 0.420000 0.600000
vt 0.460000 0.600000
vt 0.480000 0.600000
vt 0.500000 0.600000
vt 0.540000 0.600000
vt 0.520000 0.600000
vt 0.560000 0.600000
vt 0.580000 0.600000
vt 0.600000 0.600000
vt 0.640000 0.600000
vt 0.620000 0.600000
vt 0.660000 0.600000
vt 0.700000 0.600000
vt 0.680000 0.600000
vt 0.720000 0.600000
vt 0.760000 0.600000
vt 0.740000 0.600000
vt 0.780000 0.600000
vt 0.800000 0.600000
vt 0.820000 0.600000
vt 0.840000 0.600000
vt 0.860000 0.600000
vt 0.900000 0.600000
vt 0.880000 0.600000
vt 0.920000 0.600000
vt 0.940000 0.600000
vt 0.960000 0.600000
vt 1.000000 0.640000
vt 0.980000 0.600000
vt 0.020000 0.560000
vt 0.000000 0.560000
vt 0.040000 0.560000
vt 0.060000 0.560000
vt 0.080000 0.560000
vt 0.120000 0.560000
vt 0.100000 0.560000
vt 0.140000 0.560000
vt 0.160000 0.560000
vt 0.180000 0.560000
vt 0.200000 0.560000
vt 0.240000 0.560000
vt 0.220000 0.560000
vt 0.260000 0.560000
vt 0.280000 0.560000
vt 0.300000 0.560000
vt 0.320000 0.560000
vt 0.360000 0.560000
vt 0.340000 0.560000
vt 0.380000 0.560000
vt 0.420000 0.560000
vt 0.400000 0.560000
vt 0.440000 0.560000
vt 0.460000 0.560000
vt 0.500000 0.560000
vt 0.480000 0.560000
vt 0.520000 0.560000
vt 0.540000 0.560000
vt 0.560000 0.560000
vt 0.580000 0.560000
vt 0.600000 0.560000
vt 0.620000 0.560000
vt 0.660000 0.560000
vt 0.640000 0.560000
vt 0.680000 0.560000
vt 0.700000 0.560000
vt 0.720000 0.560000
vt 0.760000 0.560000
vt 0.740000 0.560000
vt 0.800000 0.560000
vt 0.780000 0.560000
vt 0.820000 0.560000
vt 0.840000 0.560000
vt 0.880000 0.560000
vt 0.860000 0.560000
vt 0.900000 0.560000
vt 0.920000 0.560000
vt 0.960000 0.560000
vt 0.940000 0.560000
vt 1.000000 0.560000
vt 0.980000 0.560000
vt 0.000000 0.520000
vt 0.020000 0.520000
vt 0.040000 0.520000
vt 0.060000 0.520000
vt 0.080000 0.520000
vt 0.100000 0.520000
vt 0.120000 0.520000
vt 0.160000 0.520000
vt 0.140000 0.520000
vt 0.180000 0.520000
vt 0.220000 0.520000
vt 0.200000 0.520000
vt 0.260000 0.520000
vt 0.240000 0.520000
vt 0.280000 0.520000
vt 0.300000 0.520000
vt 0.320000 0.520000
vt 0.360000 0.520000
vt 0.340000 0.520000
vt 0.400000 0.520000
vt 0.380000 0.520000
vt 0.420000 0.520000
vt 0.460000 0.520000
vt 0.440000 0.520000
vt 0.480000 0.520000
vt 0.500000 0.520000
vt 0.540000 0.520000
vt 0.520000 0.520000
vt 0.560000 0.520000
vt 0.580000 0.520000
vt 0.600000 0.520000
vt 0.620000 0.520000
vt 0.640000 0.520000
vt 0.660000 0.520000
vt 0.680000 0.520000
vt 0.700000 0.520000
vt 0.720000 0.520000
vt 0.760000 0.520000
vt 0.740000 0.520000
vt 0.800000 0.520000
vt 0.780000 0.520000
vt 0.820000 0.520000
vt 0.840000 0.520000
vt 0.860000 0.520000
vt 0.900000 0.520000
vt 0.880000 0.520000
vt 0.920000 0.520000
vt 0.940000 0.520000
vt 0.960000 0.520000
vt 0.980000 0.520000
vt 0.000000 0.480000
vt 0.020000 0.480000
vt 0.040000 0.480000
vt 0.060000 0.480000
vt 0.080000 0.480000
vt 0.100000 0.480000
vt 0.120000 0.480000
vt 0.140000 0.480000
vt 0.160000 0.480000
vt 0.180000 0.480000
vt 0.200000 0.480000
vt 0.220000 0.480000
vt 0.240000 0.480000
vt 0.260000 0.480000
vt 0.280000 0.480000
vt 0.300000 0.480000
vt 0.320000 0.480000
vt 0.340000 0.480000
vt 0.360000 0.480000
vt 0.380000 0.480000
vt 0.400000 0.480000
vt 0.420000 0.480000
vt 0.440000 0.480000
vt 0.460000 0.480000
vt 0.480000 0.480000
vt 0.500000 0.480000
vt 0.520000 0.480000
vt 0.540000 0.480000
vt 0.560000 0.480000
vt 0.580000 0.480000
vt 0.600000 0.480000
vt 0.620000 0.480000
vt 0.640000 0.480000
vt 0.660000 0.480000
vt 0.680000 0.480000
vt 0.700000 0.480000
vt 0.720000 0.480000
vt 0.740000 0.480000
vt 0.760000 0.480000
vt 0.780000 0.480000
vt 0.800000 0.480000
vt 0.820000 0.480000
vt 0.840000 0.480000
vt 0.860000 0.480000
vt 0.880000 0.480000
vt 0.900000 0.480000
vt 0.920000 0.480000
vt 0.940000 0.480000
vt 0.960000 0.480000
vt 1.000000 0.520000
vt 0.980000 0.480000
vt 0.000000 0.440000
vt 0.040000 0.440000
vt 0.020000 0.440000
vt 0.060000 0.440000
vt 0.080000 0.440000
vt 0.100000 0.440000
vt 0.140000 0.440000
vt 0.120000 0.440000
vt 0.160000 0.440000
vt 0.180000 0.440000
vt 0.200000 0.440000
vt 0.220000 0.440000
vt 0.240000 0.440000
vt 0.260000 0.440000
vt 0.280000 0.440000
vt 0.300000 0.440000
vt 0.340000 0.440000
vt 0.320000 0.440000
vt 0.360000 0.440000
vt 0.380000 0.440000
vt 0.400000 0.440000
vt 0.420000 0.440000
vt 0.440000 0.440000
vt 0.460000 0.440000
vt 0.480000 0.440000
vt 0.500000 0.440000
vt 0.520000 0.440000
vt 0.540000 0.440000
vt 0.560000 0.440000
vt 0.580000 0.440000
vt 0.620000 0.440000
vt 0.600000 0.440000
vt 0.640000 0.440000
vt 0.680000 0.440000
vt 0.660000 0.440000
vt 0.700000 0.440000
vt 0.740000 0.440000
vt 0.720000 0.440000
vt 0.760000 0.440000
vt 0.780000 0.440000
vt 0.800000 0.440000
vt 0.840000 0.440000
vt 0.820000 0.440000
vt 0.860000 0.440000
vt 0.900000 0.440000
vt 0.880000 0.440000
vt 0.920000 0.440000
vt 0.960000 0.440000
vt 0.940000 0.440000
vt 1.000000 0.480000
vt 0.980000 0.440000
vt 0.000000 0.400000
vt 0.020000 0.400000
vt 0.060000 0.400000
vt 0.040000 0.400000
vt 0.080000 0.400000
vt 0.120000 0.400000
vt 0.100000 0.400000
vt 0.140000 0.400000
vt 0.160000 0.400000
vt 0.180000 0.400000
vt 0.200000 0.400000
vt 0.220000 0.400000
vt 0.240000 0.400000
vt 0.260000 0.400000
vt 0.280000 0.400000
vt 0.300000 0.400000
vt 0.340000 0.400000
vt 0.320000 0.400000
vt 0.360000 0.400000
vt 0.400000 0.400000
vt 0.380000 0.400000
vt 0.420000 0.400000
vt 0.440000 0.400000
vt 0.480000 0.400000
vt 0.460000 0.400000
vt 0.500000 0.400000
vt 0.520000 0.400000
vt 0.540000 0.400000
vt 0.560000 0.400000
vt 0.580000 0.400000
vt 0.620000 0.400000
vt 0.600000 0.400000
vt 0.640000 0.400000
vt 0.660000 0.400000
vt 0.680000 0.400000
vt 0.700000 0.400000
vt 0.740000 0.400000
vt 0.720000 0.400000
vt 0.760000 0.400000
vt 0.800000 0.400000
vt 0.780000 0.400000
vt 0.820000 0.400000
vt 0.840000 0.400000
vt 0.860000 0.400000
vt 0.880000 0.400000
vt 0.920000 0.400000
vt 0.900000 0.400000
vt 0.940000 0.400000
vt 0.960000 0.400000
vt 1.000000 0.440000
vt 0.980000 0.400000
vt 0.020000 0.360000
vt 0.000000 0.360000
vt 0.060000 0.360000
vt 0.040000 0.360000
vt 0.100000 0.360000
vt 0.080000 0.360000
vt 0.120000 0.360000
vt 0.140000 0.360000
vt 0.160000 0.360000
vt 0.180000 0.360000
vt 0.220000 0.360000
vt 0.200000 0.360000
vt 0.240000 0.360000
vt 0.280000 0.360000
vt 0.260000 0.360000
vt 0.320000 0.360000
vt 0.300000 0.360000
vt 0.340000 0.360000
vt 0.360000 0.360000
vt 0.400000 0.360000
vt 0.380000 0.360000
vt 0.440000 0.360000
vt 0.420000 0.360000
vt 0.460000 0.360000
vt 0.480000 0.360000
vt 0.500000 0.360000
vt 0.520000 0.360000
vt 0.540000 0.360000
vt 0.580000 0.360000
vt 0.560000 0.360000
vt 0.600000 0.360000
vt 0.620000 0.360000
vt 0.640000 0.360000
vt 0.680000 0.360000
vt 0.660000 0.360000
vt 0.700000 0.360000
vt 0.740000 0.360000
vt 0.720000 0.360000
vt 0.780000 0.360000
vt 0.760000 0.360000
vt 0.800000 0.360000
vt 0.820000 0.360000
vt 0.860000 0.360000
vt 0.840000 0.360000
vt 0.880000 0.360000
vt 0.900000 0.360000
vt 0.940000 0.360000
vt 0.920000 0.360000
vt 0.960000 0.360000
vt 1.000000 0.360000
vt 0.980000 0.360000
vt 0.000000 0.320000
vt 0.020000 0.320000
vt 0.060000 0.320000
vt 0.040000 0.320000
vt 0.080000 0.320000
vt 0.100000 0.320000
vt 0.120000 0.320000
vt 0.140000 0.320000
vt 0.180000 0.320000
vt 0.160000 0.320000
vt 0.200000 0.320000
vt 0.240000 0.320000
vt 0.220000 0.320000
vt 0.260000 0.320000
vt 0.280000 0.320000
vt 0.300000 0.320000
vt 0.320000 0.320000
vt 0.340000 0.320000
vt 0.360000 0.320000
vt 0.400000 0.320000
vt 0.380000 0.320000
vt 0.420000 0.320000
vt 0.460000 0.320000
vt 0.440000 0.320000
vt 0.480000 0.320000
vt 0.500000 0.320000
vt 0.520000 0.320000
vt 0.540000 0.320000
vt 0.560000 0.320000
vt 0.600000 0.320000
vt 0.580000 0.320000
vt 0.620000 0.320000
vt 0.640000 0.320000
vt 0.660000 0.320000
vt 0.680000 0.320000
vt 0.720000 0.320000
vt 0.700000 0.320000
vt 0.740000 0.320000
vt 0.780000 0.320000
vt 0.760000 0.320000
vt 0.800000 0.320000
vt 0.820000 0.320000
vt 0.860000 0.320000
vt 0.840000 0.320000
vt 0.880000 0.320000
vt 0.920000 0.320000
vt 0.900000 0.320000
vt 0.960000 0.320000
vt 0.940000 0.320000
vt 0.980000 0.320000
vt 0.000000 0.280000
vt 0.020000 0.280000
vt 0.060000 0.280000
vt 0.040000 0.280000
vt 0.100000 0.280000
vt 0.080000 0.280000
vt 0.120000 0.280000
vt 0.140000 0.280000
vt 0.160000 0.280000
vt 0.180000 0.280000
vt 0.200000 0.280000
vt 0.240000 0.280000
vt 0.220000 0.280000
vt 0.260000 0.280000
vt 0.280000 0.280000
vt 0.300000 0.280000
vt 0.320000 0.280000
vt 0.340000 0.280000
vt 0.360000 0.280000
vt 0.380000 0.280000
vt 0.420000 0.280000
vt 0.400000 0.280000
vt 0.440000 0.280000
vt 0.460000 0.280000
vt 0.480000 0.280000
vt 0.500000 0.280000
vt 0.520000 0.280000
vt 0.560000 0.280000
vt 0.540000 0.280000
vt 0.580000 0.280000
vt 0.600000 0.280000
vt 0.620000 0.280000
vt 0.640000 0.280000
vt 0.680000 0.280000
vt 0.660000 0.280000
vt 0.720000 0.280000
vt 0.700000 0.280000
vt 0.740000 0.280000
vt 0.780000 0.280000
vt 0.760000 0.280000
vt 0.800000 0.280000
vt 0.820000 0.280000
vt 0.840000 0.280000
vt 0.860000 0.280000
vt 0.880000 0.280000
vt 0.920000 0.280000
vt 0.900000 0.280000
vt 0.940000 0.280000
vt 0.960000 0.280000
vt 1.000000 0.280000
vt 0.980000 0.280000
vt 0.000000 0.240000
vt 0.020000 0.240000
vt 0.040000 0.240000
vt 0.060000 0.240000
vt 0.080000 0.240000
vt 0.120000 0.240000
vt 0.100000 0.240000
vt 0.160000 0.240000
vt 0.140000 0.240000
vt 0.180000 0.240000
vt 0.200000 0.240000
vt 0.240000 0.240000
vt 0.220000 0.240000
vt 0.260000 0.240000
vt 0.280000 0.240000
vt 0.300000 0.240000
vt 0.320000 0.240000
vt 0.340000 0.240000
vt 0.380000 0.240000
vt 0.360000 0.240000
vt 0.400000 0.240000
vt 0.420000 0.240000
vt 0.440000 0.240000
vt 0.460000 0.240000
vt 0.480000 0.240000
vt 0.500000 0.240000
vt 0.520000 0.240000
vt 0.540000 0.240000
vt 0.560000 0.240000
vt 0.580000 0.240000
vt 0.620000 0.240000
vt 0.600000 0.240000
vt 0.640000 0.240000
vt 0.660000 0.240000
vt 0.700000 0.240000
vt 0.680000 0.240000
vt 0.720000 0.240000
vt 0.740000 0.240000
vt 0.780000 0.240000
vt 0.760000 0.240000
vt 0.800000 0.240000
vt 0.820000 0.240000
vt 0.840000 0.240000
vt 0.860000 0.240000
vt 0.900000 0.240000
vt 0.880000 0.240000
vt 0.920000 0.240000
vt 0.960000 0.240000
vt 0.940000 0.240000
vt 1.000000 0.240000
vt 0.980000 0.240000
vt 0.000000 0.200000
vt 0.040000 0.200000
vt 0.020000 0.200000
vt 0.060000 0.200000
vt 0.080000 0.200000
vt 0.100000 0.200000
vt 0.120000 0.200000
vt 0.140000 0.200000
vt 0.180000 0.200000
vt 0.160000 0.200000
vt 0.220000 0.200000
vt 0.200000 0.200000
vt 0.240000 0.200000
vt 0.260000 0.200000
vt 0.300000 0.200000
vt 0.280000 0.200000
vt 0.340000 0.200000
vt 0.320000 0.200000
vt 0.360000 0.200000
vt 0.380000 0.200000
vt 0.400000 0.200000
vt 0.420000 0.200000
vt 0.440000 0.200000
vt 0.460000 0.200000
vt 0.480000 0.200000
vt 0.500000 0.200000
vt 0.520000 0.200000
vt 0.560000 0.200000
vt 0.540000 0.200000
vt 0.580000 0.200000
vt 0.620000 0.200000
vt 0.600000 0.200000
vt 0.640000 0.200000
vt 0.660000 0.200000
vt 0.680000 0.200000
vt 0.700000 0.200000
vt 0.720000 0.200000
vt 0.740000 0.200000
vt 0.760000 0.200000
vt 0.800000 0.200000
vt 0.780000 0.200000
vt 0.820000 0.200000
vt 0.860000 0.200000
vt 0.840000 0.200000
vt 0.880000 0.200000
vt 0.900000 0.200000
vt 0.920000 0.200000
vt 0.940000 0.200000
vt 0.960000 0.200000
vt 1.000000 0.200000
vt 0.980000 0.200000
vt 0.000000 0.160000
vt 0.020000 0.160000
vt 0.060000 0.160000
vt 0.040000 0.160000
vt 0.080000 0.160000
vt 0.100000 0.160000
vt 0.120000 0.160000
vt 0.140000 0.160000
vt 0.160000 0.160000
vt 0.180000 0.160000
vt 0.200000 0.160000
vt 0.240000 0.160000
vt 0.220000 0.160000
vt 0.280000 0.160000
vt 0.260000 0.160000
vt 0.320000 0.160000
vt 0.300000 0.160000
vt 0.340000 0.160000
vt 0.380000 0.160000
vt 0.360000 0.160000
vt 0.400000 0.160000
vt 0.420000 0.160000
vt 0.460000 0.160000
vt 0.440000 0.160000
vt 0.480000 0.160000
vt 0.500000 0.160000
vt 0.540000 0.160000
vt 0.520000 0.160000
vt 0.560000 0.160000
vt 0.580000 0.160000
vt 0.600000 0.160000
vt 0.620000 0.160000
vt 0.640000 0.160000
vt 0.680000 0.160000
vt 0.660000 0.160000
vt 0.700000 0.160000
vt 0.720000 0.160000
vt 0.740000 0.160000
vt 0.760000 0.160000
vt 0.800000 0.160000
vt 0.780000 0.160000
vt 0.820000 0.160000
vt 0.840000 0.160000
vt 0.880000 0.160000
vt 0.860000 0.160000
vt 0.900000 0.160000
vt 0.940000 0.160000
vt 0.920000 0.160000
vt 0.960000 0.160000
vt 0.980000 0.160000
vt 0.000000 0.120000
vt 0.020000 0.120000
vt 0.060000 0.120000
vt 0.040000 0.120000
vt 0.080000 0.120000
vt 0.100000 0.120000
vt 0.120000 0.120000
vt 0.160000 0.120000
vt 0.140000 0.120000
vt 0.200000 0.120000
vt 0.180000 0.120000
vt 0.220000 0.120000
vt 0.260000 0.120000
vt 0.240000 0.120000
vt 0.300000 0.120000
vt 0.280000 0.120000
vt 0.320000 0.120000
vt 0.340000 0.120000
vt 0.360000 0.120000
vt 0.400000 0.120000
vt 0.380000 0.120000
vt 0.420000 0.120000
vt 0.460000 0.120000
vt 0.440000 0.120000
vt 0.480000 0.120000
vt 0.500000 0.120000
vt 0.520000 0.120000
vt 0.540000 0.120000
vt 0.560000 0.120000
vt 0.580000 0.120000
vt 0.600000 0.120000
vt 0.620000 0.120000
vt 0.640000 0.120000
vt 0.660000 0.120000
vt 0.700000 0.120000
vt 0.680000 0.120000
vt 0.740000 0.120000
vt 0.720000 0.120000
vt 0.760000 0.120000
vt 0.800000 0.120000
vt 0.780000 0.120000
vt 0.820000 0.120000
vt 0.840000 0.120000
vt 0.860000 0.120000
vt 0.880000 0.120000
vt 0.900000 0.120000
vt 0.920000 0.120000
vt 0.940000 0.120000
vt 0.960000 0.120000
vt 1.000000 0.160000
vt 0.980000 0.120000
vt 0.000000 0.080000
vt 0.020000 0.080000
vt 0.060000 0.080000
vt 0.040000 0.080000
vt 0.100000 0.080000
vt 0.080000 0.080000
vt 0.120000 0.080000
vt 0.160000 0.080000
vt 0.140000 0.080000
vt 0.180000 0.080000
vt 0.200000 0.080000
vt 0.240000 0.080000
vt 0.220000 0.080000
vt 0.260000 0.080000
vt 0.280000 0.080000
vt 0.300000 0.080000
vt 0.340000 0.080000
vt 0.320000 0.080000
vt 0.380000 0.080000
vt 0.360000 0.080000
vt 0.400000 0.080000
vt 0.420000 0.080000
vt 0.440000 0.080000
vt 0.460000 0.080000
vt 0.480000 0.080000
vt 0.500000 0.080000
vt 0.540000 0.080000
vt 0.520000 0.080000
vt 0.560000 0.080000
vt 0.600000 0.080000
vt 0.580000 0.080000
vt 0.640000 0.080000
vt 0.620000 0.080000
vt 0.680000 0.080000
vt 0.660000 0.080000
vt 0.720000 0.080000
vt 0.700000 0.080000
vt 0.740000 0.080000
vt 0.780000 0.080000
vt 0.760000 0.080000
vt 0.800000 0.080000
vt 0.820000 0.080000
vt 0.860000 0.080000
vt 0.840000 0.080000
vt 0.880000 0.080000
vt 0.900000 0.080000
vt 0.920000 0.080000
vt 0.940000 0.080000
vt 0.980000 0.080000
vt 0.960000 0.080000
vt 1.000000 0.120000
vt 0.000000 0.040000
vt 0.040000 0.040000
vt 0.020000 0.040000
vt 0.060000 0.040000
vt 0.080000 0.040000
vt 0.100000 0.040000
vt 0.120000 0.040000
vt 0.160000 0.040000
vt 0.140000 0.040000
vt 0.180000 0.040000
vt 0.200000 0.040000
vt 0.220000 0.040000
vt 0.240000 0.040000
vt 0.260000 0.040000
vt 0.280000 0.040000
vt 0.320000 0.040000
vt 0.300000 0.040000
vt 0.340000 0.040000
vt 0.360000 0.040000
vt 0.380000 0.040000
vt 0.400000 0.040000
vt 0.420000 0.040000
vt 0.440000 0.040000
vt 0.460000 0.040000
vt 0.480000 0.040000
vt 0.520000 0.040000
vt 0.500000 0.040000
vt 0.560000 0.040000
vt 0.540000 0.040000
vt 0.600000 0.040000
vt 0.580000 0.040000
vt 0.640000 0.040000
vt 0.620000 0.040000
vt 0.660000 0.040000
vt 0.680000 0.040000
vt 0.700000 0.040000
vt 0.720000 0.040000
vt 0.740000 0.040000
vt 0.780000 0.040000
vt 0.760000 0.040000
vt 0.800000 0.040000
vt 0.820000 0.040000
vt 0.840000 0.040000
vt 0.860000 0.040000
vt 0.880000 0.040000
vt 0.900000 0.040000
vt 0.940000 0.040000
vt 0.920000 0.040000
vt 0.980000 0.040000
vt 0.960000 0.040000
vt 1.000000 0.080000
vt 0.000000 -0.000000
vt 0.020000 -0.000000
vt 0.040000 -0.000000
vt 0.060000 -0.000000
vt 0.080000 -0.000000
vt 0.100000 -0.000000
vt 0.120000 -0.000000
vt 0.140000 -0.000000
vt 0.160000 -0.000000
vt 0.180000 -0.000000
vt 0.200000 -0.000000
vt 0.220000 -0.000000
vt 0.240000 -0.000000
vt 0.260000 -0.000000
vt 0.280000 -0.000000
vt 0.300000 -0.000000
vt 0.320000 -0.000000
vt 0.340000 -0.000000
vt 0.360000 -0.000000
vt 0.380000 -0.000000
vt 0.400000 -0.000000
vt 0.420000 -0.000000
vt 0.440000 -0.000000
vt 0.460000 -0.000000
vt 0.480000 -0.000000
vt 0.500000 -0.000000
vt 0.520000 -0.000000
vt 0.540000 -0.000000
vt 0.560000 -0.000000
vt 0.580000 -0.000000
vt 0.600000 -0.000000
vt 0.620000 -0.000000
vt 0.640000 -0.000000
vt 0.660000 -0.000000
vt 0.680000 -0.000000
vt 0.700000 -0.000000
vt 0.720000 -0.000000
vt 0.740000 -0.000000
vt 0.760000 -0.000000
vt 0.780000 -0.000000
vt 0.800000 -0.000000
vt 0.820000 -0.000000
vt 0.840000 -0.000000
vt 0.860000 -0.000000
vt 0.880000 -0.000000
vt 0.900000 -0.000000
vt 0.920000 -0.000000
vt 0.940000 -0.000000
vt 0.960000 -0.000000
vt 0.980000 -0.000000
vt 1.000000 0.040000
vt 1.000000 0.920000
vt 1.000000 0.840000
vt 1.000000 0.760000
vt 1.000000 0.600000
vt 1.000000 0.400000
vt 1.000000 0.320000
s 1
usemtl Material.001
f 1/1/1 3/2/2 2/3/3
f 1/4/1 4/5/4 3/2/2
f 1/6/1 5/7/5 4/5/4
f 1/8/1 6/9/6 5/7/5
f 1/10/1 7/11/7 6/9/6
f 1/12/1 8/13/8 7/11/7
f 1/14/1 9/15/9 8/13/8
f 1/16/1 10/17/10 9/15/9
f 1/18/1 11/19/11 10/17/10
f 1/20/1 12/21/12 11/19/11
f 1/22/1 13/23/13 12/21/12
f 1/24/1 14/25/14 13/23/13
f 1/26/1 15/27/15 14/25/14
f 1/28/1 16/29/16 15/27/15
f 1/30/1 17/31/17 16/29/16
f 1/32/1 18/33/18 17/31/17
f 1/34/1 19/35/19 18/33/18
f 1/36/1 20/37/20 19/35/19
f 1/38/1 21/39/21 20/37/20
f 1/40/1 22/41/22 21/39/21
f 1/42/1 23/43/23 22/41/22
f 1/44/1 24/45/24 23/43/23
f 1/46/1 25/47/25 24/45/24
f 1/48/1 26/49/26 25/47/25
f 1/50/1 27/51/27 26/49/26
f 1/52/1 28/53/28 27/51/27
f 1/54/1 29/55/29 28/53/28
f 1/56/1 30/57/30 29/55/29
f 1/58/1 31/59/31 30/57/30
f 1/60/1 32/61/32 31/59/31
f 1/62/1 33/63/33 32/61/32
f 1/64/1 34/65/34 33/63/33
f 1/66/1 35/67/35 34/65/34
f 1/68/1 36/69/36 35/67/35
f 1/70/1 37/71/37 36/69/36
f 1/72/1 38/73/38 37/71/37
f 1/74/1 39/75/39 38/73/38
f 1/76/1 40/77/40 39/75/39
f 1/78/1 41/79/41 40/77/40
f 1/80/1 42/81/42 41/79/41
f 1/82/1 43/83/43 42/81/42
f 1/84/1 44/85/44 43/83/43
f 1/86/1 45/87/45 44/85/44
f 1/88/1 46/89/46 45/87/45
f 1/90/1 47/91/47 46/89/46
f 1/92/1 48/93/48 47/91/47
f 1/94/1 49/95/49 48/93/48
f 1/96/1 50/97/50 49/95/49
f 1/98/1 51/99/51 50/97/50
f 1/100/1 2/101/3 51/99/51
f 2/3/3 53/102/52 52/103/53
f 4/5/4 53/102/52 3/2/2
f 5/7/5 54/104/54 4/5/4
f 6/9/6 55/105/55 5/7/5
f 7/11/7 56/106/56 6/9/6
f 8/13/8 57/107/57 7/11/7
f 9/15/9 58/108/58 8/13/8
f 9/15/9 60/109/59 59/110/60
f 11/19/11 60/109/59 10/17/10
f 11/19/11 62/111/61 61/112/62
f 13/23/13 62/111/61 12/21/12
f 13/23/13 64/113/63 63/114/64
f 14/25/14 65/115/65 64/113/63
f 16/29/16 65/115/65 15/27/15
f 17/31/17 66/116/66 16/29/16
f 17/31/17 68/117/67 67/118/68
f 18/33/18 69/119/69 68/117/67
f 19/35/19 70/120/70 69/119/69
f 21/39/21 70/120/70 20/37/20
f 22/41/22 71/121/71 21/39/21
f 22/41/22 73/122/72 72/123/73
f 24/45/24 73/122/72 23/43/23
f 25/47/25 74/124/74 24/45/24
f 26/49/26 75/125/75 25/47/25
f 26/49/26 77/126/76 76/127/77
f 28/53/28 77/126/76 27/51/27
f 28/53/28 79/128/78 78/129/79
f 30/57/30 79/128/78 29/55/29
f 31/59/31 80/130/80 30/57/30
f 32/61/32 81/131/81 31/59/31
f 32/61/32 83/132/82 82/133/83
f 33/63/33 84/134/84 83/132/82
f 34/65/34 85/135/85 84/134/84
f 36/69/36 85/135/85 35/67/35
f 37/71/37 86/136/86 36/69/36
f 38/73/38 87/137/87 37/71/37
f 39/75/39 88/138/88 38/73/38
f 40/77/40 89/139/89 39/75/39
f 40/77/40 91/140/90 90/141/91
f 41/79/41 92/142/92 91/140/90
f 43/83/43 92/142/92 42/81/42
f 44/85/44 93/143/93 43/83/43
f 45/87/45 94/144/94 44/85/44
f 46/89/46 95/145/95 45/87/45
f 46/89/46 97/146/96 96/147/97
f 48/93/48 97/146/96 47/91/47
f 49/95/49 98/148/98 48/93/48
f 50/97/50 99/149/99 49/95/49
f 51/99/51 100/150/100 50/97/50
f 2/101/3 101/151/101 51/99/51
f 53/102/52 102/152/102 52/103/53
f 54/104/54 103/153/103 53/102/52
f 55/105/55 104/154/104 54/104/54
f 55/105/55 106/155/105 105/156/106
f 57/107/57 106/155/105 56/106/56
f 58/108/58 107/157/107 57/107/57
f 58/108/58 109/158/108 108/159/109
f 59/110/60 110/160/110 109/158/108
f 61/112/62 110/160/110 60/109/59
f 62/111/61 111/161/111 61/112/62
f 63/114/64 112/162/112 62/111/61
f 63/114/64 114/163/113 113/164/114
f 65/115/65 114/163/113 64/113/63
f 65/115/65 116/165/115 115/166/116
f 67/118/68 116/165/115 66/116/66
f 68/117/67 117/167/117 67/118/68
f 69/119/69 118/168/118 68/117/67
f 70/120/70 119/169/119 69/119/69
f 71/121/71 120/170/120 70/120/70
f 72/123/73 121/171/121 71/121/71
f 72/123/73 123/172/122 122/173/123
f 74/124/74 123/172/122 73/122/72
f 75/125/75 124/174/124 74/124/74
f 75/125/75 126/175/125 125/176/126
f 76/127/77 127/177/127 126/175/125
f 78/129/79 127/177/127 77/126/76
f 78/129/79 129/178/128 128/179/129
f 80/130/80 129/178/128 79/128/78
f 81/131/81 130/180/130 80/130/80
f 82/133/83 131/181/131 81/131/81
f 82/133/83 133/182/132 132/183/133
f 84/134/84 133/182/132 83/132/82
f 84/134/84 135/184/134 134/185/135
f 86/136/86 135/184/134 85/135/85
f 86/136/86 137/186/136 136/187/137
f 88/138/88 137/186/136 87/137/87
f 89/139/89 138/188/138 88/138/88
f 90/141/91 139/189/139 89/139/89
f 91/140/90 140/190/140 90/141/91
f 92/142/92 141/191/141 91/140/90
f 92/142/92 143/192/142 142/193/143
f 93/143/93 144/194/144 143/192/142
f 94/144/94 145/195/145 144/194/144
f 96/147/97 145/195/145 95/145/95
f 97/146/96 146/196/146 96/147/97
f 98/148/98 147/197/147 97/146/96
f 98/148/98 149/198/148 148/199/149
f 100/150/100 149/198/148 99/149/99
f 101/151/101 150/200/150 100/150/100
f 101/151/101 102/201/102 151/202/151
f 102/152/102 153/203/152 152/204/153
f 103/153/103 154/205/154 153/203/152
f 105/156/106 154/205/154 104/154/104
f 105/156/106 156/206/155 155/207/156
f 107/157/107 156/206/155 106/155/105
f 107/157/107 158/208/157 157/209/158
f 108/159/109 159/210/159 158/208/157
f 109/158/108 160/211/160 159/210/159
f 111/161/111 160/211/160 110/160/110
f 111/161/111 162/212/161 161/213/162
f 112/162/112 163/214/163 162/212/161
f 114/163/113 163/214/163 113/164/114
f 115/166/116 164/215/164 114/163/113
f 116/165/115 165/216/165 115/166/116
f 117/167/117 166/217/166 116/165/115
f 117/167/117 168/218/167 167/219/168
f 119/169/119 168/218/167 118/168/118
f 120/170/120 169/220/169 119/169/119
f 120/170/120 171/221/170 170/222/171
f 122/173/123 171/221/170 121/171/121
f 123/172/122 172/223/172 122/173/123
f 123/172/122 174/224/173 173/225/174
f 125/176/126 174/224/173 124/174/124
f 125/176/126 176/226/175 175/227/176
f 126/175/125 177/228/177 176/226/175
f 127/177/127 178/229/178 177/228/177
f 128/179/129 179/230/179 178/229/178
f 130/180/130 179/230/179 129/178/128
f 130/180/130 181/231/180 180/232/181
f 131/181/131 182/233/182 181/231/180
f 133/182/132 182/233/182 132/183/133
f 134/185/135 183/234/183 133/182/132
f 134/185/135 185/235/184 184/236/185
f 136/187/137 185/235/184 135/184/134
f 136/187/137 187/237/186 186/238/187
f 138/188/138 187/237/186 137/186/136
f 138/188/138 189/239/188 188/240/189
f 139/189/139 190/241/190 189/239/188
f 140/190/140 191/242/191 190/241/190
f 142/193/143 191/242/191 141/191/141
f 142/193/143 193/243/192 192/244/193
f 143/192/142 194/245/194 193/243/192
f 145/195/145 194/245/194 144/194/144
f 146/196/146 195/246/195 145/195/145
f 147/197/147 196/247/196 146/196/146
f 148/199/149 197/248/197 147/197/147
f 148/199/149 199/249/198 198/250/199
f 150/200/150 199/249/198 149/198/148
f 151/202/151 200/251/200 150/200/150
f 102/201/102 201/252/201 151/202/151
f 153/203/152 202/253/202 152/204/153
f 154/205/154 203/254/203 153/203/152
f 155/207/156 204/255/204 154/205/154
f 155/207/156 206/256/205 205/257/206
f 157/209/158 206/256/205 156/206/155
f 158/208/157 207/258/207 157/209/158
f 158/208/157 209/259/208 208/260/209
f 160/211/160 209/259/208 159/210/159
f 161/213/162 210/261/210 160/211/160
f 162/212/161 211/262/211 161/213/162
f 163/214/163 212/263/212 162/212/161
f 164/215/164 213/264/213 163/214/163
f 165/216/165 214/265/214 164/215/164
f 166/217/166 215/266/215 165/216/165
f 167/219/168 216/267/216 166/217/166
f 167/219/168 218/268/217 217/269/218
f 168/218/167 219/270/219 218/268/217
f 170/222/171 219/270/219 169/220/169
f 171/221/170 220/271/220 170/222/171
f 172/223/172 221/272/221 171/221/170
f 173/225/174 222/273/222 172/223/172
f 174/224/173 223/274/223 173/225/174
f 175/227/176 224/275/224 174/224/173
f 176/226/175 225/276/225 175/227/176
f 176/226/175 227/277/226 226/278/227
f 178/229/178 227/277/226 177/228/177
f 179/230/179 228/279/228 178/229/178
f 180/232/181 229/280/229 179/230/179
f 180/232/181 231/281/230 230/282/231
f 182/233/182 231/281/230 181/231/180
f 183/234/183 232/283/232 182/233/182
f 183/234/183 234/284/233 233/285/234
f 184/236/185 235/286/235 234/284/233
f 186/238/187 235/286/235 185/235/184
f 186/238/187 237/287/236 236/288/237
f 187/237/186 238/289/238 237/287/236
f 189/239/188 238/289/238 188/240/189
f 190/241/190 239/290/239 189/239/188
f 190/241/190 241/291/240 240/292/241
f 192/244/193 241/291/240 191/242/191
f 192/244/193 243/293/242 242/294/243
f 193/243/192 244/295/244 243/293/242
f 194/245/194 245/296/245 244/295/244
f 196/247/196 245/296/245 195/246/195
f 196/247/196 247/297/246 246/298/247
f 198/250/199 247/297/246 197/248/197
f 199/249/198 248/299/248 198/250/199
f 200/251/200 249/300/249 199/249/198
f 201/252/201 250/301/250 200/251/200
f 201/252/201 202/302/202 251/303/251
f 203/254/203 252/304/252 202/253/202
f 203/254/203 254/305/253 253/306/254
f 205/257/206 254/305/253 204/255/204
f 205/257/206 256/307/255 255/308/256
f 207/258/207 256/307/255 206/256/205
f 207/258/207 258/309/257 257/310/258
f 209/259/208 258/309/257 208/260/209
f 210/261/210 259/311/259 209/259/208
f 210/261/210 261/312/260 260/313/261
f 212/263/212 261/312/260 211/262/211
f 212/263/212 263/314/262 262/315/263
f 214/265/214 263/314/262 213/264/213
f 214/265/214 265/316/264 264/317/265
f 216/267/216 265/316/264 215/266/215
f 217/269/218 266/318/266 216/267/216
f 218/268/217 267/319/267 217/269/218
f 219/270/219 268/320/268 218/268/217
f 220/271/220 269/321/269 219/270/219
f 220/271/220 271/322/270 270/323/271
f 222/273/222 271/322/270 221/272/221
f 223/274/223 272/324/272 222/273/222
f 223/274/223 274/325/273 273/326/274
f 225/276/225 274/325/273 224/275/224
f 226/278/227 275/327/275 225/276/225
f 226/278/227 277/328/276 276/329/277
f 228/279/228 277/328/276 227/277/226
f 228/279/228 279/330/278 278/331/279
f 230/282/231 279/330/278 229/280/229
f 230/282/231 281/332/280 280/333/281
f 232/283/232 281/332/280 231/281/230
f 233/285/234 282/334/282 232/283/232
f 233/285/234 284/335/283 283/336/284
f 235/286/235 284/335/283 234/284/233
f 236/288/237 285/337/285 235/286/235
f 237/287/236 286/338/286 236/288/237
f 238/289/238 287/339/287 237/287/236
f 238/289/238 289/340/288 288/341/289
f 240/292/241 289/340/288 239/290/239
f 241/291/240 290/342/290 240/292/241
f 242/294/243 291/343/291 241/291/240
f 243/293/242 292/344/292 242/294/243
f 244/295/244 293/345/293 243/293/242
f 245/296/245 294/346/294 244/295/244
f 246/298/247 295/347/295 245/296/245
f 247/297/246 296/348/296 246/298/247
f 248/299/248 297/349/297 247/297/246
f 248/299/248 299/350/298 298/351/299
f 250/301/250 299/350/298 249/300/249
f 251/303/251 300/352/300 250/301/250
f 202/302/202 301/353/301 251/303/251
f 252/304/252 303/354/302 302/355/303
f 254/305/253 303/354/302 253/306/254
f 255/308/256 304/356/304 254/305/253
f 256/307/255 305/357/305 255/308/256
f 257/310/258 306/358/306 256/307/255
f 258/309/257 307/359/307 257/310/258
f 258/309/257 309/360/308 308/361/309
f 260/313/261 309/360/308 259/311/259
f 261/312/260 310/362/310 260/313/261
f 262/315/263 311/363/311 261/312/260
f 262/315/263 313/364/312 312/365/313
f 264/317/265 313/364/312 263/314/262
f 265/316/264 314/366/314 264/317/265
f 266/318/266 315/367/315 265/316/264
f 267/319/267 316/368/316 266/318/266
f 267/319/267 318/369/317 317/370/318
f 269/321/269 318/369/317 268/320/268
f 270/323/271 319/371/319 269/321/269
f 271/322/270 320/372/320 270/323/271
f 272/324/272 321/373/321 271/322/270
f 273/326/274 322/374/322 272/324/272
f 273/326/274 324/375/323 323/376/324
f 275/327/275 324/375/323 274/325/273
f 275/327/275 326/377/325 325/378/326
f 276/329/277 327/379/327 326/377/325
f 277/328/276 328/380/328 327/379/327
f 278/331/279 329/381/329 328/380/328
f 280/333/281 329/381/329 279/330/278
f 281/332/280 330/382/330 280/333/281
f 282/334/282 331/383/331 281/332/280
f 283/336/284 332/384/332 282/334/282
f 284/335/283 333/385/333 283/336/284
f 285/337/285 334/386/334 284/335/283
f 286/338/286 335/387/335 285/337/285
f 287/339/287 336/388/336 286/338/286
f 287/339/287 338/389/337 337/390/338
f 288/341/289 339/391/339 338/389/337
f 290/342/290 339/391/339 289/340/288
f 290/342/290 341/392/340 340/393/341
f 292/344/292 341/392/340 291/343/291
f 293/345/293 342/394/342 292/344/292
f 293/345/293 344/395/343 343/396/344
f 295/347/295 344/395/343 294/346/294
f 295/347/295 346/397/345 345/398/346
f 297/349/297 346/397/345 296/348/296
f 298/351/299 347/399/347 297/349/297
f 298/351/299 349/400/348 348/401/349
f 300/352/300 349/400/348 299/350/298
f 300/352/300 351/402/350 350/403/351
f 301/353/301 302/404/303 351/402/350
f 303/354/302 352/405/352 302/355/303
f 304/356/304 353/406/353 303/354/302
f 305/357/305 354/407/354 304/356/304
f 306/358/306 355/408/355 305/357/305
f 307/359/307 356/409/356 306/358/306
f 308/361/309 357/410/357 307/359/307
f 309/360/308 358/411/358 308/361/309
f 310/362/310 359/412/359 309/360/308
f 311/363/311 360/413/360 310/362/310
f 312/365/313 361/414/361 311/363/311
f 312/365/313 363/415/362 362/416/363
f 314/366/314 363/415/362 313/364/312
f 315/367/315 364/417/364 314/366/314
f 316/368/316 365/418/365 315/367/315
f 317/370/318 366/419/366 316/368/316
f 318/369/317 367/420/367 317/370/318
f 319/371/319 368/421/368 318/369/317
f 320/372/320 369/422/369 319/371/319
f 320/372/320 371/423/370 370/424/371
f 322/374/322 371/423/370 321/373/321
f 323/376/324 372/425/372 322/374/322
f 324/375/323 373/426/373 323/376/324
f 325/378/326 374/427/374 324/375/323
f 325/378/326 376/428/375 375/429/376
f 327/379/327 376/428/375 326/377/325
f 327/379/327 378/430/377 377/431/378
f 328/380/328 379/432/379 378/430/377
f 330/382/330 379/432/379 329/381/329
f 331/383/331 380/433/380 330/382/330
f 332/384/332 381/434/381 331/383/331
f 332/384/332 383/435/382 382/436/383
f 333/385/333 384/437/384 383/435/382
f 334/386/334 385/438/385 384/437/384
f 336/388/336 385/438/385 335/387/335
f 337/390/338 386/439/386 336/388/336
f 338/389/337 387/440/387 337/390/338
f 339/391/339 388/441/388 338/389/337
f 339/391/339 390/442/389 389/443/390
f 341/392/340 390/442/389 340/393/341
f 341/392/340 392/444/391 391/445/392
f 342/394/342 393/446/393 392/444/391
f 344/395/343 393/446/393 343/396/344
f 345/398/346 394/447/394 344/395/343
f 345/398/346 396/448/395 395/449/396
f 347/399/347 396/448/395 346/397/345
f 347/399/347 398/450/397 397/451/398
f 349/400/348 398/450/397 348/401/349
f 350/403/351 399/452/399 349/400/348
f 351/402/350 400/453/400 350/403/351
f 302/404/303 401/454/401 351/402/350
f 353/406/353 402/455/402 352/405/352
f 353/406/353 404/456/403 403/457/404
f 354/407/354 405/458/405 404/456/403
f 356/409/356 405/458/405 355/408/355
f 357/410/357 406/459/406 356/409/356
f 358/411/358 407/460/407 357/410/357
f 358/411/358 409/461/408 408/462/409
f 359/412/359 410/463/410 409/461/408
f 361/414/361 410/463/410 360/413/360
f 361/414/361 412/464/411 411/465/412
f 363/415/362 412/464/411 362/416/363
f 363/415/362 414/466/413 413/467/414
f 364/417/364 415/468/415 414/466/413
f 366/419/366 415/468/415 365/418/365
f 367/420/367 416/469/416 366/419/366
f 367/420/367 418/470/417 417/471/418
f 369/422/369 418/470/417 368/421/368
f 369/422/369 420/472/419 419/473/420
f 371/423/370 420/472/419 370/424/371
f 372/425/372 421/474/421 371/423/370
f 373/426/373 422/475/422 372/425/372
f 373/426/373 424/476/423 423/477/424
f 375/429/376 424/476/423 374/427/374
f 376/428/375 425/478/425 375/429/376
f 377/431/378 426/479/426 376/428/375
f 377/431/378 428/480/427 427/481/428
f 379/432/379 428/480/427 378/430/377
f 379/432/379 430/482/429 429/483/430
f 380/433/380 431/484/431 430/482/429
f 382/436/383 431/484/431 381/434/381
f 383/435/382 432/485/432 382/436/383
f 384/437/384 433/486/433 383/435/382
f 385/438/385 434/487/434 384/437/384
f 386/439/386 435/488/435 385/438/385
f 386/439/386 437/489/436 436/490/437
f 387/440/387 438/491/438 437/489/436
f 389/443/390 438/491/438 388/441/388
f 389/443/390 440/492/439 439/493/440
f 391/445/392 440/492/439 390/442/389
f 391/445/392 442/494/441 441/495/442
f 392/444/391 443/496/443 442/494/441
f 394/447/394 443/496/443 393/446/393
f 395/449/396 444/497/444 394/447/394
f 396/448/395 445/498/445 395/449/396
f 397/451/398 446/499/446 396/448/395
f 398/450/397 447/500/447 397/451/398
f 398/450/397 449/501/448 448/502/449
f 399/452/399 450/503/450 449/501/448
f 401/454/401 450/503/450 400/453/400
f 352/504/352 451/505/451 401/454/401
f 403/457/404 452/506/452 402/455/402
f 403/457/404 454/507/453 453/508/454
f 405/458/405 454/507/453 404/456/403
f 406/459/406 455/509/455 405/458/405
f 407/460/407 456/510/456 406/459/406
f 408/462/409 457/511/457 407/460/407
f 409/461/408 458/512/458 408/462/409
f 410/463/410 459/513/459 409/461/408
f 411/465/412 460/514/460 410/463/410
f 412/464/411 461/515/461 411/465/412
f 412/464/411 463/516/462 462/517/463
f 413/467/414 464/518/464 463/516/462
f 414/466/413 465/519/465 464/518/464
f 416/469/416 465/519/465 415/468/415
f 416/469/416 467/520/466 466/521/467
f 418/470/417 467/520/466 417/471/418
f 418/470/417 469/522/468 468/523/469
f 420/472/419 469/522/468 419/473/420
f 421/474/421 470/524/470 420/472/419
f 422/475/422 471/525/471 421/474/421
f 423/477/424 472/526/472 422/475/422
f 423/477/424 474/527/473 473/528/474
f 425/478/425 474/527/473 424/476/423
f 426/479/426 475/529/475 425/478/425
f 427/481/428 476/530/476 426/479/426
f 428/480/427 477/531/477 427/481/428
f 428/480/427 479/532/478 478/533/479
f 429/483/430 480/534/480 479/532/478
f 431/484/431 480/534/480 430/482/429
f 432/485/432 481/535/481 431/484/431
f 433/486/433 482/536/482 432/485/432
f 433/486/433 484/537/483 483/538/484
f 435/488/435 484/537/483 434/487/434
f 436/490/437 485/539/485 435/488/435
f 436/490/437 487/540/486 486/541/487
f 438/491/438 487/540/486 437/489/436
f 439/493/440 488/542/488 438/491/438
f 439/493/440 490/543/489 489/544/490
f 441/495/442 490/543/489 440/492/439
f 442/494/441 491/545/491 441/495/442
f 443/496/443 492/546/492 442/494/441
f 444/497/444 493/547/493 443/496/443
f 445/498/445 494/548/494 444/497/444
f 446/499/446 495/549/495 445/498/445
f 446/499/446 497/550/496 496/551/497
f 447/500/447 498/552/498 497/550/496
f 448/502/449 499/553/499 498/552/498
f 449/501/448 500/554/500 499/553/499
f 451/505/451 500/554/500 450/503/450
f 402/555/402 501/556/501 451/505/451
f 452/506/452 503/557/502 502/558/503
f 453/508/454 504/559/504 503/557/502
f 455/509/455 504/559/504 454/507/453
f 456/510/456 505/560/505 455/509/455
f 457/511/457 506/561/506 456/510/456
f 457/511/457 508/562/507 507/563/508
f 458/512/458 509/564/509 508/562/507
f 460/514/460 509/564/509 459/513/459
f 461/515/461 510/565/510 460/514/460
f 462/517/463 511/566/511 461/515/461
f 463/516/462 512/567/512 462/517/463
f 463/516/462 514/568/513 513/569/514
f 465/519/465 514/568/513 464/518/464
f 466/521/467 515/570/515 465/519/465
f 467/520/466 516/571/516 466/521/467
f 468/523/469 517/572/517 467/520/466
f 469/522/468 518/573/518 468/523/469
f 469/522/468 520/574/519 519/575/520
f 471/525/471 520/574/519 470/524/470
f 472/526/472 521/576/521 471/525/471
f 472/526/472 523/577/522 522/578/523
f 474/527/473 523/577/522 473/528/474
f 475/529/475 524/579/524 474/527/473
f 476/530/476 525/580/525 475/529/475
f 476/530/476 527/581/526 526/582/527
f 477/531/477 528/583/528 527/581/526
f 478/533/479 529/584/529 528/583/528
f 480/534/480 529/584/529 479/532/478
f 481/535/481 530/585/530 480/534/480
f 482/536/482 531/586/531 481/535/481
f 483/538/484 532/587/532 482/536/482
f 484/537/483 533/588/533 483/538/484
f 484/537/483 535/589/534 534/590/535
f 486/541/487 535/589/534 485/539/485
f 487/540/486 536/591/536 486/541/487
f 488/542/488 537/592/537 487/540/486
f 489/544/490 538/593/538 488/542/488
f 489/544/490 540/594/539 539/595/540
f 491/545/491 540/594/539 490/543/489
f 491/545/491 542/596/541 541/597/542
f 492/546/492 543/598/543 542/596/541
f 493/547/493 544/599/544 543/598/543
f 495/549/495 544/599/544 494/548/494
f 495/549/495 546/600/545 545/601/546
f 497/550/496 546/600/545 496/551/497
f 498/552/498 547/602/547 497/550/496
f 499/553/499 548/603/548 498/552/498
f 499/553/499 550/604/549 549/605/550
f 501/556/501 550/604/549 500/554/500
f 501/556/501 502/606/503 551/607/551
f 503/557/502 552/608/552 502/558/503
f 504/559/504 553/609/553 503/557/502
f 505/560/505 554/610/554 504/559/504
f 506/561/506 555/611/555 505/560/505
f 507/563/508 556/612/556 506/561/506
f 508/562/507 557/613/557 507/563/508
f 509/564/509 558/614/558 508/562/507
f 509/564/509 560/615/559 559/616/560
f 510/565/510 561/617/561 560/615/559
f 512/567/512 561/617/561 511/566/511
f 512/567/512 563/618/562 562/619/563
f 514/568/513 563/618/562 513/569/514
f 514/568/513 565/620/564 564/621/565
f 516/571/516 565/620/564 515/570/515
f 517/572/517 566/622/566 516/571/516
f 518/573/518 567/623/567 517/572/517
f 519/575/520 568/624/568 518/573/518
f 519/575/520 570/625/569 569/626/570
f 521/576/521 570/625/569 520/574/519
f 521/576/521 572/627/571 571/628/572
f 523/577/522 572/627/571 522/578/523
f 524/579/524 573/629/573 523/577/522
f 524/579/524 575/630/574 574/631/575
f 525/580/525 576/632/576 575/630/574
f 526/582/527 577/633/577 576/632/576
f 528/583/528 577/633/577 527/581/526
f 528/583/528 579/634/578 578/635/579
f 530/585/530 579/634/578 529/584/529
f 531/586/531 580/636/580 530/585/530
f 532/587/532 581/637/581 531/586/531
f 533/588/533 582/638/582 532/587/532
f 534/590/535 583/639/583 533/588/533
f 535/589/534 584/640/584 534/590/535
f 536/591/536 585/641/585 535/589/534
f 537/592/537 586/642/586 536/591/536
f 538/593/538 587/643/587 537/592/537
f 539/595/540 588/644/588 538/593/538
f 539/595/540 590/645/589 589/646/590
f 541/597/542 590/645/589 540/594/539
f 541/597/542 592/647/591 591/648/592
f 542/596/541 593/649/593 592/647/591
f 544/599/544 593/649/593 543/598/543
f 545/601/546 594/650/594 544/599/544
f 546/600/545 595/651/595 545/601/546
f 546/600/545 597/652/596 596/653/597
f 547/602/547 598/654/598 597/652/596
f 548/603/548 599/655/599 598/654/598
f 549/605/550 600/656/600 599/655/599
f 551/607/551 600/656/600 550/604/549
f 502/606/503 601/657/601 551/607/551
f 553/609/553 602/658/602 552/608/552
f 554/610/554 603/659/603 553/609/553
f 555/611/555 604/660/604 554/610/554
f 556/612/556 605/661/605 555/611/555
f 557/613/557 606/662/606 556/612/556
f 558/614/558 607/663/607 557/613/557
f 559/616/560 608/664/608 558/614/558
f 560/615/559 609/665/609 559/616/560
f 561/617/561 610/666/610 560/615/559
f 562/619/563 611/667/611 561/617/561
f 563/618/562 612/668/612 562/619/563
f 564/621/565 613/669/613 563/618/562
f 565/620/564 614/670/614 564/621/565
f 566/622/566 615/671/615 565/620/564
f 567/623/567 616/672/616 566/622/566
f 568/624/568 617/673/617 567/623/567
f 569/626/570 618/674/618 568/624/568
f 570/625/569 619/675/619 569/626/570
f 571/628/572 620/676/620 570/625/569
f 572/627/571 621/677/621 571/628/572
f 573/629/573 622/678/622 572/627/571
f 574/631/575 623/679/623 573/629/573
f 575/630/574 624/680/624 574/631/575
f 576/632/576 625/681/625 575/630/574
f 577/633/577 626/682/626 576/632/576
f 578/635/579 627/683/627 577/633/577
f 579/634/578 628/684/628 578/635/579
f 580/636/580 629/685/629 579/634/578
f 581/637/581 630/686/630 580/636/580
f 582/638/582 631/687/631 581/637/581
f 583/639/583 632/688/632 582/638/582
f 584/640/584 633/689/633 583/639/583
f 585/641/585 634/690/634 584/640/584
f 586/642/586 635/691/635 585/641/585
f 587/643/587 636/692/636 586/642/586
f 588/644/588 637/693/637 587/643/587
f 589/646/590 638/694/638 588/644/588
f 590/645/589 639/695/639 589/646/590
f 591/648/592 640/696/640 590/645/589
f 592/647/591 641/697/641 591/648/592
f 593/649/593 642/698/642 592/647/591
f 594/650/594 643/699/643 593/649/593
f 595/651/595 644/700/644 594/650/594
f 596/653/597 645/701/645 595/651/595
f 597/652/596 646/702/646 596/653/597
f 598/654/598 647/703/647 597/652/596
f 599/655/599 648/704/648 598/654/598
f 600/656/600 649/705/649 599/655/599
f 601/657/601 650/706/650 600/656/600
f 552/707/552 651/708/651 601/657/601
f 603/659/603 652/709/652 602/658/602
f 603/659/603 654/710/653 653/711/654
f 605/661/605 654/710/653 604/660/604
f 606/662/606 655/712/655 605/661/605
f 607/663/607 656/713/656 606/662/606
f 608/664/608 657/714/657 607/663/607
f 608/664/608 659/715/658 658/716/659
f 610/666/610 659/715/658 609/665/609
f 611/667/611 660/717/660 610/666/610
f 612/668/612 661/718/661 611/667/611
f 613/669/613 662/719/662 612/668/612
f 614/670/614 663/720/663 613/669/613
f 615/671/615 664/721/664 614/670/614
f 616/672/616 665/722/665 615/671/615
f 617/673/617 666/723/666 616/672/616
f 618/674/618 667/724/667 617/673/617
f 618/674/618 669/725/668 668/726/669
f 620/676/620 669/725/668 619/675/619
f 621/677/621 670/727/670 620/676/620
f 622/678/622 671/728/671 621/677/621
f 623/679/623 672/729/672 622/678/622
f 624/680/624 673/730/673 623/679/623
f 625/681/625 674/731/674 624/680/624
f 626/682/626 675/732/675 625/681/625
f 627/683/627 676/733/676 626/682/626
f 628/684/628 677/734/677 627/683/627
f 629/685/629 678/735/678 628/684/628
f 630/686/630 679/736/679 629/685/629
f 631/687/631 680/737/680 630/686/630
f 632/688/632 681/738/681 631/687/631
f 632/688/632 683/739/682 682/740/683
f 634/690/634 683/739/682 633/689/633
f 635/691/635 684/741/684 634/690/634
f 635/691/635 686/742/685 685/743/686
f 636/692/636 687/744/687 686/742/685
f 638/694/638 687/744/687 637/693/637
f 638/694/638 689/745/688 688/746/689
f 640/696/640 689/745/688 639/695/639
f 641/697/641 690/747/690 640/696/640
f 642/698/642 691/748/691 641/697/641
f 643/699/643 692/749/692 642/698/642
f 643/699/643 694/750/693 693/751/694
f 644/700/644 695/752/695 694/750/693
f 646/702/646 695/752/695 645/701/645
f 646/702/646 697/753/696 696/754/697
f 648/704/648 697/753/696 647/703/647
f 649/705/649 698/755/698 648/704/648
f 649/705/649 700/756/699 699/757/700
f 651/708/651 700/756/699 650/706/650
f 602/758/602 701/759/701 651/708/651
f 653/711/654 702/760/702 652/709/652
f 654/710/653 703/761/703 653/711/654
f 654/710/653 705/762/704 704/763/705
f 656/713/656 705/762/704 655/712/655
f 657/714/657 706/764/706 656/713/656
f 657/714/657 708/765/707 707/766/708
f 659/715/658 708/765/707 658/716/659
f 660/717/660 709/767/709 659/715/658
f 661/718/661 710/768/710 660/717/660
f 662/719/662 711/769/711 661/718/661
f 663/720/663 712/770/712 662/719/662
f 664/721/664 713/771/713 663/720/663
f 665/722/665 714/772/714 664/721/664
f 666/723/666 715/773/715 665/722/665
f 667/724/667 716/774/716 666/723/666
f 668/726/669 717/775/717 667/724/667
f 668/726/669 719/776/718 718/777/719
f 670/727/670 719/776/718 669/725/668
f 671/728/671 720/778/720 670/727/670
f 671/728/671 722/779/721 721/780/722
f 672/729/672 723/781/723 722/779/721
f 674/731/674 723/781/723 673/730/673
f 675/732/675 724/782/724 674/731/674
f 675/732/675 726/783/725 725/784/726
f 677/734/677 726/783/725 676/733/676
f 678/735/678 727/785/727 677/734/677
f 679/736/679 728/786/728 678/735/678
f 680/737/680 729/787/729 679/736/679
f 681/738/681 730/788/730 680/737/680
f 682/740/683 731/789/731 681/738/681
f 682/740/683 733/790/732 732/791/733
f 683/739/682 734/792/734 733/790/732
f 685/743/686 734/792/734 684/741/684
f 686/742/685 735/793/735 685/743/686
f 687/744/687 736/794/736 686/742/685
f 688/746/689 737/795/737 687/744/687
f 688/746/689 739/796/738 738/797/739
f 690/747/690 739/796/738 689/745/688
f 691/748/691 740/798/740 690/747/690
f 691/748/691 742/799/741 741/800/742
f 693/751/694 742/799/741 692/749/692
f 694/750/693 743/801/743 693/751/694
f 695/752/695 744/802/744 694/750/693
f 696/754/697 745/803/745 695/752/695
f 697/753/696 746/804/746 696/754/697
f 697/753/696 748/805/747 747/806/748
f 698/755/698 749/807/749 748/805/747
f 699/757/700 750/808/750 749/807/749
f 701/759/701 750/808/750 700/756/699
f 652/809/652 751/810/751 701/759/701
f 702/760/702 753/811/752 752/812/753
f 704/763/705 753/811/752 703/761/703
f 704/763/705 755/813/754 754/814/755
f 706/764/706 755/813/754 705/762/704
f 706/764/706 757/815/756 756/816/757
f 708/765/707 757/815/756 707/766/708
f 709/767/709 758/817/758 708/765/707
f 710/768/710 759/818/759 709/767/709
f 711/769/711 760/819/760 710/768/710
f 712/770/712 761/820/761 711/769/711
f 712/770/712 763/821/762 762/822/763
f 714/772/714 763/821/762 713/771/713
f 715/773/715 764/823/764 714/772/714
f 715/773/715 766/824/765 765/825/766
f 717/775/717 766/824/765 716/774/716
f 717/775/717 768/826/767 767/827/768
f 718/777/719 769/828/769 768/826/767
f 720/778/720 769/828/769 719/776/718
f 721/780/722 770/829/770 720/778/720
f 721/780/722 772/830/771 771/831/772
f 723/781/723 772/830/771 722/779/721
f 723/781/723 774/832/773 773/833/774
f 725/784/726 774/832/773 724/782/724
f 726/783/725 775/834/775 725/784/726
f 727/785/727 776/835/776 726/783/725
f 728/786/728 777/836/777 727/785/727
f 729/787/729 778/837/778 728/786/728
f 730/788/730 779/838/779 729/787/729
f 730/788/730 781/839/780 780/840/781
f 732/791/733 781/839/780 731/789/731
f 733/790/732 782/841/782 732/791/733
f 734/792/734 783/842/783 733/790/732
f 735/793/735 784/843/784 734/792/734
f 735/793/735 786/844/785 785/845/786
f 737/795/737 786/844/785 736/794/736
f 738/797/739 787/846/787 737/795/737
f 738/797/739 789/847/788 788/848/789
f 740/798/740 789/847/788 739/796/738
f 740/798/740 791/849/790 790/850/791
f 742/799/741 791/849/790 741/800/742
f 743/801/743 792/851/792 742/799/741
f 744/802/744 793/852/793 743/801/743
f 744/802/744 795/853/794 794/854/795
f 746/804/746 795/853/794 745/803/745
f 747/806/748 796/855/796 746/804/746
f 748/805/747 797/856/797 747/806/748
f 748/805/747 799/857/798 798/858/799
f 750/808/750 799/857/798 749/807/749
f 751/810/751 800/859/800 750/808/750
f 751/810/751 752/860/753 801/861/801
f 753/811/752 802/862/802 752/812/753
f 754/814/755 803/863/803 753/811/752
f 754/814/755 805/864/804 804/865/805
f 756/816/757 805/864/804 755/813/754
f 757/815/756 806/866/806 756/816/757
f 758/817/758 807/867/807 757/815/756
f 759/818/759 808/868/808 758/817/758
f 760/819/760 809/869/809 759/818/759
f 760/819/760 811/870/810 810/871/811
f 762/822/763 811/870/810 761/820/761
f 763/821/762 812/872/812 762/822/763
f 763/821/762 814/873/813 813/874/814
f 765/825/766 814/873/813 764/823/764
f 766/824/765 815/875/815 765/825/766
f 767/827/768 816/876/816 766/824/765
f 768/826/767 817/877/817 767/827/768
f 769/828/769 818/878/818 768/826/767
f 770/829/770 819/879/819 769/828/769
f 771/831/772 820/880/820 770/829/770
f 771/831/772 822/881/821 821/882/822
f 773/833/774 822/881/821 772/830/771
f 774/832/773 823/883/823 773/833/774
f 774/832/773 825/884/824 824/885/825
f 776/835/776 825/884/824 775/834/775
f 777/836/777 826/886/826 776/835/776
f 778/837/778 827/887/827 777/836/777
f 779/838/779 828/888/828 778/837/778
f 780/840/781 829/889/829 779/838/779
f 781/839/780 830/890/830 780/840/781
f 781/839/780 832/891/831 831/892/832
f 783/842/783 832/891/831 782/841/782
f 784/843/784 833/893/833 783/842/783
f 785/845/786 834/894/834 784/843/784
f 786/844/785 835/895/835 785/845/786
f 787/846/787 836/896/836 786/844/785
f 787/846/787 838/897/837 837/898/838
f 789/847/788 838/897/837 788/848/789
f 790/850/791 839/899/839 789/847/788
f 790/850/791 841/900/840 840/901/841
f 792/851/792 841/900/840 791/849/790
f 793/852/793 842/902/842 792/851/792
f 794/854/795 843/903/843 793/852/793
f 794/854/795 845/904/844 844/905/845
f 796/855/796 845/904/844 795/853/794
f 797/856/797 846/906/846 796/855/796
f 797/856/797 848/907/847 847/908/848
f 799/857/798 848/907/847 798/858/799
f 799/857/798 850/909/849 849/910/850
f 801/861/801 850/909/849 800/859/800
f 752/860/753 851/911/851 801/861/801
f 803/863/803 852/912/852 802/862/802
f 804/865/805 853/913/853 803/863/803
f 804/865/805 855/914/854 854/915/855
f 806/866/806 855/914/854 805/864/804
f 806/866/806 857/916/856 856/917/857
f 807/867/807 858/918/858 857/916/856
f 809/869/809 858/918/858 808/868/808
f 810/871/811 859/919/859 809/869/809
f 811/870/810 860/920/860 810/871/811
f 812/872/812 861/921/861 811/870/810
f 813/874/814 862/922/862 812/872/812
f 813/874/814 864/923/863 863/924/864
f 814/873/813 865/925/865 864/923/863
f 816/876/816 865/925/865 815/875/815
f 817/877/817 866/926/866 816/876/816
f 818/878/818 867/927/867 817/877/817
f 819/879/819 868/928/868 818/878/818
f 820/880/820 869/929/869 819/879/819
f 821/882/822 870/930/870 820/880/820
f 822/881/821 871/931/871 821/882/822
f 822/881/821 873/932/872 872/933/873
f 824/885/825 873/932/872 823/883/823
f 825/884/824 874/934/874 824/885/825
f 826/886/826 875/935/875 825/884/824
f 827/887/827 876/936/876 826/886/826
f 828/888/828 877/937/877 827/887/827
f 829/889/829 878/938/878 828/888/828
f 829/889/829 880/939/879 879/940/880
f 830/890/830 881/941/881 880/939/879
f 832/891/831 881/941/881 831/892/832
f 833/893/833 882/942/882 832/891/831
f 834/894/834 883/943/883 833/893/833
f 835/895/835 884/944/884 834/894/834
f 835/895/835 886/945/885 885/946/886
f 837/898/838 886/945/885 836/896/836
f 837/898/838 888/947/887 887/948/888
f 838/897/837 889/949/889 888/947/887
f 840/901/841 889/949/889 839/899/839
f 840/901/841 891/950/890 890/951/891
f 842/902/842 891/950/890 841/900/840
f 843/903/843 892/952/892 842/902/842
f 844/905/845 893/953/893 843/903/843
f 845/904/844 894/954/894 844/905/845
f 846/906/846 895/955/895 845/904/844
f 847/908/848 896/956/896 846/906/846
f 847/908/848 898/957/897 897/958/898
f 849/910/850 898/957/897 848/907/847
f 850/909/849 899/959/899 849/910/850
f 851/911/851 900/960/900 850/909/849
f 851/911/851 852/961/852 901/962/901
f 853/913/853 902/963/902 852/912/852
f 854/915/855 903/964/903 853/913/853
f 855/914/854 904/965/904 854/915/855
f 856/917/857 905/966/905 855/914/854
f 857/916/856 906/967/906 856/917/857
f 857/916/856 908/968/907 907/969/908
f 859/919/859 908/968/907 858/918/858
f 859/919/859 910/970/909 909/971/910
f 860/920/860 911/972/911 910/970/909
f 862/922/862 911/972/911 861/921/861
f 863/924/864 912/973/912 862/922/862
f 863/924/864 914/974/913 913/975/914
f 865/925/865 914/974/913 864/923/863
f 866/926/866 915/976/915 865/925/865
f 867/927/867 916/977/916 866/926/866
f 868/928/868 917/978/917 867/927/867
f 869/929/869 918/979/918 868/928/868
f 870/930/870 919/980/919 869/929/869
f 870/930/870 921/981/920 920/982/921
f 872/933/873 921/981/920 871/931/871
f 873/932/872 922/983/922 872/933/873
f 874/934/874 923/984/923 873/932/872
f 875/935/875 924/985/924 874/934/874
f 876/936/876 925/986/925 875/935/875
f 877/937/877 926/987/926 876/936/876
f 878/938/878 927/988/927 877/937/877
f 879/940/880 928/989/928 878/938/878
f 880/939/879 929/990/929 879/940/880
f 881/941/881 930/991/930 880/939/879
f 882/942/882 931/992/931 881/941/881
f 882/942/882 933/993/932 932/994/933
f 884/944/884 933/993/932 883/943/883
f 885/946/886 934/995/934 884/944/884
f 886/945/885 935/996/935 885/946/886
f 886/945/885 937/997/936 936/998/937
f 887/948/888 938/999/938 937/997/936
f 889/949/889 938/999/938 888/947/887
f 890/951/891 939/1000/939 889/949/889
f 890/951/891 941/1001/940 940/1002/941
f 891/950/890 942/1003/942 941/1001/940
f 893/953/893 942/1003/942 892/952/892
f 894/954/894 943/1004/943 893/953/893
f 895/955/895 944/1005/944 894/954/894
f 896/956/896 945/1006/945 895/955/895
f 896/956/896 947/1007/946 946/1008/947
f 898/957/897 947/1007/946 897/958/898
f 899/959/899 948/1009/948 898/957/897
f 899/959/899 950/1010/949 949/1011/950
f 901/962/901 950/1010/949 900/960/900
f 901/962/901 902/1012/902 951/1013/951
f 903/964/903 952/1014/952 902/963/902
f 903/964/903 954/1015/953 953/1016/954
f 905/966/905 954/1015/953 904/965/904
f 906/967/906 955/1017/955 905/966/905
f 907/969/908 956/1018/956 906/967/906
f 908/968/907 957/1019/957 907/969/908
f 909/971/910 958/1020/958 908/968/907
f 910/970/909 959/1021/959 909/971/910
f 910/970/909 961/1022/960 960/1023/961
f 912/973/912 961/1022/960 911/972/911
f 912/973/912 963/1024/962 962/1025/963
f 914/974/913 963/1024/962 913/975/914
f 915/976/915 964/1026/964 914/974/913
f 916/977/916 965/1027/965 915/976/915
f 916/977/916 967/1028/966 966/1029/967
f 918/979/918 967/1028/966 917/978/917
f 918/979/918 969/1030/968 968/1031/969
f 920/982/921 969/1030/968 919/980/919
f 921/981/920 970/1032/970 920/982/921
f 922/983/922 971/1033/971 921/981/920
f 923/984/923 972/1034/972 922/983/922
f 924/985/924 973/1035/973 923/984/923
f 925/986/925 974/1036/974 924/985/924
f 926/987/926 975/1037/975 925/986/925
f 927/988/927 976/1038/976 926/987/926
f 928/989/928 977/1039/977 927/988/927
f 929/990/929 978/1040/978 928/989/928
f 929/990/929 980/1041/979 979/1042/980
f 931/992/931 980/1041/979 930/991/930
f 932/994/933 981/1043/981 931/992/931
f 932/994/933 983/1044/982 982/1045/983
f 934/995/934 983/1044/982 933/993/932
f 935/996/935 984/1046/984 934/995/934
f 936/998/937 985/1047/985 935/996/935
f 937/997/936 986/1048/986 936/998/937
f 938/999/938 987/1049/987 937/997/936
f 939/1000/939 988/1050/988 938/999/938
f 940/1002/941 989/1051/989 939/1000/939
f 941/1001/940 990/1052/990 940/1002/941
f 941/1001/940 992/1053/991 991/1054/992
f 943/1004/943 992/1053/991 942/1003/942
f 944/1005/944 993/1055/993 943/1004/943
f 944/1005/944 995/1056/994 994/1057/995
f 945/1006/945 996/1058/996 995/1056/994
f 946/1008/947 997/1059/997 996/1058/996
f 948/1009/948 997/1059/997 947/1007/946
f 949/1011/950 998/1060/998 948/1009/948
f 950/1010/949 999/1061/999 949/1011/950
f 951/1013/951 1000/1062/1000 950/1010/949
f 951/1013/951 952/1063/952 1001/1064/1001
f 953/1016/954 1002/1065/1002 952/1014/952
f 954/1015/953 1003/1066/1003 953/1016/954
f 954/1015/953 1005/1067/1004 1004/1068/1005
f 956/1018/956 1005/1067/1004 955/1017/955
f 957/1019/957 1006/1069/1006 956/1018/956
f 958/1020/958 1007/1070/1007 957/1019/957
f 959/1021/959 1008/1071/1008 958/1020/958
f 960/1023/961 1009/1072/1009 959/1021/959
f 961/1022/960 1010/1073/1010 960/1023/961
f 962/1025/963 1011/1074/1011 961/1022/960
f 963/1024/962 1012/1075/1012 962/1025/963
f 963/1024/962 1014/1076/1013 1013/1077/1014
f 965/1027/965 1014/1076/1013 964/1026/964
f 965/1027/965 1016/1078/1015 1015/1079/1016
f 967/1028/966 1016/1078/1015 966/1029/967
f 967/1028/966 1018/1080/1017 1017/1081/1018
f 969/1030/968 1018/1080/1017 968/1031/969
f 970/1032/970 1019/1082/1019 969/1030/968
f 970/1032/970 1021/1083/1020 1020/1084/1021
f 972/1034/972 1021/1083/1020 971/1033/971
f 973/1035/973 1022/1085/1022 972/1034/972
f 974/1036/974 1023/1086/1023 973/1035/973
f 974/1036/974 1025/1087/1024 1024/1088/1025
f 976/1038/976 1025/1087/1024 975/1037/975
f 977/1039/977 1026/1089/1026 976/1038/976
f 978/1040/978 1027/1090/1027 977/1039/977
f 978/1040/978 1029/1091/1028 1028/1092/1029
f 980/1041/979 1029/1091/1028 979/1042/980
f 981/1043/981 1030/1093/1030 980/1041/979
f 982/1045/983 1031/1094/1031 981/1043/981
f 983/1044/982 1032/1095/1032 982/1045/983
f 984/1046/984 1033/1096/1033 983/1044/982
f 985/1047/985 1034/1097/1034 984/1046/984
f 985/1047/985 1036/1098/1035 1035/1099/1036
f 987/1049/987 1036/1098/1035 986/1048/986
f 988/1050/988 1037/1100/1037 987/1049/987
f 989/1051/989 1038/1101/1038 988/1050/988
f 990/1052/990 1039/1102/1039 989/1051/989
f 991/1054/992 1040/1103/1040 990/1052/990
f 991/1054/992 1042/1104/1041 1041/1105/1042
f 992/1053/991 1043/1106/1043 1042/1104/1041
f 994/1057/995 1043/1106/1043 993/1055/993
f 995/1056/994 1044/1107/1044 994/1057/995
f 995/1056/994 1046/1108/1045 1045/1109/1046
f 997/1059/997 1046/1108/1045 996/1058/996
f 998/1060/998 1047/1110/1047 997/1059/997
f 998/1060/998 1049/1111/1048 1048/1112/1049
f 1000/1062/1000 1049/1111/1048 999/1061/999
f 1001/1064/1001 1050/1113/1050 1000/1062/1000
f 952/1063/952 1051/1114/1051 1001/1064/1001
f 1003/1066/1003 1052/1115/1052 1002/1065/1002
f 1004/1068/1005 1053/1116/1053 1003/1066/1003
f 1004/1068/1005 1055/1117/1054 1054/1118/1055
f 1006/1069/1006 1055/1117/1054 1005/1067/1004
f 1007/1070/1007 1056/1119/1056 1006/1069/1006
f 1008/1071/1008 1057/1120/1057 1007/1070/1007
f 1009/1072/1009 1058/1121/1058 1008/1071/1008
f 1009/1072/1009 1060/1122/1059 1059/1123/1060
f 1011/1074/1011 1060/1122/1059 1010/1073/1010
f 1011/1074/1011 1062/1124/1061 1061/1125/1062
f 1013/1077/1014 1062/1124/1061 1012/1075/1012
f 1014/1076/1013 1063/1126/1063 1013/1077/1014
f 1014/1076/1013 1065/1127/1064 1064/1128/1065
f 1016/1078/1015 1065/1127/1064 1015/1079/1016
f 1016/1078/1015 1067/1129/1066 1066/1130/1067
f 1017/1081/1018 1068/1131/1068 1067/1129/1066
f 1019/1082/1019 1068/1131/1068 1018/1080/1017
f 1020/1084/1021 1069/1132/1069 1019/1082/1019
f 1021/1083/1020 1070/1133/1070 1020/1084/1021
f 1021/1083/1020 1072/1134/1071 1071/1135/1072
f 1023/1086/1023 1072/1134/1071 1022/1085/1022
f 1024/1088/1025 1073/1136/1073 1023/1086/1023
f 1024/1088/1025 1075/1137/1074 1074/1138/1075
f 1025/1087/1024 1076/1139/1076 1075/1137/1074
f 1026/1089/1026 1077/1140/1077 1076/1139/1076
f 1027/1090/1027 1078/1141/1078 1077/1140/1077
f 1029/1091/1028 1078/1141/1078 1028/1092/1029
f 1030/1093/1030 1079/1142/1079 1029/1091/1028
f 1031/1094/1031 1080/1143/1080 1030/1093/1030
f 1032/1095/1032 1081/1144/1081 1031/1094/1031
f 1033/1096/1033 1082/1145/1082 1032/1095/1032
f 1034/1097/1034 1083/1146/1083 1033/1096/1033
f 1035/1099/1036 1084/1147/1084 1034/1097/1034
f 1036/1098/1035 1085/1148/1085 1035/1099/1036
f 1036/1098/1035 1087/1149/1086 1086/1150/1087
f 1038/1101/1038 1087/1149/1086 1037/1100/1037
f 1038/1101/1038 1089/1151/1088 1088/1152/1089
f 1039/1102/1039 1090/1153/1090 1089/1151/1088
f 1041/1105/1042 1090/1153/1090 1040/1103/1040
f 1041/1105/1042 1092/1154/1091 1091/1155/1092
f 1043/1106/1043 1092/1154/1091 1042/1104/1041
f 1044/1107/1044 1093/1156/1093 1043/1106/1043
f 1045/1109/1046 1094/1157/1094 1044/1107/1044
f 1046/1108/1045 1095/1158/1095 1045/1109/1046
f 1047/1110/1047 1096/1159/1096 1046/1108/1045
f 1048/1112/1049 1097/1160/1097 1047/1110/1047
f 1049/1111/1048 1098/1161/1098 1048/1112/1049
f 1050/1113/1050 1099/1162/1099 1049/1111/1048
f 1051/1114/1051 1100/1163/1100 1050/1113/1050
f 1002/1164/1002 1101/1165/1101 1051/1114/1051
f 1053/1116/1053 1102/1166/1102 1052/1115/1052
f 1054/1118/1055 1103/1167/1103 1053/1116/1053
f 1054/1118/1055 1105/1168/1104 1104/1169/1105
f 1056/1119/1056 1105/1168/1104 1055/1117/1054
f 1056/1119/1056 1107/1170/1106 1106/1171/1107
f 1058/1121/1058 1107/1170/1106 1057/1120/1057
f 1059/1123/1060 1108/1172/1108 1058/1121/1058
f 1059/1123/1060 1110/1173/1109 1109/1174/1110
f 1060/1122/1059 1111/1175/1111 1110/1173/1109
f 1061/1125/1062 1112/1176/1112 1111/1175/1111
f 1063/1126/1063 1112/1176/1112 1062/1124/1061
f 1063/1126/1063 1114/1177/1113 1113/1178/1114
f 1064/1128/1065 1115/1179/1115 1114/1177/1113
f 1066/1130/1067 1115/1179/1115 1065/1127/1064
f 1067/1129/1066 1116/1180/1116 1066/1130/1067
f 1068/1131/1068 1117/1181/1117 1067/1129/1066
f 1068/1131/1068 1119/1182/1118 1118/1183/1119
f 1070/1133/1070 1119/1182/1118 1069/1132/1069
f 1070/1133/1070 1121/1184/1120 1120/1185/1121
f 1072/1134/1071 1121/1184/1120 1071/1135/1072
f 1073/1136/1073 1122/1186/1122 1072/1134/1071
f 1074/1138/1075 1123/1187/1123 1073/1136/1073
f 1075/1137/1074 1124/1188/1124 1074/1138/1075
f 1076/1139/1076 1125/1189/1125 1075/1137/1074
f 1077/1140/1077 1126/1190/1126 1076/1139/1076
f 1078/1141/1078 1127/1191/1127 1077/1140/1077
f 1078/1141/1078 1129/1192/1128 1128/1193/1129
f 1080/1143/1080 1129/1192/1128 1079/1142/1079
f 1081/1144/1081 1130/1194/1130 1080/1143/1080
f 1081/1144/1081 1132/1195/1131 1131/1196/1132
f 1083/1146/1083 1132/1195/1131 1082/1145/1082
f 1083/1146/1083 1134/1197/1133 1133/1198/1134
f 1085/1148/1085 1134/1197/1133 1084/1147/1084
f 1085/1148/1085 1136/1199/1135 1135/1200/1136
f 1087/1149/1086 1136/1199/1135 1086/1150/1087
f 1087/1149/1086 1138/1201/1137 1137/1202/1138
f 1088/1152/1089 1139/1203/1139 1138/1201/1137
f 1090/1153/1090 1139/1203/1139 1089/1151/1088
f 1090/1153/1090 1141/1204/1140 1140/1205/1141
f 1091/1155/1092 1142/1206/1142 1141/1204/1140
f 1093/1156/1093 1142/1206/1142 1092/1154/1091
f 1094/1157/1094 1143/1207/1143 1093/1156/1093
f 1094/1157/1094 1145/1208/1144 1144/1209/1145
f 1096/1159/1096 1145/1208/1144 1095/1158/1095
f 1097/1160/1097 1146/1210/1146 1096/1159/1096
f 1098/1161/1098 1147/1211/1147 1097/1160/1097
f 1099/1162/1099 1148/1212/1148 1098/1161/1098
f 1100/1163/1100 1149/1213/1149 1099/1162/1099
f 1100/1163/1100 1151/1214/1150 1150/1215/1151
f 1052/1216/1052 1151/1214/1150 1101/1165/1101
f 1103/1167/1103 1152/1217/1152 1102/1166/1102
f 1103/1167/1103 1154/1218/1153 1153/1219/1154
f 1105/1168/1104 1154/1218/1153 1104/1169/1105
f 1106/1171/1107 1155/1220/1155 1105/1168/1104
f 1107/1170/1106 1156/1221/1156 1106/1171/1107
f 1108/1172/1108 1157/1222/1157 1107/1170/1106
f 1109/1174/1110 1158/1223/1158 1108/1172/1108
f 1109/1174/1110 1160/1224/1159 1159/1225/1160
f 1111/1175/1111 1160/1224/1159 1110/1173/1109
f 1112/1176/1112 1161/1226/1161 1111/1175/1111
f 1113/1178/1114 1162/1227/1162 1112/1176/1112
f 1114/1177/1113 1163/1228/1163 1113/1178/1114
f 1115/1179/1115 1164/1229/1164 1114/1177/1113
f 1116/1180/1116 1165/1230/1165 1115/1179/1115
f 1117/1181/1117 1166/1231/1166 1116/1180/1116
f 1117/1181/1117 1168/1232/1167 1167/1233/1168
f 1118/1183/1119 1169/1234/1169 1168/1232/1167
f 1120/1185/1121 1169/1234/1169 1119/1182/1118
f 1121/1184/1120 1170/1235/1170 1120/1185/1121
f 1122/1186/1122 1171/1236/1171 1121/1184/1120
f 1123/1187/1123 1172/1237/1172 1122/1186/1122
f 1124/1188/1124 1173/1238/1173 1123/1187/1123
f 1125/1189/1125 1174/1239/1174 1124/1188/1124
f 1126/1190/1126 1175/1240/1175 1125/1189/1125
f 1127/1191/1127 1176/1241/1176 1126/1190/1126
f 1127/1191/1127 1178/1242/1177 1177/1243/1178
f 1129/1192/1128 1178/1242/1177 1128/1193/1129
f 1129/1192/1128 1180/1244/1179 1179/1245/1180
f 1131/1196/1132 1180/1244/1179 1130/1194/1130
f 1131/1196/1132 1182/1246/1181 1181/1247/1182
f 1133/1198/1134 1182/1246/1181 1132/1195/1131
f 1133/1198/1134 1184/1248/1183 1183/1249/1184
f 1134/1197/1133 1185/1250/1185 1184/1248/1183
f 1136/1199/1135 1185/1250/1185 1135/1200/1136
f 1137/1202/1138 1186/1251/1186 1136/1199/1135
f 1138/1201/1137 1187/1252/1187 1137/1202/1138
f 1139/1203/1139 1188/1253/1188 1138/1201/1137
f 1140/1205/1141 1189/1254/1189 1139/1203/1139
f 1140/1205/1141 1191/1255/1190 1190/1256/1191
f 1142/1206/1142 1191/1255/1190 1141/1204/1140
f 1143/1207/1143 1192/1257/1192 1142/1206/1142
f 1144/1209/1145 1193/1258/1193 1143/1207/1143
f 1145/1208/1144 1194/1259/1194 1144/1209/1145
f 1146/1210/1146 1195/1260/1195 1145/1208/1144
f 1147/1211/1147 1196/1261/1196 1146/1210/1146
f 1148/1212/1148 1197/1262/1197 1147/1211/1147
f 1148/1212/1148 1199/1263/1198 1198/1264/1199
f 1150/1215/1151 1199/1263/1198 1149/1213/1149
f 1150/1215/1151 1201/1265/1200 1200/1266/1201
f 1102/1267/1102 1201/1265/1200 1151/1214/1150
f 1202/1268/1202 1152/1217/1152 1153/1219/1154
f 1202/1269/1202 1153/1219/1154 1154/1218/1153
f 1202/1270/1202 1154/1218/1153 1155/1220/1155
f 1202/1271/1202 1155/1220/1155 1156/1221/1156
f 1202/1272/1202 1156/1221/1156 1157/1222/1157
f 1202/1273/1202 1157/1222/1157 1158/1223/1158
f 1202/1274/1202 1158/1223/1158 1159/1225/1160
f 1202/1275/1202 1159/1225/1160 1160/1224/1159
f 1202/1276/1202 1160/1224/1159 1161/1226/1161
f 1202/1277/1202 1161/1226/1161 1162/1227/1162
f 1202/1278/1202 1162/1227/1162 1163/1228/1163
f 1202/1279/1202 1163/1228/1163 1164/1229/1164
f 1202/1280/1202 1164/1229/1164 1165/1230/1165
f 1202/1281/1202 1165/1230/1165 1166/1231/1166
f 1202/1282/1202 1166/1231/1166 1167/1233/1168
f 1202/1283/1202 1167/1233/1168 1168/1232/1167
f 1202/1284/1202 1168/1232/1167 1169/1234/1169
f 1202/1285/1202 1169/1234/1169 1170/1235/1170
f 1202/1286/1202 1170/1235/1170 1171/1236/1171
f 1202/1287/1202 1171/1236/1171 1172/1237/1172
f 1202/1288/1202 1172/1237/1172 1173/1238/1173
f 1202/1289/1202 1173/1238/1173 1174/1239/1174
f 1202/1290/1202 1174/1239/1174 1175/1240/1175
f 1202/1291/1202 1175/1240/1175 1176/1241/1176
f 1202/1292/1202 1176/1241/1176 1177/1243/1178
f 1202/1293/1202 1177/1243/1178 1178/1242/1177
f 1202/1294/1202 1178/1242/1177 1179/1245/1180
f 1202/1295/1202 1179/1245/1180 1180/1244/1179
f 1202/1296/1202 1180/1244/1179 1181/1247/1182
f 1202/1297/1202 1181/1247/1182 1182/1246/1181
f 1202/1298/1202 1182/1246/1181 1183/1249/1184
f 1202/1299/1202 1183/1249/1184 1184/1248/1183
f 1202/1300/1202 1184/1248/1183 1185/1250/1185
f 1202/1301/1202 1185/1250/1185 1186/1251/1186
f 1202/1302/1202 1186/1251/1186 1187/1252/1187
f 1202/1303/1202 1187/1252/1187 1188/1253/1188
f 1202/1304/1202 1188/1253/1188 1189/1254/1189
f 1202/1305/1202 1189/1254/1189 1190/1256/1191
f 1202/1306/1202 1190/1256/1191 1191/1255/1190
f 1202/1307/1202 1191/1255/1190 1192/1257/1192
f 1202/1308/1202 1192/1257/1192 1193/1258/1193
f 1202/1309/1202 1193/1258/1193 1194/1259/1194
f 1202/1310/1202 1194/1259/1194 1195/1260/1195
f 1202/1311/1202 1195/1260/1195 1196/1261/1196
f 1202/1312/1202 1196/1261/1196 1197/1262/1197
f 1202/1313/1202 1197/1262/1197 1198/1264/1199
f 1202/1314/1202 1198/1264/1199 1199/1263/1198
f 1202/1315/1202 1199/1263/1198 1200/1266/1201
f 1202/1316/1202 1200/1266/1201 1201/1265/1200
f 1202/1317/1202 1201/1265/1200 1152/1318/1152
f 2/3/3 3/2/2 53/102/52
f 4/5/4 54/104/54 53/102/52
f 5/7/5 55/105/55 54/104/54
f 6/9/6 56/106/56 55/105/55
f 7/11/7 57/107/57 56/106/56
f 8/13/8 58/108/58 57/107/57
f 9/15/9 59/110/60 58/108/58
f 9/15/9 10/17/10 60/109/59
f 11/19/11 61/112/62 60/109/59
f 11/19/11 12/21/12 62/111/61
f 13/23/13 63/114/64 62/111/61
f 13/23/13 14/25/14 64/113/63
f 14/25/14 15/27/15 65/115/65
f 16/29/16 66/116/66 65/115/65
f 17/31/17 67/118/68 66/116/66
f 17/31/17 18/33/18 68/117/67
f 18/33/18 19/35/19 69/119/69
f 19/35/19 20/37/20 70/120/70
f 21/39/21 71/121/71 70/120/70
f 22/41/22 72/123/73 71/121/71
f 22/41/22 23/43/23 73/122/72
f 24/45/24 74/124/74 73/122/72
f 25/47/25 75/125/75 74/124/74
f 26/49/26 76/127/77 75/125/75
f 26/49/26 27/51/27 77/126/76
f 28/53/28 78/129/79 77/126/76
f 28/53/28 29/55/29 79/128/78
f 30/57/30 80/130/80 79/128/78
f 31/59/31 81/131/81 80/130/80
f 32/61/32 82/133/83 81/131/81
f 32/61/32 33/63/33 83/132/82
f 33/63/33 34/65/34 84/134/84
f 34/65/34 35/67/35 85/135/85
f 36/69/36 86/136/86 85/135/85
f 37/71/37 87/137/87 86/136/86
f 38/73/38 88/138/88 87/137/87
f 39/75/39 89/139/89 88/138/88
f 40/77/40 90/141/91 89/139/89
f 40/77/40 41/79/41 91/140/90
f 41/79/41 42/81/42 92/142/92
f 43/83/43 93/143/93 92/142/92
f 44/85/44 94/144/94 93/143/93
f 45/87/45 95/145/95 94/144/94
f 46/89/46 96/147/97 95/145/95
f 46/89/46 47/91/47 97/146/96
f 48/93/48 98/148/98 97/146/96
f 49/95/49 99/149/99 98/148/98
f 50/97/50 100/150/100 99/149/99
f 51/99/51 101/151/101 100/150/100
f 2/101/3 52/1319/53 101/151/101
f 53/102/52 103/153/103 102/152/102
f 54/104/54 104/154/104 103/153/103
f 55/105/55 105/156/106 104/154/104
f 55/105/55 56/106/56 106/155/105
f 57/107/57 107/157/107 106/155/105
f 58/108/58 108/159/109 107/157/107
f 58/108/58 59/110/60 109/158/108
f 59/110/60 60/109/59 110/160/110
f 61/112/62 111/161/111 110/160/110
f 62/111/61 112/162/112 111/161/111
f 63/114/64 113/164/114 112/162/112
f 63/114/64 64/113/63 114/163/113
f 65/115/65 115/166/116 114/163/113
f 65/115/65 66/116/66 116/165/115
f 67/118/68 117/167/117 116/165/115
f 68/117/67 118/168/118 117/167/117
f 69/119/69 119/169/119 118/168/118
f 70/120/70 120/170/120 119/169/119
f 71/121/71 121/171/121 120/170/120
f 72/123/73 122/173/123 121/171/121
f 72/123/73 73/122/72 123/172/122
f 74/124/74 124/174/124 123/172/122
f 75/125/75 125/176/126 124/174/124
f 75/125/75 76/127/77 126/175/125
f 76/127/77 77/126/76 127/177/127
f 78/129/79 128/179/129 127/177/127
f 78/129/79 79/128/78 129/178/128
f 80/130/80 130/180/130 129/178/128
f 81/131/81 131/181/131 130/180/130
f 82/133/83 132/183/133 131/181/131
f 82/133/83 83/132/82 133/182/132
f 84/134/84 134/185/135 133/182/132
f 84/134/84 85/135/85 135/184/134
f 86/136/86 136/187/137 135/184/134
f 86/136/86 87/137/87 137/186/136
f 88/138/88 138/188/138 137/186/136
f 89/139/89 139/189/139 138/188/138
f 90/141/91 140/190/140 139/189/139
f 91/140/90 141/191/141 140/190/140
f 92/142/92 142/193/143 141/191/141
f 92/142/92 93/143/93 143/192/142
f 93/143/93 94/144/94 144/194/144
f 94/144/94 95/145/95 145/195/145
f 96/147/97 146/196/146 145/195/145
f 97/146/96 147/197/147 146/196/146
f 98/148/98 148/199/149 147/197/147
f 98/148/98 99/149/99 149/198/148
f 100/150/100 150/200/150 149/198/148
f 101/151/101 151/202/151 150/200/150
f 101/151/101 52/1319/53 102/201/102
f 102/152/102 103/153/103 153/203/152
f 103/153/103 104/154/104 154/205/154
f 105/156/106 155/207/156 154/205/154
f 105/156/106 106/155/105 156/206/155
f 107/157/107 157/209/158 156/206/155
f 107/157/107 108/159/109 158/208/157
f 108/159/109 109/158/108 159/210/159
f 109/158/108 110/160/110 160/211/160
f 111/161/111 161/213/162 160/211/160
f 111/161/111 112/162/112 162/212/161
f 112/162/112 113/164/114 163/214/163
f 114/163/113 164/215/164 163/214/163
f 115/166/116 165/216/165 164/215/164
f 116/165/115 166/217/166 165/216/165
f 117/167/117 167/219/168 166/217/166
f 117/167/117 118/168/118 168/218/167
f 119/169/119 169/220/169 168/218/167
f 120/170/120 170/222/171 169/220/169
f 120/170/120 121/171/121 171/221/170
f 122/173/123 172/223/172 171/221/170
f 123/172/122 173/225/174 172/223/172
f 123/172/122 124/174/124 174/224/173
f 125/176/126 175/227/176 174/224/173
f 125/176/126 126/175/125 176/226/175
f 126/175/125 127/177/127 177/228/177
f 127/177/127 128/179/129 178/229/178
f 128/179/129 129/178/128 179/230/179
f 130/180/130 180/232/181 179/230/179
f 130/180/130 131/181/131 181/231/180
f 131/181/131 132/183/133 182/233/182
f 133/182/132 183/234/183 182/233/182
f 134/185/135 184/236/185 183/234/183
f 134/185/135 135/184/134 185/235/184
f 136/187/137 186/238/187 185/235/184
f 136/187/137 137/186/136 187/237/186
f 138/188/138 188/240/189 187/237/186
f 138/188/138 139/189/139 189/239/188
f 139/189/139 140/190/140 190/241/190
f 140/190/140 141/191/141 191/242/191
f 142/193/143 192/244/193 191/242/191
f 142/193/143 143/192/142 193/243/192
f 143/192/142 144/194/144 194/245/194
f 145/195/145 195/246/195 194/245/194
f 146/196/146 196/247/196 195/246/195
f 147/197/147 197/248/197 196/247/196
f 148/199/149 198/250/199 197/248/197
f 148/199/149 149/198/148 199/249/198
f 150/200/150 200/251/200 199/249/198
f 151/202/151 201/252/201 200/251/200
f 102/201/102 152/1320/153 201/252/201
f 153/203/152 203/254/203 202/253/202
f 154/205/154 204/255/204 203/254/203
f 155/207/156 205/257/206 204/255/204
f 155/207/156 156/206/155 206/256/205
f 157/209/158 207/258/207 206/256/205
f 158/208/157 208/260/209 207/258/207
f 158/208/157 159/210/159 209/259/208
f 160/211/160 210/261/210 209/259/208
f 161/213/162 211/262/211 210/261/210
f 162/212/161 212/263/212 211/262/211
f 163/214/163 213/264/213 212/263/212
f 164/215/164 214/265/214 213/264/213
f 165/216/165 215/266/215 214/265/214
f 166/217/166 216/267/216 215/266/215
f 167/219/168 217/269/218 216/267/216
f 167/219/168 168/218/167 218/268/217
f 168/218/167 169/220/169 219/270/219
f 170/222/171 220/271/220 219/270/219
f 171/221/170 221/272/221 220/271/220
f 172/223/172 222/273/222 221/272/221
f 173/225/174 223/274/223 222/273/222
f 174/224/173 224/275/224 223/274/223
f 175/227/176 225/276/225 224/275/224
f 176/226/175 226/278/227 225/276/225
f 176/226/175 177/228/177 227/277/226
f 178/229/178 228/279/228 227/277/226
f 179/230/179 229/280/229 228/279/228
f 180/232/181 230/282/231 229/280/229
f 180/232/181 181/231/180 231/281/230
f 182/233/182 232/283/232 231/281/230
f 183/234/183 233/285/234 232/283/232
f 183/234/183 184/236/185 234/284/233
f 184/236/185 185/235/184 235/286/235
f 186/238/187 236/288/237 235/286/235
f 186/238/187 187/237/186 237/287/236
f 187/237/186 188/240/189 238/289/238
f 189/239/188 239/290/239 238/289/238
f 190/241/190 240/292/241 239/290/239
f 190/241/190 191/242/191 241/291/240
f 192/244/193 242/294/243 241/291/240
f 192/244/193 193/243/192 243/293/242
f 193/243/192 194/245/194 244/295/244
f 194/245/194 195/246/195 245/296/245
f 196/247/196 246/298/247 245/296/245
f 196/247/196 197/248/197 247/297/246
f 198/250/199 248/299/248 247/297/246
f 199/249/198 249/300/249 248/299/248
f 200/251/200 250/301/250 249/300/249
f 201/252/201 251/303/251 250/301/250
f 201/252/201 152/1320/153 202/302/202
f 203/254/203 253/306/254 252/304/252
f 203/254/203 204/255/204 254/305/253
f 205/257/206 255/308/256 254/305/253
f 205/257/206 206/256/205 256/307/255
f 207/258/207 257/310/258 256/307/255
f 207/258/207 208/260/209 258/309/257
f 209/259/208 259/311/259 258/309/257
f 210/261/210 260/313/261 259/311/259
f 210/261/210 211/262/211 261/312/260
f 212/263/212 262/315/263 261/312/260
f 212/263/212 213/264/213 263/314/262
f 214/265/214 264/317/265 263/314/262
f 214/265/214 215/266/215 265/316/264
f 216/267/216 266/318/266 265/316/264
f 217/269/218 267/319/267 266/318/266
f 218/268/217 268/320/268 267/319/267
f 219/270/219 269/321/269 268/320/268
f 220/271/220 270/323/271 269/321/269
f 220/271/220 221/272/221 271/322/270
f 222/273/222 272/324/272 271/322/270
f 223/274/223 273/326/274 272/324/272
f 223/274/223 224/275/224 274/325/273
f 225/276/225 275/327/275 274/325/273
f 226/278/227 276/329/277 275/327/275
f 226/278/227 227/277/226 277/328/276
f 228/279/228 278/331/279 277/328/276
f 228/279/228 229/280/229 279/330/278
f 230/282/231 280/333/281 279/330/278
f 230/282/231 231/281/230 281/332/280
f 232/283/232 282/334/282 281/332/280
f 233/285/234 283/336/284 282/334/282
f 233/285/234 234/284/233 284/335/283
f 235/286/235 285/337/285 284/335/283
f 236/288/237 286/338/286 285/337/285
f 237/287/236 287/339/287 286/338/286
f 238/289/238 288/341/289 287/339/287
f 238/289/238 239/290/239 289/340/288
f 240/292/241 290/342/290 289/340/288
f 241/291/240 291/343/291 290/342/290
f 242/294/243 292/344/292 291/343/291
f 243/293/242 293/345/293 292/344/292
f 244/295/244 294/346/294 293/345/293
f 245/296/245 295/347/295 294/346/294
f 246/298/247 296/348/296 295/347/295
f 247/297/246 297/349/297 296/348/296
f 248/299/248 298/351/299 297/349/297
f 248/299/248 249/300/249 299/350/298
f 250/301/250 300/352/300 299/350/298
f 251/303/251 301/353/301 300/352/300
f 202/302/202 252/1321/252 301/353/301
f 252/304/252 253/306/254 303/354/302
f 254/305/253 304/356/304 303/354/302
f 255/308/256 305/357/305 304/356/304
f 256/307/255 306/358/306 305/357/305
f 257/310/258 307/359/307 306/358/306
f 258/309/257 308/361/309 307/359/307
f 258/309/257 259/311/259 309/360/308
f 260/313/261 310/362/310 309/360/308
f 261/312/260 311/363/311 310/362/310
f 262/315/263 312/365/313 311/363/311
f 262/315/263 263/314/262 313/364/312
f 264/317/265 314/366/314 313/364/312
f 265/316/264 315/367/315 314/366/314
f 266/318/266 316/368/316 315/367/315
f 267/319/267 317/370/318 316/368/316
f 267/319/267 268/320/268 318/369/317
f 269/321/269 319/371/319 318/369/317
f 270/323/271 320/372/320 319/371/319
f 271/322/270 321/373/321 320/372/320
f 272/324/272 322/374/322 321/373/321
f 273/326/274 323/376/324 322/374/322
f 273/326/274 274/325/273 324/375/323
f 275/327/275 325/378/326 324/375/323
f 275/327/275 276/329/277 326/377/325
f 276/329/277 277/328/276 327/379/327
f 277/328/276 278/331/279 328/380/328
f 278/331/279 279/330/278 329/381/329
f 280/333/281 330/382/330 329/381/329
f 281/332/280 331/383/331 330/382/330
f 282/334/282 332/384/332 331/383/331
f 283/336/284 333/385/333 332/384/332
f 284/335/283 334/386/334 333/385/333
f 285/337/285 335/387/335 334/386/334
f 286/338/286 336/388/336 335/387/335
f 287/339/287 337/390/338 336/388/336
f 287/339/287 288/341/289 338/389/337
f 288/341/289 289/340/288 339/391/339
f 290/342/290 340/393/341 339/391/339
f 290/342/290 291/343/291 341/392/340
f 292/344/292 342/394/342 341/392/340
f 293/345/293 343/396/344 342/394/342
f 293/345/293 294/346/294 344/395/343
f 295/347/295 345/398/346 344/395/343
f 295/347/295 296/348/296 346/397/345
f 297/349/297 347/399/347 346/397/345
f 298/351/299 348/401/349 347/399/347
f 298/351/299 299/350/298 349/400/348
f 300/352/300 350/403/351 349/400/348
f 300/352/300 301/353/301 351/402/350
f 301/353/301 252/1321/252 302/404/303
f 303/354/302 353/406/353 352/405/352
f 304/356/304 354/407/354 353/406/353
f 305/357/305 355/408/355 354/407/354
f 306/358/306 356/409/356 355/408/355
f 307/359/307 357/410/357 356/409/356
f 308/361/309 358/411/358 357/410/357
f 309/360/308 359/412/359 358/411/358
f 310/362/310 360/413/360 359/412/359
f 311/363/311 361/414/361 360/413/360
f 312/365/313 362/416/363 361/414/361
f 312/365/313 313/364/312 363/415/362
f 314/366/314 364/417/364 363/415/362
f 315/367/315 365/418/365 364/417/364
f 316/368/316 366/419/366 365/418/365
f 317/370/318 367/420/367 366/419/366
f 318/369/317 368/421/368 367/420/367
f 319/371/319 369/422/369 368/421/368
f 320/372/320 370/424/371 369/422/369
f 320/372/320 321/373/321 371/423/370
f 322/374/322 372/425/372 371/423/370
f 323/376/324 373/426/373 372/425/372
f 324/375/323 374/427/374 373/426/373
f 325/378/326 375/429/376 374/427/374
f 325/378/326 326/377/325 376/428/375
f 327/379/327 377/431/378 376/428/375
f 327/379/327 328/380/328 378/430/377
f 328/380/328 329/381/329 379/432/379
f 330/382/330 380/433/380 379/432/379
f 331/383/331 381/434/381 380/433/380
f 332/384/332 382/436/383 381/434/381
f 332/384/332 333/385/333 383/435/382
f 333/385/333 334/386/334 384/437/384
f 334/386/334 335/387/335 385/438/385
f 336/388/336 386/439/386 385/438/385
f 337/390/338 387/440/387 386/439/386
f 338/389/337 388/441/388 387/440/387
f 339/391/339 389/443/390 388/441/388
f 339/391/339 340/393/341 390/442/389
f 341/392/340 391/445/392 390/442/389
f 341/392/340 342/394/342 392/444/391
f 342/394/342 343/396/344 393/446/393
f 344/395/343 394/447/394 393/446/393
f 345/398/346 395/449/396 394/447/394
f 345/398/346 346/397/345 396/448/395
f 347/399/347 397/451/398 396/448/395
f 347/399/347 348/401/349 398/450/397
f 349/400/348 399/452/399 398/450/397
f 350/403/351 400/453/400 399/452/399
f 351/402/350 401/454/401 400/453/400
f 302/404/303 352/504/352 401/454/401
f 353/406/353 403/457/404 402/455/402
f 353/406/353 354/407/354 404/456/403
f 354/407/354 355/408/355 405/458/405
f 356/409/356 406/459/406 405/458/405
f 357/410/357 407/460/407 406/459/406
f 358/411/358 408/462/409 407/460/407
f 358/411/358 359/412/359 409/461/408
f 359/412/359 360/413/360 410/463/410
f 361/414/361 411/465/412 410/463/410
f 361/414/361 362/416/363 412/464/411
f 363/415/362 413/467/414 412/464/411
f 363/415/362 364/417/364 414/466/413
f 364/417/364 365/418/365 415/468/415
f 366/419/366 416/469/416 415/468/415
f 367/420/367 417/471/418 416/469/416
f 367/420/367 368/421/368 418/470/417
f 369/422/369 419/473/420 418/470/417
f 369/422/369 370/424/371 420/472/419
f 371/423/370 421/474/421 420/472/419
f 372/425/372 422/475/422 421/474/421
f 373/426/373 423/477/424 422/475/422
f 373/426/373 374/427/374 424/476/423
f 375/429/376 425/478/425 424/476/423
f 376/428/375 426/479/426 425/478/425
f 377/431/378 427/481/428 426/479/426
f 377/431/378 378/430/377 428/480/427
f 379/432/379 429/483/430 428/480/427
f 379/432/379 380/433/380 430/482/429
f 380/433/380 381/434/381 431/484/431
f 382/436/383 432/485/432 431/484/431
f 383/435/382 433/486/433 432/485/432
f 384/437/384 434/487/434 433/486/433
f 385/438/385 435/488/435 434/487/434
f 386/439/386 436/490/437 435/488/435
f 386/439/386 387/440/387 437/489/436
f 387/440/387 388/441/388 438/491/438
f 389/443/390 439/493/440 438/491/438
f 389/443/390 390/442/389 440/492/439
f 391/445/392 441/495/442 440/492/439
f 391/445/392 392/444/391 442/494/441
f 392/444/391 393/446/393 443/496/443
f 394/447/394 444/497/444 443/496/443
f 395/449/396 445/498/445 444/497/444
f 396/448/395 446/499/446 445/498/445
f 397/451/398 447/500/447 446/499/446
f 398/450/397 448/502/449 447/500/447
f 398/450/397 399/452/399 449/501/448
f 399/452/399 400/453/400 450/503/450
f 401/454/401 451/505/451 450/503/450
f 352/504/352 402/555/402 451/505/451
f 403/457/404 453/508/454 452/506/452
f 403/457/404 404/456/403 454/507/453
f 405/458/405 455/509/455 454/507/453
f 406/459/406 456/510/456 455/509/455
f 407/460/407 457/511/457 456/510/456
f 408/462/409 458/512/458 457/511/457
f 409/461/408 459/513/459 458/512/458
f 410/463/410 460/514/460 459/513/459
f 411/465/412 461/515/461 460/514/460
f 412/464/411 462/517/463 461/515/461
f 412/464/411 413/467/414 463/516/462
f 413/467/414 414/466/413 464/518/464
f 414/466/413 415/468/415 465/519/465
f 416/469/416 466/521/467 465/519/465
f 416/469/416 417/471/418 467/520/466
f 418/470/417 468/523/469 467/520/466
f 418/470/417 419/473/420 469/522/468
f 420/472/419 470/524/470 469/522/468
f 421/474/421 471/525/471 470/524/470
f 422/475/422 472/526/472 471/525/471
f 423/477/424 473/528/474 472/526/472
f 423/477/424 424/476/423 474/527/473
f 425/478/425 475/529/475 474/527/473
f 426/479/426 476/530/476 475/529/475
f 427/481/428 477/531/477 476/530/476
f 428/480/427 478/533/479 477/531/477
f 428/480/427 429/483/430 479/532/478
f 429/483/430 430/482/429 480/534/480
f 431/484/431 481/535/481 480/534/480
f 432/485/432 482/536/482 481/535/481
f 433/486/433 483/538/484 482/536/482
f 433/486/433 434/487/434 484/537/483
f 435/488/435 485/539/485 484/537/483
f 436/490/437 486/541/487 485/539/485
f 436/490/437 437/489/436 487/540/486
f 438/491/438 488/542/488 487/540/486
f 439/493/440 489/544/490 488/542/488
f 439/493/440 440/492/439 490/543/489
f 441/495/442 491/545/491 490/543/489
f 442/494/441 492/546/492 491/545/491
f 443/496/443 493/547/493 492/546/492
f 444/497/444 494/548/494 493/547/493
f 445/498/445 495/549/495 494/548/494
f 446/499/446 496/551/497 495/549/495
f 446/499/446 447/500/447 497/550/496
f 447/500/447 448/502/449 498/552/498
f 448/502/449 449/501/448 499/553/499
f 449/501/448 450/503/450 500/554/500
f 451/505/451 501/556/501 500/554/500
f 402/555/402 452/1322/452 501/556/501
f 452/506/452 453/508/454 503/557/502
f 453/508/454 454/507/453 504/559/504
f 455/509/455 505/560/505 504/559/504
f 456/510/456 506/561/506 505/560/505
f 457/511/457 507/563/508 506/561/506
f 457/511/457 458/512/458 508/562/507
f 458/512/458 459/513/459 509/564/509
f 460/514/460 510/565/510 509/564/509
f 461/515/461 511/566/511 510/565/510
f 462/517/463 512/567/512 511/566/511
f 463/516/462 513/569/514 512/567/512
f 463/516/462 464/518/464 514/568/513
f 465/519/465 515/570/515 514/568/513
f 466/521/467 516/571/516 515/570/515
f 467/520/466 517/572/517 516/571/516
f 468/523/469 518/573/518 517/572/517
f 469/522/468 519/575/520 518/573/518
f 469/522/468 470/524/470 520/574/519
f 471/525/471 521/576/521 520/574/519
f 472/526/472 522/578/523 521/576/521
f 472/526/472 473/528/474 523/577/522
f 474/527/473 524/579/524 523/577/522
f 475/529/475 525/580/525 524/579/524
f 476/530/476 526/582/527 525/580/525
f 476/530/476 477/531/477 527/581/526
f 477/531/477 478/533/479 528/583/528
f 478/533/479 479/532/478 529/584/529
f 480/534/480 530/585/530 529/584/529
f 481/535/481 531/586/531 530/585/530
f 482/536/482 532/587/532 531/586/531
f 483/538/484 533/588/533 532/587/532
f 484/537/483 534/590/535 533/588/533
f 484/537/483 485/539/485 535/589/534
f 486/541/487 536/591/536 535/589/534
f 487/540/486 537/592/537 536/591/536
f 488/542/488 538/593/538 537/592/537
f 489/544/490 539/595/540 538/593/538
f 489/544/490 490/543/489 540/594/539
f 491/545/491 541/597/542 540/594/539
f 491/545/491 492/546/492 542/596/541
f 492/546/492 493/547/493 543/598/543
f 493/547/493 494/548/494 544/599/544
f 495/549/495 545/601/546 544/599/544
f 495/549/495 496/551/497 546/600/545
f 497/550/496 547/602/547 546/600/545
f 498/552/498 548/603/548 547/602/547
f 499/553/499 549/605/550 548/603/548
f 499/553/499 500/554/500 550/604/549
f 501/556/501 551/607/551 550/604/549
f 501/556/501 452/1322/452 502/606/503
f 503/557/502 553/609/553 552/608/552
f 504/559/504 554/610/554 553/609/553
f 505/560/505 555/611/555 554/610/554
f 506/561/506 556/612/556 555/611/555
f 507/563/508 557/613/557 556/612/556
f 508/562/507 558/614/558 557/613/557
f 509/564/509 559/616/560 558/614/558
f 509/564/509 510/565/510 560/615/559
f 510/565/510 511/566/511 561/617/561
f 512/567/512 562/619/563 561/617/561
f 512/567/512 513/569/514 563/618/562
f 514/568/513 564/621/565 563/618/562
f 514/568/513 515/570/515 565/620/564
f 516/571/516 566/622/566 565/620/564
f 517/572/517 567/623/567 566/622/566
f 518/573/518 568/624/568 567/623/567
f 519/575/520 569/626/570 568/624/568
f 519/575/520 520/574/519 570/625/569
f 521/576/521 571/628/572 570/625/569
f 521/576/521 522/578/523 572/627/571
f 523/577/522 573/629/573 572/627/571
f 524/579/524 574/631/575 573/629/573
f 524/579/524 525/580/525 575/630/574
f 525/580/525 526/582/527 576/632/576
f 526/582/527 527/581/526 577/633/577
f 528/583/528 578/635/579 577/633/577
f 528/583/528 529/584/529 579/634/578
f 530/585/530 580/636/580 579/634/578
f 531/586/531 581/637/581 580/636/580
f 532/587/532 582/638/582 581/637/581
f 533/588/533 583/639/583 582/638/582
f 534/590/535 584/640/584 583/639/583
f 535/589/534 585/641/585 584/640/584
f 536/591/536 586/642/586 585/641/585
f 537/592/537 587/643/587 586/642/586
f 538/593/538 588/644/588 587/643/587
f 539/595/540 589/646/590 588/644/588
f 539/595/540 540/594/539 590/645/589
f 541/597/542 591/648/592 590/645/589
f 541/597/542 542/596/541 592/647/591
f 542/596/541 543/598/543 593/649/593
f 544/599/544 594/650/594 593/649/593
f 545/601/546 595/651/595 594/650/594
f 546/600/545 596/653/597 595/651/595
f 546/600/545 547/602/547 597/652/596
f 547/602/547 548/603/548 598/654/598
f 548/603/548 549/605/550 599/655/599
f 549/605/550 550/604/549 600/656/600
f 551/607/551 601/657/601 600/656/600
f 502/606/503 552/707/552 601/657/601
f 553/609/553 603/659/603 602/658/602
f 554/610/554 604/660/604 603/659/603
f 555/611/555 605/661/605 604/660/604
f 556/612/556 606/662/606 605/661/605
f 557/613/557 607/663/607 606/662/606
f 558/614/558 608/664/608 607/663/607
f 559/616/560 609/665/609 608/664/608
f 560/615/559 610/666/610 609/665/609
f 561/617/561 611/667/611 610/666/610
f 562/619/563 612/668/612 611/667/611
f 563/618/562 613/669/613 612/668/612
f 564/621/565 614/670/614 613/669/613
f 565/620/564 615/671/615 614/670/614
f 566/622/566 616/672/616 615/671/615
f 567/623/567 617/673/617 616/672/616
f 568/624/568 618/674/618 617/673/617
f 569/626/570 619/675/619 618/674/618
f 570/625/569 620/676/620 619/675/619
f 571/628/572 621/677/621 620/676/620
f 572/627/571 622/678/622 621/677/621
f 573/629/573 623/679/623 622/678/622
f 574/631/575 624/680/624 623/679/623
f 575/630/574 625/681/625 624/680/624
f 576/632/576 626/682/626 625/681/625
f 577/633/577 627/683/627 626/682/626
f 578/635/579 628/684/628 627/683/627
f 579/634/578 629/685/629 628/684/628
f 580/636/580 630/686/630 629/685/629
f 581/637/581 631/687/631 630/686/630
f 582/638/582 632/688/632 631/687/631
f 583/639/583 633/689/633 632/688/632
f 584/640/584 634/690/634 633/689/633
f 585/641/585 635/691/635 634/690/634
f 586/642/586 636/692/636 635/691/635
f 587/643/587 637/693/637 636/692/636
f 588/644/588 638/694/638 637/693/637
f 589/646/590 639/695/639 638/694/638
f 590/645/589 640/696/640 639/695/639
f 591/648/592 641/697/641 640/696/640
f 592/647/591 642/698/642 641/697/641
f 593/649/593 643/699/643 642/698/642
f 594/650/594 644/700/644 643/699/643
f 595/651/595 645/701/645 644/700/644
f 596/653/597 646/702/646 645/701/645
f 597/652/596 647/703/647 646/702/646
f 598/654/598 648/704/648 647/703/647
f 599/655/599 649/705/649 648/704/648
f 600/656/600 650/706/650 649/705/649
f 601/657/601 651/708/651 650/706/650
f 552/707/552 602/758/602 651/708/651
f 603/659/603 653/711/654 652/709/652
f 603/659/603 604/660/604 654/710/653
f 605/661/605 655/712/655 654/710/653
f 606/662/606 656/713/656 655/712/655
f 607/663/607 657/714/657 656/713/656
f 608/664/608 658/716/659 657/714/657
f 608/664/608 609/665/609 659/715/658
f 610/666/610 660/717/660 659/715/658
f 611/667/611 661/718/661 660/717/660
f 612/668/612 662/719/662 661/718/661
f 613/669/613 663/720/663 662/719/662
f 614/670/614 664/721/664 663/720/663
f 615/671/615 665/722/665 664/721/664
f 616/672/616 666/723/666 665/722/665
f 617/673/617 667/724/667 666/723/666
f 618/674/618 668/726/669 667/724/667
f 618/674/618 619/675/619 669/725/668
f 620/676/620 670/727/670 669/725/668
f 621/677/621 671/728/671 670/727/670
f 622/678/622 672/729/672 671/728/671
f 623/679/623 673/730/673 672/729/672
f 624/680/624 674/731/674 673/730/673
f 625/681/625 675/732/675 674/731/674
f 626/682/626 676/733/676 675/732/675
f 627/683/627 677/734/677 676/733/676
f 628/684/628 678/735/678 677/734/677
f 629/685/629 679/736/679 678/735/678
f 630/686/630 680/737/680 679/736/679
f 631/687/631 681/738/681 680/737/680
f 632/688/632 682/740/683 681/738/681
f 632/688/632 633/689/633 683/739/682
f 634/690/634 684/741/684 683/739/682
f 635/691/635 685/743/686 684/741/684
f 635/691/635 636/692/636 686/742/685
f 636/692/636 637/693/637 687/744/687
f 638/694/638 688/746/689 687/744/687
f 638/694/638 639/695/639 689/745/688
f 640/696/640 690/747/690 689/745/688
f 641/697/641 691/748/691 690/747/690
f 642/698/642 692/749/692 691/748/691
f 643/699/643 693/751/694 692/749/692
f 643/699/643 644/700/644 694/750/693
f 644/700/644 645/701/645 695/752/695
f 646/702/646 696/754/697 695/752/695
f 646/702/646 647/703/647 697/753/696
f 648/704/648 698/755/698 697/753/696
f 649/705/649 699/757/700 698/755/698
f 649/705/649 650/706/650 700/756/699
f 651/708/651 701/759/701 700/756/699
f 602/758/602 652/809/652 701/759/701
f 653/711/654 703/761/703 702/760/702
f 654/710/653 704/763/705 703/761/703
f 654/710/653 655/712/655 705/762/704
f 656/713/656 706/764/706 705/762/704
f 657/714/657 707/766/708 706/764/706
f 657/714/657 658/716/659 708/765/707
f 659/715/658 709/767/709 708/765/707
f 660/717/660 710/768/710 709/767/709
f 661/718/661 711/769/711 710/768/710
f 662/719/662 712/770/712 711/769/711
f 663/720/663 713/771/713 712/770/712
f 664/721/664 714/772/714 713/771/713
f 665/722/665 715/773/715 714/772/714
f 666/723/666 716/774/716 715/773/715
f 667/724/667 717/775/717 716/774/716
f 668/726/669 718/777/719 717/775/717
f 668/726/669 669/725/668 719/776/718
f 670/727/670 720/778/720 719/776/718
f 671/728/671 721/780/722 720/778/720
f 671/728/671 672/729/672 722/779/721
f 672/729/672 673/730/673 723/781/723
f 674/731/674 724/782/724 723/781/723
f 675/732/675 725/784/726 724/782/724
f 675/732/675 676/733/676 726/783/725
f 677/734/677 727/785/727 726/783/725
f 678/735/678 728/786/728 727/785/727
f 679/736/679 729/787/729 728/786/728
f 680/737/680 730/788/730 729/787/729
f 681/738/681 731/789/731 730/788/730
f 682/740/683 732/791/733 731/789/731
f 682/740/683 683/739/682 733/790/732
f 683/739/682 684/741/684 734/792/734
f 685/743/686 735/793/735 734/792/734
f 686/742/685 736/794/736 735/793/735
f 687/744/687 737/795/737 736/794/736
f 688/746/689 738/797/739 737/795/737
f 688/746/689 689/745/688 739/796/738
f 690/747/690 740/798/740 739/796/738
f 691/748/691 741/800/742 740/798/740
f 691/748/691 692/749/692 742/799/741
f 693/751/694 743/801/743 742/799/741
f 694/750/693 744/802/744 743/801/743
f 695/752/695 745/803/745 744/802/744
f 696/754/697 746/804/746 745/803/745
f 697/753/696 747/806/748 746/804/746
f 697/753/696 698/755/698 748/805/747
f 698/755/698 699/757/700 749/807/749
f 699/757/700 700/756/699 750/808/750
f 701/759/701 751/810/751 750/808/750
f 652/809/652 702/1323/702 751/810/751
f 702/760/702 703/761/703 753/811/752
f 704/763/705 754/814/755 753/811/752
f 704/763/705 705/762/704 755/813/754
f 706/764/706 756/816/757 755/813/754
f 706/764/706 707/766/708 757/815/756
f 708/765/707 758/817/758 757/815/756
f 709/767/709 759/818/759 758/817/758
f 710/768/710 760/819/760 759/818/759
f 711/769/711 761/820/761 760/819/760
f 712/770/712 762/822/763 761/820/761
f 712/770/712 713/771/713 763/821/762
f 714/772/714 764/823/764 763/821/762
f 715/773/715 765/825/766 764/823/764
f 715/773/715 716/774/716 766/824/765
f 717/775/717 767/827/768 766/824/765
f 717/775/717 718/777/719 768/826/767
f 718/777/719 719/776/718 769/828/769
f 720/778/720 770/829/770 769/828/769
f 721/780/722 771/831/772 770/829/770
f 721/780/722 722/779/721 772/830/771
f 723/781/723 773/833/774 772/830/771
f 723/781/723 724/782/724 774/832/773
f 725/784/726 775/834/775 774/832/773
f 726/783/725 776/835/776 775/834/775
f 727/785/727 777/836/777 776/835/776
f 728/786/728 778/837/778 777/836/777
f 729/787/729 779/838/779 778/837/778
f 730/788/730 780/840/781 779/838/779
f 730/788/730 731/789/731 781/839/780
f 732/791/733 782/841/782 781/839/780
f 733/790/732 783/842/783 782/841/782
f 734/792/734 784/843/784 783/842/783
f 735/793/735 785/845/786 784/843/784
f 735/793/735 736/794/736 786/844/785
f 737/795/737 787/846/787 786/844/785
f 738/797/739 788/848/789 787/846/787
f 738/797/739 739/796/738 789/847/788
f 740/798/740 790/850/791 789/847/788
f 740/798/740 741/800/742 791/849/790
f 742/799/741 792/851/792 791/849/790
f 743/801/743 793/852/793 792/851/792
f 744/802/744 794/854/795 793/852/793
f 744/802/744 745/803/745 795/853/794
f 746/804/746 796/855/796 795/853/794
f 747/806/748 797/856/797 796/855/796
f 748/805/747 798/858/799 797/856/797
f 748/805/747 749/807/749 799/857/798
f 750/808/750 800/859/800 799/857/798
f 751/810/751 801/861/801 800/859/800
f 751/810/751 702/1323/702 752/860/753
f 753/811/752 803/863/803 802/862/802
f 754/814/755 804/865/805 803/863/803
f 754/814/755 755/813/754 805/864/804
f 756/816/757 806/866/806 805/864/804
f 757/815/756 807/867/807 806/866/806
f 758/817/758 808/868/808 807/867/807
f 759/818/759 809/869/809 808/868/808
f 760/819/760 810/871/811 809/869/809
f 760/819/760 761/820/761 811/870/810
f 762/822/763 812/872/812 811/870/810
f 763/821/762 813/874/814 812/872/812
f 763/821/762 764/823/764 814/873/813
f 765/825/766 815/875/815 814/873/813
f 766/824/765 816/876/816 815/875/815
f 767/827/768 817/877/817 816/876/816
f 768/826/767 818/878/818 817/877/817
f 769/828/769 819/879/819 818/878/818
f 770/829/770 820/880/820 819/879/819
f 771/831/772 821/882/822 820/880/820
f 771/831/772 772/830/771 822/881/821
f 773/833/774 823/883/823 822/881/821
f 774/832/773 824/885/825 823/883/823
f 774/832/773 775/834/775 825/884/824
f 776/835/776 826/886/826 825/884/824
f 777/836/777 827/887/827 826/886/826
f 778/837/778 828/888/828 827/887/827
f 779/838/779 829/889/829 828/888/828
f 780/840/781 830/890/830 829/889/829
f 781/839/780 831/892/832 830/890/830
f 781/839/780 782/841/782 832/891/831
f 783/842/783 833/893/833 832/891/831
f 784/843/784 834/894/834 833/893/833
f 785/845/786 835/895/835 834/894/834
f 786/844/785 836/896/836 835/895/835
f 787/846/787 837/898/838 836/896/836
f 787/846/787 788/848/789 838/897/837
f 789/847/788 839/899/839 838/897/837
f 790/850/791 840/901/841 839/899/839
f 790/850/791 791/849/790 841/900/840
f 792/851/792 842/902/842 841/900/840
f 793/852/793 843/903/843 842/902/842
f 794/854/795 844/905/845 843/903/843
f 794/854/795 795/853/794 845/904/844
f 796/855/796 846/906/846 845/904/844
f 797/856/797 847/908/848 846/906/846
f 797/856/797 798/858/799 848/907/847
f 799/857/798 849/910/850 848/907/847
f 799/857/798 800/859/800 850/909/849
f 801/861/801 851/911/851 850/909/849
f 752/860/753 802/1324/802 851/911/851
f 803/863/803 853/913/853 852/912/852
f 804/865/805 854/915/855 853/913/853
f 804/865/805 805/864/804 855/914/854
f 806/866/806 856/917/857 855/914/854
f 806/866/806 807/867/807 857/916/856
f 807/867/807 808/868/808 858/918/858
f 809/869/809 859/919/859 858/918/858
f 810/871/811 860/920/860 859/919/859
f 811/870/810 861/921/861 860/920/860
f 812/872/812 862/922/862 861/921/861
f 813/874/814 863/924/864 862/922/862
f 813/874/814 814/873/813 864/923/863
f 814/873/813 815/875/815 865/925/865
f 816/876/816 866/926/866 865/925/865
f 817/877/817 867/927/867 866/926/866
f 818/878/818 868/928/868 867/927/867
f 819/879/819 869/929/869 868/928/868
f 820/880/820 870/930/870 869/929/869
f 821/882/822 871/931/871 870/930/870
f 822/881/821 872/933/873 871/931/871
f 822/881/821 823/883/823 873/932/872
f 824/885/825 874/934/874 873/932/872
f 825/884/824 875/935/875 874/934/874
f 826/886/826 876/936/876 875/935/875
f 827/887/827 877/937/877 876/936/876
f 828/888/828 878/938/878 877/937/877
f 829/889/829 879/940/880 878/938/878
f 829/889/829 830/890/830 880/939/879
f 830/890/830 831/892/832 881/941/881
f 832/891/831 882/942/882 881/941/881
f 833/893/833 883/943/883 882/942/882
f 834/894/834 884/944/884 883/943/883
f 835/895/835 885/946/886 884/944/884
f 835/895/835 836/896/836 886/945/885
f 837/898/838 887/948/888 886/945/885
f 837/898/838 838/897/837 888/947/887
f 838/897/837 839/899/839 889/949/889
f 840/901/841 890/951/891 889/949/889
f 840/901/841 841/900/840 891/950/890
f 842/902/842 892/952/892 891/950/890
f 843/903/843 893/953/893 892/952/892
f 844/905/845 894/954/894 893/953/893
f 845/904/844 895/955/895 894/954/894
f 846/906/846 896/956/896 895/955/895
f 847/908/848 897/958/898 896/956/896
f 847/908/848 848/907/847 898/957/897
f 849/910/850 899/959/899 898/957/897
f 850/909/849 900/960/900 899/959/899
f 851/911/851 901/962/901 900/960/900
f 851/911/851 802/1324/802 852/961/852
f 853/913/853 903/964/903 902/963/902
f 854/915/855 904/965/904 903/964/903
f 855/914/854 905/966/905 904/965/904
f 856/917/857 906/967/906 905/966/905
f 857/916/856 907/969/908 906/967/906
f 857/916/856 858/918/858 908/968/907
f 859/919/859 909/971/910 908/968/907
f 859/919/859 860/920/860 910/970/909
f 860/920/860 861/921/861 911/972/911
f 862/922/862 912/973/912 911/972/911
f 863/924/864 913/975/914 912/973/912
f 863/924/864 864/923/863 914/974/913
f 865/925/865 915/976/915 914/974/913
f 866/926/866 916/977/916 915/976/915
f 867/927/867 917/978/917 916/977/916
f 868/928/868 918/979/918 917/978/917
f 869/929/869 919/980/919 918/979/918
f 870/930/870 920/982/921 919/980/919
f 870/930/870 871/931/871 921/981/920
f 872/933/873 922/983/922 921/981/920
f 873/932/872 923/984/923 922/983/922
f 874/934/874 924/985/924 923/984/923
f 875/935/875 925/986/925 924/985/924
f 876/936/876 926/987/926 925/986/925
f 877/937/877 927/988/927 926/987/926
f 878/938/878 928/989/928 927/988/927
f 879/940/880 929/990/929 928/989/928
f 880/939/879 930/991/930 929/990/929
f 881/941/881 931/992/931 930/991/930
f 882/942/882 932/994/933 931/992/931
f 882/942/882 883/943/883 933/993/932
f 884/944/884 934/995/934 933/993/932
f 885/946/886 935/996/935 934/995/934
f 886/945/885 936/998/937 935/996/935
f 886/945/885 887/948/888 937/997/936
f 887/948/888 888/947/887 938/999/938
f 889/949/889 939/1000/939 938/999/938
f 890/951/891 940/1002/941 939/1000/939
f 890/951/891 891/950/890 941/1001/940
f 891/950/890 892/952/892 942/1003/942
f 893/953/893 943/1004/943 942/1003/942
f 894/954/894 944/1005/944 943/1004/943
f 895/955/895 945/1006/945 944/1005/944
f 896/956/896 946/1008/947 945/1006/945
f 896/956/896 897/958/898 947/1007/946
f 898/957/897 948/1009/948 947/1007/946
f 899/959/899 949/1011/950 948/1009/948
f 899/959/899 900/960/900 950/1010/949
f 901/962/901 951/1013/951 950/1010/949
f 901/962/901 852/961/852 902/1012/902
f 903/964/903 953/1016/954 952/1014/952
f 903/964/903 904/965/904 954/1015/953
f 905/966/905 955/1017/955 954/1015/953
f 906/967/906 956/1018/956 955/1017/955
f 907/969/908 957/1019/957 956/1018/956
f 908/968/907 958/1020/958 957/1019/957
f 909/971/910 959/1021/959 958/1020/958
f 910/970/909 960/1023/961 959/1021/959
f 910/970/909 911/972/911 961/1022/960
f 912/973/912 962/1025/963 961/1022/960
f 912/973/912 913/975/914 963/1024/962
f 914/974/913 964/1026/964 963/1024/962
f 915/976/915 965/1027/965 964/1026/964
f 916/977/916 966/1029/967 965/1027/965
f 916/977/916 917/978/917 967/1028/966
f 918/979/918 968/1031/969 967/1028/966
f 918/979/918 919/980/919 969/1030/968
f 920/982/921 970/1032/970 969/1030/968
f 921/981/920 971/1033/971 970/1032/970
f 922/983/922 972/1034/972 971/1033/971
f 923/984/923 973/1035/973 972/1034/972
f 924/985/924 974/1036/974 973/1035/973
f 925/986/925 975/1037/975 974/1036/974
f 926/987/926 976/1038/976 975/1037/975
f 927/988/927 977/1039/977 976/1038/976
f 928/989/928 978/1040/978 977/1039/977
f 929/990/929 979/1042/980 978/1040/978
f 929/990/929 930/991/930 980/1041/979
f 931/992/931 981/1043/981 980/1041/979
f 932/994/933 982/1045/983 981/1043/981
f 932/994/933 933/993/932 983/1044/982
f 934/995/934 984/1046/984 983/1044/982
f 935/996/935 985/1047/985 984/1046/984
f 936/998/937 986/1048/986 985/1047/985
f 937/997/936 987/1049/987 986/1048/986
f 938/999/938 988/1050/988 987/1049/987
f 939/1000/939 989/1051/989 988/1050/988
f 940/1002/941 990/1052/990 989/1051/989
f 941/1001/940 991/1054/992 990/1052/990
f 941/1001/940 942/1003/942 992/1053/991
f 943/1004/943 993/1055/993 992/1053/991
f 944/1005/944 994/1057/995 993/1055/993
f 944/1005/944 945/1006/945 995/1056/994
f 945/1006/945 946/1008/947 996/1058/996
f 946/1008/947 947/1007/946 997/1059/997
f 948/1009/948 998/1060/998 997/1059/997
f 949/1011/950 999/1061/999 998/1060/998
f 950/1010/949 1000/1062/1000 999/1061/999
f 951/1013/951 1001/1064/1001 1000/1062/1000
f 951/1013/951 902/1012/902 952/1063/952
f 953/1016/954 1003/1066/1003 1002/1065/1002
f 954/1015/953 1004/1068/1005 1003/1066/1003
f 954/1015/953 955/1017/955 1005/1067/1004
f 956/1018/956 1006/1069/1006 1005/1067/1004
f 957/1019/957 1007/1070/1007 1006/1069/1006
f 958/1020/958 1008/1071/1008 1007/1070/1007
f 959/1021/959 1009/1072/1009 1008/1071/1008
f 960/1023/961 1010/1073/1010 1009/1072/1009
f 961/1022/960 1011/1074/1011 1010/1073/1010
f 962/1025/963 1012/1075/1012 1011/1074/1011
f 963/1024/962 1013/1077/1014 1012/1075/1012
f 963/1024/962 964/1026/964 1014/1076/1013
f 965/1027/965 1015/1079/1016 1014/1076/1013
f 965/1027/965 966/1029/967 1016/1078/1015
f 967/1028/966 1017/1081/1018 1016/1078/1015
f 967/1028/966 968/1031/969 1018/1080/1017
f 969/1030/968 1019/1082/1019 1018/1080/1017
f 970/1032/970 1020/1084/1021 1019/1082/1019
f 970/1032/970 971/1033/971 1021/1083/1020
f 972/1034/972 1022/1085/1022 1021/1083/1020
f 973/1035/973 1023/1086/1023 1022/1085/1022
f 974/1036/974 1024/1088/1025 1023/1086/1023
f 974/1036/974 975/1037/975 1025/1087/1024
f 976/1038/976 1026/1089/1026 1025/1087/1024
f 977/1039/977 1027/1090/1027 1026/1089/1026
f 978/1040/978 1028/1092/1029 1027/1090/1027
f 978/1040/978 979/1042/980 1029/1091/1028
f 980/1041/979 1030/1093/1030 1029/1091/1028
f 981/1043/981 1031/1094/1031 1030/1093/1030
f 982/1045/983 1032/1095/1032 1031/1094/1031
f 983/1044/982 1033/1096/1033 1032/1095/1032
f 984/1046/984 1034/1097/1034 1033/1096/1033
f 985/1047/985 1035/1099/1036 1034/1097/1034
f 985/1047/985 986/1048/986 1036/1098/1035
f 987/1049/987 1037/1100/1037 1036/1098/1035
f 988/1050/988 1038/1101/1038 1037/1100/1037
f 989/1051/989 1039/1102/1039 1038/1101/1038
f 990/1052/990 1040/1103/1040 1039/1102/1039
f 991/1054/992 1041/1105/1042 1040/1103/1040
f 991/1054/992 992/1053/991 1042/1104/1041
f 992/1053/991 993/1055/993 1043/1106/1043
f 994/1057/995 1044/1107/1044 1043/1106/1043
f 995/1056/994 1045/1109/1046 1044/1107/1044
f 995/1056/994 996/1058/996 1046/1108/1045
f 997/1059/997 1047/1110/1047 1046/1108/1045
f 998/1060/998 1048/1112/1049 1047/1110/1047
f 998/1060/998 999/1061/999 1049/1111/1048
f 1000/1062/1000 1050/1113/1050 1049/1111/1048
f 1001/1064/1001 1051/1114/1051 1050/1113/1050
f 952/1063/952 1002/1164/1002 1051/1114/1051
f 1003/1066/1003 1053/1116/1053 1052/1115/1052
f 1004/1068/1005 1054/1118/1055 1053/1116/1053
f 1004/1068/1005 1005/1067/1004 1055/1117/1054
f 1006/1069/1006 1056/1119/1056 1055/1117/1054
f 1007/1070/1007 1057/1120/1057 1056/1119/1056
f 1008/1071/1008 1058/1121/1058 1057/1120/1057
f 1009/1072/1009 1059/1123/1060 1058/1121/1058
f 1009/1072/1009 1010/1073/1010 1060/1122/1059
f 1011/1074/1011 1061/1125/1062 1060/1122/1059
f 1011/1074/1011 1012/1075/1012 1062/1124/1061
f 1013/1077/1014 1063/1126/1063 1062/1124/1061
f 1014/1076/1013 1064/1128/1065 1063/1126/1063
f 1014/1076/1013 1015/1079/1016 1065/1127/1064
f 1016/1078/1015 1066/1130/1067 1065/1127/1064
f 1016/1078/1015 1017/1081/1018 1067/1129/1066
f 1017/1081/1018 1018/1080/1017 1068/1131/1068
f 1019/1082/1019 1069/1132/1069 1068/1131/1068
f 1020/1084/1021 1070/1133/1070 1069/1132/1069
f 1021/1083/1020 1071/1135/1072 1070/1133/1070
f 1021/1083/1020 1022/1085/1022 1072/1134/1071
f 1023/1086/1023 1073/1136/1073 1072/1134/1071
f 1024/1088/1025 1074/1138/1075 1073/1136/1073
f 1024/1088/1025 1025/1087/1024 1075/1137/1074
f 1025/1087/1024 1026/1089/1026 1076/1139/1076
f 1026/1089/1026 1027/1090/1027 1077/1140/1077
f 1027/1090/1027 1028/1092/1029 1078/1141/1078
f 1029/1091/1028 1079/1142/1079 1078/1141/1078
f 1030/1093/1030 1080/1143/1080 1079/1142/1079
f 1031/1094/1031 1081/1144/1081 1080/1143/1080
f 1032/1095/1032 1082/1145/1082 1081/1144/1081
f 1033/1096/1033 1083/1146/1083 1082/1145/1082
f 1034/1097/1034 1084/1147/1084 1083/1146/1083
f 1035/1099/1036 1085/1148/1085 1084/1147/1084
f 1036/1098/1035 1086/1150/1087 1085/1148/1085
f 1036/1098/1035 1037/1100/1037 1087/1149/1086
f 1038/1101/1038 1088/1152/1089 1087/1149/1086
f 1038/1101/1038 1039/1102/1039 1089/1151/1088
f 1039/1102/1039 1040/1103/1040 1090/1153/1090
f 1041/1105/1042 1091/1155/1092 1090/1153/1090
f 1041/1105/1042 1042/1104/1041 1092/1154/1091
f 1043/1106/1043 1093/1156/1093 1092/1154/1091
f 1044/1107/1044 1094/1157/1094 1093/1156/1093
f 1045/1109/1046 1095/1158/1095 1094/1157/1094
f 1046/1108/1045 1096/1159/1096 1095/1158/1095
f 1047/1110/1047 1097/1160/1097 1096/1159/1096
f 1048/1112/1049 1098/1161/1098 1097/1160/1097
f 1049/1111/1048 1099/1162/1099 1098/1161/1098
f 1050/1113/1050 1100/1163/1100 1099/1162/1099
f 1051/1114/1051 1101/1165/1101 1100/1163/1100
f 1002/1164/1002 1052/1216/1052 1101/1165/1101
f 1053/1116/1053 1103/1167/1103 1102/1166/1102
f 1054/1118/1055 1104/1169/1105 1103/1167/1103
f 1054/1118/1055 1055/1117/1054 1105/1168/1104
f 1056/1119/1056 1106/1171/1107 1105/1168/1104
f 1056/1119/1056 1057/1120/1057 1107/1170/1106
f 1058/1121/1058 1108/1172/1108 1107/1170/1106
f 1059/1123/1060 1109/1174/1110 1108/1172/1108
f 1059/1123/1060 1060/1122/1059 1110/1173/1109
f 1060/1122/1059 1061/1125/1062 1111/1175/1111
f 1061/1125/1062 1062/1124/1061 1112/1176/1112
f 1063/1126/1063 1113/1178/1114 1112/1176/1112
f 1063/1126/1063 1064/1128/1065 1114/1177/1113
f 1064/1128/1065 1065/1127/1064 1115/1179/1115
f 1066/1130/1067 1116/1180/1116 1115/1179/1115
f 1067/1129/1066 1117/1181/1117 1116/1180/1116
f 1068/1131/1068 1118/1183/1119 1117/1181/1117
f 1068/1131/1068 1069/1132/1069 1119/1182/1118
f 1070/1133/1070 1120/1185/1121 1119/1182/1118
f 1070/1133/1070 1071/1135/1072 1121/1184/1120
f 1072/1134/1071 1122/1186/1122 1121/1184/1120
f 1073/1136/1073 1123/1187/1123 1122/1186/1122
f 1074/1138/1075 1124/1188/1124 1123/1187/1123
f 1075/1137/1074 1125/1189/1125 1124/1188/1124
f 1076/1139/1076 1126/1190/1126 1125/1189/1125
f 1077/1140/1077 1127/1191/1127 1126/1190/1126
f 1078/1141/1078 1128/1193/1129 1127/1191/1127
f 1078/1141/1078 1079/1142/1079 1129/1192/1128
f 1080/1143/1080 1130/1194/1130 1129/1192/1128
f 1081/1144/1081 1131/1196/1132 1130/1194/1130
f 1081/1144/1081 1082/1145/1082 1132/1195/1131
f 1083/1146/1083 1133/1198/1134 1132/1195/1131
f 1083/1146/1083 1084/1147/1084 1134/1197/1133
f 1085/1148/1085 1135/1200/1136 1134/1197/1133
f 1085/1148/1085 1086/1150/1087 1136/1199/1135
f 1087/1149/1086 1137/1202/1138 1136/1199/1135
f 1087/1149/1086 1088/1152/1089 1138/1201/1137
f 1088/1152/1089 1089/1151/1088 1139/1203/1139
f 1090/1153/1090 1140/1205/1141 1139/1203/1139
f 1090/1153/1090 1091/1155/1092 1141/1204/1140
f 1091/1155/1092 1092/1154/1091 1142/1206/1142
f 1093/1156/1093 1143/1207/1143 1142/1206/1142
f 1094/1157/1094 1144/1209/1145 1143/1207/1143
f 1094/1157/1094 1095/1158/1095 1145/1208/1144
f 1096/1159/1096 1146/1210/1146 1145/1208/1144
f 1097/1160/1097 1147/1211/1147 1146/1210/1146
f 1098/1161/1098 1148/1212/1148 1147/1211/1147
f 1099/1162/1099 1149/1213/1149 1148/1212/1148
f 1100/1163/1100 1150/1215/1151 1149/1213/1149
f 1100/1163/1100 1101/1165/1101 1151/1214/1150
f 1052/1216/1052 1102/1267/1102 1151/1214/1150
f 1103/1167/1103 1153/1219/1154 1152/1217/1152
f 1103/1167/1103 1104/1169/1105 1154/1218/1153
f 1105/1168/1104 1155/1220/1155 1154/1218/1153
f 1106/1171/1107 1156/1221/1156 1155/1220/1155
f 1107/1170/1106 1157/1222/1157 1156/1221/1156
f 1108/1172/1108 1158/1223/1158 1157/1222/1157
f 1109/1174/1110 1159/1225/1160 1158/1223/1158
f 1109/1174/1110 1110/1173/1109 1160/1224/1159
f 1111/1175/1111 1161/1226/1161 1160/1224/1159
f 1112/1176/1112 1162/1227/1162 1161/1226/1161
f 1113/1178/1114 1163/1228/1163 1162/1227/1162
f 1114/1177/1113 1164/1229/1164 1163/1228/1163
f 1115/1179/1115 1165/1230/1165 1164/1229/1164
f 1116/1180/1116 1166/1231/1166 1165/1230/1165
f 1117/1181/1117 1167/1233/1168 1166/1231/1166
f 1117/1181/1117 1118/1183/1119 1168/1232/1167
f 1118/1183/1119 1119/1182/1118 1169/1234/1169
f 1120/1185/1121 1170/1235/1170 1169/1234/1169
f 1121/1184/1120 1171/1236/1171 1170/1235/1170
f 1122/1186/1122 1172/1237/1172 1171/1236/1171
f 1123/1187/1123 1173/1238/1173 1172/1237/1172
f 1124/1188/1124 1174/1239/1174 1173/1238/1173
f 1125/1189/1125 1175/1240/1175 1174/1239/1174
f 1126/1190/1126 1176/1241/1176 1175/1240/1175
f 1127/1191/1127 1177/1243/1178 1176/1241/1176
f 1127/1191/1127 1128/1193/1129 1178/1242/1177
f 1129/1192/1128 1179/1245/1180 1178/1242/1177
f 1129/1192/1128 1130/1194/1130 1180/1244/1179
f 1131/1196/1132 1181/1247/1182 1180/1244/1179
f 1131/1196/1132 1132/1195/1131 1182/1246/1181
f 1133/1198/1134 1183/1249/1184 1182/1246/1181
f 1133/1198/1134 1134/1197/1133 1184/1248/1183
f 1134/1197/1133 1135/1200/1136 1185/1250/1185
f 1136/1199/1135 1186/1251/1186 1185/1250/1185
f 1137/1202/1138 1187/1252/1187 1186/1251/1186
f 1138/1201/1137 1188/1253/1188 1187/1252/1187
f 1139/1203/1139 1189/1254/1189 1188/1253/1188
f 1140/1205/1141 1190/1256/1191 1189/1254/1189
f 1140/1205/1141 1141/1204/1140 1191/1255/1190
f 1142/1206/1142 1192/1257/1192 1191/1255/1190
f 1143/1207/1143 1193/1258/1193 1192/1257/1192
f 1144/1209/1145 1194/1259/1194 1193/1258/1193
f 1145/1208/1144 1195/1260/1195 1194/1259/1194
f 1146/1210/1146 1196/1261/1196 1195/1260/1195
f 1147/1211/1147 1197/1262/1197 1196/1261/1196
f 1148/1212/1148 1198/1264/1199 1197/1262/1197
f 1148/1212/1148 1149/1213/1149 1199/1263/1198
f 1150/1215/1151 1200/1266/1201 1199/1263/1198
f 1150/1215/1151 1151/1214/1150 1201/1265/1200
f 1102/1267/1102 1152/1318/1152 1201/1265/1200
